iid,aim001,aim002,aim003,aim004,aim005,aim006,aim007,aim008,aim009,aim010,aim011,aim012,aim013,aim014,aim015,aim016,aim017,aim018,aim019,aim020,aim021,aim022,aim023,aim024,aim025,aim026,aim027,aim028,aim029,aim030,aim031,aim032,aim033,aim034,aim035,aim036,aim037,aim038,aim039,aim040,aim041,aim042,aim043,aim044,aim045,aim046,aim047,aim048,aim049,aim050,aim051,aim052,aim053,aim054,aim055,aim056,aim057,aim058,aim059,aim060,aim061,aim062,aim063,aim064,aim065,aim066,aim067,aim068,aim069,aim070,aim071,aim072,aim073,aim074,aim075,aim076,aim077,aim078,aim079,aim080,aim081,aim082,aim083,aim084,aim085,aim086,aim087,aim088,aim089,aim090,aim091,aim092,aim093,aim094,aim095,aim096,aim097,aim098,aim099,aim100,aim101,aim102,aim103,aim104,aim105,aim106,aim107,aim108,aim109,aim110,aim111,aim112,aim113,aim114,aim115,aim116,aim117,aim118,aim119,aim120,aim121,aim122,aim123,aim124,aim125,aim126,aim127,aim128,aim129,aim130,aim131,aim132,aim133,aim134,aim135,aim136,aim137,aim138,aim139,aim140,aim141,aim142,aim143,aim144,aim145,aim146,aim147,aim148,aim149,aim150,aim151,aim152,aim153,aim154,aim155,aim156,aim157,aim158,aim159,aim160,aim161,aim162,aim163,aim164,aim165,aim166,aim167,aim168,aim169,aim170,aim171,aim172,aim173,aim174,aim175,aim176,aim177,aim178,aim179,aim180,aim181,aim182,aim183,aim184,aim185,aim186,aim187,aim188,aim189,aim190,aim191,aim192,aim193,aim194,aim195,aim196,aim197,aim198,aim199,aim200
KL0001,0,0,0,0,0,0,0,1,1,0,1,0,1,0,0,1,1,0,1,0,1,1,1,2,0,0,0,0,0,0,1,0,1,0,1,0,1,0,1,0,0,0,0,1,0,2,0,0,0,1,0,0,1,1,1,1,1,0,0,0,0,0,0,0,1,0,0,0,0,0,0,0,0,0,0,0,0,1,2,0,0,0,1,0,1,2,1,2,0,0,1,0,0,2,0,1,0,0,0,0,0,1,0,0,0,1,0,0,0,0,0,1,0,1,2,0,0,1,0,1,0,0,0,0,0,1,0,1,0,0,1,0,0,1,1,1,1,1,0,0,0,0,0,0,1,1,0,1,1,1,1,0,0,1,0,1,2,0,0,0,2,1,0,1,0,0,0,1,2,0,0,0,1,0,0,0,0,0,1,0,1,0,2,0,0,1,1,1,0,2,1,0,0,1,0,0,0,0,1,1
KL0002,0,0,0,0,0,0,2,2,0,1,1,1,0,1,0,1,1,0,2,0,0,0,0,0,1,0,0,0,1,1,2,0,1,0,0,1,2,0,0,0,0,1,1,2,0,0,1,0,0,0,1,1,1,0,0,2,0,0,0,1,1,1,1,0,1,1,1,2,0,0,2,0,1,2,0,0,0,2,0,0,0,0,0,0,1,1,1,0,0,0,0,1,0,0,1,1,2,0,0,0,1,0,1,1,2,2,1,0,1,1,0,0,0,0,1,1,2,0,0,1,1,0,1,0,0,1,0,0,0,1,0,0,1,1,0,1,0,0,0,2,0,0,0,2,0,2,0,2,1,0,0,0,0,0,0,0,1,0,1,0,0,0,1,1,2,0,1,1,0,0,0,1,0,1,0,1,2,2,0,0,0,0,0,0,0,1,1,1,1,0,1,1,0,0,0,0,2,1,1,0
KL0003,1,0,0,1,0,1,0,1,0,0,1,1,0,0,1,1,0,0,2,0,0,1,0,1,0,1,1,0,1,0,1,0,0,0,0,0,1,0,1,1,0,0,0,0,2,1,0,0,1,1,1,0,1,0,1,1,0,0,0,1,0,0,0,0,0,1,0,1,1,1,1,0,0,1,0,0,0,1,1,0,1,0,0,1,0,0,0,1,1,0,0,1,0,1,1,0,0,1,0,0,0,1,2,1,1,0,1,1,0,0,0,0,1,1,0,1,0,0,0,0,0,0,1,0,0,0,0,1,1,0,1,1,0,0,0,0,1,0,0,0,0,0,1,0,1,0,1,1,1,1,0,1,0,0,1,2,2,1,0,1,0,0,1,2,1,1,0,0,1,0,0,1,0,2,0,0,0,0,0,0,2,0,0,0,1,1,1,1,0,1,0,2,0,1,1,0,1,1,0,1
KL0004,1,0,0,1,1,0,2,0,0,1,0,0,1,1,0,0,0,2,1,0,0,1,1,0,0,0,0,0,0,0,0,0,1,1,0,0,0,0,1,0,0,1,1,1,0,2,0,1,1,0,1,0,0,0,0,0,0,0,0,1,1,0,0,0,1,0,1,0,1,1,1,0,0,1,2,0,0,1,1,1,0,0,0,0,0,1,0,0,0,0,0,0,1,0,0,1,1,0,0,1,2,0,0,0,1,1,0,0,1,0,0,1,0,0,2,0,1,2,0,0,0,0,2,1,0,1,1,1,1,0,1,1,2,0,0,2,1,1,0,1,0,0,0,0,0,0,1,1,1,2,0,0,0,1,0,1,0,0,1,1,1,0,0,1,2,1,1,0,0,0,1,1,0,1,1,0,0,1,0,0,0,1,2,0,1,1,0,1,0,1,0,1,0,0,0,1,0,0,1,0
KL0005,0,1,0,0,1,2,2,0,0,1,1,0,1,0,0,1,0,0,1,0,0,0,0,1,0,0,0,0,1,0,1,0,1,0,1,1,2,0,1,0,0,1,0,1,0,0,0,0,0,1,1,0,1,2,0,1,0,0,2,0,0,0,0,1,0,2,2,1,0,0,0,0,1,1,0,0,0,1,1,0,0,0,0,0,0,0,0,2,0,0,1,0,0,1,0,0,0,0,0,1,0,0,1,1,0,2,0,0,0,0,0,1,0,0,1,1,0,2,0,1,0,1,1,0,0,1,0,1,0,0,0,0,0,0,0,1,0,0,0,0,0,0,1,2,1,2,0,0,1,1,1,1,1,0,0,0,0,1,0,0,1,0,0,1,0,0,0,0,0,0,2,2,0,0,1,1,0,0,0,0,1,0,0,0,0,0,1,1,0,0,1,0,0,0,0,0,2,0,1,0
KL0006,0,0,0,0,0,1,1,1,0,1,1,1,0,1,0,0,0,1,0,0,0,1,0,0,0,0,0,0,1,1,1,0,1,0,0,1,1,0,0,0,0,0,1,0,0,1,0,1,0,2,0,0,0,0,0,0,2,0,1,0,0,0,0,0,0,0,0,2,1,1,0,1,1,0,0,1,0,1,0,1,0,0,1,0,0,0,0,0,0,0,1,0,1,0,1,1,1,1,0,1,0,0,1,1,1,1,0,1,0,0,0,2,0,0,2,1,0,1,0,1,0,0,0,0,0,1,0,1,0,1,1,1,0,0,0,1,0,1,0,0,0,1,0,1,1,1,2,1,1,2,1,2,0,1,0,0,1,0,0,0,0,1,0,0,1,1,0,0,1,0,0,1,0,0,1,2,0,1,0,0,1,0,1,0,0,1,1,0,2,0,0,0,0,0,0,0,0,2,1,1
KL0007,2,0,0,1,0,0,1,2,1,1,0,0,1,1,0,0,0,1,2,0,0,0,1,0,0,0,1,1,0,1,2,0,1,1,1,0,0,0,2,0,0,1,0,0,0,1,0,0,1,1,1,1,0,2,0,1,0,0,1,0,0,0,0,0,1,0,1,1,0,0,1,0,1,1,1,0,0,2,1,0,1,0,0,0,1,1,1,0,0,0,2,0,0,0,0,1,0,0,0,0,1,1,0,0,0,0,0,0,0,1,1,1,0,1,2,0,2,0,0,2,0,0,0,0,0,1,0,1,1,1,0,0,0,0,0,0,1,1,0,0,0,1,0,1,1,0,2,2,1,1,1,0,0,0,1,0,0,0,0,0,1,1,1,1,0,0,1,2,0,0,0,1,0,0,1,2,0,1,1,0,0,0,1,0,0,1,1,0,0,1,0,0,0,1,0,0,0,1,1,1
KL0008,1,0,0,1,0,1,1,1,1,0,1,0,0,1,0,0,0,0,2,0,0,0,0,0,0,1,2,0,0,0,0,0,1,1,0,0,0,0,0,0,0,0,0,2,0,1,0,1,0,2,0,0,2,1,1,2,1,0,1,0,0,0,0,1,1,1,0,2,0,1,1,0,0,0,0,0,1,0,1,0,0,0,0,0,0,0,0,0,0,1,1,0,1,0,0,0,1,0,0,0,1,0,2,1,1,2,0,1,0,0,0,1,0,1,2,0,0,2,1,0,0,0,2,0,0,0,1,1,2,1,1,0,1,0,0,1,0,0,0,1,0,0,1,1,0,1,1,1,1,1,0,0,1,0,0,2,2,0,0,1,0,1,1,1,1,0,0,0,0,0,0,0,0,1,1,2,1,1,0,0,0,0,0,0,2,0,0,1,0,1,0,2,0,1,1,0,0,1,2,0
KL0009,1,1,0,0,0,1,2,1,0,0,0,1,0,1,1,1,1,0,1,0,1,0,0,1,0,1,0,0,1,0,2,2,1,0,1,0,0,1,1,1,0,1,0,1,0,0,0,0,1,1,0,1,0,0,0,0,1,0,0,0,1,0,0,0,2,0,0,1,0,0,1,0,1,0,1,0,0,0,0,0,0,0,0,0,0,0,0,0,0,0,1,0,1,1,0,0,0,0,0,1,0,0,0,0,1,1,1,0,0,1,1,0,0,0,2,0,2,0,0,2,0,0,1,0,0,0,0,0,1,0,2,1,0,0,0,1,0,0,0,0,0,1,1,0,0,2,0,0,1,1,1,1,1,0,0,2,0,0,0,0,0,0,0,2,0,0,0,1,0,0,0,2,0,1,1,2,0,1,0,0,1,1,1,0,0,1,0,1,0,1,0,0,0,1,0,0,0,1,0,1
KL0010,1,0,0,0,0,1,1,2,0,0,2,1,0,0,0,1,1,0,1,0,0,0,0,1,0,1,0,1,1,0,1,0,1,0,0,1,1,0,0,0,0,1,1,2,0,0,0,0,1,1,2,0,1,1,0,0,0,0,2,0,0,0,0,0,1,0,1,0,0,0,1,0,0,0,0,1,1,1,1,0,1,0,0,0,0,1,0,0,2,0,1,0,2,1,0,1,1,0,0,0,0,0,0,0,1,1,1,1,0,2,1,1,0,0,1,0,1,1,0,0,0,0,0,0,0,0,0,1,0,0,1,0,2,0,0,0,1,1,0,0,1,1,1,0,2,0,0,0,1,0,2,1,0,0,0,0,1,0,0,1,0,0,1,1,0,0,0,1,0,0,1,1,0,0,1,1,0,1,1,0,1,1,1,0,1,0,0,0,1,1,0,0,0,1,0,0,2,0,1,1
KL0011,1,0,0,0,0,1,2,0,1,0,1,1,1,1,0,1,0,0,1,1,1,0,0,0,0,0,2,0,0,0,0,0,1,0,1,1,0,0,2,0,0,0,1,0,0,0,0,0,0,1,0,2,1,1,0,0,0,0,0,1,0,0,0,1,0,1,0,1,1,1,1,0,0,0,0,2,0,2,0,1,0,0,0,0,0,1,0,1,1,0,1,0,1,2,0,0,1,0,0,1,0,1,0,1,0,1,1,0,0,2,0,1,1,0,1,1,1,2,0,2,0,0,2,0,0,0,1,2,0,0,1,1,1,1,0,0,1,0,0,0,0,0,0,1,2,0,0,0,1,2,0,0,1,1,0,1,2,0,1,1,0,0,0,2,1,0,0,1,0,0,0,0,0,0,1,0,0,2,0,0,1,0,1,1,1,1,2,0,0,1,1,1,0,1,0,1,1,1,0,0
KL0012,0,0,0,1,0,0,0,2,0,1,1,0,1,1,0,0,0,0,0,1,0,1,0,1,0,1,1,0,0,0,1,0,2,0,0,0,1,1,0,0,0,2,0,0,0,1,0,0,0,1,1,1,2,0,1,2,0,0,1,0,0,0,1,0,1,0,1,2,1,1,2,0,0,0,0,0,0,2,0,1,1,1,0,0,0,0,0,1,0,0,0,0,0,0,0,0,0,0,1,0,1,0,1,0,1,1,1,1,0,0,0,1,0,0,1,0,1,0,0,0,0,1,0,0,0,1,0,0,1,0,0,0,1,1,1,0,1,0,0,2,0,1,0,0,0,1,1,1,1,1,1,0,1,0,0,0,1,0,1,1,0,0,0,1,1,0,0,1,0,0,0,0,0,0,0,2,0,0,0,0,0,0,1,1,0,2,1,1,0,0,0,1,0,1,0,0,1,1,0,0
KL0013,1,0,0,0,1,0,1,0,1,0,0,1,2,0,0,0,1,0,0,0,1,1,0,1,0,0,1,1,0,0,0,0,1,1,0,0,0,0,1,1,0,0,0,1,1,1,0,0,0,1,0,1,1,1,0,0,0,0,2,0,1,1,0,2,2,0,1,0,1,1,1,0,1,0,0,0,0,0,1,1,1,0,0,0,0,1,1,1,0,0,2,0,0,1,0,2,1,0,0,0,0,1,0,0,1,0,1,1,1,1,1,0,0,0,2,0,0,0,1,1,0,1,1,0,0,1,1,0,0,1,1,0,1,0,0,1,1,1,0,0,0,1,2,0,0,1,0,1,2,0,1,1,1,1,1,0,1,0,0,0,1,0,0,1,1,1,0,0,0,0,0,1,1,1,0,2,0,1,0,0,0,0,0,0,1,0,1,2,0,1,0,0,0,1,0,1,0,0,0,1
KL0014,1,0,0,2,1,1,1,0,0,1,1,2,0,0,0,1,1,1,1,0,1,0,1,1,0,0,1,0,1,1,1,0,2,0,1,1,1,0,1,1,0,2,0,1,0,1,0,0,1,1,0,2,1,0,1,0,0,0,0,1,1,1,0,0,0,0,0,2,0,1,0,1,0,0,0,0,1,1,0,0,1,0,0,0,0,1,0,2,1,0,0,2,0,0,0,1,1,0,0,2,0,0,2,0,2,0,0,0,0,1,0,1,0,0,1,0,2,1,0,1,0,0,1,0,1,1,0,2,1,0,0,0,2,0,0,2,0,0,0,0,1,0,0,0,0,1,0,0,0,0,2,1,0,0,0,1,0,0,1,0,0,0,0,1,1,0,0,1,0,0,1,0,0,0,0,1,0,0,0,0,1,0,1,0,2,1,2,0,1,0,1,0,0,2,1,1,2,1,0,0
KL0015,1,0,0,1,0,1,1,0,0,0,1,2,1,0,0,0,2,2,1,0,0,1,0,0,1,0,1,1,0,0,0,0,0,0,0,0,1,1,0,1,0,1,0,0,0,1,0,0,0,0,0,0,1,1,0,1,0,0,0,0,1,0,0,0,0,0,2,0,0,1,0,1,1,1,0,0,0,2,0,0,0,2,0,1,0,2,2,1,1,0,1,1,0,1,1,1,0,0,1,0,0,0,1,1,0,1,1,0,0,1,0,1,0,0,2,0,1,0,0,2,1,0,1,1,0,0,0,1,1,1,1,0,1,0,0,0,0,0,0,0,0,2,0,1,1,0,2,2,1,1,0,0,2,1,1,2,1,2,0,0,0,1,2,0,1,0,0,1,0,1,1,1,0,0,0,1,0,0,0,1,1,0,0,1,1,1,0,0,0,0,0,1,0,2,0,1,1,1,1,1
KL0016,0,0,0,1,0,0,0,0,1,0,0,1,0,0,0,1,0,1,1,0,1,1,0,0,0,0,0,0,1,0,1,1,1,0,0,0,1,0,0,0,0,1,0,1,0,1,1,1,1,1,0,0,1,0,0,1,1,0,1,0,0,0,0,1,2,1,1,0,0,1,2,0,1,0,0,0,0,2,0,0,0,0,0,0,0,0,0,1,0,0,1,0,2,0,0,0,0,0,0,0,1,0,0,0,0,1,0,0,0,2,0,1,1,1,1,0,1,0,0,1,0,0,2,0,0,2,0,0,0,2,2,1,0,1,0,1,1,0,1,0,0,1,0,0,1,2,1,0,0,2,1,1,0,1,1,1,1,0,0,0,0,0,0,0,0,0,1,0,1,1,1,1,0,0,1,1,0,0,0,0,0,0,1,0,1,0,0,2,0,0,1,1,0,2,1,0,0,1,1,1
KL0017,0,0,0,1,0,0,1,1,0,0,0,0,0,0,1,0,2,0,0,0,0,1,1,0,0,0,1,1,1,0,0,0,2,0,0,0,1,1,1,1,0,0,0,1,0,2,0,1,0,0,0,1,1,0,0,1,1,0,0,0,2,0,0,0,1,1,2,1,1,1,1,0,1,2,2,0,0,1,2,1,1,0,1,1,0,1,0,1,0,0,0,0,1,1,1,0,1,0,0,0,1,0,1,1,0,1,0,0,0,2,0,1,0,1,1,0,0,1,0,0,0,0,1,0,0,0,1,0,1,1,1,0,0,0,0,0,0,0,0,0,0,1,0,1,0,0,0,2,1,1,0,1,0,1,1,0,1,1,0,1,0,0,1,0,2,1,0,0,0,1,1,1,0,0,1,0,0,2,0,0,0,0,0,0,0,1,0,1,0,1,0,0,0,1,0,0,1,1,0,0
KL0018,0,0,1,0,1,0,1,1,0,1,1,2,1,1,1,0,0,0,2,0,0,1,0,1,0,0,2,0,1,0,0,1,0,0,1,0,1,1,2,0,1,1,0,1,1,1,0,0,0,0,0,0,0,1,0,0,2,0,0,1,1,0,0,1,0,1,0,1,0,0,1,0,0,0,1,1,0,1,0,0,1,0,0,0,0,0,1,1,0,0,1,0,0,0,0,1,1,0,0,1,0,0,1,1,0,1,1,0,0,1,0,0,1,1,1,0,0,0,0,1,0,0,0,1,0,0,1,1,0,2,0,1,0,0,0,1,2,1,0,0,0,1,0,1,0,0,0,1,1,1,1,0,0,0,0,1,1,0,1,1,1,1,0,0,0,0,0,1,0,1,0,0,0,1,1,0,1,2,0,0,1,1,1,0,2,0,1,0,1,1,0,1,0,1,0,1,1,1,1,1
KL0019,0,0,0,1,1,1,1,0,0,1,1,0,0,0,0,0,1,2,1,0,0,1,0,0,0,0,1,0,0,0,1,0,1,0,1,0,0,1,0,0,0,0,1,1,0,1,0,0,1,1,0,1,1,1,0,1,0,0,0,2,0,0,1,1,0,0,1,0,0,1,1,0,1,0,1,0,0,1,1,0,0,0,0,0,0,0,0,1,0,1,1,0,1,1,0,0,0,0,0,0,1,0,1,0,1,0,1,0,0,0,0,0,0,1,1,2,1,1,0,1,0,0,0,0,0,1,0,1,1,0,2,0,1,0,0,1,2,1,0,1,0,1,1,0,2,0,0,0,2,0,1,1,0,1,1,2,2,0,0,1,1,1,0,1,1,1,0,0,1,0,0,1,0,1,2,0,0,0,1,0,0,1,0,1,0,0,0,2,0,1,1,0,0,1,1,0,0,0,2,0
KL0020,0,0,0,1,0,0,1,1,0,1,1,0,0,0,0,2,1,0,0,0,2,0,0,0,0,0,1,0,2,0,1,0,0,0,0,0,1,0,0,1,0,0,0,1,1,2,0,0,0,2,0,0,1,0,1,0,0,0,0,0,0,0,0,0,2,0,1,0,0,1,0,0,0,1,0,0,0,0,2,1,1,0,1,0,0,0,1,1,1,0,0,1,2,2,0,1,0,1,0,0,1,1,1,1,2,1,1,0,1,1,0,0,1,0,2,0,0,0,0,1,0,0,1,0,0,0,0,1,0,1,2,1,2,0,0,0,0,0,0,0,0,1,1,0,0,1,0,0,0,0,1,0,1,0,1,2,0,1,0,0,0,1,1,1,1,0,0,1,0,0,1,2,0,0,1,1,0,0,0,0,0,0,1,0,0,2,1,1,0,1,0,0,0,1,0,1,0,0,2,0
KL0021,0,0,0,0,1,1,0,1,0,2,0,1,0,0,0,1,1,0,0,1,1,1,0,0,0,0,1,0,0,1,2,0,1,0,0,0,2,0,1,0,0,1,0,0,0,1,1,0,2,0,0,1,0,0,0,1,0,0,0,1,1,0,0,1,1,0,0,1,0,0,0,1,1,0,0,1,0,0,0,0,0,0,1,0,2,1,0,2,1,0,1,1,2,2,0,0,0,0,0,1,1,0,2,1,1,0,0,2,0,1,0,0,0,0,2,1,1,0,0,1,0,0,0,1,0,1,1,0,1,0,1,0,0,0,0,1,0,0,1,1,0,1,2,1,0,2,1,0,1,0,0,0,0,1,0,1,1,1,0,0,0,0,1,0,1,0,0,2,0,0,1,1,0,0,2,2,1,0,0,0,0,0,1,0,2,0,0,1,0,0,0,0,0,1,0,0,0,1,1,0
KL0022,0,0,0,1,0,1,0,1,0,2,0,1,1,0,0,1,0,0,2,0,1,1,0,1,1,0,1,0,2,0,1,1,0,0,0,0,1,0,0,1,0,1,0,0,0,1,0,0,0,0,0,1,0,1,0,1,1,0,0,0,0,0,0,0,1,1,0,0,0,1,0,0,0,0,0,1,0,2,0,1,0,0,1,0,0,0,1,2,0,0,1,0,0,1,0,1,0,0,0,0,1,1,1,1,2,2,1,1,1,0,0,1,0,2,1,0,0,0,0,1,1,0,0,0,0,1,0,2,0,1,2,0,1,0,0,2,1,0,0,0,0,0,0,0,0,1,2,1,0,1,1,1,0,1,0,2,1,1,0,0,0,0,0,0,1,1,1,1,1,0,0,0,0,1,1,2,0,1,0,0,1,0,2,0,0,0,1,0,0,1,0,2,0,0,0,0,1,0,0,1
KL0023,0,0,0,1,0,0,0,1,1,0,1,0,1,2,0,0,0,1,1,0,0,1,0,0,0,0,1,0,0,0,1,1,1,0,1,0,1,0,0,0,0,1,0,1,0,1,0,0,1,0,0,0,0,0,0,0,1,0,0,1,1,0,0,0,0,0,0,1,0,0,0,0,1,0,0,0,0,0,0,0,0,0,0,0,0,0,1,1,1,0,1,0,2,0,1,1,1,0,0,0,1,0,1,0,1,2,0,1,0,1,0,0,0,0,0,0,0,0,0,0,0,0,1,0,0,1,1,0,1,0,0,0,0,1,0,2,1,2,0,1,0,0,0,0,0,1,1,1,1,0,0,1,0,0,0,1,2,0,0,0,0,0,1,1,1,1,1,1,0,0,0,0,0,0,0,2,0,0,0,0,0,0,1,0,1,0,1,0,0,1,1,0,0,0,1,1,0,0,1,0
KL0024,0,0,0,0,0,0,1,2,0,0,1,1,1,1,0,0,1,0,1,0,1,0,0,0,2,0,2,0,1,0,2,0,1,0,0,1,2,1,1,0,0,1,0,0,0,0,0,0,1,1,0,2,0,0,0,0,1,1,0,1,0,0,1,1,0,0,1,0,1,1,1,0,0,1,0,0,0,1,1,1,0,0,1,0,0,2,0,1,0,0,1,0,1,1,0,1,0,0,0,0,1,0,1,1,1,1,0,0,0,0,0,2,0,1,2,0,0,1,0,2,0,0,0,0,0,2,0,0,1,2,0,1,1,2,0,1,1,0,0,1,0,1,0,0,1,1,1,1,1,2,0,0,0,0,1,0,1,1,0,1,0,0,0,0,0,0,0,0,2,0,1,0,1,1,1,1,0,0,0,0,0,0,0,1,0,0,1,0,0,2,1,0,0,1,0,0,0,1,1,1
KL0025,1,1,0,1,0,0,1,1,0,1,1,1,0,0,0,2,1,0,1,0,0,1,1,1,0,0,2,0,0,0,1,1,1,0,0,0,1,0,2,1,0,1,0,2,0,2,1,0,1,1,1,0,0,0,0,1,0,0,0,0,1,0,0,1,0,0,0,2,1,2,1,0,0,0,0,0,0,2,2,0,0,0,2,1,0,2,0,1,0,0,0,0,1,1,0,0,0,0,0,0,1,1,1,2,0,1,1,0,0,0,1,0,1,1,0,0,1,0,1,0,0,1,0,0,0,0,0,1,1,1,0,1,2,0,0,1,1,1,0,0,0,1,1,0,2,1,1,2,2,0,0,0,0,0,1,1,0,0,0,0,0,0,0,0,1,1,0,1,0,1,1,1,0,1,0,2,0,0,0,1,0,0,0,1,1,1,0,0,0,2,2,0,1,0,0,0,1,0,1,0
KL0026,0,0,0,0,0,2,0,0,0,1,1,0,0,1,0,0,0,0,1,0,0,0,0,0,0,0,1,0,1,0,2,0,0,0,0,1,1,0,2,0,1,0,0,0,0,1,0,0,0,2,1,0,1,1,0,1,0,0,0,0,1,1,0,0,1,0,0,0,0,1,0,0,1,0,0,0,0,2,1,1,0,0,0,0,1,0,0,0,2,0,0,0,1,1,1,1,1,0,0,0,1,2,1,1,2,1,1,1,0,0,2,1,0,0,1,0,1,0,0,1,1,0,2,0,0,1,1,1,1,1,1,1,0,0,0,1,1,0,0,0,0,1,1,2,0,1,1,0,0,0,0,2,0,1,2,2,2,1,0,0,1,0,0,1,0,0,0,1,0,0,0,0,0,0,0,1,0,0,0,1,1,1,2,0,1,0,1,0,0,0,1,0,0,0,0,0,1,2,0,2
KL0027,1,0,0,1,0,0,1,2,0,2,0,2,1,0,0,1,0,1,2,0,1,1,0,0,1,1,2,0,0,0,2,0,1,0,1,1,0,0,0,0,0,0,0,1,1,1,0,0,1,2,0,1,0,1,0,1,0,0,1,0,0,0,0,0,0,1,1,1,0,0,1,0,0,0,0,0,0,0,0,0,0,0,2,0,0,1,1,1,0,0,0,0,2,1,0,1,0,0,0,0,1,0,0,0,2,1,0,0,0,0,0,1,1,0,1,0,0,0,0,2,0,0,2,1,0,1,0,1,0,1,1,0,0,0,0,0,1,0,0,1,0,0,0,0,0,1,0,1,1,1,2,0,0,1,1,1,2,1,1,1,0,1,0,0,1,1,0,0,0,0,0,1,0,1,2,2,1,0,0,0,0,0,1,0,0,1,1,0,0,0,0,1,0,1,0,0,0,0,0,0
KL0028,1,0,0,2,1,2,1,2,1,1,1,2,0,0,0,1,1,0,2,0,0,0,0,0,0,0,2,0,0,1,0,0,1,0,2,0,0,0,1,0,0,0,2,1,1,1,1,0,0,1,1,0,0,1,0,0,0,0,1,1,0,1,0,1,1,0,0,2,0,0,1,0,0,0,0,0,0,2,1,1,0,0,0,0,0,2,1,2,0,0,0,0,0,0,0,0,0,0,0,0,2,0,0,0,0,1,0,0,0,0,0,2,0,0,2,1,1,0,2,2,1,0,1,0,0,0,0,0,0,0,2,2,0,0,0,1,0,0,0,0,0,0,0,1,1,0,1,0,1,1,1,0,0,0,1,1,1,0,1,0,1,1,1,0,1,0,0,1,0,0,0,1,0,0,0,0,0,1,0,0,1,0,1,0,0,1,2,0,0,0,1,1,0,0,0,0,2,0,0,0
KL0029,0,0,0,1,1,1,0,2,0,0,2,2,2,0,0,1,1,0,0,0,0,1,1,0,0,1,0,0,0,0,0,2,1,0,1,0,0,0,1,0,0,0,0,1,1,0,0,0,1,1,0,1,2,0,0,2,0,0,0,1,0,0,0,0,1,0,0,0,0,1,2,0,0,0,0,0,0,2,0,1,0,1,1,1,1,0,1,1,0,0,1,0,2,1,1,0,0,0,0,0,1,1,1,0,0,0,1,0,0,1,0,2,0,0,0,0,0,0,0,0,1,0,0,1,0,1,1,0,0,0,0,0,2,0,0,2,0,0,0,1,0,0,1,1,0,2,0,1,1,0,0,0,0,0,0,0,1,0,0,0,0,0,0,0,0,1,1,2,0,0,0,1,1,2,1,2,0,1,0,0,0,0,2,0,1,1,0,1,0,1,0,1,0,2,0,0,2,0,0,1
KL0030,1,0,0,1,1,2,0,2,0,0,0,0,0,0,0,1,1,0,1,0,0,2,1,0,1,0,2,0,0,0,0,0,0,0,1,0,0,0,1,1,0,1,0,0,1,0,0,0,2,1,0,2,1,0,0,0,0,1,0,1,0,0,0,2,1,1,0,1,1,1,1,0,0,0,2,1,2,1,1,1,0,0,0,0,0,1,1,0,1,0,1,0,1,1,1,1,0,0,0,0,0,1,0,1,2,1,1,0,0,0,1,0,0,0,1,2,0,1,0,0,0,0,0,0,0,0,0,1,0,1,2,0,1,0,1,2,0,0,0,0,0,1,0,1,1,1,0,1,0,0,0,2,0,1,0,2,2,0,0,0,1,1,0,0,0,1,0,1,0,1,0,1,0,1,0,1,0,0,0,0,0,0,2,0,0,1,2,0,0,0,0,0,0,1,0,0,0,2,2,2
KL0031,1,0,0,1,0,1,1,2,1,0,1,0,1,2,0,1,1,0,1,0,0,0,1,1,0,0,1,0,1,0,1,0,1,0,0,0,1,0,1,0,1,2,0,1,0,0,1,1,1,2,0,1,0,0,0,0,0,0,1,0,0,0,0,0,0,1,1,0,0,0,0,0,1,0,0,0,0,1,0,0,0,0,0,0,0,1,1,0,0,0,1,0,1,1,0,1,1,0,0,1,1,1,0,0,0,2,1,1,0,0,0,0,0,0,0,0,1,1,0,0,0,1,0,0,0,0,1,1,0,1,0,1,0,0,0,1,2,1,0,1,0,0,0,1,0,1,1,1,0,0,1,1,1,0,1,1,0,1,0,0,0,0,0,0,0,1,2,1,0,1,0,2,0,0,1,1,0,0,0,0,0,1,2,1,1,1,0,2,0,0,1,1,0,0,0,0,1,0,0,0
KL0032,1,0,0,0,0,1,2,0,2,1,1,0,1,1,0,1,0,2,2,0,0,0,0,2,0,0,1,0,2,2,1,0,1,0,0,0,1,1,1,1,0,1,0,0,0,1,0,0,0,1,0,0,0,0,0,1,1,1,2,1,0,0,0,0,0,0,1,0,0,1,1,0,0,0,0,1,1,1,1,1,1,0,0,0,0,0,1,0,1,0,0,0,2,1,1,0,0,0,0,0,1,1,0,1,0,1,0,0,0,0,0,0,0,0,0,1,1,1,0,2,1,0,2,0,0,1,1,0,1,1,1,1,0,0,0,0,0,1,0,0,0,1,1,0,0,1,1,1,2,0,1,1,0,0,0,1,0,0,0,0,0,0,0,1,1,2,0,0,0,0,1,1,0,0,1,1,0,1,0,1,0,0,1,1,0,0,1,1,1,2,1,1,1,1,0,0,0,0,1,0
KL0033,0,0,1,1,0,1,1,1,0,0,0,0,0,0,1,0,2,0,1,0,0,0,1,0,0,0,0,0,1,0,2,0,1,1,1,0,1,1,1,0,0,0,1,0,0,0,0,0,0,1,0,1,1,1,0,0,1,0,1,1,2,0,0,0,0,1,0,1,0,1,0,0,0,0,1,1,0,2,0,1,0,0,0,0,1,1,1,1,1,0,0,0,0,2,1,0,0,0,1,1,1,0,1,1,0,2,0,0,0,1,0,1,0,0,1,0,1,0,0,1,0,0,0,0,0,0,0,0,1,0,1,1,0,1,0,1,0,0,0,0,0,0,2,0,0,1,0,0,2,1,0,2,0,1,0,0,1,0,0,1,1,1,0,0,0,0,0,1,0,0,0,2,1,0,1,1,0,0,0,0,0,0,0,0,0,0,0,0,0,0,0,0,0,1,0,1,1,1,0,0
KL0034,0,0,0,0,0,0,2,2,0,1,0,1,1,0,0,0,1,1,0,0,0,1,2,0,0,0,2,0,1,0,2,0,1,0,0,0,0,0,2,0,1,0,0,0,1,2,0,0,0,1,1,0,1,0,0,1,0,0,0,0,0,0,0,0,1,1,0,0,0,2,0,0,1,0,0,1,0,2,0,1,0,0,0,0,1,0,1,0,0,0,1,0,1,2,1,0,1,0,0,0,1,1,0,1,1,2,1,0,0,2,1,0,0,0,0,0,0,1,1,1,0,0,0,0,0,1,0,1,1,1,2,0,1,0,1,1,0,0,0,2,0,2,2,0,0,0,2,2,1,2,2,0,0,0,1,0,2,0,1,0,0,0,0,1,2,0,0,0,1,2,0,0,0,0,0,0,0,1,0,0,0,0,0,0,1,2,0,1,0,2,0,0,0,2,0,0,0,0,1,1
KL0035,1,0,1,2,1,0,0,2,1,1,0,1,0,1,0,0,1,1,1,1,0,1,1,0,0,0,1,0,1,0,0,0,1,0,0,0,1,0,1,2,0,1,0,1,1,2,0,0,2,1,1,1,1,0,0,2,0,0,1,0,0,0,0,0,0,1,0,1,0,0,0,0,0,1,0,0,0,0,2,1,0,0,1,0,1,1,1,1,0,0,1,0,1,1,1,0,1,0,0,1,1,1,1,1,1,1,2,0,0,2,0,0,0,0,1,1,1,0,1,1,0,0,1,0,0,0,0,0,0,0,1,2,0,0,0,2,2,1,0,0,0,0,1,1,0,0,0,0,2,2,0,1,0,1,0,0,0,0,0,2,0,0,1,1,0,0,0,0,0,0,0,2,0,1,1,0,0,0,0,0,1,0,1,0,0,2,0,0,1,0,1,1,0,1,0,0,0,1,0,1
KL0036,1,0,0,1,1,0,0,0,0,0,2,0,1,0,1,0,1,1,1,1,0,0,1,1,1,0,2,0,0,0,1,0,1,0,1,1,2,0,1,1,0,2,0,0,0,1,1,0,1,0,0,1,1,0,1,1,0,0,1,0,0,0,0,0,1,0,0,0,2,0,0,0,0,0,1,0,0,1,1,1,0,0,0,0,0,1,0,1,0,0,1,0,2,1,0,0,2,0,0,0,0,1,0,0,1,1,0,0,0,1,0,1,0,0,1,1,1,2,0,2,0,0,0,0,0,1,0,1,0,0,0,0,1,0,1,0,0,0,0,0,0,1,0,1,1,0,0,2,2,0,1,2,0,0,1,0,1,0,0,1,1,0,0,1,0,0,0,1,0,0,0,0,0,1,1,0,0,0,0,0,0,1,0,0,0,0,0,1,0,0,1,1,1,0,0,1,1,2,1,1
KL0037,0,0,0,2,0,0,1,2,0,1,0,2,0,0,0,1,0,0,1,0,0,1,0,1,0,0,2,1,1,0,1,1,1,0,0,0,1,0,1,0,0,2,0,1,0,1,0,0,1,2,1,1,0,0,0,1,0,0,1,2,0,0,0,0,0,0,0,0,1,1,1,0,0,1,0,0,0,0,2,0,0,0,1,0,1,0,1,0,0,0,1,0,2,0,0,0,1,0,0,0,1,0,1,0,0,1,0,0,0,1,0,0,1,1,2,1,0,0,0,1,0,0,1,0,0,1,0,0,1,0,2,1,2,0,0,0,2,1,0,1,0,1,0,0,0,0,2,1,2,1,1,0,0,0,0,0,0,0,0,1,0,0,0,0,1,0,0,0,0,1,0,1,1,1,0,2,0,1,0,0,0,0,1,1,1,0,1,1,1,1,1,0,0,2,0,0,1,0,0,1
KL0038,1,0,0,1,1,1,1,2,1,1,0,1,1,0,0,0,0,1,0,1,0,2,0,2,0,0,1,0,1,1,0,0,2,0,0,0,0,1,0,0,0,1,1,1,1,1,0,0,0,2,2,1,1,1,0,2,1,0,0,0,0,0,0,1,0,0,0,1,0,0,1,0,0,0,0,0,0,1,1,1,0,0,1,0,0,0,0,1,0,0,1,0,0,2,0,1,1,0,1,0,0,1,1,0,1,2,2,0,1,0,0,0,0,1,2,0,2,0,0,1,2,0,2,0,0,1,0,1,1,2,0,1,1,0,0,2,0,1,0,0,0,1,1,1,0,0,1,1,1,1,2,1,1,1,0,0,0,0,1,0,0,0,0,0,0,1,1,0,0,0,1,1,0,2,1,2,0,0,0,1,1,0,1,1,0,2,0,1,0,0,0,1,0,0,0,1,0,1,1,0
KL0039,0,0,1,2,0,0,1,1,0,0,1,1,2,1,1,1,1,1,0,0,1,2,1,0,0,0,1,1,0,0,1,1,1,0,0,0,2,0,1,0,1,0,1,0,0,1,1,0,0,1,0,2,0,0,0,1,0,0,0,1,1,0,0,0,0,0,0,0,1,1,1,0,1,0,0,0,1,2,2,1,0,1,0,1,0,0,0,0,1,0,1,0,2,1,0,0,0,0,0,1,0,1,0,0,2,1,1,0,0,1,0,1,0,0,1,0,0,0,1,2,0,0,0,0,0,0,1,0,0,0,1,0,1,0,0,1,0,1,0,0,0,2,0,0,1,1,1,0,0,2,0,0,0,0,1,2,1,0,0,1,0,0,0,1,1,1,0,0,0,0,0,0,0,1,2,0,0,1,1,0,0,0,2,1,0,0,0,2,1,1,0,0,0,1,0,0,1,0,0,0
KL0040,0,0,0,1,0,1,2,0,0,0,1,1,0,0,1,0,1,0,0,0,0,0,0,0,0,0,2,0,1,0,0,0,1,1,1,0,0,0,0,1,0,0,0,0,0,2,0,1,1,1,0,1,0,0,0,0,1,0,1,0,1,0,0,0,0,0,0,0,1,0,1,0,1,1,1,0,0,2,1,0,0,1,0,0,1,0,2,1,0,0,1,0,0,2,0,0,0,0,1,0,1,0,1,0,0,0,0,0,0,0,1,0,1,0,1,1,0,0,1,1,0,0,0,0,1,2,1,1,1,0,2,1,1,0,0,1,2,1,0,1,0,1,0,0,0,0,2,1,0,0,0,0,0,1,1,0,0,0,0,1,0,0,1,0,1,1,0,0,1,0,1,1,0,0,0,0,0,1,0,0,0,0,1,1,1,0,0,2,0,0,0,1,0,2,0,0,0,1,1,0
KL0041,0,0,0,2,0,1,1,1,0,1,1,2,2,0,0,1,1,1,1,0,1,1,0,0,0,0,0,0,0,0,0,0,2,0,0,0,0,0,1,0,0,0,0,0,0,1,0,0,0,0,0,1,0,0,0,2,0,0,0,0,1,0,1,1,0,0,1,0,0,2,1,0,0,0,0,1,0,0,1,0,0,0,0,0,0,2,0,1,0,0,0,0,2,1,0,0,0,0,0,0,1,0,0,0,1,1,1,0,0,1,0,1,0,0,1,0,0,1,1,2,0,0,0,0,0,2,0,0,1,0,2,0,1,0,0,0,1,0,0,0,0,0,0,0,1,1,1,1,0,1,0,1,1,1,1,0,0,0,1,1,1,0,0,0,0,0,1,0,0,0,0,1,1,2,1,0,0,0,0,0,1,1,2,1,0,1,1,1,0,0,1,1,0,1,0,1,1,0,0,0
KL0042,0,0,0,2,1,0,2,1,0,2,1,0,1,0,0,0,0,0,0,0,1,0,0,0,0,0,0,0,1,0,1,0,1,1,1,1,0,0,1,0,0,0,0,1,0,1,0,0,2,0,0,1,1,0,0,2,0,0,0,0,0,1,1,0,1,0,0,0,0,0,1,0,1,0,1,1,0,2,1,0,0,0,0,0,0,0,1,1,0,1,1,0,0,2,0,1,1,0,1,1,1,1,0,1,1,1,2,1,0,1,1,1,0,0,0,0,0,0,0,1,0,0,0,0,0,1,0,1,1,0,1,0,2,1,0,0,2,1,0,0,0,1,0,0,0,1,0,0,0,1,1,1,1,2,1,2,0,0,0,2,0,1,1,0,1,1,0,1,1,0,1,2,1,0,2,1,0,1,0,0,0,0,0,1,1,1,0,1,0,0,0,0,0,1,0,1,0,1,1,1
KL0043,1,0,0,2,1,0,0,1,1,0,2,1,1,0,0,1,0,1,0,1,1,1,0,1,0,0,1,0,1,0,0,1,1,0,0,0,1,0,1,1,1,0,1,1,0,1,0,0,2,2,1,1,1,0,0,1,0,0,1,0,0,1,1,2,0,2,0,0,0,0,1,0,0,0,1,1,1,1,0,0,0,0,0,0,0,1,1,2,0,0,0,0,1,0,1,1,0,0,0,0,1,0,1,0,0,1,1,0,0,0,0,1,0,0,1,1,1,0,1,0,1,0,0,1,0,0,0,1,1,0,2,0,1,0,0,0,0,0,0,0,0,2,0,0,0,2,1,1,1,0,0,1,1,0,0,2,2,0,0,0,1,1,1,1,0,0,1,1,0,0,1,1,0,1,1,2,0,1,1,0,1,0,2,0,1,0,1,2,0,0,0,1,0,0,0,0,1,0,2,0
KL0044,1,1,0,2,0,1,1,0,0,1,1,1,0,1,0,0,0,0,1,0,0,1,1,0,1,0,0,0,1,0,2,0,0,1,0,0,2,0,1,0,0,0,1,1,0,0,0,0,1,0,1,2,0,0,0,1,1,0,0,0,1,0,0,1,0,1,0,0,0,1,1,0,0,2,0,0,0,1,0,0,0,0,1,0,0,1,2,1,0,0,1,0,0,1,0,0,0,0,1,0,0,0,1,2,1,1,0,1,0,1,0,1,0,1,1,1,1,1,0,2,0,0,1,0,0,1,0,1,1,0,1,2,2,2,0,0,0,0,0,0,0,0,1,0,1,0,1,1,0,1,1,0,0,1,2,0,1,0,0,1,1,1,0,1,0,0,0,1,0,0,0,0,0,1,1,0,0,0,0,0,2,0,0,2,1,0,0,1,1,0,0,1,1,1,0,0,1,0,1,0
KL0045,0,0,0,1,1,2,1,0,0,1,0,1,0,0,0,0,0,0,1,0,0,0,0,1,0,0,2,0,0,0,2,0,1,0,1,0,2,1,0,0,0,0,1,0,0,1,0,0,1,1,0,2,1,1,0,0,1,0,0,0,1,0,2,0,1,1,1,2,0,2,1,0,0,0,0,0,1,2,1,0,0,0,0,2,1,1,1,1,0,0,1,0,0,1,1,0,0,0,0,0,1,0,1,1,1,0,2,0,1,0,0,2,1,1,0,0,1,1,1,0,0,0,0,1,0,1,0,1,0,2,0,0,0,0,0,1,2,0,0,1,0,0,0,0,0,1,0,1,0,1,1,1,1,1,1,1,1,1,0,0,1,1,0,0,1,0,0,1,0,0,0,0,1,1,1,1,1,1,0,0,0,0,1,1,1,1,1,0,1,1,1,0,0,0,1,0,1,1,1,0
KL0046,2,0,0,2,0,1,2,2,0,0,1,0,1,0,0,0,0,0,0,0,1,1,0,0,0,0,1,0,0,0,1,0,1,0,2,0,1,1,0,0,0,1,0,0,0,0,2,0,0,2,1,1,0,1,2,1,1,0,1,1,0,0,0,1,1,0,1,0,0,0,1,0,0,0,0,0,0,1,1,0,0,0,0,0,0,0,1,1,0,0,0,0,1,1,0,0,1,0,1,0,1,0,0,1,1,2,0,0,0,2,0,1,0,1,1,0,1,1,0,1,0,0,1,0,0,0,0,2,0,0,0,1,1,0,0,2,0,1,0,0,1,2,0,0,1,1,1,0,2,1,1,0,0,1,1,1,1,1,1,0,0,2,0,1,0,0,0,0,1,0,0,2,0,0,0,2,0,0,1,1,0,0,0,1,1,1,1,0,0,0,0,0,0,0,0,0,0,1,0,0
KL0047,1,0,0,1,0,1,2,0,1,0,1,2,0,0,0,1,0,0,0,0,0,0,0,1,1,1,2,0,1,1,2,1,1,0,0,0,2,0,1,0,0,0,0,0,0,1,0,0,0,1,0,0,0,0,0,1,0,0,0,1,1,0,0,0,0,0,0,1,1,0,0,0,0,0,1,0,0,1,1,0,0,0,0,0,0,1,1,1,0,0,0,1,0,2,0,1,0,0,1,0,2,1,1,1,1,1,0,0,0,2,1,1,1,0,1,0,1,0,0,1,0,0,0,0,0,0,0,2,2,0,1,1,1,0,1,0,0,0,0,0,0,1,2,0,0,1,0,0,1,0,1,0,0,1,1,0,0,1,1,0,1,1,0,1,2,1,0,1,1,0,0,2,0,0,2,0,0,0,0,1,0,0,1,0,0,1,1,1,0,0,2,0,1,2,0,0,1,1,1,1
KL0048,0,0,0,2,0,2,1,0,2,1,2,1,2,0,0,0,1,0,2,0,0,0,0,0,0,1,0,0,1,0,2,0,1,0,0,0,1,1,0,0,0,1,0,0,0,2,0,1,0,0,0,1,1,0,0,1,0,1,1,0,0,0,0,0,0,0,0,0,0,2,0,0,0,0,1,0,1,2,1,0,0,1,0,1,1,0,1,0,0,0,2,0,0,1,0,1,0,1,0,0,0,1,0,0,1,0,1,0,0,1,0,1,0,0,1,1,2,1,0,0,0,0,1,1,0,1,1,1,0,0,2,0,1,0,0,1,1,0,0,0,0,0,0,0,1,1,0,0,2,0,1,1,0,0,0,1,1,0,0,1,0,1,1,0,1,1,0,1,0,0,1,2,0,1,1,1,0,0,0,0,0,0,1,0,0,1,0,1,1,0,0,1,0,2,0,0,0,0,0,1
KL0049,0,0,0,2,1,1,2,1,0,1,1,0,2,1,0,0,1,0,1,0,0,0,0,1,0,1,0,0,0,0,0,0,0,0,1,0,1,1,2,0,0,0,1,1,0,1,1,0,2,2,1,1,1,1,0,1,0,0,0,0,0,0,0,0,0,0,1,0,1,1,1,0,0,0,0,1,1,0,1,0,0,0,0,2,1,0,0,1,0,0,0,1,1,1,1,0,0,0,0,0,1,0,1,1,1,2,1,0,0,1,0,0,1,2,1,0,1,1,1,1,0,0,1,0,0,0,0,1,0,0,2,0,1,0,0,1,2,1,0,1,0,2,1,1,0,0,1,0,1,2,0,1,0,0,0,1,0,0,0,0,0,1,0,0,0,0,0,1,0,1,1,0,0,0,0,0,0,0,0,0,0,0,0,1,1,0,1,0,1,0,0,2,0,0,0,0,2,0,1,1
KL0050,0,0,0,1,0,2,2,1,1,0,0,2,2,0,0,0,1,0,1,0,0,1,1,1,0,1,1,0,1,0,0,0,1,0,0,0,0,0,1,0,0,0,0,0,0,1,0,0,1,2,1,1,0,0,0,0,0,0,1,0,0,0,0,1,1,0,0,0,0,1,1,0,0,0,0,0,0,0,0,0,0,0,1,0,0,1,1,2,0,1,0,0,1,1,0,0,0,0,0,0,1,0,0,0,2,2,1,0,0,0,1,1,0,2,2,0,2,0,0,2,0,1,0,1,0,0,0,1,0,0,0,0,1,0,1,0,0,0,0,0,0,1,0,0,0,0,1,0,1,1,0,1,0,1,0,2,1,0,0,0,0,0,0,0,0,0,1,0,0,0,0,0,0,0,1,1,0,0,0,0,0,0,0,0,0,0,2,0,0,0,0,0,0,1,0,1,1,0,1,1
KL0051,0,1,0,1,0,0,1,2,0,0,0,0,0,0,0,0,0,0,1,1,0,1,2,1,0,0,1,0,1,0,0,1,0,0,0,0,1,0,1,1,0,1,0,1,0,0,1,0,1,1,1,0,0,2,1,0,1,0,0,1,0,0,0,0,0,0,1,0,0,1,1,0,0,0,1,1,1,1,0,0,0,1,0,0,0,2,0,2,1,0,0,0,1,0,0,1,0,1,1,0,1,1,0,1,1,1,0,0,0,2,0,0,0,1,1,0,2,0,1,1,1,0,1,0,0,1,0,1,0,0,0,0,0,0,1,1,0,1,0,1,0,0,0,0,0,2,0,1,1,0,1,1,0,0,0,1,1,0,0,1,1,1,0,2,0,0,0,2,0,0,1,2,0,1,0,2,1,1,0,0,0,1,1,0,1,0,0,0,1,0,1,0,0,1,0,1,1,0,0,1
KL0052,0,0,0,0,0,0,0,0,0,0,0,1,0,0,1,0,1,1,1,0,1,1,1,1,0,0,1,0,1,1,2,0,2,0,0,0,1,0,1,0,0,2,0,0,1,0,1,1,1,1,1,2,1,0,0,2,0,0,0,0,1,0,0,0,1,0,2,0,1,0,2,0,0,0,0,1,1,1,1,2,1,0,0,1,1,1,1,1,0,0,1,0,1,0,1,0,0,0,1,0,0,0,0,0,2,2,1,0,0,1,0,1,1,0,0,0,0,1,1,2,0,0,1,0,1,0,1,1,0,0,2,0,2,0,0,1,1,0,0,0,0,1,1,1,1,1,1,0,1,0,1,1,0,0,1,2,1,0,0,0,0,0,0,1,0,0,1,0,0,0,0,2,0,0,0,1,0,0,0,1,0,0,0,2,2,1,0,1,0,0,0,0,0,1,0,1,0,0,1,1
KL0053,0,0,0,1,0,1,0,0,1,1,2,0,0,1,0,0,0,0,2,1,0,0,2,1,0,0,1,0,1,0,1,0,0,0,0,0,0,0,0,0,0,1,0,0,1,0,0,0,1,1,1,1,0,0,0,0,1,0,1,1,0,1,0,0,0,2,0,1,0,0,2,0,0,0,1,1,0,2,0,1,0,0,0,2,0,2,1,2,1,0,2,1,2,1,0,1,0,0,0,0,0,1,1,2,0,1,0,1,0,2,0,1,0,0,1,0,2,0,1,0,1,1,1,0,0,0,0,1,1,0,1,0,1,0,0,1,1,1,2,1,0,1,0,0,1,1,0,1,0,0,1,0,0,1,0,1,0,1,0,2,0,1,0,1,0,1,0,1,0,0,0,0,0,0,0,1,0,1,0,1,1,0,2,1,0,0,1,1,1,0,1,1,0,2,0,0,1,0,1,1
KL0054,0,0,0,2,1,1,2,2,0,1,1,0,1,0,0,1,0,1,1,1,0,1,0,0,0,0,1,0,0,0,0,0,0,0,0,0,2,0,0,1,0,0,1,1,1,1,0,0,0,0,0,1,0,0,2,2,1,0,0,1,0,0,0,0,0,0,0,0,0,0,0,0,0,0,0,1,1,2,2,0,0,0,0,0,0,1,0,2,1,0,1,1,1,0,0,1,0,0,0,0,0,0,0,2,0,1,1,1,1,0,0,1,0,0,1,0,2,0,0,1,1,0,1,0,0,2,1,2,1,2,1,0,1,0,0,0,2,0,1,1,0,1,0,1,1,0,1,1,2,1,0,1,0,1,0,2,0,0,1,0,0,0,2,0,0,1,0,2,0,1,1,2,0,0,1,2,1,1,0,0,0,0,2,0,0,0,0,0,0,1,0,1,0,1,1,1,0,0,0,1
KL0055,1,1,0,1,0,1,0,1,0,0,0,1,2,0,0,1,1,0,0,1,1,0,1,1,0,0,1,1,0,0,0,0,1,0,1,0,2,0,1,0,0,0,0,0,1,0,1,0,2,0,1,1,1,0,0,0,0,0,0,1,1,1,0,0,0,1,0,1,1,0,0,1,0,0,0,1,1,0,0,1,0,0,0,1,1,0,1,1,0,1,1,0,0,0,0,1,1,0,0,1,1,0,2,2,1,0,1,1,1,1,0,1,1,1,1,0,1,1,0,2,0,0,1,1,0,0,0,1,0,1,1,0,0,0,0,1,1,0,0,0,0,1,1,0,0,1,1,1,2,1,0,2,0,0,0,0,0,0,0,0,0,2,0,0,2,1,0,1,1,0,1,1,1,1,1,1,1,1,0,0,0,0,1,0,1,2,1,0,0,0,0,1,0,2,0,2,1,1,2,1
KL0056,1,0,0,0,0,2,1,0,0,0,0,0,0,1,0,0,0,1,1,0,0,1,0,1,0,0,1,0,0,0,1,0,0,0,0,1,1,0,0,1,0,1,0,0,0,2,0,0,1,2,1,2,1,0,1,1,1,0,0,1,1,0,0,0,1,1,0,1,0,1,1,0,0,1,1,0,0,1,1,2,0,0,0,1,1,0,1,1,1,1,0,0,0,0,0,0,0,1,2,0,0,0,1,2,0,0,1,1,0,0,0,0,0,0,0,0,0,0,0,0,0,0,2,0,0,0,0,2,0,2,1,1,1,0,0,2,2,0,0,0,1,1,0,1,0,1,1,0,1,0,1,2,0,0,0,2,2,0,0,0,1,0,0,1,1,0,0,2,0,0,0,0,0,1,0,1,0,0,1,0,0,0,1,0,0,0,1,0,0,0,1,0,0,1,1,0,1,1,0,1
KL0057,0,0,0,0,0,1,0,1,0,0,1,0,1,1,0,0,2,1,1,0,0,0,0,1,1,0,1,1,1,0,2,0,2,0,0,0,1,0,0,0,1,0,1,1,0,0,0,0,0,2,0,2,1,0,0,2,0,1,1,1,0,0,0,1,1,1,1,1,0,1,0,0,0,1,2,1,0,1,1,1,0,0,0,0,0,2,0,1,0,0,1,0,1,0,2,2,0,0,0,0,0,1,1,0,0,0,1,0,0,1,1,1,0,0,0,2,1,1,1,0,0,0,1,1,0,0,0,0,0,1,1,0,2,0,1,0,1,1,0,0,0,1,1,1,0,1,1,2,2,0,1,1,0,2,1,1,1,0,1,0,1,2,0,1,2,1,0,0,1,1,0,0,0,0,0,0,0,0,1,0,0,1,2,0,1,1,0,0,0,2,0,1,0,1,0,0,0,1,1,0
KL0058,0,1,0,0,0,0,1,2,0,0,1,1,1,0,0,1,1,0,1,0,0,2,0,1,0,0,1,0,1,0,2,0,1,0,1,1,2,0,1,0,0,2,0,0,0,1,0,1,2,0,0,1,1,0,0,0,0,0,1,1,0,0,0,0,0,0,0,1,0,0,1,0,0,0,1,0,1,0,1,1,2,0,0,2,0,1,0,0,1,1,0,0,2,1,0,0,0,0,1,0,0,1,1,1,1,1,0,0,0,0,0,0,0,1,2,1,1,2,1,1,0,0,0,1,0,0,0,1,0,1,2,0,0,0,0,1,0,0,0,1,0,0,0,1,0,0,0,1,0,0,1,2,0,1,1,2,1,0,1,1,1,1,1,1,0,1,0,1,1,1,1,2,0,1,1,0,1,1,0,0,1,0,1,0,0,0,1,1,1,1,1,0,0,1,0,0,1,2,2,1
KL0059,0,0,1,2,1,1,2,0,0,0,1,0,1,1,0,0,0,1,1,0,0,1,0,1,0,1,0,1,0,1,2,0,1,0,1,0,0,0,1,0,0,1,0,1,0,1,0,1,1,1,0,1,0,0,0,0,0,0,0,0,0,0,0,0,0,0,0,1,0,1,0,1,1,0,0,0,0,1,1,0,0,1,1,0,0,1,1,1,0,0,1,0,1,1,0,0,0,0,0,0,0,0,2,1,2,0,1,0,0,0,0,1,0,0,0,0,2,0,0,0,0,1,1,1,0,0,0,0,1,1,1,1,1,0,0,1,2,1,0,0,0,2,1,1,0,0,1,0,1,1,0,1,0,1,0,1,1,1,0,0,0,0,0,0,2,0,0,1,0,0,1,1,0,0,2,0,0,1,0,0,0,0,1,0,0,0,0,0,0,1,1,1,0,1,0,1,1,0,0,2
KL0060,1,0,0,1,0,1,1,0,0,0,0,1,1,1,0,1,0,1,1,1,1,1,0,1,0,0,1,0,1,0,1,1,1,0,0,0,1,0,1,1,0,0,0,1,0,1,0,1,2,2,1,2,1,1,0,0,0,0,2,0,0,0,0,1,1,0,1,1,0,2,0,0,1,1,0,0,1,1,1,0,0,0,2,0,0,0,0,1,0,0,0,1,1,1,0,0,0,0,1,0,1,1,2,0,1,1,1,0,0,1,0,0,0,0,1,1,0,1,1,0,0,2,2,0,0,0,0,2,1,2,1,1,1,0,0,1,1,1,1,0,0,2,0,1,0,0,1,0,1,1,1,2,0,1,0,1,1,0,0,0,0,0,0,0,0,2,0,0,1,0,0,1,0,1,1,2,0,0,0,1,0,0,0,0,1,1,0,0,0,0,0,1,1,2,0,0,0,1,2,0
KL0061,1,0,1,1,0,1,2,1,0,0,0,0,0,0,0,1,0,0,1,0,0,0,1,1,0,0,1,1,1,0,1,0,1,0,1,0,1,0,0,0,0,0,0,1,1,0,1,0,0,0,1,2,0,0,1,1,1,0,0,0,1,0,0,1,0,1,2,0,0,2,1,0,1,1,1,0,0,0,1,0,1,1,0,1,0,2,0,2,2,1,1,0,1,0,0,1,0,1,0,0,1,0,2,1,1,0,1,0,0,2,0,1,1,0,1,0,0,0,0,0,0,0,1,0,0,1,1,0,1,0,1,0,2,0,0,0,0,0,0,0,0,1,1,2,1,0,1,1,0,1,2,2,1,0,0,1,1,0,0,0,0,1,0,1,1,1,0,2,0,1,0,1,0,0,1,2,0,0,0,1,0,0,1,1,2,0,0,1,1,2,1,0,0,0,0,0,0,0,1,1
KL0062,1,0,0,1,0,1,2,1,0,1,0,1,1,0,1,0,0,2,0,0,0,1,0,0,0,0,2,0,2,0,1,0,1,0,1,1,1,0,0,0,0,0,0,2,0,0,1,0,1,1,0,1,0,0,0,2,0,0,1,0,1,0,0,0,0,0,1,1,0,2,2,0,1,0,0,0,0,0,1,1,1,0,0,0,0,0,1,2,0,0,0,0,1,2,1,0,2,0,1,0,0,2,0,0,1,1,0,0,0,2,0,1,0,1,0,0,1,0,0,0,0,0,1,0,0,2,0,1,1,0,2,0,1,0,0,1,0,2,0,0,0,1,1,0,0,1,0,0,1,1,0,1,0,0,1,0,1,0,0,1,2,0,0,1,0,1,0,1,0,0,0,0,0,0,1,0,1,0,0,0,0,0,1,0,1,1,2,0,0,0,0,0,0,1,0,0,2,1,1,0
KL0063,0,0,0,1,0,0,1,1,0,0,2,0,1,0,0,1,2,1,1,1,0,2,0,1,0,0,1,0,0,0,1,1,1,0,1,0,1,0,1,2,0,2,1,1,0,0,0,0,0,1,0,0,0,0,0,2,1,0,0,0,0,1,0,0,2,0,1,0,0,2,2,0,0,1,2,1,0,1,0,0,0,0,0,0,1,1,1,0,1,0,0,0,1,2,1,1,0,0,1,0,0,1,1,1,1,0,0,0,0,0,0,0,1,0,2,0,0,0,0,1,0,0,0,1,0,0,0,2,0,1,1,0,1,1,0,1,0,1,0,0,0,1,0,1,1,1,1,0,2,0,1,0,0,0,0,1,2,0,0,1,1,0,0,1,0,0,1,0,0,1,0,2,0,0,0,0,0,0,0,0,1,0,2,0,1,1,0,2,0,1,1,1,0,1,0,0,0,0,0,0
KL0064,1,0,0,1,0,2,0,1,0,1,0,0,0,1,0,1,0,1,0,0,1,1,0,0,1,0,1,0,0,1,2,0,1,0,1,0,1,0,1,1,0,0,1,0,1,1,1,1,0,1,1,2,2,0,1,0,0,0,1,0,0,0,0,0,0,1,0,1,0,0,2,0,0,0,0,1,0,1,1,0,0,0,0,1,0,0,1,1,0,0,2,0,1,2,0,0,0,1,0,0,0,1,1,0,1,0,0,0,0,1,0,0,1,0,1,1,0,1,1,1,0,1,0,0,0,1,1,2,0,0,1,0,1,1,0,2,0,0,0,0,0,1,0,1,0,1,0,0,2,1,0,1,0,0,0,2,0,0,0,0,0,0,0,1,0,0,0,0,0,0,1,0,0,0,1,2,0,0,0,0,0,0,1,0,0,0,0,1,1,0,0,1,1,1,0,0,2,0,0,1
KL0065,0,0,1,2,0,0,2,2,0,0,2,0,1,0,0,1,0,1,2,0,0,0,2,0,0,0,2,0,0,0,0,0,1,0,1,0,1,0,2,1,0,1,0,1,1,2,0,0,1,0,1,1,0,0,1,1,1,0,1,0,1,1,0,1,0,1,0,0,1,0,2,0,0,1,0,1,0,1,2,0,0,0,0,0,1,0,1,1,1,0,2,0,0,1,0,1,2,0,0,0,0,0,1,0,1,1,0,1,1,1,0,0,0,1,1,1,1,0,2,2,0,0,0,1,0,1,1,1,0,1,2,2,1,0,0,2,0,0,1,0,0,2,0,0,0,2,0,2,1,2,1,1,0,0,0,1,2,0,0,1,0,0,0,0,0,0,1,1,0,0,1,0,2,1,1,2,0,0,0,0,0,0,1,0,0,0,1,1,0,0,0,2,0,1,0,0,1,1,1,2
KL0066,0,0,1,1,0,0,0,2,0,0,0,0,2,0,0,1,0,1,1,0,0,0,1,0,0,0,1,0,1,0,0,0,1,1,0,0,1,0,1,0,0,1,1,1,1,1,0,1,1,1,0,1,1,0,1,0,0,0,1,1,0,1,0,1,1,1,0,1,0,2,1,0,0,0,1,0,0,1,1,1,0,1,2,0,1,0,0,0,1,2,1,0,1,1,0,1,0,0,0,0,2,1,1,1,2,1,2,0,1,1,0,0,0,0,1,0,1,2,0,2,0,0,1,0,0,2,0,0,0,0,1,0,1,0,0,1,1,0,2,1,0,1,1,0,1,2,0,2,1,1,0,1,0,1,0,2,1,0,0,0,1,0,0,0,2,1,0,1,0,0,1,1,0,0,2,2,0,1,0,0,0,0,2,0,0,1,0,1,0,1,0,1,0,2,0,0,2,1,1,1
KL0067,2,1,0,1,0,0,1,1,0,0,1,0,1,1,0,1,0,0,1,1,0,0,1,2,1,0,0,0,0,0,1,0,0,0,0,0,1,0,2,0,0,0,0,0,0,0,1,0,1,2,0,0,0,0,0,0,0,0,0,1,0,0,0,0,0,1,2,0,0,0,0,0,1,0,0,0,0,1,1,0,0,0,1,0,1,1,1,1,1,0,1,0,1,1,0,1,0,0,0,0,1,0,1,2,2,0,0,0,0,1,0,0,0,0,0,1,0,0,1,1,0,0,1,0,1,1,0,1,2,0,1,0,0,1,0,1,2,0,0,0,0,1,0,0,1,0,1,0,0,1,1,1,0,2,0,0,1,0,0,0,0,0,0,2,0,0,0,2,0,0,0,2,0,1,0,0,1,1,0,0,1,0,1,1,0,1,1,1,0,0,0,1,0,1,0,0,0,0,0,0
KL0068,0,1,0,1,1,1,1,1,0,1,0,1,1,1,0,1,1,0,0,0,1,1,0,1,0,0,1,0,1,0,0,0,2,0,1,0,1,0,1,0,0,1,1,1,0,1,0,0,0,1,0,1,2,0,1,0,1,0,1,0,0,0,1,0,1,1,1,1,0,1,1,0,0,0,1,0,1,2,0,0,0,0,0,0,0,0,1,0,1,0,1,0,0,1,1,1,0,0,1,0,0,1,1,1,1,0,0,1,0,1,0,0,1,0,1,0,0,1,1,1,0,1,0,0,0,1,0,1,1,1,1,0,1,1,0,2,1,1,0,1,0,0,0,0,0,1,0,0,2,0,1,0,0,1,0,1,0,0,0,1,1,0,0,1,1,0,0,1,0,0,2,0,0,1,1,2,0,0,0,0,0,0,1,2,1,1,1,0,1,0,2,0,0,2,0,0,1,0,1,0
KL0069,0,1,0,2,1,2,0,1,0,0,1,1,0,1,0,2,0,1,0,0,0,1,1,0,0,0,2,1,2,0,1,0,1,0,1,0,1,1,1,1,1,1,0,1,0,1,0,0,0,1,1,1,1,0,0,2,0,0,1,2,0,0,0,0,0,2,1,1,1,0,2,0,0,0,0,1,1,1,1,0,0,0,1,0,0,0,2,1,0,1,2,0,1,1,1,1,0,0,0,0,1,1,0,0,2,1,1,1,0,0,0,0,0,1,2,0,0,0,0,1,0,0,0,0,0,2,0,2,1,2,1,0,0,0,0,1,0,0,0,0,0,0,1,1,1,1,0,1,1,0,0,2,0,0,0,1,1,0,0,0,0,0,1,1,0,0,0,0,0,0,0,0,0,0,1,1,0,0,1,0,0,0,0,1,0,1,0,0,1,1,0,1,0,1,1,0,1,0,0,0
KL0070,0,0,0,2,0,1,1,1,0,0,0,1,2,0,0,0,0,1,1,0,0,2,0,2,0,0,1,0,0,1,1,0,2,0,1,0,0,0,2,0,0,1,0,1,0,0,0,0,2,2,0,1,1,0,0,2,0,0,1,1,0,0,0,2,0,0,2,1,0,1,0,0,1,0,1,0,0,2,2,0,0,0,0,0,0,0,1,1,1,0,1,0,0,1,0,1,0,1,0,0,0,0,1,1,1,1,1,1,0,1,0,1,1,0,2,1,2,2,0,0,0,0,1,0,0,0,2,1,1,0,2,0,0,0,1,0,1,0,1,0,0,1,0,1,0,2,1,0,1,1,1,1,1,0,1,0,0,0,0,0,1,0,0,1,2,1,1,0,0,0,0,1,0,0,1,1,0,1,0,0,1,1,1,0,0,0,0,1,1,1,1,1,0,1,0,0,1,1,1,0
KL0071,0,0,0,1,0,0,1,1,0,2,0,0,2,0,0,2,1,0,0,0,1,1,1,2,1,1,1,0,1,0,1,0,1,0,0,0,0,1,0,0,1,0,0,1,0,0,0,0,0,1,1,0,0,0,0,1,0,0,1,0,1,0,1,1,1,1,1,0,0,2,1,0,0,0,0,0,0,0,1,1,0,0,1,0,0,2,1,0,0,0,1,0,1,0,0,0,0,0,1,0,1,1,1,1,1,1,0,0,0,1,0,2,0,1,1,1,1,1,0,1,0,0,0,1,0,0,0,1,1,1,1,1,1,0,0,1,1,1,1,1,0,1,0,0,0,1,0,1,0,2,0,0,0,0,1,1,1,0,1,1,1,0,0,0,1,1,0,2,0,1,0,0,0,0,1,2,0,1,0,0,1,0,1,0,1,1,1,1,1,1,0,1,0,1,0,0,1,0,0,1
KL0072,1,1,0,1,1,1,1,1,0,0,0,1,1,1,0,1,1,0,2,0,0,1,1,0,0,0,1,0,0,0,0,0,1,0,1,0,0,0,1,1,0,1,0,0,0,1,0,0,2,0,0,1,1,0,0,1,2,0,0,0,0,0,0,1,0,1,0,0,0,0,1,0,0,0,0,1,0,2,1,0,0,0,0,0,0,2,1,2,0,0,1,0,1,1,2,0,1,0,0,0,1,0,2,2,0,2,1,1,0,0,1,1,0,1,1,1,2,0,0,0,1,1,1,0,0,0,1,2,0,1,1,1,1,0,0,1,0,1,0,0,0,1,0,0,0,1,0,1,1,0,2,1,0,2,1,2,1,0,0,0,0,0,0,1,0,0,0,1,0,0,0,1,0,1,0,0,1,2,0,0,0,0,1,1,0,0,1,0,0,0,0,1,0,1,1,0,0,1,0,0
KL0073,1,0,0,1,0,0,1,1,2,0,0,0,0,0,1,2,1,1,1,0,1,0,1,1,0,0,1,0,0,1,1,0,1,1,0,0,2,0,2,0,0,2,0,0,0,2,0,1,0,1,0,0,0,1,0,2,0,0,1,2,0,1,0,0,0,0,0,2,0,1,1,0,0,0,0,0,0,0,1,0,0,0,0,0,1,1,1,0,0,0,1,0,2,1,1,1,0,0,0,0,1,1,2,1,1,1,1,2,0,0,0,2,0,0,2,0,2,0,1,1,0,0,1,0,0,1,0,1,2,1,0,2,1,0,0,2,1,0,0,0,1,0,0,1,0,1,2,1,2,1,2,0,0,1,0,2,0,0,0,0,0,1,1,1,2,0,0,1,0,0,1,0,0,0,2,1,0,0,0,0,1,1,1,0,0,1,1,1,0,0,0,0,0,0,0,1,0,1,0,0
KL0074,0,0,1,2,1,1,1,2,0,0,0,1,1,0,1,0,1,2,1,1,1,1,1,2,1,0,1,0,0,0,0,1,0,0,0,0,0,0,0,0,0,1,0,1,1,1,0,0,0,0,1,2,2,2,0,0,0,1,1,1,1,0,0,0,1,0,1,1,1,0,1,0,1,1,0,1,0,1,0,0,1,0,1,1,0,0,0,1,0,0,0,0,0,1,0,0,0,0,1,0,0,2,0,1,0,0,1,0,0,1,1,0,0,0,2,1,1,0,0,0,1,0,0,1,0,0,0,1,1,0,1,0,0,0,0,1,2,0,0,0,2,0,1,1,1,2,0,0,1,1,1,2,0,0,1,2,2,0,1,0,0,0,0,1,1,2,0,0,0,2,0,1,0,1,2,0,0,0,0,1,0,0,1,0,1,0,0,2,1,1,0,0,0,1,0,0,1,1,0,0
KL0075,1,0,0,0,0,0,0,0,2,0,0,1,2,0,0,0,0,0,0,0,0,1,1,1,0,0,1,1,1,0,2,0,0,0,1,1,1,0,1,1,0,0,0,0,0,0,1,1,2,1,2,2,0,0,0,0,0,0,0,0,0,1,0,2,0,0,1,0,1,1,1,0,0,0,1,0,0,1,1,0,0,0,0,0,1,0,0,1,1,0,1,1,1,1,1,1,0,0,0,0,1,0,2,1,1,0,0,1,0,0,0,0,0,1,1,0,0,0,0,2,0,0,0,0,0,0,1,0,1,1,1,0,1,1,0,2,0,0,0,0,0,0,0,0,0,1,1,1,1,1,0,0,0,0,0,0,2,0,0,0,0,0,0,1,0,0,0,1,1,0,0,0,1,0,2,2,0,1,0,0,0,0,1,0,1,1,0,1,2,0,0,1,1,1,0,0,0,2,1,1
KL0076,1,0,0,1,0,0,0,0,1,0,0,1,2,1,0,1,1,2,2,0,1,0,0,1,0,0,1,1,0,0,0,0,1,0,0,0,1,0,1,1,0,0,0,0,0,1,0,0,1,2,0,1,1,0,0,0,0,0,0,1,0,0,0,1,0,1,1,1,1,2,1,0,0,0,1,0,0,1,1,0,0,0,0,0,0,1,1,2,1,0,1,1,1,0,0,1,0,0,0,0,2,0,0,0,1,0,0,0,1,1,1,2,1,1,0,0,1,0,1,0,1,0,1,1,1,0,1,0,1,0,1,0,2,0,0,1,0,0,0,1,0,2,1,0,0,1,0,1,2,0,0,1,0,0,2,0,1,0,1,0,0,1,0,0,1,0,0,1,1,1,0,1,0,0,1,1,0,0,0,0,1,1,0,0,0,1,2,2,1,0,0,1,0,1,1,1,0,0,0,0
KL0077,1,0,0,2,0,1,0,0,0,1,0,1,2,0,1,0,0,0,0,0,0,2,1,0,0,0,0,1,2,0,1,0,0,1,2,0,1,0,2,0,1,0,0,2,0,0,0,0,1,1,0,0,1,1,0,0,1,0,0,1,0,1,0,1,1,0,1,2,0,0,0,0,1,0,0,1,0,2,0,0,1,0,0,0,0,1,2,1,0,0,2,0,0,2,0,0,0,0,0,2,0,1,1,1,1,1,1,0,0,1,0,2,1,0,0,0,0,1,0,1,0,0,0,1,1,1,1,1,1,0,1,1,2,0,0,1,0,0,0,0,0,1,1,1,0,1,2,0,1,0,0,1,0,1,0,0,1,0,1,0,1,0,0,2,1,1,0,1,0,0,1,0,0,1,1,2,0,1,0,0,0,1,0,1,1,1,0,1,0,0,0,0,0,0,1,0,0,1,0,0
KL0078,1,0,0,1,0,0,2,0,1,0,1,0,1,1,0,0,1,0,1,0,1,0,0,2,0,1,1,0,1,1,0,0,1,0,2,0,0,0,1,0,0,0,1,0,0,2,0,0,2,1,0,2,1,1,0,0,0,0,2,1,1,1,1,0,0,0,0,0,1,1,1,0,0,0,1,0,1,0,1,2,0,0,0,0,0,1,1,2,0,0,0,0,2,1,1,1,2,0,1,1,1,0,0,1,1,1,0,1,0,1,1,1,0,0,0,0,0,2,1,1,0,0,0,1,0,0,2,1,0,1,2,0,0,1,0,1,0,1,0,0,0,1,0,0,0,1,0,2,1,1,1,2,1,1,0,1,1,1,1,0,0,0,0,0,1,0,0,0,0,0,0,1,0,0,1,1,0,1,0,0,0,1,1,0,1,0,2,1,1,0,1,0,0,1,0,0,1,1,0,0
KL0079,0,0,0,1,0,2,0,1,2,0,0,0,0,1,0,0,0,0,2,0,0,2,1,2,0,0,0,0,0,0,1,0,1,0,0,0,1,1,1,1,0,1,1,1,0,1,2,0,0,1,0,2,0,0,0,2,0,0,1,1,0,0,1,1,0,1,1,0,0,2,1,1,0,0,0,2,0,1,1,0,1,1,0,1,0,1,0,0,2,0,2,0,1,1,0,0,0,0,0,1,2,1,1,0,1,1,0,1,0,1,1,0,1,0,2,0,1,2,1,2,0,0,1,0,0,2,0,0,0,1,1,0,0,0,0,0,0,0,0,1,0,1,0,1,0,1,2,1,1,1,0,1,0,0,0,0,1,0,0,0,1,0,0,1,1,0,1,0,1,0,0,1,0,2,2,0,1,0,0,0,0,1,1,1,2,0,1,0,0,0,0,0,0,2,0,0,1,1,1,1
KL0080,1,0,0,0,0,2,0,1,0,0,1,1,1,1,1,0,2,0,1,1,0,0,0,1,0,0,1,0,0,0,1,2,0,0,1,0,0,0,0,0,0,1,1,1,1,2,0,0,1,1,2,0,1,0,0,0,0,0,1,1,1,0,0,0,1,1,1,0,0,1,1,0,1,0,0,0,1,2,1,0,0,0,1,0,0,0,0,0,0,0,2,1,0,1,0,0,0,0,0,0,1,0,1,1,0,1,1,0,0,0,0,1,0,0,1,0,1,2,1,1,0,0,0,0,0,0,0,1,0,0,1,0,0,0,0,1,1,1,0,0,0,2,0,1,0,0,1,1,1,1,0,2,0,1,0,1,1,0,0,1,0,1,0,0,0,1,0,2,1,0,1,1,0,1,1,1,0,1,0,0,1,1,1,1,2,1,1,1,1,0,0,1,0,2,0,0,1,1,0,0
KL0081,0,1,0,2,0,1,1,0,0,0,0,0,1,0,0,0,0,1,0,1,0,0,0,0,0,1,2,1,1,0,2,0,1,0,0,0,1,0,1,0,0,0,0,1,0,1,1,0,1,1,2,1,1,1,0,2,0,0,2,1,0,0,0,0,0,1,0,1,0,0,1,0,0,0,1,0,0,1,1,0,2,0,1,0,1,0,2,1,2,0,1,1,2,0,0,1,1,0,1,1,0,1,1,1,2,0,0,1,0,0,0,0,0,0,0,2,1,0,1,1,0,0,0,0,0,0,0,0,0,0,2,1,2,1,0,0,2,0,0,1,0,1,1,0,0,0,0,1,2,0,0,1,1,0,1,0,0,0,0,1,1,0,1,0,1,0,0,1,0,0,0,1,0,0,1,1,0,0,0,0,0,0,1,1,2,1,1,1,0,1,0,0,0,1,1,1,0,0,2,0
KL0082,1,0,0,1,1,0,2,1,1,0,0,1,2,1,0,1,0,2,1,0,0,1,1,0,0,1,1,0,0,0,0,0,0,0,0,0,2,0,1,0,0,1,0,0,0,1,0,0,0,1,0,0,0,0,0,0,1,0,2,0,0,0,0,0,0,2,1,2,1,0,1,0,0,0,0,1,0,1,2,0,0,0,1,0,0,1,1,0,0,0,1,0,0,2,1,2,0,1,0,1,1,1,0,0,1,1,0,0,0,0,0,2,0,1,2,1,1,1,0,1,0,0,1,1,0,0,0,1,1,0,1,1,0,0,0,0,2,0,0,1,0,1,1,0,2,0,0,0,0,1,0,2,1,1,1,1,0,0,0,1,1,0,0,1,0,2,0,0,1,0,1,1,0,0,0,1,0,0,0,0,0,1,1,0,0,0,0,0,0,1,1,1,0,0,0,0,0,0,0,1
KL0083,1,0,0,1,1,0,1,1,1,0,0,0,1,1,0,1,0,2,0,0,1,0,0,0,0,1,0,0,0,0,1,1,1,0,2,0,1,0,1,0,0,1,0,0,0,2,0,0,1,0,0,0,0,0,0,0,0,0,1,0,1,1,0,0,0,1,2,1,0,2,2,0,1,0,0,0,0,1,1,1,0,0,1,0,0,0,1,0,0,0,0,0,1,1,1,0,0,0,0,0,1,0,0,0,1,2,0,1,0,0,0,0,0,0,2,0,1,1,1,1,1,1,0,0,0,1,2,1,0,1,0,0,1,0,1,1,0,0,0,0,0,1,0,1,2,2,1,1,0,0,1,0,0,0,0,1,0,0,0,0,1,1,0,1,1,1,0,2,0,1,2,0,0,1,1,1,1,0,0,1,0,0,1,0,0,0,0,0,0,0,1,0,0,1,0,0,0,0,0,2
KL0084,0,0,0,1,0,0,2,1,0,1,1,0,0,1,1,1,0,0,2,0,1,1,0,1,1,0,0,0,0,0,0,0,0,0,1,0,1,0,1,1,0,2,0,0,1,0,0,0,0,2,1,1,1,0,0,0,0,0,0,1,1,1,0,0,0,2,1,0,1,2,0,0,0,0,0,0,0,1,2,0,0,0,0,0,1,1,0,1,0,0,2,1,0,1,0,1,0,0,0,0,2,0,0,1,1,1,1,0,0,2,0,1,0,1,1,0,0,1,0,0,1,0,1,0,0,2,1,1,2,0,2,0,2,0,0,1,0,0,0,0,0,1,0,0,1,0,1,1,1,0,0,0,0,0,2,1,1,0,1,1,1,1,0,0,1,0,0,0,0,1,0,1,0,1,0,1,1,0,0,0,0,0,2,0,1,1,0,1,0,1,1,1,0,0,0,0,1,1,1,1
KL0085,1,0,0,0,0,0,1,1,0,1,1,2,2,1,0,1,0,0,0,0,0,1,0,1,0,0,1,1,1,0,1,1,1,0,1,0,1,1,0,1,0,1,0,0,0,0,0,1,2,0,1,2,0,0,0,1,0,0,2,0,0,0,0,0,0,0,1,0,0,0,0,0,1,1,1,1,0,2,0,1,0,0,0,0,0,1,0,1,0,0,1,0,2,1,0,0,0,0,0,0,0,0,0,1,0,2,0,0,0,2,0,1,0,0,1,0,1,1,1,0,0,1,1,0,0,1,0,2,1,0,1,1,1,0,1,1,0,0,0,1,0,1,1,0,0,1,1,1,0,1,0,1,0,0,0,2,2,0,0,1,0,1,0,1,0,1,0,1,0,0,1,0,0,1,2,0,0,0,0,0,1,0,1,0,1,1,1,0,0,1,0,0,0,2,0,1,0,2,1,0
KL0086,1,1,0,1,0,1,1,0,0,1,1,0,1,1,0,1,1,0,1,1,0,0,0,2,1,0,2,1,0,0,2,1,2,0,1,0,0,0,1,1,0,2,0,1,1,1,0,0,0,1,0,1,0,0,0,0,1,0,1,1,1,0,1,0,1,1,0,0,0,0,1,0,1,1,0,1,1,1,0,1,0,0,1,0,1,0,0,1,1,0,1,0,1,0,0,1,0,0,1,1,1,0,0,0,0,1,1,0,0,2,0,1,0,0,0,0,1,0,1,0,0,0,0,0,0,0,0,0,1,0,0,0,0,0,0,2,0,0,0,0,0,0,0,0,0,1,1,1,1,0,0,1,0,0,0,0,0,0,1,1,1,1,0,1,1,0,1,2,0,0,0,0,0,0,1,1,0,0,0,0,0,0,0,0,0,0,1,1,0,0,1,0,0,1,0,0,0,1,0,0
KL0087,0,0,0,1,0,0,1,1,0,0,0,1,2,0,0,2,0,0,1,0,0,0,0,1,0,0,1,1,1,0,1,0,1,0,1,0,2,0,1,1,0,1,1,2,1,1,1,0,1,1,0,1,2,1,0,1,0,0,0,0,0,0,0,1,2,1,1,0,0,2,2,0,1,1,0,0,1,2,0,0,0,0,1,0,0,0,0,2,0,1,0,0,2,1,0,1,0,0,0,0,0,0,1,2,2,1,0,0,0,1,0,0,0,1,1,1,2,1,2,1,0,0,0,1,0,1,1,0,0,0,2,1,1,0,0,1,1,1,0,0,0,0,0,1,0,1,1,0,1,0,0,2,0,0,1,2,0,0,0,2,0,2,2,1,1,0,0,0,0,0,0,1,0,0,0,0,1,0,0,0,1,0,1,0,0,0,1,2,0,1,0,0,1,1,0,1,0,0,0,1
KL0088,1,0,0,2,0,1,1,0,0,0,1,1,0,0,0,0,0,0,0,0,1,0,1,1,1,0,0,0,0,1,1,0,0,1,1,1,1,0,1,0,0,0,0,1,1,0,0,0,1,0,0,0,1,0,0,2,0,1,0,1,1,0,0,0,1,0,0,0,0,2,0,0,0,0,1,0,1,1,1,1,0,0,0,0,1,0,1,1,0,0,2,0,1,1,0,2,1,0,0,0,0,1,1,0,1,2,0,0,1,0,0,1,0,0,1,0,2,0,1,1,1,1,1,0,0,1,0,1,0,0,1,1,2,0,0,1,0,0,0,0,0,1,0,2,1,0,1,0,0,1,0,2,0,0,1,2,1,0,0,0,1,0,1,1,0,0,0,0,1,0,1,1,0,1,0,1,0,0,0,0,0,0,1,2,0,0,1,0,0,0,0,1,0,1,1,2,1,1,1,2
KL0089,1,1,0,0,0,1,0,0,0,0,1,0,2,0,0,1,1,0,1,0,0,0,0,1,0,0,1,0,0,0,0,2,1,0,0,1,2,0,1,1,0,1,1,1,1,2,0,1,0,1,0,0,1,0,0,0,1,0,1,1,0,0,0,0,2,0,0,0,0,0,1,0,0,0,0,0,1,1,1,1,0,0,2,0,0,1,0,0,2,0,0,0,1,1,1,0,1,0,0,0,0,0,0,1,2,1,0,1,0,2,0,1,1,1,1,1,2,0,0,0,0,0,1,1,1,0,0,0,0,0,1,0,2,1,0,2,1,0,0,0,1,2,0,0,0,1,1,0,1,1,1,2,0,2,0,1,0,1,0,1,0,0,0,0,0,0,0,2,0,1,1,1,1,0,1,2,0,0,0,0,0,0,2,1,0,0,0,0,0,0,0,1,0,2,0,0,2,0,1,2
KL0090,0,1,0,0,0,0,2,0,0,1,0,1,1,2,0,1,0,1,1,0,0,1,0,1,0,0,2,0,0,0,1,0,1,0,1,0,0,0,1,0,0,0,0,0,1,0,1,2,0,0,0,0,0,0,0,1,1,0,0,0,1,0,1,0,1,1,1,0,0,0,0,0,1,0,0,0,0,0,1,1,1,0,1,0,0,1,0,1,0,1,0,1,0,1,1,0,0,1,0,1,0,1,0,0,2,1,1,0,1,1,0,1,0,0,2,1,2,1,1,1,0,0,2,1,0,2,0,2,0,0,2,0,0,0,0,0,1,0,0,1,0,1,0,0,0,0,0,1,1,0,0,1,1,0,0,1,1,0,0,1,1,0,0,1,0,0,1,0,0,0,1,1,0,1,1,0,0,1,0,1,0,0,1,0,2,0,0,1,0,0,0,2,0,1,0,0,0,1,2,0
KL0091,0,0,0,0,1,1,2,1,0,0,0,2,1,0,0,0,0,0,0,0,0,1,0,1,1,0,0,1,0,0,1,0,1,0,1,0,2,0,1,0,0,1,0,1,0,1,0,0,0,1,0,0,0,0,1,2,0,0,1,1,2,0,0,0,0,1,1,0,1,1,1,0,0,0,0,0,0,1,1,0,0,0,0,0,0,1,1,2,0,0,1,0,0,1,0,1,1,0,0,0,1,0,0,1,1,1,1,0,0,2,0,0,1,0,1,0,0,2,0,1,1,0,1,0,0,2,0,0,0,1,1,0,0,1,0,1,2,1,0,0,0,0,0,1,0,0,2,1,1,1,0,0,0,1,0,1,0,0,0,0,1,0,0,1,0,0,0,1,1,0,1,0,1,0,1,0,0,0,0,0,0,0,1,0,1,0,1,0,0,0,1,1,0,1,1,0,2,0,0,1
KL0092,0,0,1,0,0,0,1,0,0,0,0,1,1,0,0,0,1,0,0,0,1,1,1,2,0,0,1,0,0,0,2,0,1,0,1,1,1,1,1,0,0,1,0,2,0,1,1,0,0,2,0,1,1,0,0,0,0,0,1,0,0,0,0,1,0,1,1,0,0,0,0,0,2,0,0,0,0,2,2,0,1,0,0,0,1,2,1,1,1,0,0,0,1,1,0,0,1,0,0,0,0,1,1,1,1,1,0,0,1,0,0,0,1,1,1,0,1,1,0,1,1,0,1,0,0,1,0,1,0,0,2,1,1,1,0,0,1,0,2,0,0,1,1,0,0,1,1,1,1,0,0,1,1,1,1,0,1,0,0,1,0,1,0,1,1,0,0,2,0,0,0,1,0,0,2,1,1,1,0,0,1,0,2,1,0,1,0,1,0,0,0,1,0,2,0,0,1,1,0,1
KL0093,1,0,0,2,0,0,1,0,0,0,2,1,1,0,0,2,0,0,0,0,0,0,0,2,0,0,0,0,2,0,2,0,1,0,1,0,2,0,0,0,0,0,0,1,0,2,1,1,2,1,1,1,1,0,0,2,0,0,1,0,1,0,0,0,1,1,0,0,0,1,2,1,1,0,0,0,0,0,1,0,0,0,0,1,1,1,1,0,1,0,0,0,1,2,0,1,1,0,0,0,0,0,2,0,2,1,0,0,0,2,1,0,0,0,0,0,0,1,0,1,0,1,0,0,0,2,1,0,1,0,1,1,1,0,0,0,1,1,0,0,0,2,1,0,0,2,1,2,0,0,0,1,0,2,0,2,1,0,0,1,1,1,0,0,2,1,0,0,0,1,1,1,0,0,2,2,0,0,0,0,0,0,0,0,1,0,1,0,0,1,1,0,0,0,0,0,1,2,1,0
KL0094,1,0,0,2,0,1,1,1,0,1,0,1,0,0,0,1,0,2,2,1,0,1,1,0,0,0,1,0,2,0,0,0,2,0,0,0,1,0,1,0,0,0,0,0,1,1,0,1,1,1,1,1,0,1,1,1,1,0,1,0,1,0,0,0,0,1,1,0,2,1,0,0,1,0,0,1,0,1,1,1,0,0,0,0,1,0,0,1,0,0,1,0,1,0,0,2,0,0,0,0,0,0,2,1,1,1,0,2,0,1,0,1,0,1,1,1,1,1,1,1,0,0,0,0,0,0,1,2,0,0,1,0,0,1,0,0,0,0,0,1,1,1,1,0,1,2,2,0,0,1,0,0,0,0,0,1,2,1,0,0,1,1,1,0,0,1,0,1,0,0,1,0,0,0,2,1,0,1,0,0,1,0,0,0,0,0,2,1,1,0,1,1,0,1,0,0,1,0,1,0
KL0095,0,0,0,0,0,1,1,0,0,0,0,2,0,1,0,1,0,0,1,0,0,0,0,1,0,0,1,0,2,1,1,1,1,0,0,0,1,0,2,1,0,1,0,1,0,1,0,1,1,2,1,2,0,0,0,1,0,0,1,1,0,0,0,0,0,1,2,0,0,1,2,0,0,0,0,2,0,2,2,0,1,0,1,1,0,1,0,0,0,0,1,0,1,1,0,0,0,1,0,0,1,2,1,0,1,1,0,1,1,2,0,1,0,2,1,1,1,0,1,2,0,0,1,0,0,0,1,1,1,1,1,1,1,0,0,1,0,1,0,1,0,1,1,0,0,1,0,1,0,0,0,0,0,0,0,1,1,0,0,2,1,1,1,0,2,1,0,1,0,0,1,1,0,0,1,2,0,1,0,0,1,0,0,0,1,0,0,0,1,0,1,1,0,0,0,0,0,1,1,1
KL0096,1,0,0,1,0,1,1,0,0,0,1,0,0,0,0,1,0,1,1,0,1,1,0,0,0,0,1,0,2,0,2,0,1,0,0,0,1,0,2,1,0,0,0,2,0,0,0,0,1,0,1,2,1,0,0,0,0,0,0,1,1,0,0,1,0,0,1,1,0,1,1,1,0,0,0,1,0,2,0,0,1,0,0,0,0,0,0,1,0,0,1,0,0,0,0,0,0,0,0,1,1,0,1,1,1,2,0,1,0,0,0,1,1,0,0,0,0,1,0,2,0,0,0,0,0,1,1,1,0,1,1,0,1,0,0,1,2,0,0,0,1,0,0,1,1,0,0,0,1,1,0,0,0,0,0,1,0,1,0,0,2,0,0,0,0,1,0,1,0,0,2,1,0,1,0,0,0,1,1,0,0,0,1,0,1,1,0,1,0,0,1,1,0,1,1,0,0,0,1,1
KL0097,1,1,0,1,1,0,2,1,0,0,1,0,2,0,0,1,1,1,0,0,0,1,0,0,1,0,0,0,1,0,1,0,0,0,1,0,2,1,1,0,0,0,0,1,0,1,0,0,1,0,1,0,1,0,1,1,0,0,2,1,1,1,0,0,0,1,1,1,1,0,2,0,1,1,0,0,0,1,0,0,0,1,0,0,0,1,2,0,1,0,2,0,2,0,0,1,0,0,0,0,0,0,0,0,1,1,1,0,1,2,0,1,0,0,1,1,1,0,0,0,0,0,1,2,0,0,1,0,1,0,1,1,0,0,0,1,1,0,0,0,0,1,0,0,0,0,1,0,1,1,1,2,0,0,0,1,0,0,1,0,0,0,1,0,0,0,0,0,0,0,1,1,0,1,1,1,0,1,0,1,0,0,1,1,1,0,0,1,1,1,0,1,0,1,0,0,0,1,1,1
KL0098,1,0,0,0,1,1,1,1,1,0,0,1,2,0,0,0,1,0,1,0,0,2,0,1,0,1,1,1,1,0,2,0,1,0,0,0,1,0,1,1,0,0,0,1,0,0,0,0,0,0,0,0,0,0,0,1,1,0,2,0,1,0,0,1,0,0,1,0,0,1,1,1,0,1,0,0,0,1,1,1,0,1,0,0,0,0,1,2,0,0,0,0,0,1,0,1,0,0,0,0,0,0,1,2,1,2,1,1,0,1,0,1,0,0,1,1,0,0,2,1,0,0,0,0,0,0,0,2,1,1,1,0,1,0,0,2,0,0,0,0,1,1,0,1,0,0,1,2,0,0,0,0,0,0,1,2,2,1,0,0,0,0,0,0,1,1,0,0,0,0,0,0,0,0,0,1,0,0,0,0,0,0,1,0,0,1,1,1,1,0,1,1,0,1,0,0,1,0,1,0
KL0099,0,0,0,2,0,1,1,1,0,0,0,0,1,0,0,1,2,0,0,0,0,1,1,1,1,0,1,0,1,0,1,1,2,0,1,0,2,0,1,0,0,0,0,1,1,0,0,1,1,1,1,1,1,0,0,1,0,1,0,1,1,0,0,0,1,2,0,1,1,1,0,0,0,0,1,1,0,1,2,0,0,0,0,1,1,1,1,1,1,0,1,0,1,0,1,1,0,0,0,0,1,0,1,1,2,0,2,1,1,0,0,2,0,1,2,1,2,1,0,1,0,0,1,0,0,1,1,0,1,0,1,1,1,1,0,1,1,1,0,0,0,0,1,1,1,1,1,0,2,1,1,0,0,0,1,0,1,1,0,0,0,0,0,1,1,1,0,2,0,0,1,0,0,1,1,2,1,0,0,0,0,0,1,0,0,1,0,1,1,0,0,1,0,0,1,1,1,0,0,1
KL0100,0,0,0,0,1,0,2,1,1,0,1,0,0,0,0,0,1,0,1,0,0,1,0,1,0,0,0,2,0,0,2,1,1,0,0,0,0,0,1,2,0,0,0,1,0,0,0,0,1,2,2,0,1,0,0,0,1,1,2,1,0,0,0,0,0,0,1,0,0,1,1,1,0,0,1,2,0,2,1,2,1,0,0,0,1,0,0,0,0,0,2,0,0,2,0,0,1,0,0,0,2,0,1,1,1,1,0,0,0,0,0,0,2,1,0,1,2,0,1,1,0,0,1,0,0,0,1,1,0,1,1,0,1,0,0,1,0,0,0,0,0,1,1,0,0,1,2,1,1,1,0,1,0,2,0,1,0,1,0,0,0,2,1,2,0,1,0,1,1,1,0,0,0,0,0,1,0,1,1,0,0,0,0,0,0,0,0,0,0,1,0,0,0,1,0,0,1,2,1,0
KL0101,2,0,0,1,1,0,1,0,1,1,1,0,0,0,1,0,1,0,2,0,1,0,0,1,0,0,1,1,0,0,2,0,2,1,0,0,2,0,1,0,0,1,0,2,1,0,0,1,1,2,1,1,2,0,0,0,1,0,1,1,0,0,0,0,0,0,0,1,0,2,1,0,0,0,0,0,0,2,0,0,0,0,0,0,0,0,0,1,0,0,1,1,0,2,0,1,0,0,0,0,1,0,0,1,1,2,0,0,0,2,1,0,0,0,1,2,1,0,1,2,0,0,0,1,0,0,1,0,0,0,0,0,1,0,0,1,0,0,0,0,0,2,0,1,0,1,0,0,2,1,1,1,1,1,2,1,2,0,0,1,0,1,0,1,0,1,0,0,1,0,0,1,1,1,2,1,1,0,0,0,1,0,2,0,0,1,1,2,0,0,0,1,0,0,1,0,0,0,1,2
KL0102,0,0,0,2,1,1,0,1,0,0,1,2,0,0,0,2,0,1,2,0,0,0,1,0,0,0,1,0,1,1,1,1,1,0,1,0,1,0,2,0,0,0,0,1,1,1,0,0,0,0,0,0,1,0,1,1,0,0,1,0,0,0,0,0,1,0,1,0,0,0,0,1,0,0,0,0,0,1,2,2,0,0,1,1,0,1,0,1,1,0,0,0,1,0,1,0,0,0,1,0,1,0,0,0,2,1,1,0,0,0,0,1,0,0,1,0,1,1,0,0,1,0,1,0,0,1,0,1,0,1,1,0,2,1,0,1,1,0,0,1,0,2,1,0,0,2,1,2,2,0,1,1,1,1,0,1,0,0,0,0,0,0,1,1,0,1,0,1,1,1,0,0,0,1,1,0,0,0,0,0,0,0,0,0,1,0,1,2,1,0,0,0,0,2,2,1,0,1,0,1
KL0103,1,0,0,0,0,0,0,2,0,0,0,0,1,0,0,1,1,0,1,0,0,2,0,0,1,0,1,0,0,0,1,0,1,0,1,0,2,0,1,1,1,1,0,1,0,1,0,0,0,1,0,0,0,0,0,1,0,0,0,0,1,0,0,0,1,0,2,0,0,1,1,0,0,1,1,0,1,2,2,0,0,0,2,0,0,1,1,1,1,0,1,0,0,2,0,1,0,1,0,0,1,1,1,2,1,1,2,0,0,1,1,1,1,0,1,0,1,0,0,2,0,0,1,1,0,2,0,2,0,0,2,1,1,0,0,1,0,0,1,0,0,1,1,0,0,1,0,0,0,2,0,1,0,0,1,0,1,0,0,0,0,1,0,0,0,0,0,1,0,0,1,2,0,0,1,0,0,0,0,0,0,1,2,0,1,1,0,2,0,0,0,0,0,1,0,0,1,1,1,1
KL0104,0,0,0,1,1,1,1,2,0,0,1,1,0,0,0,0,0,1,1,0,0,1,0,0,0,0,2,0,0,0,2,0,1,0,0,1,0,0,1,0,0,1,0,2,1,2,0,0,0,0,2,0,0,0,0,1,0,0,1,0,0,0,0,1,0,0,2,1,1,1,0,0,0,0,1,1,0,1,1,1,0,1,1,0,2,1,2,1,0,0,1,2,1,2,0,0,0,1,0,1,2,0,1,0,2,1,2,0,1,2,0,1,0,1,1,1,1,1,1,1,0,0,1,0,0,0,0,0,1,0,1,0,1,0,0,2,1,0,0,0,0,1,1,0,2,1,0,1,0,1,0,1,1,2,0,1,2,0,0,0,0,0,1,0,1,0,1,0,0,0,0,0,1,1,1,1,0,1,0,0,0,0,0,1,0,1,1,1,0,0,0,0,0,1,1,0,1,0,2,0
KL0105,1,0,1,1,0,0,0,2,0,1,0,0,1,0,1,2,0,0,1,0,0,0,0,1,0,0,0,1,0,0,0,0,1,0,1,0,1,1,1,0,0,0,0,1,0,0,0,1,2,2,0,1,0,0,1,1,0,0,0,0,0,0,0,0,0,0,1,1,0,0,1,0,0,0,0,0,0,0,0,0,0,1,0,0,0,0,1,1,0,2,1,0,1,1,1,0,0,0,0,0,1,0,0,2,1,0,1,1,0,1,1,0,0,2,1,0,1,1,1,2,0,0,0,0,0,0,0,1,0,0,1,0,0,0,0,0,1,0,0,0,0,2,0,0,2,0,0,1,1,0,0,0,0,0,2,1,1,0,0,0,0,0,0,0,2,0,0,1,1,0,1,2,0,1,1,1,0,0,0,0,0,1,1,0,0,0,1,1,0,1,0,0,0,0,0,0,1,1,0,0
KL0106,0,0,0,1,0,1,1,1,1,0,1,0,2,1,0,1,0,0,2,0,1,1,1,1,0,0,0,0,0,0,2,0,1,0,2,0,0,0,1,1,0,0,0,1,1,0,0,1,1,0,1,1,1,0,0,2,0,0,1,2,0,0,0,1,0,0,0,1,1,2,2,0,1,0,0,0,0,1,1,0,0,0,0,0,0,1,1,1,2,1,1,1,0,1,0,1,1,1,0,0,0,1,0,1,1,2,0,0,1,1,0,1,0,0,1,2,2,0,1,0,0,0,1,0,0,2,0,1,0,1,0,1,1,0,0,1,1,0,0,2,1,1,1,0,0,0,0,0,0,1,1,1,1,0,0,2,1,1,0,0,1,0,1,1,1,0,0,0,1,0,1,2,1,1,0,1,0,1,0,0,0,1,1,0,2,1,0,1,0,1,0,0,0,1,0,1,1,1,1,0
KL0107,1,0,0,1,1,0,0,1,0,1,2,0,0,0,0,0,0,0,1,0,0,1,0,0,1,0,1,1,2,0,1,0,2,0,2,0,0,0,1,0,1,1,0,0,1,0,0,0,1,0,0,1,0,0,0,0,0,0,2,0,0,0,0,0,1,0,0,2,1,2,0,0,0,0,0,2,0,1,1,0,0,0,0,2,0,0,0,1,0,0,1,1,1,0,0,1,1,0,0,0,1,0,0,0,0,2,1,0,0,1,1,0,0,0,0,1,0,0,0,2,1,0,1,0,1,0,0,2,0,0,0,1,0,0,0,0,0,1,0,0,0,0,1,0,1,0,1,0,1,1,0,1,0,0,2,1,0,0,0,0,0,1,0,0,2,1,0,0,0,0,1,1,0,0,1,1,0,0,0,0,0,0,1,0,0,1,0,1,0,0,1,2,0,1,1,0,0,1,0,0
KL0108,0,0,0,1,0,1,2,1,0,1,1,1,0,0,0,1,1,1,1,0,0,1,0,1,0,0,2,0,0,0,0,1,1,0,2,0,1,0,0,0,0,0,0,0,2,1,0,1,0,2,0,2,0,0,1,1,1,0,0,0,0,0,0,2,0,0,1,0,0,1,1,0,1,0,0,2,1,0,0,0,0,2,0,0,0,0,1,1,0,0,0,0,0,1,0,0,0,0,1,0,0,1,0,1,0,1,1,1,1,1,0,1,0,1,1,0,0,0,0,0,0,0,2,0,0,1,0,1,1,0,1,0,1,0,0,0,0,0,0,0,0,2,0,1,0,0,0,0,0,1,1,0,0,1,1,0,1,0,1,2,1,0,0,0,1,1,0,0,0,0,1,2,2,0,1,1,0,1,0,0,0,0,1,1,1,0,1,0,0,0,0,1,1,1,0,0,0,1,0,0
KL0109,1,0,0,1,1,1,0,1,0,0,0,2,1,0,0,1,1,1,2,0,0,0,0,2,0,0,2,0,1,0,0,0,2,1,1,0,0,0,1,0,0,1,0,0,0,0,0,1,2,1,2,2,1,0,0,1,1,0,1,0,0,0,0,0,0,0,1,2,1,0,0,0,0,0,1,1,0,2,1,1,1,1,0,0,0,1,1,2,1,0,2,0,1,1,0,0,0,0,0,0,1,0,0,1,2,2,0,1,0,1,0,0,0,0,2,1,2,0,0,1,1,0,2,0,0,1,0,2,0,1,1,1,0,1,0,1,1,0,0,0,0,1,0,1,1,1,0,1,1,0,0,1,1,0,0,1,0,1,0,1,0,0,0,1,2,1,0,0,0,0,0,1,0,0,1,2,1,0,0,0,0,0,0,0,1,1,0,1,0,0,0,1,0,2,0,0,2,2,2,0
KL0110,1,0,0,1,1,0,0,1,0,1,1,1,1,2,0,0,2,2,0,0,1,0,1,0,0,0,1,0,1,0,1,1,0,0,0,0,1,1,1,0,0,0,0,0,0,2,1,0,1,0,1,1,0,1,0,1,0,1,1,1,0,0,0,0,0,0,1,1,1,1,1,0,0,0,1,0,0,1,1,0,0,0,1,1,1,0,0,1,1,0,2,0,1,1,0,0,0,0,0,1,0,0,1,0,0,2,0,0,0,2,0,0,0,1,2,2,2,0,0,0,0,0,0,1,2,0,0,0,1,0,1,1,0,1,0,1,1,0,0,0,0,1,1,2,1,2,0,0,0,1,1,0,0,0,1,2,1,0,0,0,0,0,0,1,1,1,1,1,0,0,0,0,0,0,0,0,0,0,0,0,0,1,0,1,0,0,0,1,0,2,0,1,0,2,1,0,1,0,2,1
KL0111,0,0,0,1,1,1,1,0,0,0,0,0,1,0,0,1,0,1,1,0,0,1,0,0,0,1,0,2,0,0,2,1,1,0,0,0,1,2,1,0,0,1,1,0,0,0,0,0,0,1,0,1,0,0,0,0,2,0,2,0,1,1,0,0,0,0,0,1,0,0,0,0,0,0,0,0,1,1,1,1,1,0,0,0,1,1,0,0,1,1,2,0,0,0,0,0,1,0,1,0,1,0,1,0,0,0,1,0,0,0,0,0,0,0,1,0,1,0,1,0,0,0,1,0,0,1,1,2,1,0,0,2,0,1,0,2,0,0,0,0,0,0,1,1,1,1,0,0,2,1,0,1,0,1,0,1,0,0,0,1,0,0,0,0,1,0,0,0,0,1,1,0,0,1,1,1,0,0,0,0,0,1,0,0,0,0,1,0,0,0,1,1,1,1,0,0,0,1,0,0
KL0112,2,0,1,0,0,1,2,2,0,0,2,0,0,1,0,0,1,0,0,0,1,1,1,1,0,0,2,0,1,0,0,0,1,1,0,0,2,0,1,0,0,0,0,1,0,1,0,0,2,1,0,2,1,0,0,0,0,0,2,1,0,1,0,0,0,0,1,1,0,2,0,0,1,1,0,0,0,1,2,1,0,1,0,0,0,1,0,2,0,0,0,0,1,0,0,0,0,0,0,0,1,0,0,0,0,0,0,0,1,0,0,1,1,1,1,1,1,1,0,1,0,0,0,1,0,1,0,2,2,1,1,1,0,0,0,0,0,0,0,0,0,1,2,1,0,1,0,0,0,1,2,1,0,1,1,1,0,0,0,1,1,0,0,0,1,0,0,1,0,0,0,0,0,1,0,1,0,1,1,1,0,0,2,0,0,2,1,1,1,1,1,1,0,1,0,0,1,0,1,2
KL0113,0,1,0,1,0,1,0,1,1,0,0,1,1,0,0,0,0,0,0,0,0,0,0,2,0,1,1,0,1,1,1,0,0,0,0,0,2,0,1,0,0,0,1,1,0,1,0,1,1,0,0,1,1,1,0,1,0,0,1,0,1,0,0,0,0,2,0,1,0,1,1,0,0,0,0,2,0,0,1,2,0,1,2,0,1,0,1,1,0,0,1,0,0,1,1,0,2,1,0,0,1,1,0,1,2,1,1,0,0,0,0,2,0,0,2,1,0,2,0,1,0,0,0,0,0,0,0,1,2,1,0,0,0,0,0,1,0,0,0,0,0,1,1,1,0,1,1,1,1,1,1,2,0,1,0,0,1,0,1,0,0,0,1,1,0,1,0,2,0,0,0,1,0,0,1,0,0,1,0,1,1,0,0,0,1,0,1,0,1,0,0,0,0,1,0,1,0,1,2,1
KL0114,0,0,0,0,0,2,1,1,0,1,1,0,2,0,0,1,0,1,1,0,0,0,0,1,0,0,1,0,0,0,1,0,1,0,0,0,1,0,1,0,0,1,0,0,0,2,1,1,1,0,0,0,1,0,0,2,2,1,1,1,0,1,0,0,0,1,1,0,0,1,1,0,1,1,0,0,1,0,1,0,0,0,1,0,0,2,0,1,0,0,1,1,1,0,0,0,1,0,0,0,1,0,1,0,1,0,0,1,1,1,0,0,0,1,1,0,0,1,0,1,0,0,0,1,1,0,0,1,0,2,1,0,0,1,0,0,1,0,0,0,0,1,0,0,1,1,0,1,1,1,1,1,0,0,0,1,2,0,0,0,0,0,1,0,1,0,0,2,1,0,1,2,0,0,1,1,0,0,0,0,1,0,1,0,2,1,1,1,0,1,0,0,1,0,0,0,0,1,2,1
KL0115,1,0,0,1,0,0,0,2,0,0,0,1,0,0,0,1,0,2,1,0,0,1,2,0,0,0,1,0,1,0,1,0,0,0,1,0,1,0,1,0,0,1,1,2,0,1,0,0,1,0,0,1,1,0,0,1,0,0,2,1,0,0,0,2,0,0,1,0,0,0,0,0,0,0,1,0,0,2,0,1,0,0,1,0,0,0,0,1,0,0,1,0,1,0,0,0,2,0,1,0,0,0,0,1,1,2,1,0,1,2,0,1,0,1,2,1,2,1,0,1,1,0,1,0,0,1,0,2,0,1,1,0,2,0,0,0,1,1,0,0,0,1,1,1,0,1,1,1,2,1,0,2,2,0,1,0,0,0,0,0,0,1,0,0,0,1,0,1,1,0,0,0,0,1,2,0,0,0,0,0,1,1,1,0,1,1,1,1,0,1,1,0,0,2,0,1,1,0,1,0
KL0116,0,0,0,1,0,1,0,0,0,0,0,1,0,0,0,0,1,1,1,0,0,0,1,1,0,0,1,0,0,0,1,0,2,0,0,0,1,1,1,0,0,0,0,2,1,0,0,0,0,0,0,0,1,0,0,1,0,0,1,0,1,2,0,0,0,1,2,0,0,1,2,1,0,0,0,0,1,1,0,1,0,0,0,0,0,2,0,1,0,1,1,2,0,1,0,0,0,0,1,0,2,0,0,0,2,1,1,1,0,2,1,1,1,0,1,0,0,2,0,1,0,0,0,0,1,0,1,2,1,0,2,0,2,0,0,1,0,0,0,0,0,1,1,0,1,0,1,1,0,1,1,0,1,0,0,1,0,1,0,0,1,0,0,0,0,0,0,0,1,0,1,1,0,0,1,1,1,0,0,0,0,0,2,0,0,0,1,0,0,1,1,1,0,2,0,0,1,0,1,1
KL0117,1,0,0,1,1,0,2,2,0,0,1,2,1,0,0,1,0,2,0,0,0,1,0,1,0,1,2,0,1,0,0,0,1,0,1,0,1,1,2,0,0,1,0,0,0,0,0,0,1,0,0,1,1,0,0,1,0,0,2,1,0,1,0,0,0,0,0,0,0,0,1,0,1,0,1,0,1,1,0,0,0,0,0,0,1,0,2,1,0,0,1,0,0,2,0,1,1,0,0,0,1,0,0,1,2,0,1,0,0,1,1,0,0,1,0,1,2,0,1,0,0,0,2,0,0,0,0,2,0,1,1,1,2,1,0,0,2,2,0,1,0,1,0,0,2,0,0,1,1,0,0,2,0,0,0,1,2,1,0,1,1,1,0,1,1,1,0,1,0,0,1,2,0,0,2,2,1,0,0,1,0,0,0,0,0,0,0,2,0,0,0,1,0,2,0,1,0,0,1,0
KL0118,1,0,0,1,0,1,1,0,0,0,0,1,0,1,1,0,0,0,1,0,1,2,1,1,0,0,1,0,1,0,1,1,2,2,1,0,1,0,1,0,0,0,1,2,0,1,1,0,1,1,1,0,1,0,0,2,0,0,0,0,1,1,1,0,1,0,2,1,0,0,2,0,1,0,0,0,0,2,0,0,0,0,1,1,0,2,1,1,0,0,1,0,1,2,0,1,1,0,0,0,0,1,0,2,0,1,1,0,0,1,0,0,0,0,1,0,1,1,1,1,1,0,1,0,2,1,1,0,1,0,0,0,1,0,0,1,2,1,0,0,0,0,1,2,0,1,1,1,0,1,0,2,1,1,1,0,2,0,0,0,0,0,0,0,1,1,1,1,0,0,0,2,0,1,0,2,0,0,0,0,0,0,2,0,0,2,1,2,0,1,0,0,0,2,1,0,0,1,1,1
KL0119,0,0,0,2,0,0,0,0,0,0,1,1,1,0,0,0,1,1,1,0,0,0,1,1,1,0,1,0,2,0,1,0,0,1,2,0,1,1,0,0,0,1,1,2,0,2,1,0,0,1,0,0,1,1,0,0,0,0,0,1,0,0,0,1,0,0,1,1,0,1,0,0,0,1,0,2,0,0,1,0,0,0,0,0,0,1,1,1,1,1,1,1,0,1,0,1,1,1,0,0,1,1,2,0,2,1,0,0,0,2,0,1,1,0,2,0,1,0,0,2,0,0,1,0,0,1,0,1,1,2,1,1,1,0,0,1,1,1,0,0,1,2,0,2,1,1,1,0,1,1,0,0,0,0,0,0,0,0,1,0,0,0,0,0,0,0,1,0,1,0,1,1,0,0,1,0,0,1,0,0,0,0,1,0,1,2,0,2,0,0,0,0,0,2,0,1,0,0,1,1
KL0120,1,1,0,1,1,1,2,1,0,1,1,1,0,0,0,0,0,0,1,0,1,1,0,1,1,0,2,0,0,0,1,1,0,0,0,0,2,0,2,0,1,1,0,0,1,0,0,0,0,1,0,1,1,0,0,2,0,0,1,0,0,0,1,0,0,1,0,0,0,0,1,0,1,0,0,2,0,1,0,1,0,1,1,0,0,0,0,1,0,0,1,0,0,1,1,0,0,0,0,0,1,0,0,2,1,1,2,0,0,1,0,0,0,1,2,0,1,1,0,1,1,0,1,0,0,1,0,0,2,1,0,1,2,0,0,1,0,1,0,0,0,0,1,0,0,1,2,1,0,0,1,0,0,0,0,0,0,1,0,1,1,0,0,1,0,0,0,0,0,0,1,1,0,0,1,0,1,0,0,1,0,0,1,0,0,1,2,2,1,1,0,2,0,1,0,0,0,2,0,1
KL0121,1,1,0,1,1,0,0,1,0,0,0,0,2,1,0,0,0,0,0,0,1,0,0,1,0,2,2,0,0,2,1,0,2,0,0,0,1,0,2,1,0,1,0,0,0,2,0,0,0,2,1,1,1,1,1,1,0,0,0,1,0,0,0,0,0,0,1,1,1,0,1,0,0,1,0,2,0,1,0,1,0,0,0,1,0,0,0,0,0,0,1,0,1,2,0,0,0,0,0,1,0,1,0,1,1,0,0,0,1,1,0,0,0,0,0,0,0,1,0,1,0,0,0,0,0,1,0,2,1,2,0,1,0,0,0,0,0,2,0,0,0,1,0,0,0,2,1,0,1,2,0,2,1,2,1,0,1,0,0,0,1,1,0,1,1,0,0,1,1,0,1,0,2,1,2,0,1,0,0,0,1,0,1,0,0,1,1,1,1,0,1,0,0,0,0,1,1,0,0,1
KL0122,1,0,0,2,1,0,0,2,0,0,0,2,1,0,1,0,0,0,0,0,1,0,0,0,0,1,1,0,1,0,1,0,0,0,1,0,1,0,0,0,1,2,0,0,0,1,0,0,0,0,1,2,1,0,0,1,0,0,1,0,1,0,0,1,0,0,1,0,0,1,0,0,1,1,0,1,0,2,1,1,1,0,0,1,1,0,0,1,0,0,1,0,1,1,0,0,0,1,0,0,1,0,1,0,1,2,0,0,0,1,0,0,0,0,0,0,1,0,0,2,0,0,0,0,0,1,0,0,1,0,1,0,0,0,0,1,0,1,0,2,0,1,0,0,0,1,1,0,1,1,0,0,0,0,0,0,1,0,2,0,0,1,1,0,1,1,0,1,0,1,1,0,0,0,1,1,0,0,0,0,0,0,2,0,0,1,2,0,1,0,1,1,0,1,1,0,2,1,0,0
KL0123,0,0,0,1,0,1,0,1,0,1,0,0,2,0,0,0,0,1,1,0,1,1,0,0,0,0,2,0,1,0,0,0,1,0,1,0,1,0,1,0,0,0,1,1,1,1,0,0,1,1,0,1,0,0,0,1,2,0,0,0,0,0,0,0,0,1,0,1,1,1,1,1,0,0,0,0,0,2,0,0,0,0,1,0,1,1,0,2,0,1,1,0,0,0,1,0,0,0,0,0,0,0,0,1,1,1,0,1,0,0,0,2,0,0,1,0,1,1,0,1,0,0,2,0,0,2,2,2,2,0,1,1,0,0,0,2,1,0,0,0,0,2,0,1,0,0,1,2,1,2,0,1,0,1,1,1,0,0,0,0,0,1,2,1,1,1,0,0,0,0,0,1,0,1,1,2,1,0,0,1,0,1,2,0,1,0,0,0,0,0,0,1,0,1,0,1,2,0,0,0
KL0124,0,0,0,1,0,1,1,1,1,1,1,1,2,1,0,1,0,1,0,0,2,0,0,1,0,0,1,1,2,1,0,0,0,1,0,0,1,1,2,2,0,0,0,1,1,2,1,0,1,1,1,1,1,0,0,0,1,0,1,0,1,1,0,0,0,1,1,2,1,0,1,0,0,1,0,0,0,1,0,0,0,1,0,0,0,0,2,1,0,0,1,2,1,2,0,0,0,1,1,0,1,0,1,0,0,2,1,0,0,1,0,0,0,0,2,0,2,1,0,2,1,0,0,0,0,1,0,1,0,0,1,0,0,0,0,0,0,1,0,1,0,0,0,1,1,2,0,1,1,0,1,2,1,1,0,1,0,1,0,1,0,2,0,0,0,0,0,0,0,0,0,1,0,0,1,0,1,0,0,1,0,0,0,0,0,1,1,1,0,0,0,0,0,2,0,0,1,1,0,0
KL0125,1,0,0,1,0,1,0,2,1,1,0,1,1,0,0,0,2,1,2,0,0,1,0,1,0,0,1,0,0,1,0,0,0,0,2,0,1,0,0,0,0,0,0,0,1,1,0,0,2,1,1,1,0,1,0,1,1,0,1,1,0,1,0,1,0,1,1,1,0,1,1,0,0,0,0,0,1,2,0,0,1,0,1,0,1,1,0,1,0,0,1,0,0,0,0,0,0,1,0,0,1,1,1,0,0,1,0,1,1,2,0,2,0,0,0,0,1,0,1,0,0,1,0,0,0,0,1,0,1,0,1,1,1,0,0,0,0,0,0,0,0,1,1,0,0,2,1,0,2,2,1,0,0,1,1,1,0,0,1,0,1,0,1,0,0,0,0,0,0,0,0,2,0,1,2,1,0,1,0,0,0,0,2,0,0,1,1,2,1,0,1,0,0,2,0,0,0,0,1,2
KL0126,0,1,1,2,1,1,1,1,1,0,0,2,1,0,0,1,0,1,0,0,1,1,0,1,0,1,0,1,1,0,2,0,2,1,0,0,1,0,1,0,0,2,0,0,0,0,0,0,2,0,0,0,0,0,0,1,0,1,1,0,0,0,0,0,0,0,1,0,0,0,1,0,2,1,0,0,0,1,1,2,0,0,1,1,0,2,1,1,1,0,0,0,0,1,1,0,1,1,0,0,0,0,0,1,2,1,0,1,0,0,0,0,0,0,2,0,2,0,0,0,0,0,0,1,0,0,0,0,0,0,1,1,1,1,1,0,0,0,1,0,0,0,0,0,0,0,0,0,2,0,0,0,0,0,1,1,2,0,0,0,0,0,0,0,1,0,1,0,0,0,1,0,0,0,1,0,0,0,0,0,1,0,1,1,1,1,1,2,1,0,0,0,0,1,0,1,1,2,2,1
KL0127,0,0,0,2,0,1,1,0,0,0,1,1,2,0,0,0,1,1,2,0,0,1,1,1,0,0,1,0,0,1,1,1,0,1,0,0,2,0,1,0,0,0,1,0,0,1,0,0,0,1,1,0,0,0,0,1,1,0,1,1,0,1,0,0,0,0,0,0,1,1,0,0,0,1,0,0,0,1,1,0,1,0,0,1,0,1,2,0,0,0,0,0,1,1,0,0,0,0,0,0,0,0,1,2,0,0,2,0,0,0,0,2,0,0,1,0,1,0,0,2,2,0,1,2,0,1,0,1,0,0,1,0,1,1,0,0,0,0,0,0,0,0,1,2,1,0,1,1,2,0,0,1,0,1,1,1,0,1,0,0,2,0,0,1,1,0,0,1,0,0,0,0,0,1,0,2,0,1,1,0,0,0,1,0,0,0,1,2,0,0,0,2,0,1,0,0,2,1,1,0
KL0128,1,0,0,1,1,1,0,1,0,0,0,1,1,1,0,1,0,0,2,0,1,1,1,2,0,0,1,1,0,0,0,0,0,0,0,1,1,0,1,0,0,1,0,1,0,1,0,0,1,1,0,1,2,0,0,1,0,0,0,0,0,1,0,1,1,0,0,2,0,0,2,0,1,0,0,0,1,1,2,1,1,0,0,0,0,0,1,2,0,0,2,0,1,1,1,2,0,0,0,1,1,0,1,1,1,2,1,1,1,2,0,0,1,0,0,1,0,2,0,1,0,0,0,0,0,1,0,0,1,0,1,1,1,0,0,0,1,1,0,0,1,0,0,0,0,1,0,0,0,1,1,1,0,0,1,2,0,0,0,0,1,0,0,0,0,0,0,0,0,0,0,0,1,1,1,0,0,1,0,0,1,0,1,0,0,0,0,1,0,0,1,0,0,1,0,1,2,0,0,0
KL0129,0,0,0,2,0,1,2,1,0,0,0,0,1,0,0,0,0,1,1,0,1,0,0,1,1,1,2,0,0,0,0,1,1,0,0,0,0,1,0,0,0,1,0,0,1,1,1,1,1,0,1,2,1,0,0,1,0,0,0,0,0,1,1,0,1,0,0,1,1,0,2,0,1,0,0,1,0,1,1,0,1,0,1,0,1,2,1,1,1,0,2,0,2,1,0,1,0,0,0,0,1,0,1,2,1,1,0,0,0,0,0,0,0,0,1,2,1,0,0,1,0,0,2,0,0,1,1,2,0,0,2,2,0,0,0,0,0,1,1,0,0,2,0,0,0,2,2,1,1,1,1,0,1,1,1,1,1,0,0,0,1,1,0,0,1,0,1,0,0,0,0,2,0,0,1,0,0,2,0,0,0,2,1,0,0,1,0,1,1,1,1,1,0,1,0,0,0,0,1,0
KL0130,0,1,0,0,0,1,1,0,0,0,2,1,2,0,0,0,0,1,1,0,1,2,0,0,0,0,0,0,1,0,0,2,1,0,1,0,0,0,2,1,0,1,0,1,0,1,1,2,0,1,1,2,0,0,0,0,1,0,1,0,1,0,0,0,0,1,0,0,0,1,1,1,1,2,0,1,0,1,0,0,0,0,0,1,1,0,0,1,1,1,0,0,1,2,0,0,1,0,0,0,0,0,1,1,1,1,0,0,0,1,0,0,1,0,0,1,2,1,0,0,1,0,0,0,0,1,0,0,0,1,1,0,1,0,0,0,0,0,0,0,0,0,0,0,0,1,0,0,1,0,2,1,0,0,1,1,1,0,0,0,0,1,0,1,0,0,0,0,0,1,1,2,0,0,2,1,1,1,0,0,0,0,1,1,0,0,0,0,1,2,0,1,0,0,0,1,0,1,0,1
KL0131,0,0,0,2,0,0,1,1,0,1,1,1,0,0,0,1,1,1,2,0,0,0,1,1,0,0,1,0,0,1,2,0,2,0,0,0,2,0,1,1,0,0,0,2,0,1,0,0,2,1,0,1,0,1,0,0,1,0,0,0,1,0,1,0,1,1,1,1,1,0,1,0,1,0,0,1,0,2,1,0,1,1,0,0,0,1,0,1,0,1,1,0,0,1,0,0,0,0,0,0,0,1,1,1,0,2,0,0,0,1,0,0,0,0,2,1,1,1,1,0,0,0,0,0,0,0,0,1,1,0,0,1,1,0,0,0,1,0,0,0,0,0,1,1,1,0,0,0,2,0,0,1,0,1,1,2,1,1,0,1,0,0,1,0,0,0,0,1,0,0,0,0,0,1,1,2,0,1,0,0,2,0,0,0,0,1,0,1,0,0,0,0,0,0,0,0,0,0,2,0
KL0132,0,0,0,1,1,0,0,2,2,0,0,2,1,0,0,0,0,0,1,0,0,1,1,1,1,0,1,0,1,0,1,0,1,0,0,0,1,1,2,0,0,2,0,2,1,1,0,0,0,1,1,1,1,1,1,0,1,1,1,0,1,0,0,0,0,1,0,1,0,0,2,1,0,1,0,0,0,0,2,1,0,0,0,0,1,1,0,0,0,2,0,0,0,0,0,1,0,0,0,0,0,0,1,0,2,1,2,0,1,0,0,1,1,1,1,1,1,1,0,0,1,0,0,0,0,1,1,0,2,0,2,0,1,0,0,1,0,0,0,0,0,2,0,1,0,0,1,0,1,1,1,1,0,0,1,0,0,0,0,0,0,1,0,1,1,0,0,2,0,0,1,0,0,0,2,0,0,2,0,0,2,0,1,0,0,1,0,0,1,0,2,0,0,0,0,1,0,0,1,1
KL0133,0,0,0,0,0,1,1,0,1,1,0,1,1,0,0,0,0,1,0,0,0,1,0,0,0,0,2,0,0,0,1,0,1,0,0,0,1,0,1,0,0,1,0,1,0,1,0,0,1,1,0,1,0,0,0,0,0,2,0,0,0,1,0,1,0,1,1,1,1,1,1,0,0,0,0,1,0,0,0,0,0,0,0,0,1,0,0,2,0,0,0,0,1,2,0,1,1,0,0,0,1,0,1,1,0,2,0,0,0,1,0,1,0,0,1,2,1,2,0,1,0,0,2,0,0,0,0,1,0,1,1,1,0,0,0,1,1,1,0,0,0,1,0,0,2,1,1,0,2,1,1,0,0,1,0,1,1,0,0,0,1,2,1,1,0,0,0,0,0,1,0,0,1,0,0,1,1,0,0,0,0,1,1,0,1,1,0,1,0,1,1,1,0,0,0,0,0,0,0,0
KL0134,0,0,0,1,0,0,2,0,0,0,2,1,1,1,0,1,1,1,0,0,0,1,1,1,0,0,1,0,0,0,2,0,0,0,1,2,2,0,0,0,0,0,0,0,1,2,2,1,1,2,0,1,1,0,0,1,1,0,0,1,0,0,0,1,0,0,1,1,0,0,1,0,0,1,0,0,0,2,0,0,0,0,0,0,0,1,1,1,0,1,1,0,0,0,0,1,0,0,1,1,0,1,1,1,1,2,1,0,0,0,0,1,0,0,0,1,1,2,0,1,0,0,0,0,0,0,0,0,0,0,2,0,1,0,0,1,0,0,0,0,0,0,0,0,0,0,1,1,0,0,2,0,0,1,0,1,0,0,0,1,0,1,0,1,1,0,0,1,0,0,0,0,0,1,1,1,0,0,0,0,0,0,0,0,0,0,1,0,1,1,0,0,0,1,0,0,1,1,1,1
KL0135,0,0,0,1,0,1,1,2,0,1,0,0,1,0,1,0,1,0,0,0,0,0,0,2,0,0,0,0,0,0,1,0,1,1,0,0,2,0,0,0,0,0,0,0,0,1,0,1,0,1,0,1,1,0,0,2,1,0,0,1,0,0,0,0,0,1,1,0,0,2,1,0,1,1,0,1,2,2,1,1,0,0,0,0,0,1,0,0,0,0,0,0,2,1,0,1,1,0,0,0,2,0,0,0,0,1,2,1,0,1,0,1,0,0,2,1,1,0,1,2,0,0,0,1,0,0,1,0,1,1,0,0,0,0,0,0,0,2,0,1,1,2,1,1,1,1,0,0,2,2,0,1,0,0,0,1,2,0,0,1,2,0,0,1,2,0,0,2,0,0,0,0,0,1,0,1,0,0,1,1,0,0,0,0,1,1,1,1,1,0,1,0,0,0,0,0,1,2,1,0
KL0136,1,0,0,2,0,0,0,1,1,0,1,1,1,2,0,1,0,0,1,0,1,1,2,2,1,0,1,1,0,0,0,0,2,1,0,0,1,0,0,1,0,1,0,2,0,0,1,1,0,2,1,1,0,0,0,2,1,0,0,0,0,1,0,0,0,1,0,0,0,0,1,0,0,0,0,0,0,2,0,1,1,0,0,0,1,1,0,1,0,0,1,0,0,2,0,1,1,0,1,0,1,1,1,0,0,2,0,0,0,1,0,2,0,0,0,1,1,0,0,1,1,0,1,0,0,0,0,0,0,0,1,0,0,0,0,1,1,0,0,0,0,0,0,0,1,0,2,1,2,0,0,1,0,0,0,0,1,0,0,1,1,0,0,2,1,0,1,0,0,0,0,0,0,1,0,2,0,0,1,0,1,1,1,0,0,2,1,0,0,0,0,0,0,0,0,0,0,2,0,1
KL0137,1,0,0,1,0,0,0,1,1,0,2,2,1,1,0,0,0,0,1,0,0,0,0,0,0,0,0,1,1,0,2,0,0,0,1,0,1,0,1,0,0,0,0,1,0,0,0,0,1,1,0,0,2,0,1,2,0,0,1,1,0,0,0,0,0,1,0,0,0,2,0,0,0,0,0,1,0,0,1,1,0,0,1,0,1,1,0,1,1,0,1,0,2,2,0,0,0,0,0,0,1,0,1,1,0,0,0,1,1,0,0,0,0,0,0,0,2,0,0,1,1,0,2,0,0,2,1,0,1,0,1,1,1,1,1,1,0,0,0,1,0,2,1,0,0,2,0,1,1,1,0,2,0,2,0,0,1,0,0,0,2,0,0,0,1,1,0,1,0,0,0,0,0,0,1,2,0,1,0,1,0,1,1,0,0,0,1,0,0,0,1,0,1,2,0,1,1,1,1,2
KL0138,0,0,0,1,0,1,1,2,0,0,0,0,2,1,0,0,1,1,1,0,0,1,1,1,1,1,2,0,0,0,0,0,0,0,0,0,1,0,2,0,0,2,2,0,0,1,0,0,0,1,1,2,1,1,0,2,0,0,1,0,2,0,0,2,1,1,1,0,0,1,2,0,1,0,0,1,0,0,2,0,0,0,2,1,0,1,0,1,0,0,1,0,0,0,0,0,0,1,0,1,0,1,0,2,0,2,0,0,0,1,0,1,0,0,1,0,0,1,1,1,0,0,1,0,0,1,0,2,0,1,0,1,1,0,0,0,1,0,0,0,0,0,1,1,0,1,0,0,0,1,0,1,1,1,0,1,1,0,0,0,1,1,1,0,0,0,0,0,0,2,1,0,0,2,2,2,0,1,0,0,0,0,1,1,1,1,0,0,0,1,0,2,0,1,0,0,0,2,0,0
KL0139,0,0,0,1,1,0,1,1,0,0,0,0,2,1,0,0,1,2,1,0,0,0,0,1,0,0,1,0,0,0,0,1,1,0,0,0,1,2,2,1,0,0,1,0,0,1,0,0,0,1,0,1,0,0,0,1,1,0,1,0,1,0,0,1,0,0,1,1,0,1,1,0,0,0,0,0,1,2,1,0,0,0,0,0,0,0,0,1,0,0,1,2,1,1,1,1,1,0,0,0,1,1,1,1,0,2,1,0,0,1,0,2,0,0,0,1,0,1,0,1,0,0,0,0,0,0,0,1,0,0,1,2,1,0,0,0,1,0,0,0,0,2,0,0,0,0,0,1,0,0,0,1,0,1,0,1,1,0,0,1,1,0,1,0,1,0,0,1,0,0,1,2,0,1,1,1,0,1,1,0,0,0,1,0,0,1,1,2,0,0,2,1,0,1,0,0,0,1,0,1
KL0140,1,0,1,2,0,1,1,0,1,0,1,0,0,0,0,0,1,0,1,0,1,0,0,0,0,0,1,0,0,1,1,0,0,0,1,0,2,0,0,0,0,0,0,1,0,2,0,1,0,1,0,0,1,0,0,1,0,0,2,0,0,1,0,1,1,1,1,0,0,2,1,0,2,0,0,1,0,2,0,1,0,0,1,0,0,0,1,1,0,2,1,0,1,0,1,0,0,0,0,0,1,1,1,0,2,1,0,0,0,0,0,2,0,0,1,1,0,1,0,1,0,0,2,0,0,2,1,1,1,1,1,0,2,0,0,1,0,0,0,0,0,0,0,0,0,1,1,2,1,0,1,1,1,0,0,1,1,0,0,0,0,0,1,0,0,0,0,0,0,1,0,2,1,0,2,1,0,0,0,0,0,0,1,0,0,1,1,0,0,0,1,1,0,1,0,0,1,1,2,1
KL0141,0,0,0,1,0,1,1,1,0,0,1,0,1,0,0,1,1,0,2,0,1,0,0,1,0,1,0,1,1,0,2,0,0,0,1,0,1,0,2,0,1,1,0,0,0,2,0,0,2,2,0,1,1,0,0,1,1,0,1,0,0,0,0,0,0,2,0,1,1,0,1,0,0,0,1,0,0,2,1,0,0,1,1,0,0,1,1,0,1,0,0,0,1,1,1,1,1,0,0,0,0,0,2,1,0,1,0,0,0,0,0,1,0,0,0,1,0,1,0,2,0,0,0,0,0,0,0,1,0,1,2,0,2,0,0,2,0,1,1,0,0,1,0,0,1,1,1,2,2,0,1,0,0,0,1,0,1,0,0,0,0,0,0,1,0,1,0,0,0,0,0,0,0,0,0,0,0,0,0,0,0,0,1,1,1,1,2,0,0,1,0,2,0,1,0,1,1,1,1,2
KL0142,1,0,0,2,0,1,2,1,0,0,1,1,2,0,0,1,1,1,1,0,0,1,0,1,0,0,1,0,1,0,1,0,0,0,0,0,1,0,2,0,0,1,0,0,1,0,0,0,1,1,0,0,0,2,1,2,0,0,2,0,0,0,0,0,0,0,0,0,0,1,1,0,1,0,0,0,1,1,0,0,0,0,1,0,0,1,1,1,0,0,1,0,0,1,0,1,1,0,0,0,0,1,0,1,1,2,0,1,0,0,0,1,0,0,1,0,1,1,0,2,0,0,0,0,0,0,0,2,0,1,2,0,0,0,0,1,1,1,0,0,0,0,0,0,1,0,2,0,2,2,0,1,0,0,0,1,2,0,0,0,1,1,1,0,0,1,1,0,2,1,1,1,0,0,1,2,0,0,0,0,0,0,2,0,0,0,0,2,1,0,1,0,0,1,0,0,1,0,1,1
KL0143,1,0,0,0,1,0,1,0,0,0,2,1,1,1,0,1,0,0,2,0,0,0,0,2,0,0,1,0,0,0,2,1,1,0,0,0,2,1,1,1,0,0,0,1,0,2,0,0,1,1,1,0,2,2,0,1,1,0,1,0,0,0,0,0,0,1,0,0,0,1,1,0,0,0,0,0,0,0,1,0,2,0,1,0,0,1,1,1,0,1,1,0,2,2,0,0,0,1,0,0,1,0,2,0,2,1,1,1,0,1,1,1,1,0,2,0,1,0,0,1,0,0,1,0,1,0,0,0,1,0,1,1,0,0,0,2,2,0,0,0,0,2,0,0,0,0,1,0,0,1,0,1,1,2,1,2,1,0,0,0,2,0,0,1,0,0,0,0,2,1,0,1,0,0,0,1,0,0,0,0,1,0,1,0,1,1,2,0,0,0,1,0,0,1,0,1,1,0,1,0
KL0144,0,1,0,1,0,1,2,2,0,0,0,0,0,0,0,1,0,1,1,0,0,1,0,1,0,0,2,1,0,1,0,0,1,0,0,0,1,1,0,0,0,0,0,1,0,0,0,0,0,0,1,0,1,1,0,1,0,0,0,1,0,0,0,0,1,0,1,0,0,0,1,0,0,0,0,0,0,1,1,1,1,0,0,1,0,1,0,2,0,0,2,0,1,0,0,0,0,1,1,0,1,1,1,0,0,1,1,0,0,1,0,0,0,0,0,1,1,2,0,1,0,0,1,0,0,0,0,1,0,0,2,0,2,1,1,1,0,1,0,0,0,1,1,2,1,2,1,0,1,1,1,0,1,0,0,1,2,1,1,1,0,1,0,0,1,0,0,0,0,0,0,1,0,1,1,2,0,0,0,0,1,0,1,0,1,0,0,1,0,0,0,1,0,1,0,0,0,0,2,0
KL0145,0,0,0,1,0,1,1,1,0,0,0,0,0,1,0,0,1,0,1,0,0,2,0,0,1,1,0,0,0,1,2,0,1,0,0,1,1,0,0,0,0,0,0,1,0,1,1,0,2,0,0,0,2,2,0,1,1,0,0,1,1,0,0,1,0,0,1,1,0,2,1,0,0,0,0,0,1,2,0,0,1,0,1,0,0,2,1,0,1,0,2,1,2,0,0,0,1,0,1,0,1,1,1,0,0,1,0,0,0,2,0,1,1,1,0,0,1,0,0,0,0,0,1,0,0,1,0,1,0,2,1,0,0,0,0,2,0,0,0,0,0,1,0,1,0,1,1,1,1,2,0,1,0,0,2,0,2,0,0,1,0,1,1,1,0,1,0,1,0,0,1,1,0,1,0,1,0,0,0,0,0,0,0,1,0,1,0,0,1,0,1,0,0,2,1,0,1,1,1,0
KL0146,2,0,0,0,2,1,1,2,0,0,0,1,1,0,0,1,1,1,1,0,0,1,0,1,0,0,1,0,0,0,1,0,1,0,1,0,0,0,0,0,0,1,0,1,0,1,0,0,1,1,0,1,0,0,0,0,0,0,0,1,0,1,0,0,0,0,1,1,1,1,1,0,0,1,0,0,0,2,0,0,0,1,1,2,1,0,1,0,2,0,1,0,0,0,0,0,0,0,0,0,0,1,1,0,0,0,0,1,0,0,0,1,0,0,1,2,1,1,0,2,1,1,1,0,0,0,0,1,0,0,2,2,0,0,0,0,0,0,0,0,0,1,0,0,0,0,1,1,0,1,0,0,0,0,0,1,0,0,0,1,0,0,0,1,0,2,0,0,0,1,0,1,1,1,2,1,0,0,0,0,0,0,0,1,1,0,0,1,0,1,2,1,0,1,0,0,0,0,0,0
KL0147,0,0,0,1,0,2,1,0,0,0,0,1,0,0,0,0,1,1,1,0,0,2,1,0,0,1,0,0,1,1,0,0,2,0,0,0,0,0,0,0,0,0,0,1,0,1,0,0,0,1,1,0,0,0,0,1,2,0,0,1,0,1,1,0,1,0,0,2,0,1,1,0,0,0,0,0,1,0,1,0,0,0,0,0,0,2,1,2,0,0,0,0,0,1,0,0,1,0,0,1,1,0,0,1,2,2,0,1,0,0,2,1,0,1,1,0,0,0,1,1,0,0,2,0,0,1,1,0,1,1,1,1,0,0,0,0,1,0,0,1,0,1,0,1,1,1,1,2,2,1,2,1,0,0,1,0,2,1,1,0,1,1,1,0,0,0,0,0,0,0,0,2,0,1,1,0,0,0,0,0,0,0,1,0,1,0,1,2,1,0,0,1,1,0,0,1,0,0,1,0
KL0148,0,0,0,1,1,1,0,2,0,0,1,1,1,1,0,1,0,1,0,0,0,1,0,0,0,0,0,0,1,0,1,0,2,0,0,0,0,0,0,0,0,1,0,0,1,2,0,0,1,1,0,1,0,1,0,0,0,0,0,0,0,0,0,0,1,1,1,1,0,0,1,1,0,0,0,0,0,1,1,1,0,0,0,1,0,0,1,1,1,0,1,1,1,1,0,0,0,0,1,0,1,0,2,0,2,1,1,0,0,2,0,0,0,0,2,0,2,0,0,2,0,0,0,0,1,1,0,2,0,0,1,0,1,1,0,0,1,0,0,0,0,2,0,1,1,1,0,0,1,0,2,1,0,0,2,0,1,0,0,0,1,2,0,0,2,0,1,0,0,0,0,1,0,0,1,0,0,2,0,0,1,0,0,0,1,1,0,1,0,1,2,0,0,1,0,0,0,1,0,1
KL0149,0,0,0,1,0,1,0,1,0,0,1,1,1,1,0,1,0,0,1,0,0,1,0,0,0,0,0,1,0,1,1,0,1,0,1,0,2,0,1,1,1,0,0,1,0,0,0,0,0,0,0,1,1,0,1,1,1,0,0,0,0,0,1,0,0,1,1,1,0,1,1,1,0,1,0,1,0,0,1,1,1,0,0,0,0,1,1,2,0,0,1,0,1,1,1,1,2,0,0,0,0,0,1,1,1,0,0,1,0,0,0,0,1,1,0,1,1,0,1,0,0,0,0,0,0,0,0,1,1,0,1,2,2,0,0,0,0,0,0,0,1,0,0,1,0,0,0,1,0,0,2,1,0,1,0,0,0,0,0,2,0,1,0,0,0,0,0,1,0,0,1,0,0,1,0,1,0,1,0,0,0,0,0,1,0,0,0,2,1,0,0,1,0,1,0,0,1,1,1,1
KL0150,1,0,1,1,0,0,1,0,0,1,1,0,1,1,0,1,0,2,0,0,0,1,0,1,0,0,1,0,0,0,1,0,0,0,0,0,2,0,0,0,0,1,1,1,0,1,0,1,1,0,0,1,0,0,0,1,2,0,1,1,1,0,0,0,0,1,1,0,0,1,0,0,1,0,0,0,0,1,1,1,1,1,2,1,0,1,0,2,2,0,1,0,0,0,0,0,0,0,0,0,1,0,2,1,1,2,0,0,0,2,1,1,1,1,2,1,1,1,0,1,1,0,2,0,0,1,0,2,1,0,0,1,2,1,0,2,0,0,0,1,0,0,0,0,1,2,0,0,0,1,1,1,1,0,0,0,1,0,0,1,0,1,1,0,0,0,1,1,0,1,1,1,0,1,0,1,1,0,0,0,0,0,1,0,1,0,0,2,1,0,0,0,0,1,0,0,2,1,1,0
KL0151,0,0,0,1,0,2,0,1,0,0,0,0,1,1,1,2,1,1,0,0,1,0,0,1,0,0,1,0,1,0,1,1,1,0,2,1,1,0,0,1,0,1,0,1,0,2,0,0,0,1,0,2,2,0,0,2,0,0,0,2,0,0,1,0,0,0,1,1,0,1,2,0,2,1,2,0,0,0,0,0,0,0,0,0,0,1,2,1,1,0,1,0,1,1,0,0,0,0,0,0,0,0,1,1,0,1,0,0,0,1,0,1,0,0,1,1,1,1,0,1,0,0,1,1,0,0,1,1,0,1,2,0,0,0,0,1,1,0,0,1,0,1,0,0,0,1,0,2,2,1,1,0,0,1,0,2,1,0,1,2,0,2,1,0,2,0,0,0,1,0,1,0,0,0,0,2,1,0,0,0,2,1,0,1,0,1,0,0,0,0,0,1,0,0,0,0,1,0,0,0
KL0152,1,0,0,2,1,1,0,1,0,0,1,1,0,1,0,2,1,1,1,0,0,0,0,0,0,0,0,0,0,0,2,0,1,0,0,0,2,0,1,0,0,0,0,1,0,0,0,0,1,1,0,2,1,0,0,2,0,0,1,0,0,1,0,0,2,1,0,2,0,1,1,0,1,0,0,1,0,1,0,0,0,0,0,0,1,0,1,0,0,0,1,0,2,1,1,1,2,0,0,1,1,0,0,0,0,2,0,0,0,1,1,0,1,0,2,2,0,1,0,2,0,0,1,1,1,0,0,1,2,0,2,0,1,1,0,0,1,0,0,0,0,2,1,0,0,1,0,1,0,1,1,1,1,0,0,0,0,0,0,1,0,1,2,1,1,0,0,0,0,0,0,1,0,1,1,1,0,0,0,0,0,0,1,0,0,0,1,0,0,0,0,1,0,1,0,0,0,1,0,0
KL0153,1,0,0,1,0,1,2,1,0,1,0,1,2,1,1,0,0,0,2,0,0,1,1,0,0,0,1,1,1,0,0,1,0,0,1,0,1,0,0,0,0,1,0,1,0,2,0,0,0,1,0,2,1,0,0,0,1,0,1,0,0,0,1,0,2,0,1,0,0,2,1,1,0,1,0,0,0,1,1,0,0,0,0,0,0,0,0,0,0,0,1,1,0,1,1,0,0,0,0,0,0,0,0,0,1,0,0,1,0,1,0,1,0,0,1,1,2,0,0,0,0,0,2,0,0,0,1,0,0,1,0,1,0,0,0,1,0,0,0,1,1,0,0,0,0,1,2,0,0,1,0,0,0,0,1,0,2,1,0,0,0,0,1,0,2,1,0,1,0,0,0,0,0,0,0,1,0,1,0,0,0,0,0,0,1,0,0,1,1,0,2,0,0,1,1,0,1,0,0,1
KL0154,1,0,1,1,2,0,1,1,0,0,1,2,1,2,0,1,0,0,0,0,0,2,1,1,0,0,1,0,0,0,2,1,0,1,1,0,2,0,0,1,0,0,0,0,0,1,0,0,1,0,1,0,0,0,0,1,0,0,1,0,0,0,1,0,0,0,0,2,1,1,1,0,0,0,0,0,1,0,1,0,0,0,0,0,0,2,1,1,1,0,0,0,1,0,0,1,0,0,0,0,2,0,1,2,0,0,0,0,0,2,0,1,0,2,2,1,1,0,1,1,0,0,1,1,0,0,0,1,0,1,0,0,0,0,0,1,0,0,0,0,1,0,1,0,2,1,1,1,1,1,0,1,0,0,0,1,1,0,0,0,0,1,1,1,0,0,0,0,0,0,2,1,0,0,0,1,0,1,0,0,0,0,1,1,0,1,0,1,0,0,0,0,0,2,1,1,1,0,0,1
KL0155,0,0,0,0,1,0,1,2,0,0,0,2,0,0,0,2,1,1,2,1,0,0,0,1,0,0,2,0,0,1,1,0,1,0,0,0,0,2,1,1,0,1,0,1,0,1,1,0,1,0,0,1,1,1,0,1,0,1,1,1,0,0,0,0,2,0,0,0,0,2,2,0,0,0,0,1,0,2,0,0,0,0,0,0,0,2,1,0,1,0,0,0,2,2,0,0,1,0,0,0,2,0,0,1,0,1,0,0,0,0,0,2,0,0,2,1,0,1,0,0,0,0,0,0,0,0,0,1,1,0,2,1,1,1,0,0,1,1,0,1,0,1,0,0,1,0,2,0,1,1,1,2,0,1,1,1,1,1,0,0,0,1,1,0,1,0,0,0,0,0,1,0,0,0,1,1,0,0,0,0,0,1,1,1,1,1,0,0,1,2,1,0,0,0,1,2,0,0,0,0
KL0156,1,1,0,1,0,0,1,1,1,0,2,1,2,0,0,1,2,1,1,0,0,0,1,1,0,0,2,0,0,1,2,0,2,1,0,0,0,0,2,0,0,0,0,1,0,1,0,0,0,1,0,1,1,1,0,0,0,0,1,1,0,1,0,0,0,0,1,0,0,2,2,0,0,0,2,0,0,0,1,0,0,0,1,0,1,0,2,0,0,0,1,1,0,0,0,0,1,1,0,1,1,0,1,1,1,1,0,0,1,1,1,2,1,2,1,1,2,1,0,2,1,1,1,0,0,0,1,1,1,0,1,0,1,0,0,0,1,0,0,0,0,1,0,0,0,1,0,1,0,1,0,0,0,0,1,0,1,0,0,0,0,0,0,2,2,0,0,2,0,0,1,1,0,1,1,0,0,0,0,0,0,1,0,0,0,0,1,1,0,0,0,0,0,1,0,0,1,1,2,1
KL0157,2,0,0,1,0,1,1,2,0,0,2,2,1,0,0,1,0,1,1,0,1,2,0,1,1,1,2,1,0,0,0,0,1,0,0,0,0,0,0,0,0,0,1,1,1,1,1,0,1,1,0,2,0,0,1,0,0,0,1,0,0,0,0,1,0,0,1,1,0,1,0,0,1,1,0,0,0,2,1,1,0,0,1,0,0,0,0,0,0,0,1,0,1,0,1,1,1,0,0,0,1,0,0,0,0,1,0,1,0,2,0,1,0,1,1,1,1,2,2,0,0,0,0,0,0,0,2,0,0,1,0,0,0,0,0,0,1,1,0,0,0,1,0,1,1,0,0,0,1,1,1,0,2,1,0,0,2,0,1,0,0,0,0,2,1,1,0,1,0,1,1,1,1,0,1,0,0,1,0,1,0,0,1,0,0,1,0,1,0,0,1,1,0,1,1,1,0,1,0,2
KL0158,1,0,0,1,0,1,0,2,0,0,0,2,0,1,0,1,1,1,0,0,0,1,0,1,0,0,1,0,1,0,0,0,0,0,0,0,1,1,1,0,0,2,0,1,0,1,0,0,0,0,0,1,1,1,0,0,0,0,0,0,1,0,0,0,0,0,1,0,0,1,2,0,1,0,1,1,1,0,1,0,0,0,0,0,0,0,1,2,0,0,1,0,0,0,0,0,0,0,0,0,0,0,1,0,1,2,0,0,1,0,0,0,0,0,2,1,0,0,1,1,0,0,1,0,0,0,0,1,0,0,0,0,1,0,0,1,0,0,0,1,0,2,0,0,1,2,1,1,0,1,0,0,0,1,0,0,1,0,0,0,1,0,0,1,1,0,0,1,0,0,0,1,0,1,0,1,0,0,0,0,1,0,2,0,1,1,1,2,0,0,0,0,0,1,0,0,1,1,0,0
KL0159,1,0,1,2,0,1,2,2,1,1,1,0,1,0,0,0,1,0,2,0,1,1,0,0,0,0,0,0,1,2,1,0,1,0,0,0,2,0,1,0,0,2,0,0,0,2,0,0,1,0,1,0,1,0,0,1,0,0,0,0,0,0,0,0,0,0,0,1,0,1,0,0,0,1,1,1,1,0,0,0,0,0,0,0,0,2,0,0,0,1,0,0,0,2,0,0,0,0,0,1,0,1,2,1,0,1,0,1,1,1,1,1,1,0,1,1,2,2,0,0,0,0,0,0,0,2,0,0,0,0,0,0,0,0,0,1,1,0,0,0,0,1,0,2,0,1,1,1,0,0,2,0,0,0,0,1,2,1,0,0,0,1,1,0,1,2,1,1,0,1,0,1,0,0,0,1,1,0,0,0,2,0,1,1,2,1,1,0,0,0,1,1,1,2,0,0,0,0,1,2
KL0160,0,0,0,0,0,1,2,0,0,0,0,0,1,0,1,1,1,1,1,1,0,1,1,0,0,0,2,0,0,0,0,0,0,0,0,1,1,0,1,0,0,1,0,0,1,0,1,0,1,0,0,0,0,0,0,1,0,1,1,0,0,0,0,0,0,0,1,1,0,2,2,0,0,0,0,0,0,1,1,0,0,0,0,0,0,0,0,1,1,0,2,0,2,1,1,0,1,0,0,0,1,0,1,2,0,0,0,1,1,0,0,1,0,1,1,1,0,0,0,0,1,0,1,1,0,1,1,0,1,1,1,2,2,1,0,2,1,0,0,1,0,2,0,0,2,2,0,1,1,0,1,0,0,2,1,1,1,0,0,1,0,1,0,0,1,0,0,2,0,0,0,1,0,0,1,2,0,1,0,0,0,0,2,0,0,0,0,0,0,0,0,1,0,2,0,0,0,1,0,1
KL0161,0,0,0,0,0,1,1,1,1,1,0,0,1,1,0,0,0,1,1,1,0,1,1,0,0,0,1,2,0,0,1,0,1,1,0,1,1,0,0,0,0,1,0,1,0,0,0,0,2,1,0,1,0,0,0,0,1,0,0,0,2,0,0,0,1,0,0,0,0,0,1,0,0,0,0,0,0,1,0,1,0,1,0,0,0,1,1,0,1,0,1,0,2,0,2,0,0,0,0,0,1,2,0,1,1,2,2,0,0,0,0,0,0,1,1,0,2,1,1,1,0,0,0,0,1,1,0,2,0,1,1,1,1,1,0,0,1,0,1,1,0,0,1,0,0,1,0,0,1,1,0,0,0,0,1,1,0,0,0,1,0,1,1,0,2,1,0,0,0,0,1,2,0,0,0,1,1,0,0,1,0,1,1,0,1,1,1,0,0,0,0,0,0,0,0,1,1,0,1,0
KL0162,0,0,0,1,0,1,0,0,0,0,1,1,2,1,1,1,0,0,1,0,0,0,2,0,1,0,0,0,1,0,1,1,2,0,1,1,1,1,2,1,0,0,0,1,0,1,0,0,1,1,0,1,2,0,0,0,1,0,0,1,0,1,0,0,0,0,1,0,0,0,2,0,1,1,0,0,0,1,0,1,1,1,2,1,1,1,0,1,0,0,1,0,0,1,1,2,1,0,0,0,1,1,2,1,0,0,1,0,0,0,0,1,0,0,2,0,1,0,1,0,0,1,2,0,0,2,0,1,1,1,1,1,2,0,0,1,1,0,0,0,1,1,0,0,1,1,1,0,1,1,0,0,0,0,2,0,1,0,0,1,1,0,0,1,1,0,0,0,1,0,0,0,0,1,1,2,0,0,0,0,1,1,0,0,1,1,0,2,0,0,0,2,0,1,0,1,0,1,1,2
KL0163,2,0,0,1,0,0,1,0,0,0,1,1,0,1,0,1,1,0,0,0,0,1,1,0,1,0,0,0,1,1,2,0,1,0,0,0,1,0,0,0,0,0,0,0,0,2,0,0,0,0,1,0,0,2,0,0,0,0,1,0,0,1,0,0,1,1,2,0,0,1,2,0,0,1,1,0,1,1,0,1,0,0,0,0,1,0,0,1,1,0,1,0,1,2,1,1,0,1,0,0,1,1,1,0,1,0,1,0,0,2,1,1,1,0,1,1,2,1,0,1,0,1,1,0,0,1,0,1,1,1,2,0,0,0,0,1,0,0,0,0,0,0,1,0,0,1,0,0,2,1,0,0,0,0,0,1,1,0,0,0,1,1,0,0,1,0,0,1,0,1,1,1,0,1,0,1,0,1,0,0,0,0,1,0,0,1,0,1,0,0,0,0,0,2,0,0,0,1,1,0
KL0164,2,0,0,2,0,0,0,2,0,1,2,2,2,0,0,1,1,2,2,0,0,1,0,1,0,0,1,0,1,0,1,1,1,0,1,0,1,0,0,1,0,0,0,0,0,2,1,0,0,1,1,0,0,0,0,0,0,0,0,0,1,1,0,1,0,0,1,0,1,0,0,1,0,0,0,1,0,1,2,1,0,0,0,1,0,0,0,1,1,0,1,1,2,1,0,1,1,0,0,0,0,1,1,2,0,2,0,0,0,2,1,2,0,1,1,0,2,0,0,2,0,0,0,0,0,2,0,2,1,0,0,1,0,0,0,0,0,0,0,0,0,2,0,0,1,1,0,0,1,1,1,1,0,1,0,1,1,0,1,0,0,0,0,0,1,0,0,1,1,0,1,2,0,1,1,1,1,1,1,0,0,0,1,1,0,1,2,1,0,0,1,2,0,2,0,0,1,0,1,0
KL0165,2,0,0,1,0,1,1,1,0,0,0,1,0,0,0,2,1,0,1,0,0,0,0,1,0,0,1,0,2,0,2,1,2,0,0,0,1,0,0,0,0,0,1,0,0,2,0,0,2,0,0,1,1,0,0,0,0,0,1,0,0,0,0,1,0,0,1,0,0,0,1,0,0,0,0,0,0,2,1,0,0,0,0,0,1,1,0,0,1,0,0,0,1,1,0,2,0,0,0,0,1,1,0,1,0,1,1,1,0,0,0,1,0,1,0,0,1,1,0,1,0,0,1,0,0,1,0,1,1,2,1,1,1,0,0,2,1,0,0,0,0,0,1,0,1,1,1,1,1,0,1,2,0,0,0,0,0,0,0,0,0,0,0,2,1,0,1,0,0,0,0,0,0,1,1,1,0,1,1,0,0,0,1,1,1,2,0,2,1,0,0,0,0,1,1,0,1,1,1,1
KL0166,0,0,0,2,0,0,1,1,0,0,0,0,1,0,0,0,0,1,2,0,1,1,0,2,1,1,2,0,1,0,1,0,2,0,1,0,2,0,0,0,0,0,0,0,0,0,0,0,0,0,0,2,1,0,1,0,0,1,0,0,0,0,0,1,1,0,1,1,0,1,0,0,1,0,0,2,1,1,1,0,2,2,0,0,0,0,1,1,0,0,2,0,1,0,0,0,0,0,0,0,1,0,0,0,1,0,1,1,0,1,0,0,0,1,2,0,1,1,0,0,0,0,1,0,0,0,1,0,0,0,1,1,1,0,0,2,0,1,0,0,0,2,1,0,0,1,2,1,1,1,2,0,1,1,1,2,0,0,0,1,1,0,0,0,0,1,0,0,1,0,0,1,0,1,1,1,1,0,1,1,0,0,1,0,1,2,1,0,0,2,0,1,0,2,0,0,1,1,1,0
KL0167,0,0,0,1,0,0,0,2,0,1,1,0,0,0,0,2,2,0,0,0,0,0,0,2,0,0,1,0,0,0,1,0,0,1,1,0,2,0,1,1,0,1,0,1,0,1,0,0,1,0,1,1,0,1,0,1,0,0,0,2,0,1,0,0,0,0,0,1,0,2,1,0,0,1,1,0,0,1,1,0,0,0,0,0,1,0,0,1,2,0,1,1,2,0,0,1,0,0,0,0,1,1,1,1,0,1,1,1,0,1,0,1,0,0,0,1,1,2,1,0,0,1,1,0,0,0,1,1,0,1,0,1,2,0,0,0,1,0,0,0,0,1,0,1,0,1,1,2,1,1,1,1,0,0,1,0,1,0,0,1,1,0,0,0,1,1,0,1,1,0,0,0,0,2,0,0,0,0,0,0,0,0,1,0,0,1,1,1,0,0,0,1,0,1,0,0,1,0,1,1
KL0168,1,0,0,2,0,1,0,1,0,0,1,1,0,0,0,0,0,1,0,0,0,0,0,2,0,0,0,1,0,1,2,0,2,0,0,0,2,1,0,0,1,1,0,0,0,1,0,0,1,1,1,1,0,0,0,1,0,0,1,0,0,1,0,1,0,0,0,1,0,1,2,0,0,0,0,0,0,1,1,0,0,0,0,1,0,0,0,2,1,0,2,1,2,0,0,2,0,0,1,0,1,1,0,1,2,1,1,1,0,0,1,0,0,1,1,1,0,0,1,2,0,0,0,0,0,0,0,1,0,2,1,0,0,0,0,0,0,0,0,1,0,1,1,0,0,2,0,0,1,0,1,1,0,0,0,1,0,0,0,0,0,0,0,1,1,0,0,1,1,0,0,2,0,1,0,2,0,1,0,0,1,2,1,1,1,1,0,1,0,1,0,1,0,0,0,1,0,0,1,2
KL0169,1,0,0,1,1,1,2,1,0,1,0,0,1,1,0,2,0,1,2,0,1,1,0,0,1,0,2,0,0,0,1,1,2,0,1,0,2,1,2,0,0,0,1,0,1,1,0,0,0,1,1,1,2,0,0,2,2,0,0,1,1,1,0,0,1,0,0,1,1,1,0,0,0,1,0,0,0,1,1,0,0,0,0,1,0,0,1,2,1,0,1,1,0,2,0,1,1,0,0,0,1,0,1,0,1,0,2,1,0,1,0,1,0,0,1,0,2,1,1,0,0,1,2,1,0,1,0,1,0,0,1,1,1,0,0,1,0,0,0,0,0,0,2,0,0,0,1,1,2,0,0,2,0,0,0,1,0,0,0,0,1,1,1,1,0,0,1,1,0,1,0,0,0,0,1,0,0,1,1,1,0,0,2,0,0,0,0,0,1,0,2,1,0,0,0,0,2,0,1,1
KL0170,0,0,0,1,1,0,1,0,0,0,0,0,1,0,0,1,0,1,0,1,0,0,0,1,0,0,2,0,0,0,1,0,2,0,0,0,1,0,1,0,0,0,0,0,0,1,0,0,0,0,0,0,2,2,0,1,0,0,0,0,1,1,0,0,1,0,1,0,0,1,2,0,0,0,0,1,1,1,1,0,0,0,0,0,1,0,0,2,0,0,2,0,1,1,1,0,1,0,1,0,2,0,1,1,2,1,2,0,1,0,1,1,1,1,2,1,2,0,0,2,0,0,2,0,0,2,1,0,0,1,1,0,1,0,0,1,2,1,0,1,1,1,0,0,0,1,1,0,0,0,0,0,0,0,1,2,0,0,0,1,0,0,0,1,0,1,0,2,1,0,0,2,0,0,1,0,0,0,0,0,0,1,2,1,2,2,1,1,0,2,0,2,0,1,0,0,0,0,0,0
KL0171,1,0,0,0,0,1,1,2,0,0,0,0,2,0,0,1,2,0,1,0,0,1,0,0,0,1,1,0,0,0,1,0,1,0,0,0,2,1,1,0,0,1,0,0,0,1,0,0,1,1,0,2,1,1,0,1,0,1,0,1,0,0,0,0,0,1,0,1,0,2,1,2,0,0,0,0,1,2,2,1,0,0,0,0,0,1,0,1,2,1,1,1,0,1,0,0,0,0,0,0,0,1,2,0,0,1,0,0,0,1,1,1,1,1,1,0,1,2,1,1,0,0,0,0,0,0,0,0,0,0,0,0,0,0,1,1,0,0,1,0,1,1,0,1,2,2,1,0,0,2,1,1,0,0,1,1,1,0,0,0,0,0,0,0,0,1,0,0,0,0,1,1,0,1,0,1,0,0,0,0,0,0,0,0,0,1,0,1,0,0,0,0,0,2,0,0,1,0,1,0
KL0172,0,0,0,1,0,1,1,1,0,0,0,2,1,0,0,1,1,1,1,0,0,1,0,0,0,1,1,0,0,0,0,1,0,0,1,1,1,0,1,2,0,2,0,1,0,0,0,0,0,2,0,2,1,0,1,0,0,0,2,0,1,0,0,1,0,1,1,2,1,1,1,0,0,0,1,1,1,2,0,0,0,0,0,0,0,1,0,1,0,0,0,0,0,1,0,0,0,0,0,1,1,1,1,0,0,2,0,0,0,2,0,0,0,1,1,2,1,0,0,0,0,0,1,1,0,1,0,1,1,0,2,0,0,1,0,1,1,0,0,0,0,1,0,0,1,0,0,0,2,2,1,1,0,1,1,1,1,0,0,0,0,0,2,0,0,1,0,2,0,0,1,1,0,0,1,1,0,0,0,0,0,0,1,0,0,0,1,2,0,0,0,2,0,1,0,0,1,0,1,1
KL0173,1,0,0,1,0,0,0,2,0,0,1,0,0,1,0,2,1,0,0,0,1,0,1,0,0,0,0,0,0,0,2,0,1,0,0,0,1,0,1,0,0,0,0,2,0,1,1,0,0,1,1,2,0,0,1,0,0,0,2,0,0,0,0,0,0,0,1,0,1,1,2,0,0,0,1,0,0,1,1,0,0,1,0,0,1,0,1,1,0,0,0,0,0,0,0,0,0,0,0,0,1,2,1,1,1,0,1,0,0,2,0,0,0,0,1,0,1,1,0,0,1,0,0,1,0,0,0,2,1,0,0,1,0,0,1,1,1,1,1,2,0,2,0,1,0,1,2,1,1,0,1,0,0,1,1,1,1,0,0,0,0,1,1,1,1,0,0,1,0,1,1,0,0,0,1,2,0,0,1,0,1,0,0,0,1,0,0,1,0,0,0,1,0,0,1,1,1,0,1,0
KL0174,0,0,0,2,1,1,0,1,0,0,0,1,0,0,0,0,2,0,1,0,0,1,0,1,0,0,1,0,1,0,0,0,0,1,2,0,0,0,0,0,0,1,0,1,0,1,0,0,0,2,0,1,0,0,0,2,0,0,1,0,1,0,0,1,0,2,0,1,0,0,0,0,2,0,0,0,0,2,0,1,0,0,0,0,0,1,0,1,1,1,2,0,2,0,0,0,2,0,1,1,1,0,0,0,2,1,2,0,0,1,1,0,0,0,2,1,0,2,0,1,0,0,1,1,0,0,0,1,1,0,2,1,1,0,0,1,1,1,0,0,0,2,0,1,0,0,1,1,0,0,1,1,1,1,1,1,1,0,0,0,0,0,0,1,0,0,0,1,1,1,1,1,1,2,2,1,0,1,0,0,0,0,1,0,1,0,1,2,0,1,1,1,0,1,0,0,1,0,1,0
KL0175,1,0,0,2,0,2,1,1,1,1,1,1,0,1,0,0,1,1,1,0,1,1,1,2,0,0,1,0,1,0,0,2,2,0,0,0,1,1,2,0,0,0,0,0,0,0,0,0,0,0,0,1,0,0,0,1,1,0,0,1,0,0,0,0,0,1,1,0,0,1,0,0,0,0,1,0,0,1,1,0,1,0,0,1,0,2,0,1,1,0,1,0,0,1,1,0,0,0,1,0,1,2,0,2,1,1,0,1,0,1,0,0,0,0,2,0,1,0,1,2,0,0,1,1,0,0,0,0,0,0,0,1,1,0,0,2,1,1,0,0,0,2,1,0,0,1,1,0,0,0,1,0,0,0,0,1,2,0,0,0,0,0,1,2,0,0,1,1,0,0,1,2,0,1,1,1,1,0,0,0,1,0,0,0,1,1,2,0,1,0,0,0,1,1,0,0,1,2,1,0
KL0176,1,0,0,1,0,0,0,1,0,1,1,1,1,1,0,0,0,0,2,1,0,1,0,0,1,0,1,0,2,0,2,1,1,0,0,0,1,1,1,1,0,1,1,0,0,0,0,0,1,0,2,0,1,0,0,1,0,1,1,2,1,0,0,1,0,0,0,1,1,0,0,0,0,0,0,0,0,0,0,1,0,0,1,1,0,0,0,1,1,1,1,0,1,0,1,1,0,1,2,0,2,0,1,1,0,0,0,0,0,1,0,0,0,0,1,1,1,0,1,1,0,0,1,0,0,0,1,2,0,1,0,0,1,0,0,0,0,0,0,0,0,1,0,0,0,0,0,1,1,0,2,1,0,1,0,2,1,0,0,0,0,1,1,1,0,0,0,0,0,1,0,1,0,0,1,2,0,0,0,0,1,1,2,1,1,1,1,0,0,0,0,0,0,2,0,0,1,0,2,1
KL0177,0,0,0,0,0,2,2,1,1,0,1,1,1,1,0,2,1,1,0,0,0,1,0,0,0,0,1,1,0,1,1,0,0,0,0,1,1,0,0,1,0,0,0,0,0,0,0,0,0,0,1,0,1,0,0,2,0,0,1,0,1,0,0,0,0,0,1,1,1,0,1,0,0,0,1,1,0,2,0,0,0,0,1,0,1,1,0,1,2,1,0,0,2,0,0,1,0,0,1,1,1,1,0,0,1,2,0,0,0,0,0,0,0,0,0,1,1,1,0,1,0,0,0,0,0,0,0,0,2,0,0,1,1,0,1,0,0,0,0,0,0,0,0,1,0,1,1,1,1,1,1,1,0,0,1,1,0,0,0,0,0,2,0,2,1,0,0,1,0,0,0,1,0,1,2,0,0,1,0,0,0,0,0,1,1,0,1,0,0,0,0,1,0,0,0,0,0,0,1,0
KL0178,1,0,0,0,1,2,1,1,0,0,1,1,2,0,0,1,2,0,0,0,1,0,1,2,0,0,1,0,0,0,1,0,1,0,1,0,1,0,1,1,0,0,0,0,0,2,0,0,1,2,0,1,0,0,0,1,1,0,2,1,0,1,0,1,0,1,1,0,0,1,2,0,0,1,0,0,0,2,0,1,0,0,1,2,1,0,1,2,1,0,1,0,0,1,0,1,0,0,0,0,1,1,1,2,0,1,1,1,0,1,0,2,0,0,1,0,2,2,0,1,0,0,0,0,0,0,1,2,1,0,0,0,1,0,1,1,0,1,0,0,0,1,1,0,1,2,2,2,1,0,0,1,0,1,1,0,2,0,1,1,2,0,0,2,1,0,0,1,0,0,0,1,0,0,1,1,0,1,0,0,1,0,0,1,0,0,1,1,0,0,0,0,0,1,1,0,0,2,0,1
KL0179,1,0,0,2,1,1,2,2,0,0,1,0,2,0,1,0,1,1,0,0,0,0,1,0,0,0,1,0,1,0,2,0,2,0,0,0,1,0,1,1,0,0,0,0,1,1,0,0,1,2,0,2,1,0,0,0,1,0,0,0,1,0,0,1,1,1,1,1,0,0,2,0,0,0,0,0,0,1,2,1,0,0,0,0,0,1,0,0,0,0,2,0,1,1,0,1,0,0,0,0,1,0,0,0,1,1,1,0,0,1,0,0,0,1,0,1,0,1,0,2,1,0,2,0,0,1,1,2,1,1,1,0,1,1,1,2,1,1,0,1,0,0,0,0,0,2,1,0,1,1,0,1,1,1,1,1,1,0,0,1,1,0,1,2,1,0,0,0,0,1,0,0,0,0,1,1,1,0,0,0,0,0,0,1,1,0,1,1,0,1,0,1,0,1,1,0,0,1,2,0
KL0180,1,0,0,1,0,0,2,0,0,1,2,1,2,2,0,1,1,1,0,0,0,0,0,1,0,0,2,0,0,0,0,0,0,0,0,0,1,1,1,0,1,0,0,1,0,1,0,0,0,2,0,0,1,1,0,1,0,0,1,0,1,0,0,1,0,1,2,1,0,1,2,1,1,1,0,0,0,2,1,0,0,1,2,0,0,0,1,2,1,0,1,1,1,0,0,0,0,1,0,0,1,1,0,2,0,0,0,0,0,1,0,0,0,0,2,1,0,1,1,1,0,2,1,0,1,2,0,1,0,1,1,1,0,0,1,1,1,0,0,0,0,1,0,0,0,2,0,0,0,0,1,0,1,1,1,2,2,1,0,1,0,0,0,1,1,0,0,1,1,0,1,1,0,0,0,2,1,2,0,0,0,0,0,0,0,0,0,0,0,0,0,1,0,0,1,0,0,0,2,1
KL0181,1,0,0,1,1,2,2,1,1,1,1,1,2,0,1,0,1,0,0,0,0,0,0,0,0,0,1,0,0,0,1,0,2,0,0,0,0,1,0,0,0,0,0,1,1,2,0,0,0,2,0,2,1,0,0,2,0,0,1,0,0,0,0,0,0,0,1,2,0,1,1,0,0,0,0,0,0,2,0,1,1,0,1,0,2,0,0,0,0,0,1,0,1,1,0,0,0,1,0,1,0,0,2,0,0,1,2,0,0,0,0,0,0,1,1,0,0,0,0,1,0,0,1,0,0,1,0,1,0,0,1,0,0,1,1,1,0,1,1,1,0,2,0,1,0,1,1,1,2,1,0,0,0,0,0,2,1,0,0,1,0,1,0,1,1,0,0,1,1,1,1,1,1,0,1,1,0,0,0,0,0,0,1,0,0,0,0,1,0,1,0,0,0,0,0,2,1,0,1,0
KL0182,1,0,0,2,0,1,1,1,0,1,0,0,2,1,0,1,0,1,0,0,1,0,1,0,0,1,0,0,1,1,1,2,0,0,0,0,1,0,2,0,0,0,0,0,0,1,1,0,2,2,1,1,2,0,0,0,1,0,0,1,0,2,0,0,0,0,2,1,1,1,1,0,1,0,0,0,1,0,1,1,1,1,0,0,0,0,0,1,0,0,1,1,1,1,0,0,1,1,0,0,0,0,1,1,0,1,1,1,0,0,0,1,1,0,1,2,2,1,1,1,0,1,1,0,0,0,0,1,0,1,1,0,0,0,0,2,0,0,0,0,0,1,1,1,2,1,0,0,1,1,1,0,0,1,0,0,2,0,0,0,1,0,0,1,1,1,0,0,0,0,0,0,0,0,1,0,0,0,1,0,0,0,0,0,0,0,1,0,1,1,0,0,0,1,0,0,1,2,0,0
KL0183,1,1,0,2,1,0,1,2,0,0,2,0,1,2,0,0,1,0,2,1,0,1,0,0,0,0,2,1,1,1,0,1,0,0,1,1,1,0,0,1,0,1,0,2,0,1,0,1,1,1,0,1,1,1,0,1,0,0,1,1,1,0,0,0,0,0,1,0,0,1,1,0,0,1,0,0,0,1,2,2,1,0,0,0,0,0,1,1,0,0,2,1,0,1,1,0,0,0,0,0,1,0,2,1,2,0,1,1,0,1,0,0,1,1,1,1,1,1,0,1,0,2,1,0,0,0,0,1,2,2,0,1,1,0,0,1,2,0,1,0,0,1,1,1,0,1,1,0,2,1,0,0,1,0,0,0,0,0,0,1,2,0,0,0,0,0,0,0,1,0,1,1,0,0,1,1,0,0,0,1,1,1,1,1,0,1,1,1,0,0,0,0,0,2,0,0,1,0,0,1
KL0184,0,0,0,2,1,1,1,0,1,0,0,0,2,0,0,0,0,2,1,0,2,0,0,1,0,1,0,0,2,0,0,0,1,0,0,0,1,0,1,0,0,0,0,1,1,0,1,1,1,1,0,2,2,1,0,0,0,1,0,0,1,0,1,1,0,1,1,2,0,2,1,0,0,0,0,2,0,1,1,1,0,0,0,0,0,1,1,0,0,0,2,0,2,0,0,0,1,1,0,0,0,1,1,0,2,0,0,1,0,2,0,1,0,0,1,1,0,1,0,2,0,1,1,0,0,2,0,1,1,0,1,1,1,0,0,1,0,0,0,1,1,1,2,2,1,0,0,0,1,2,1,1,0,0,1,1,1,0,0,1,1,0,0,0,1,1,0,2,0,0,2,2,0,0,0,2,0,0,0,1,0,1,1,0,0,0,1,1,0,1,0,0,0,0,0,0,0,2,1,2
KL0185,0,0,0,1,1,1,0,0,0,2,0,1,2,1,0,1,0,1,1,1,0,0,1,0,0,0,0,0,0,0,1,0,1,0,0,1,0,2,0,0,0,1,0,2,1,1,0,0,1,1,1,0,0,1,0,0,1,1,1,0,1,1,0,0,0,1,1,0,0,0,1,0,0,0,0,0,0,0,1,0,0,1,0,0,0,0,0,0,1,0,1,0,0,1,0,1,0,0,2,0,0,0,1,1,1,1,1,1,1,1,0,0,0,2,1,1,1,0,1,2,0,0,1,0,1,1,1,2,1,0,1,0,1,1,0,0,1,1,0,0,0,1,0,2,0,2,0,1,1,1,0,1,1,0,1,1,2,0,1,1,0,1,1,1,1,2,0,0,0,0,0,1,0,0,1,2,1,1,0,0,0,0,1,0,0,0,0,1,0,0,0,0,0,1,0,1,1,0,1,0
KL0186,1,0,0,2,0,0,1,0,0,0,2,0,2,0,0,0,1,1,1,0,1,0,1,1,0,0,1,0,1,0,0,1,1,0,0,0,1,0,1,0,0,0,1,1,0,1,0,0,2,0,0,1,0,0,0,1,1,0,1,1,0,0,0,0,0,0,1,1,0,2,1,1,0,0,0,0,0,0,1,1,0,0,2,0,1,1,1,0,0,0,1,0,0,0,0,0,0,0,0,1,2,0,1,0,0,1,1,0,0,0,0,2,0,1,2,2,2,0,0,1,0,0,0,0,0,0,0,0,0,1,0,1,0,0,0,0,1,1,0,0,0,0,0,1,1,0,1,2,2,1,1,2,0,0,0,0,0,0,0,1,1,0,0,0,2,0,0,0,0,1,0,2,0,0,1,0,0,0,0,0,0,1,2,1,1,0,0,2,0,0,1,0,0,0,0,0,0,2,0,1
KL0187,0,0,0,1,1,1,1,1,0,0,0,0,0,1,0,1,1,0,1,0,0,0,0,0,0,0,1,0,0,1,1,1,1,0,0,0,0,0,1,0,0,1,1,1,1,1,1,1,1,0,0,1,0,0,0,2,0,0,1,0,0,0,0,1,1,0,0,1,0,0,2,0,0,0,0,1,0,0,0,0,0,0,0,1,0,2,0,2,0,0,0,0,1,2,0,0,0,0,0,0,0,1,1,2,2,1,0,0,0,2,0,1,1,0,1,0,1,0,0,2,0,0,0,0,1,0,0,1,0,1,0,1,0,0,0,1,1,0,0,2,0,1,1,0,0,0,1,0,2,1,2,0,0,0,1,1,1,0,1,0,0,0,0,0,1,1,0,0,1,0,0,1,1,1,0,1,0,0,0,0,0,0,1,0,1,1,0,1,0,0,0,2,0,2,1,0,2,1,1,0
KL0188,2,0,0,0,0,1,1,1,0,1,0,2,2,1,0,0,1,1,2,0,2,1,0,0,0,0,0,0,0,1,0,0,1,0,1,0,1,0,2,1,0,0,0,1,0,1,0,0,1,1,1,1,0,0,0,1,1,0,0,1,1,0,1,0,1,0,2,0,0,0,1,0,1,0,0,0,0,1,1,0,0,1,0,0,1,1,0,0,0,0,0,0,1,1,0,0,0,0,0,0,2,0,0,0,2,1,1,1,0,0,0,0,0,1,0,0,2,0,0,2,0,1,1,0,0,0,1,0,1,0,1,0,1,0,0,0,0,0,1,0,0,1,0,0,1,0,0,0,2,0,1,1,0,2,0,0,0,0,1,1,1,0,0,1,1,0,1,1,0,1,1,1,1,1,0,1,0,0,0,0,0,0,0,0,0,0,2,2,0,1,0,0,0,0,0,0,1,1,2,0
KL0189,1,0,0,2,1,1,2,2,0,0,2,1,2,1,0,1,0,2,0,0,1,0,1,0,0,0,0,1,1,0,1,0,0,1,1,0,1,0,0,1,0,1,0,0,0,0,0,0,1,1,0,1,1,2,0,0,2,0,1,0,0,0,0,0,0,0,0,1,0,0,2,0,0,1,1,0,2,0,2,0,0,0,0,0,1,0,0,1,0,0,2,0,1,1,1,0,0,0,0,0,0,0,0,1,2,2,0,1,0,1,0,2,1,0,0,1,0,1,0,1,0,0,0,1,0,1,1,1,1,0,1,0,1,1,0,2,1,1,0,0,0,1,1,0,0,2,1,0,2,1,1,2,1,0,1,2,0,0,0,0,1,1,0,0,1,1,1,0,0,0,0,1,0,2,0,0,0,1,0,1,0,0,1,0,0,0,0,1,1,0,0,1,0,2,0,0,0,1,2,0
KL0190,0,0,0,0,0,2,1,0,0,0,1,2,0,0,0,2,0,1,1,0,1,0,1,2,0,0,0,0,0,0,1,0,1,0,1,0,1,0,2,0,0,0,0,0,1,1,1,0,1,1,2,0,2,1,0,1,0,0,0,0,1,0,0,0,1,0,1,0,1,1,1,0,0,0,0,1,0,1,1,0,0,0,0,1,0,0,1,1,0,0,0,0,1,1,0,1,0,0,1,0,0,1,0,0,0,0,1,0,0,1,1,1,1,0,2,0,2,2,1,1,1,0,0,0,1,1,1,1,0,0,1,1,0,1,0,1,0,1,0,0,0,1,0,1,1,0,2,1,2,1,0,2,0,1,2,1,1,1,0,0,0,0,0,0,2,0,0,0,0,0,2,0,0,0,1,0,0,1,0,0,0,0,0,1,0,2,1,0,0,0,0,0,0,1,0,0,1,1,1,0
KL0191,0,0,0,0,1,1,1,1,0,0,1,1,1,1,0,1,0,1,0,0,0,1,1,1,0,0,1,1,0,0,1,1,0,0,1,0,1,0,1,2,0,0,0,2,0,0,0,0,0,0,1,2,1,1,0,2,0,2,1,0,0,1,0,0,0,1,0,0,0,1,1,0,0,0,0,0,1,2,1,0,1,0,0,2,0,2,2,2,0,0,1,1,1,0,0,1,0,0,0,0,0,1,1,1,1,1,0,1,0,1,1,1,0,0,2,1,1,2,0,2,0,0,0,0,0,1,1,1,1,0,2,1,0,0,0,1,1,1,0,0,0,1,0,1,0,0,0,0,1,0,0,2,0,0,1,1,2,0,1,0,1,1,0,2,1,1,0,0,0,0,0,2,0,0,0,0,1,0,0,0,1,0,0,0,2,0,1,1,0,0,0,0,0,1,0,0,2,2,0,2
KL0192,0,1,0,2,1,0,1,1,0,1,1,2,0,0,0,0,1,1,1,0,1,0,0,1,0,0,1,0,2,0,2,0,1,0,1,0,1,0,1,0,0,0,0,1,0,1,0,2,1,0,1,1,1,0,0,1,0,0,0,1,0,0,0,0,2,0,0,0,0,1,2,0,0,0,0,1,0,1,1,1,0,2,0,0,1,1,0,0,2,0,1,0,0,2,0,0,1,0,0,0,1,0,1,1,1,2,1,0,0,1,0,1,1,0,2,1,1,0,0,2,0,0,1,0,0,0,1,1,1,1,2,0,0,0,0,0,0,2,0,1,0,0,0,1,0,0,0,1,2,0,0,1,0,1,0,0,1,0,0,0,1,1,0,0,0,1,0,0,0,0,1,1,0,0,1,0,0,1,0,0,1,0,0,0,0,0,1,0,0,0,0,0,0,1,0,0,0,1,1,0
KL0193,0,0,0,2,0,1,1,0,0,1,0,1,2,0,0,1,0,1,2,0,0,2,0,1,0,1,0,0,1,0,1,0,0,2,1,0,2,0,0,1,0,0,1,2,0,1,1,0,1,1,0,1,1,1,0,2,0,0,1,0,0,1,1,1,0,0,1,1,0,1,0,0,2,0,0,1,1,0,1,0,1,0,1,0,2,0,0,1,1,0,0,0,0,2,0,0,0,0,0,0,0,0,1,1,2,1,1,0,0,2,0,0,0,0,2,1,1,1,1,1,0,0,0,0,0,1,0,1,0,1,1,1,0,0,0,1,0,0,1,0,0,2,0,0,0,1,0,0,0,0,0,1,1,1,1,0,1,0,0,0,0,0,1,1,0,1,0,1,1,0,0,1,0,0,0,0,1,1,0,0,2,0,1,0,0,1,0,1,1,0,0,0,0,1,0,0,0,1,2,1
KL0194,1,0,0,0,0,1,2,1,0,0,0,1,1,2,0,2,1,2,1,0,1,1,1,1,0,0,1,0,0,0,1,1,2,0,0,0,1,0,2,0,0,0,1,2,0,2,0,0,0,1,0,1,0,0,1,1,1,1,0,1,1,0,0,0,1,2,0,0,1,0,0,0,0,2,0,0,1,1,2,0,0,0,0,0,0,0,0,0,0,0,0,0,1,0,1,1,1,0,0,1,1,0,0,0,0,2,1,0,0,1,0,1,0,0,2,0,0,1,0,1,1,0,0,0,0,0,0,2,0,0,2,0,0,1,0,2,0,1,0,0,1,1,0,0,0,1,0,1,1,2,1,2,1,0,0,1,2,1,0,0,1,0,0,1,2,0,0,2,0,0,1,0,0,1,1,1,0,0,0,0,0,0,1,0,0,1,1,1,1,0,0,0,0,1,0,0,0,0,1,0
KL0195,1,0,0,1,0,0,0,2,0,0,1,2,1,1,0,0,1,1,2,1,0,2,0,1,0,0,1,0,0,0,1,0,2,0,1,0,0,0,0,0,0,1,0,0,0,2,1,1,1,1,0,1,2,0,1,1,1,0,1,1,1,1,0,1,1,0,1,0,0,0,1,0,2,0,0,1,0,1,0,0,1,1,0,0,0,1,0,1,0,0,0,0,1,0,0,0,0,0,1,0,2,1,0,0,1,1,0,0,0,0,0,0,0,0,2,2,1,0,0,1,0,0,2,1,0,0,0,0,1,1,1,1,1,0,0,1,1,0,1,0,0,2,0,0,1,0,1,1,1,2,0,1,0,0,1,0,2,0,0,0,0,0,1,1,1,0,1,1,0,1,2,1,0,1,0,0,0,1,1,0,0,0,1,0,1,0,1,1,0,0,1,1,1,1,1,0,0,1,1,1
KL0196,0,0,0,1,0,1,2,2,0,1,1,2,1,0,0,0,1,1,1,0,0,1,1,0,1,0,1,0,0,0,1,0,2,0,1,0,0,0,1,0,0,2,0,0,0,0,0,0,0,1,0,1,0,0,0,0,0,0,0,0,1,1,0,1,1,1,0,1,0,2,1,0,0,0,1,2,0,1,0,2,0,1,0,0,1,1,0,1,0,0,0,0,1,0,0,0,1,0,0,0,1,1,0,0,0,2,2,1,0,1,0,1,0,0,1,1,1,0,0,2,0,1,1,0,0,1,1,0,0,0,1,0,1,0,0,1,0,0,0,0,0,0,1,0,1,1,2,0,2,0,0,1,0,0,0,2,1,0,0,1,0,0,0,1,2,2,1,1,1,0,0,2,0,0,0,1,0,1,0,1,0,0,0,0,0,0,0,2,0,1,1,1,0,1,0,0,1,1,1,2
KL0197,0,1,0,2,1,1,1,1,0,0,0,1,0,0,0,1,0,1,1,0,0,0,1,1,0,1,1,0,0,0,0,1,2,0,2,0,1,1,0,0,1,0,0,1,0,2,2,0,1,0,1,1,1,0,0,1,2,0,0,0,1,0,1,0,0,2,0,1,1,1,1,0,0,1,0,1,0,0,2,0,0,0,0,2,1,0,0,0,0,1,1,0,0,1,0,0,0,0,0,0,0,0,0,1,1,1,0,0,0,1,0,0,0,1,1,0,1,0,1,2,0,0,1,0,1,1,1,1,0,1,1,1,1,0,0,2,0,0,1,2,0,1,0,0,1,2,1,0,1,1,0,1,0,0,0,2,1,0,0,0,0,1,0,2,1,0,0,1,0,0,0,1,0,0,1,1,1,1,0,0,0,0,1,0,1,0,1,2,0,0,1,2,0,1,0,0,0,0,1,0
KL0198,0,1,0,0,0,1,1,0,0,2,0,0,0,0,0,2,1,0,1,0,0,1,0,2,0,1,0,0,0,0,0,0,1,0,0,0,1,0,0,0,0,2,0,1,0,1,0,0,2,1,0,1,0,0,1,1,0,1,1,0,0,0,0,0,1,1,1,1,0,2,0,0,0,0,1,1,0,1,2,0,0,0,0,0,1,0,2,0,0,0,0,0,1,1,0,0,0,0,0,0,1,1,2,1,1,2,0,0,0,1,0,2,0,0,0,1,0,0,0,0,0,0,0,0,0,1,0,1,0,0,2,0,1,0,0,1,1,1,0,0,0,2,0,0,1,1,2,0,1,1,1,0,0,0,0,0,0,0,0,1,0,0,0,1,1,2,0,1,0,0,0,1,1,1,1,0,1,0,0,0,1,0,1,0,0,1,0,0,0,0,0,0,0,1,0,1,1,0,1,0
KL0199,0,0,0,2,0,2,1,2,0,1,0,2,1,0,0,1,1,1,0,0,2,2,0,2,0,0,0,0,0,0,1,0,1,0,1,0,0,0,1,1,0,1,0,0,0,1,0,0,0,2,0,1,2,0,0,0,0,0,1,1,0,0,0,0,0,1,0,2,1,1,1,0,0,0,0,0,1,0,1,1,0,0,0,0,0,0,1,1,0,0,1,0,0,1,1,1,1,0,0,0,1,1,1,2,1,1,1,0,0,1,2,0,0,0,1,0,2,2,0,1,0,0,0,1,0,0,1,1,0,1,1,1,1,0,0,1,0,1,0,0,0,1,0,1,0,1,0,2,0,1,1,0,0,0,1,1,1,0,0,0,1,0,0,1,0,0,0,0,1,0,0,1,0,0,1,1,1,1,0,0,1,0,1,0,0,2,2,0,0,1,1,0,0,1,1,0,1,0,1,2
KL0200,0,0,0,2,0,1,1,0,1,0,0,1,1,1,0,1,0,0,0,0,0,1,1,1,1,0,1,0,0,0,0,1,1,1,0,0,0,0,1,0,0,0,0,0,0,1,0,0,1,0,0,1,1,0,0,0,0,0,2,1,1,0,0,0,1,0,0,1,0,1,2,0,0,1,0,0,1,0,0,0,0,0,1,0,1,1,0,0,2,1,1,0,1,1,0,0,0,1,0,0,0,1,1,1,0,0,1,0,0,1,0,0,0,0,0,0,2,2,0,2,0,0,1,0,0,1,0,2,1,0,0,0,0,0,0,0,1,1,0,0,0,1,0,0,0,0,1,0,2,0,0,1,1,0,1,2,0,1,1,0,1,0,1,0,1,0,0,0,0,1,0,1,0,0,1,1,2,1,0,0,1,0,0,2,1,0,0,0,1,0,0,0,0,1,0,0,0,0,0,0
KL0201,1,0,0,1,2,0,0,0,0,0,0,0,1,0,0,0,1,1,2,0,0,2,1,0,0,0,0,0,0,0,2,0,1,0,0,1,1,0,2,0,0,1,0,0,0,2,0,0,0,0,1,2,1,1,0,0,0,0,0,0,0,0,0,0,1,1,1,0,0,1,1,0,0,1,0,0,0,0,1,1,0,0,0,0,0,1,0,0,1,0,0,0,1,1,1,0,0,0,0,0,0,1,0,0,1,0,1,1,0,0,1,0,2,0,1,2,2,0,0,1,0,1,1,0,0,0,0,1,1,2,2,0,0,0,1,1,1,1,1,0,0,0,1,0,0,1,0,1,1,1,0,1,0,0,1,1,2,0,1,1,0,0,0,0,1,0,0,1,0,1,0,1,0,0,2,1,1,1,0,0,0,0,0,0,1,0,1,0,0,1,0,0,0,1,0,0,1,1,0,0
KL0202,0,0,1,1,0,1,0,2,0,1,1,1,0,0,0,1,1,0,1,0,0,2,0,0,0,1,2,1,0,0,0,0,2,0,0,0,1,0,1,0,0,0,0,0,0,0,1,0,0,0,0,1,0,1,0,0,1,0,0,2,0,1,0,0,1,0,0,0,0,1,1,0,1,1,1,0,0,2,2,0,1,0,1,0,0,1,0,1,0,0,0,0,1,1,0,0,1,0,0,0,1,0,1,1,1,2,2,0,0,1,0,1,0,0,1,0,0,1,0,2,1,0,1,1,0,1,0,1,0,1,0,1,1,0,1,2,0,0,0,1,1,0,0,1,0,1,0,2,0,1,1,0,2,0,0,1,2,2,1,0,0,0,0,1,2,0,0,1,0,0,0,1,0,0,0,1,0,0,0,1,0,0,1,0,1,1,0,1,1,0,0,0,0,1,0,1,0,0,1,1
KL0203,1,0,0,1,0,0,1,1,0,0,1,2,0,1,0,1,1,1,0,0,0,0,0,1,0,1,1,0,1,0,0,1,2,1,1,0,1,0,1,0,0,1,0,0,1,1,0,0,0,1,1,0,1,0,0,1,0,0,1,0,0,1,1,0,0,1,0,0,0,0,1,0,0,0,0,0,0,0,1,0,0,1,0,1,0,1,0,1,1,1,2,0,0,0,0,0,0,1,0,0,1,0,1,1,0,1,0,0,0,1,0,1,0,2,0,1,0,0,1,1,0,0,0,0,0,1,0,0,1,0,0,0,1,0,1,2,0,1,0,0,0,2,1,1,0,1,1,0,2,1,0,1,0,0,1,1,1,0,0,0,0,0,0,1,2,1,0,0,0,1,1,0,0,0,1,0,0,1,0,0,0,1,1,0,1,1,0,0,0,1,1,0,0,2,0,0,0,1,1,0
KL0204,2,0,0,0,1,1,1,1,0,0,0,1,1,1,0,1,0,0,0,0,0,1,0,0,0,1,2,0,1,1,1,0,0,0,0,0,1,0,0,1,0,1,0,0,2,2,1,0,1,1,0,1,0,0,0,0,0,0,0,0,1,0,0,1,1,0,0,1,1,0,1,0,0,1,1,0,0,2,2,0,0,0,0,2,0,0,2,1,1,0,1,0,1,1,0,0,1,0,0,1,0,0,1,0,0,0,2,1,0,2,0,2,1,2,0,2,1,0,0,1,0,0,1,0,1,0,1,0,0,2,1,0,1,2,1,0,0,0,1,1,0,2,0,0,1,1,0,0,1,0,1,0,1,0,0,1,0,1,0,1,1,1,1,0,0,1,0,2,0,1,1,0,0,0,0,1,0,1,0,0,0,0,1,0,0,1,2,0,0,0,1,2,0,2,1,0,1,0,0,1
KL0205,0,0,0,0,0,0,1,0,0,0,2,1,1,0,0,1,0,1,1,0,0,0,0,2,1,0,0,1,2,0,0,0,2,0,0,0,0,0,1,0,0,0,0,0,0,0,0,0,0,1,0,0,0,1,0,2,0,0,0,1,0,0,0,0,1,1,1,0,1,0,0,0,0,0,0,0,0,0,0,0,0,0,0,0,0,2,1,0,0,0,1,1,1,2,0,1,0,0,0,0,0,1,2,0,2,1,1,1,0,1,0,0,0,0,2,1,1,1,0,1,0,0,0,0,0,0,1,1,1,0,2,1,2,0,0,1,0,0,0,0,0,0,1,1,0,1,2,0,1,0,0,1,1,1,0,0,1,0,0,0,0,0,0,0,1,0,0,0,0,0,0,2,1,1,2,1,0,0,0,0,0,0,1,0,1,2,0,1,1,1,0,2,0,2,0,0,1,0,1,1
KL0206,2,0,0,2,0,0,1,1,0,0,0,0,2,1,0,1,1,0,1,0,0,1,1,0,0,0,2,0,1,0,2,0,2,0,1,0,1,0,1,0,0,2,0,0,0,2,0,0,0,1,1,0,0,1,0,1,0,0,1,0,0,0,0,0,0,1,2,0,0,1,1,0,0,0,0,0,0,1,1,2,1,0,0,0,0,0,0,0,0,0,0,0,1,2,1,0,0,0,0,0,1,0,0,1,0,1,1,0,0,1,0,0,0,0,1,1,1,0,0,1,1,0,0,0,0,0,1,1,0,1,1,0,0,0,0,1,0,0,0,0,0,0,0,0,1,1,2,0,1,1,1,1,0,1,0,0,0,0,0,1,1,1,0,0,0,1,0,0,0,0,1,2,0,0,0,1,0,0,0,0,1,0,2,1,0,0,0,0,0,0,1,0,0,1,1,1,0,1,0,1
KL0207,0,0,1,2,1,1,2,2,0,1,0,1,0,1,0,0,1,0,1,0,0,1,1,1,0,0,1,0,1,0,1,0,0,2,0,0,2,0,1,0,0,0,0,1,0,0,0,1,1,1,0,1,0,0,0,1,1,0,1,1,0,0,0,0,1,0,1,0,0,2,1,0,1,0,1,2,1,2,1,1,1,0,0,1,1,0,0,0,1,0,1,0,2,0,0,1,1,0,0,1,0,0,0,1,1,2,0,0,0,1,0,2,0,0,2,0,0,0,1,1,0,0,0,0,0,0,0,1,1,0,2,0,0,1,1,1,0,1,0,1,0,0,1,0,0,1,1,2,1,1,0,1,0,1,0,1,2,0,1,0,0,0,1,0,0,1,0,1,0,0,1,0,0,0,0,2,1,0,0,0,1,1,2,0,0,0,0,1,1,0,0,1,0,1,0,1,1,2,1,2
KL0208,0,0,0,0,0,1,1,0,1,1,0,1,0,0,0,1,0,0,0,1,1,0,0,2,0,0,1,0,1,0,1,0,2,0,0,1,1,0,1,0,0,1,0,2,0,0,1,0,2,0,1,0,1,0,2,1,1,0,0,1,1,0,0,0,1,1,0,0,0,0,1,0,1,0,0,0,0,1,2,0,0,0,1,0,0,2,0,1,1,0,0,0,2,0,0,1,1,1,0,0,1,0,2,1,1,1,1,0,0,2,0,0,1,0,0,0,0,0,0,1,0,1,1,0,0,1,0,0,0,0,1,0,1,0,0,1,0,0,0,0,0,2,1,1,0,2,0,0,1,1,1,1,0,1,0,2,1,0,1,0,1,0,2,1,1,1,0,1,0,0,0,1,0,0,1,0,0,1,0,0,0,0,0,0,0,1,1,1,1,0,1,1,0,1,0,0,1,0,0,0
KL0209,0,0,0,1,0,1,1,2,0,0,1,1,2,0,0,0,0,0,1,0,0,2,0,1,0,0,2,0,0,0,2,0,1,0,0,0,0,0,1,0,0,1,0,1,1,0,0,0,1,1,0,1,0,1,0,1,1,0,1,0,1,0,2,0,0,1,1,1,0,2,1,1,1,0,0,0,1,0,0,1,1,0,2,0,1,1,0,0,1,0,0,1,0,0,0,2,1,0,0,0,1,1,2,0,2,2,1,0,0,1,0,0,0,2,0,0,1,0,0,0,0,0,1,0,0,0,0,1,1,1,2,0,1,0,0,1,1,0,0,0,0,0,1,0,1,2,1,0,1,1,1,0,0,1,1,1,0,1,0,0,0,0,1,2,1,0,1,1,1,1,0,0,0,0,1,0,0,1,1,0,1,1,0,0,1,0,0,1,1,0,0,1,0,1,0,0,0,0,0,1
KL0210,0,1,0,1,0,1,1,0,0,1,1,1,0,0,0,2,0,1,2,0,0,0,2,1,0,0,1,0,0,0,1,0,1,0,0,0,1,1,1,0,0,1,0,1,0,2,0,0,1,0,1,1,0,0,0,1,0,0,1,0,0,2,0,0,1,0,2,1,0,0,2,0,0,0,0,0,0,1,1,1,0,0,1,0,0,1,0,0,2,1,0,0,0,1,0,0,0,0,0,0,2,1,0,0,2,1,0,2,1,1,0,1,0,1,1,0,0,0,2,2,0,0,1,0,0,0,0,0,2,1,1,0,1,1,0,1,1,0,0,0,0,0,0,0,0,0,1,0,1,2,0,1,1,0,0,1,2,0,0,0,1,0,0,0,2,1,0,0,0,1,0,2,0,1,0,2,1,0,0,0,0,0,0,0,2,1,0,1,0,0,0,0,0,0,0,0,0,1,0,0
KL0211,0,0,0,1,0,1,1,2,0,1,0,1,1,1,0,1,0,0,2,0,1,1,0,1,0,0,0,0,0,0,1,0,1,0,0,0,2,1,0,0,0,0,1,1,2,1,0,1,0,1,0,1,0,1,0,1,0,1,0,1,0,2,1,0,0,0,0,1,0,1,0,1,0,0,1,1,0,0,0,1,0,0,1,0,0,1,0,0,0,0,1,0,0,0,0,1,0,0,0,1,1,0,0,0,1,2,1,0,0,0,0,2,0,1,1,0,1,0,0,0,0,0,2,0,0,1,0,1,1,0,1,0,0,0,1,1,0,0,1,1,0,0,0,0,1,1,1,2,1,1,1,0,0,1,0,1,0,0,0,1,0,1,0,0,1,0,0,1,1,0,0,0,0,0,0,1,0,0,0,0,0,0,0,0,0,0,1,1,0,0,0,1,0,0,0,0,1,2,0,1
KL0212,0,0,0,0,0,2,1,0,0,1,1,2,0,1,0,2,1,2,1,0,0,1,1,1,0,0,1,0,1,0,2,0,1,0,0,0,0,0,0,0,0,0,0,0,0,1,0,0,1,1,0,2,2,0,0,1,0,0,0,0,1,0,0,0,1,0,1,1,0,1,1,0,0,0,0,0,0,1,0,0,2,1,0,0,1,1,1,2,1,1,0,0,2,1,0,0,1,1,0,1,1,0,0,0,2,2,2,0,0,0,0,0,0,1,1,0,2,0,0,0,0,0,1,0,0,1,0,1,0,0,0,1,1,0,1,1,0,0,0,0,0,1,0,1,0,1,0,0,0,1,0,0,0,1,0,0,1,0,0,0,1,1,0,0,0,1,0,2,0,0,1,1,1,0,1,1,0,0,0,0,0,0,1,1,2,2,1,0,0,0,0,0,0,1,0,0,2,2,2,1
KL0213,0,1,0,2,0,1,0,0,0,0,0,1,1,0,1,1,1,1,1,0,0,0,1,0,1,0,0,1,0,0,0,1,1,1,0,0,1,0,1,0,0,0,0,0,0,2,0,0,1,1,0,0,1,0,0,1,0,0,0,1,0,0,0,2,0,0,0,1,0,1,1,0,1,0,0,0,1,2,0,0,0,0,1,0,1,1,0,2,0,0,0,0,2,1,1,1,0,0,0,0,1,1,2,0,1,1,0,0,0,1,0,1,0,0,1,0,0,2,0,2,0,0,1,1,0,1,0,1,0,0,1,1,0,0,1,2,0,0,0,0,0,1,0,0,1,0,1,1,2,2,2,1,0,0,2,1,1,0,0,0,1,2,0,1,0,1,0,1,0,1,0,1,0,1,1,0,0,0,0,0,0,0,0,0,1,1,2,1,1,0,0,0,0,2,0,1,0,0,1,0
KL0214,1,0,0,0,0,0,1,1,1,0,0,1,2,0,0,1,0,0,0,0,0,0,0,1,0,0,1,1,1,1,2,0,0,0,0,0,2,1,0,0,0,1,0,0,0,1,0,0,0,1,1,2,0,0,0,2,0,0,1,1,1,0,0,0,0,0,1,1,1,0,1,0,1,0,1,0,1,0,0,0,0,0,0,0,0,1,0,1,0,0,0,0,0,1,1,0,0,1,0,0,1,0,0,2,1,2,2,0,0,1,0,1,0,1,1,0,1,1,0,1,0,0,1,0,0,1,0,1,1,0,0,0,0,0,0,0,0,1,0,0,0,1,1,1,0,0,2,1,2,1,1,1,0,0,1,0,2,0,0,0,1,1,0,2,2,0,0,0,1,0,0,1,0,0,1,1,1,0,0,0,0,0,0,0,0,0,0,0,0,0,1,0,0,1,0,0,0,0,0,2
KL0215,1,0,0,2,0,0,2,1,1,0,1,0,1,1,0,0,1,0,1,0,0,0,0,1,1,0,0,0,1,0,2,1,1,0,0,0,0,0,1,0,0,1,0,1,0,1,1,0,1,0,0,1,2,0,0,1,0,0,0,1,2,0,0,0,0,0,1,0,0,1,2,0,0,0,0,2,0,1,1,2,0,0,1,0,0,0,1,0,2,1,1,1,1,2,0,0,1,0,1,1,0,1,2,1,1,2,0,1,0,1,0,1,1,0,0,1,1,1,0,0,1,0,2,0,0,0,1,0,0,1,1,0,1,1,0,1,0,0,0,0,0,1,1,0,1,0,0,0,2,0,1,2,0,1,1,1,2,0,0,0,1,0,0,0,1,2,0,1,0,0,0,2,0,0,2,2,0,0,0,0,2,1,0,0,0,0,1,1,0,0,0,1,0,0,0,0,1,2,2,2
KL0216,1,0,0,1,0,0,2,1,0,1,0,1,1,0,0,1,0,0,1,0,0,1,1,1,0,1,1,0,1,0,2,0,1,0,0,0,2,0,1,0,1,0,0,0,1,0,0,0,1,1,0,1,2,1,0,0,2,0,1,1,0,0,0,0,0,0,1,1,0,1,1,0,1,1,1,0,0,2,1,1,0,0,1,0,0,2,0,0,0,1,0,0,0,0,0,0,1,0,0,1,2,0,1,2,1,0,0,0,0,2,0,1,0,1,2,1,1,0,0,1,1,0,1,0,1,0,0,2,1,1,0,1,0,0,0,1,1,0,0,0,0,0,0,1,1,1,2,1,2,1,1,0,0,1,1,0,0,0,0,0,0,1,0,0,0,1,1,1,0,0,1,1,0,0,1,2,0,0,0,1,0,1,2,0,1,0,2,1,0,0,1,2,0,0,0,0,2,2,0,0
KL0217,2,0,0,0,0,1,2,0,0,0,0,2,1,0,0,0,0,1,1,0,0,2,1,1,0,0,2,1,0,1,1,0,0,1,1,0,2,0,1,1,1,2,0,1,0,0,0,0,0,1,0,1,2,1,0,0,0,0,1,0,1,1,1,0,0,1,1,1,0,1,1,0,0,0,0,0,0,2,0,1,0,0,2,0,0,1,0,1,0,0,1,0,1,1,1,1,0,0,0,0,0,2,0,0,1,2,1,0,0,0,0,1,1,2,1,0,0,1,0,1,0,0,2,1,0,0,0,1,0,2,1,2,1,1,0,0,0,0,0,0,0,1,1,0,0,2,0,0,0,1,0,2,1,1,0,1,0,1,0,0,2,1,1,2,1,0,1,1,0,1,1,1,0,2,1,0,2,0,0,0,0,1,0,0,0,0,1,0,0,1,0,0,1,1,0,0,0,0,0,0
KL0218,0,0,0,1,0,1,0,0,1,0,1,1,2,1,1,2,0,1,0,0,0,0,1,0,0,0,1,0,0,0,1,1,0,0,1,0,1,1,1,0,0,1,1,0,0,1,0,0,1,0,1,2,0,1,0,1,0,1,0,0,0,0,0,0,0,0,0,0,1,0,0,0,0,0,0,0,1,1,1,0,1,0,0,0,1,1,1,0,1,0,1,1,0,1,0,0,0,1,0,0,1,1,0,1,1,1,1,0,0,1,0,2,0,1,0,0,1,1,1,1,0,0,0,0,0,0,0,1,1,1,1,1,0,0,0,1,0,0,0,0,0,1,0,1,0,2,1,1,2,1,0,0,0,0,0,1,1,1,1,0,1,0,0,0,0,0,0,0,0,0,0,0,0,1,0,0,0,1,0,0,0,0,0,0,1,1,1,0,0,1,1,2,0,1,0,0,1,1,1,1
KL0219,1,1,0,2,0,0,0,2,0,0,0,1,1,1,0,0,1,0,2,0,1,0,2,1,0,1,1,0,1,1,1,1,1,1,0,1,0,0,0,0,0,2,0,0,1,1,0,0,1,0,1,1,1,0,1,1,0,0,0,1,0,0,1,1,2,1,1,0,0,0,1,0,1,0,1,0,1,2,0,0,0,1,0,0,0,0,2,1,1,0,1,0,1,2,1,1,1,0,1,0,1,1,2,0,0,0,1,0,0,0,0,1,0,0,0,0,1,2,0,1,0,0,1,1,0,1,0,1,1,1,0,0,2,0,0,1,1,0,0,1,1,1,0,0,1,1,0,0,1,0,0,0,0,1,2,1,0,0,0,1,0,0,0,1,0,0,1,0,0,1,1,0,0,1,0,1,1,1,1,0,0,1,1,0,0,1,1,1,1,0,1,0,0,1,0,0,1,0,1,0
KL0220,0,0,0,1,0,0,0,1,0,1,0,1,1,1,1,0,0,0,1,0,0,0,0,2,1,0,0,0,1,0,1,2,1,0,0,0,2,0,0,0,0,1,0,0,1,0,0,0,1,2,1,1,1,0,0,1,1,0,1,2,0,0,1,1,0,0,1,1,1,1,2,0,0,0,0,1,0,0,0,2,0,1,0,0,0,2,1,0,2,0,1,1,2,1,0,0,1,0,0,0,0,0,1,1,1,1,1,0,0,2,0,0,1,0,1,1,1,2,1,2,0,0,1,1,0,1,0,1,2,1,0,1,1,0,0,2,0,0,0,0,0,2,0,0,0,0,0,0,2,1,2,0,0,0,1,0,1,1,0,1,0,0,0,1,1,1,0,0,0,0,2,0,0,2,1,1,0,0,0,0,0,0,1,0,1,1,1,1,1,0,0,1,0,1,0,1,1,0,2,0
KL0221,1,0,1,1,0,2,1,0,0,0,1,1,0,1,0,0,1,2,1,0,0,1,0,1,0,0,0,0,1,0,1,0,0,0,0,0,1,1,0,0,0,0,0,1,0,0,0,0,2,0,0,1,1,0,0,1,1,0,0,0,0,0,0,0,1,0,0,0,0,1,0,0,0,0,0,0,0,1,0,0,0,0,0,0,0,1,1,1,0,0,1,0,1,2,0,1,0,1,0,0,1,0,1,0,0,1,1,0,0,1,0,1,0,1,0,0,1,2,0,2,0,0,0,0,0,1,0,1,0,0,0,1,1,0,1,1,0,0,0,0,0,0,0,0,0,0,0,0,0,0,1,2,0,1,0,1,0,0,0,1,1,0,0,2,2,0,0,2,1,0,1,1,0,0,0,1,0,1,0,0,0,1,0,1,0,0,1,0,0,0,1,1,0,1,1,1,1,1,0,1
KL0222,1,0,0,1,0,1,1,1,0,0,1,0,0,0,0,1,0,1,0,0,0,1,1,0,0,0,0,1,1,0,0,0,2,0,1,0,2,0,1,0,0,0,0,2,0,1,2,1,1,2,0,2,0,0,1,2,2,0,0,0,2,0,0,0,0,0,2,0,0,1,2,0,0,1,0,1,0,1,1,0,1,0,0,0,0,0,0,1,0,0,0,0,0,1,0,1,1,1,0,0,1,1,1,0,2,1,1,0,1,0,0,1,2,2,1,1,1,2,2,0,0,0,1,1,0,1,0,1,0,1,2,0,1,0,0,2,0,0,0,0,0,1,0,0,0,0,2,1,1,1,1,2,0,0,1,2,1,1,0,1,0,1,2,2,0,0,0,0,0,0,0,1,0,1,1,1,0,1,1,0,0,0,0,0,0,1,1,0,1,0,1,0,0,1,0,0,0,1,2,0
KL0223,0,0,0,1,0,1,0,2,0,1,2,2,1,0,0,2,0,1,1,0,0,1,0,1,0,2,0,0,0,0,0,1,1,0,1,0,1,0,1,1,2,1,0,1,1,2,0,0,0,0,1,1,1,0,0,1,0,0,1,1,0,0,0,0,1,1,1,1,0,1,1,0,1,0,1,0,1,1,0,1,0,0,1,0,1,0,1,1,0,0,0,1,0,0,1,0,0,0,0,0,0,0,0,1,1,2,0,1,0,2,0,1,0,0,1,0,0,1,1,0,0,1,0,0,0,0,0,1,1,1,2,1,2,0,0,0,0,0,0,0,1,1,1,1,1,2,1,1,1,2,1,0,0,1,0,1,1,0,0,0,0,0,0,0,0,1,0,1,2,0,1,2,0,1,0,2,0,1,0,0,0,1,2,0,0,1,1,1,0,0,0,2,0,1,0,0,0,0,1,0
KL0224,0,0,0,1,0,1,1,1,0,0,2,0,0,1,1,1,0,1,0,0,1,0,1,2,0,0,0,0,1,0,2,0,0,0,2,0,1,0,2,0,0,0,0,0,0,1,0,0,0,1,1,1,0,0,0,1,1,0,1,0,0,0,0,0,0,1,1,0,1,1,0,0,1,0,1,2,0,1,0,1,0,0,0,0,1,0,0,1,0,0,1,0,0,0,0,0,0,0,0,0,1,1,1,0,1,0,2,0,0,1,0,1,0,0,1,0,1,0,0,1,0,0,1,0,1,2,0,0,1,1,0,0,2,2,0,2,2,0,0,1,0,0,1,1,0,1,1,2,2,2,1,0,1,0,0,1,1,0,0,1,0,0,1,1,1,1,1,0,1,0,1,0,0,1,1,1,0,0,0,0,1,0,2,1,0,0,0,1,1,1,0,0,0,2,0,1,0,0,1,1
KL0225,0,0,0,1,0,1,1,1,0,0,0,0,1,0,0,1,0,0,0,0,0,1,0,1,0,1,1,0,0,0,1,2,1,0,2,0,2,0,2,1,1,0,0,0,0,1,0,1,0,2,0,1,0,0,0,1,0,1,0,1,0,0,0,0,0,0,0,0,1,1,1,0,0,0,0,0,0,1,1,0,1,0,0,0,0,1,1,0,0,0,1,0,1,0,0,0,1,0,0,0,2,0,1,1,0,1,1,1,0,0,0,1,0,0,1,0,2,1,0,2,0,0,0,0,0,0,0,0,0,0,0,1,1,0,0,1,0,2,1,1,1,1,1,0,0,2,2,1,1,2,0,2,0,0,0,1,1,0,0,0,0,1,1,1,0,2,0,1,1,0,0,1,0,0,1,0,0,1,1,1,0,1,1,1,0,0,0,0,1,0,1,0,1,1,0,0,0,0,1,0
KL0226,0,0,0,0,0,0,1,0,1,0,1,1,0,0,0,1,0,0,2,0,0,2,0,1,0,0,1,0,1,0,0,1,2,0,1,0,1,1,0,0,0,0,1,1,0,1,0,0,0,1,0,0,1,0,0,0,1,0,1,2,1,1,2,0,1,1,0,1,0,1,1,0,2,0,0,1,1,2,1,0,1,1,1,0,0,1,2,1,1,1,1,0,0,1,0,2,0,0,0,0,0,0,0,0,0,1,0,0,0,1,0,0,0,0,1,1,1,0,1,0,1,1,0,0,0,1,0,0,1,1,0,0,1,1,0,0,1,0,1,1,0,1,0,0,1,1,0,1,0,1,1,1,0,0,0,1,0,0,1,0,1,1,0,1,0,1,0,1,0,0,0,1,0,2,1,1,1,0,0,0,0,0,1,0,1,0,1,2,0,0,1,2,0,1,0,1,0,1,1,1
KL0227,1,1,1,1,1,0,1,2,1,1,1,1,0,1,1,0,1,1,1,0,0,2,1,1,0,0,1,1,1,0,1,0,2,0,0,0,0,0,2,0,0,1,1,0,1,1,0,0,0,0,1,2,1,1,0,0,1,0,0,0,0,0,1,0,0,0,0,1,0,1,0,0,0,0,0,0,0,1,1,0,0,0,1,0,0,1,0,1,1,0,1,0,1,2,0,0,1,0,0,0,0,0,2,0,1,0,0,1,1,1,0,1,0,2,1,0,0,1,0,2,0,0,0,0,0,0,0,0,0,1,1,0,1,0,0,2,1,0,0,0,0,2,0,0,1,0,1,2,1,1,1,1,0,0,1,0,1,0,1,1,1,0,0,0,1,0,0,1,1,0,0,0,0,0,1,0,0,0,0,0,0,0,1,0,0,1,0,1,0,0,1,1,0,2,0,0,0,0,0,0
KL0228,0,0,0,1,0,1,1,2,0,1,1,1,1,1,0,1,1,0,1,0,1,1,1,1,0,0,1,0,1,0,1,0,1,0,0,0,0,0,0,0,0,1,0,1,0,1,0,0,0,0,1,0,0,1,0,0,0,0,2,1,0,1,0,0,0,0,1,1,0,2,1,0,1,0,0,0,0,1,1,0,0,1,1,1,1,1,1,0,1,0,0,1,2,1,1,2,0,0,0,0,0,0,0,1,1,0,1,0,0,1,0,1,0,1,2,1,0,1,1,1,0,0,1,1,0,0,0,0,0,0,2,0,0,0,0,1,0,2,0,0,1,2,1,0,0,0,0,1,2,0,0,0,0,0,2,1,1,0,0,0,0,0,0,1,1,1,0,2,0,0,1,1,0,1,1,1,0,1,1,0,0,0,0,0,0,0,0,1,0,1,0,0,1,1,0,0,0,0,1,0
KL0229,1,0,0,1,0,0,0,1,0,0,0,2,2,1,0,1,1,0,0,0,1,1,2,0,0,0,2,0,1,0,1,0,2,0,0,0,1,0,0,0,0,0,1,1,0,1,0,0,1,2,0,1,2,0,0,1,2,0,0,1,1,0,1,0,0,1,1,1,1,2,1,0,0,1,0,0,0,2,0,0,0,0,0,0,0,1,0,1,0,0,0,0,2,0,0,1,0,0,0,0,1,1,2,0,1,1,2,0,0,0,0,1,0,0,0,0,1,1,0,1,0,0,1,2,0,1,1,0,1,1,0,0,0,1,0,1,1,0,0,0,0,0,0,1,0,0,0,0,0,1,0,1,0,0,0,0,1,0,0,0,0,0,0,0,2,1,1,0,0,0,1,1,0,0,1,1,0,0,0,0,0,0,0,0,0,1,1,0,1,0,0,0,0,2,1,0,0,1,0,0
KL0230,0,0,0,0,0,2,0,1,0,1,0,0,1,1,1,0,1,1,1,0,1,1,0,2,0,0,1,1,1,0,1,0,0,0,1,0,1,2,1,0,0,1,1,0,1,2,0,0,0,0,0,1,0,1,0,0,1,0,0,1,0,0,0,0,1,1,1,0,0,0,1,0,0,1,0,0,0,0,0,1,0,0,0,0,0,2,1,0,0,0,0,1,1,0,1,0,1,0,0,0,0,1,0,1,1,1,1,0,0,1,0,0,0,0,1,0,0,2,1,2,0,0,0,0,0,0,0,2,1,0,0,0,1,1,0,0,0,0,0,0,0,1,0,0,1,1,2,0,0,1,0,0,0,0,0,1,1,0,0,1,1,0,1,0,1,1,0,1,0,0,1,2,1,1,0,0,1,1,0,0,0,0,2,1,0,0,2,1,1,0,0,0,0,1,0,0,0,0,1,1
KL0231,1,0,0,1,1,1,1,1,0,0,1,0,0,1,0,0,0,1,1,0,0,1,0,0,0,1,1,0,1,0,2,0,1,0,1,0,2,1,2,0,0,0,0,1,0,1,0,0,0,2,0,1,0,0,0,1,0,0,1,0,0,0,0,1,1,0,1,1,0,1,0,0,1,0,0,1,0,2,1,1,0,0,0,0,1,1,1,0,0,0,1,0,0,2,1,1,0,0,1,0,0,0,0,2,1,1,0,0,0,1,0,0,0,1,1,0,0,1,1,2,0,0,1,0,0,1,0,2,0,1,1,0,1,0,0,1,0,0,0,1,0,2,1,1,0,1,0,1,1,1,0,0,0,0,1,2,2,0,0,0,1,2,0,1,0,0,0,2,0,0,1,0,0,0,0,1,1,0,1,0,2,0,1,0,0,1,0,1,0,1,1,1,0,0,0,0,0,1,1,0
KL0232,0,0,0,1,1,0,0,1,0,0,0,0,1,1,0,1,1,0,0,0,1,1,0,1,0,0,1,0,0,1,2,0,1,1,1,0,1,0,1,0,0,0,0,0,0,2,0,0,1,1,2,2,2,0,0,1,2,0,1,0,0,0,0,0,0,0,2,0,0,2,0,0,0,0,0,0,0,1,1,1,0,0,1,0,0,0,0,1,0,0,0,0,1,1,0,1,1,1,0,0,0,0,1,0,2,2,2,1,0,2,0,1,1,0,2,0,1,0,1,0,0,0,0,0,0,0,0,2,1,0,0,0,1,0,0,0,0,0,0,0,0,1,0,0,0,2,1,1,0,1,1,0,0,1,0,2,2,0,0,1,0,0,0,0,0,1,0,1,0,0,0,0,0,1,0,1,0,0,0,0,1,1,0,1,1,1,0,1,0,1,1,1,0,1,0,0,1,0,1,1
KL0233,0,0,0,1,0,0,0,1,0,2,0,1,0,0,0,0,2,1,1,0,0,0,0,0,0,0,1,0,1,0,1,1,2,0,0,0,0,0,1,0,0,0,0,0,0,1,0,0,1,2,0,2,1,0,0,1,0,0,2,0,1,1,0,0,1,1,1,2,1,1,1,0,0,0,1,1,1,1,2,1,1,0,1,1,0,1,0,2,0,0,0,0,1,0,0,0,1,0,0,0,0,1,0,2,0,1,0,0,0,1,0,0,0,0,0,0,1,0,1,0,0,0,1,0,0,0,1,1,0,0,0,0,1,0,0,2,1,0,0,0,0,0,0,0,1,1,1,1,2,1,1,0,1,1,1,0,2,0,1,0,2,0,0,0,1,0,1,1,0,0,0,0,1,1,1,0,0,0,0,0,1,0,1,1,0,0,2,2,1,0,0,0,0,1,0,0,0,0,1,0
KL0234,1,0,0,1,1,0,1,1,0,1,1,2,0,1,0,1,2,0,1,0,1,1,0,1,0,0,1,0,1,1,1,0,0,0,0,0,0,0,1,0,0,1,0,1,1,1,0,0,1,1,0,2,2,0,0,0,0,0,0,0,0,0,1,1,0,1,1,1,0,1,2,1,0,1,0,0,0,1,1,2,0,0,0,0,0,1,1,0,0,0,0,0,1,1,0,0,1,0,0,0,2,1,0,1,1,1,1,0,0,2,0,1,0,0,1,0,0,1,0,1,0,0,1,0,0,0,0,2,1,0,0,1,0,0,0,1,0,0,0,0,0,2,0,0,1,1,0,0,0,0,0,0,0,0,1,0,2,1,0,1,0,0,1,1,1,0,0,1,0,0,0,0,0,0,2,2,0,0,0,0,1,0,1,0,0,1,1,0,0,0,1,1,0,1,1,0,0,1,1,2
KL0235,0,0,0,1,1,1,2,1,0,0,1,1,1,0,0,0,1,1,1,0,0,2,1,0,0,0,0,1,0,1,1,1,1,0,1,0,2,0,2,0,0,1,0,1,1,0,0,0,0,2,0,0,2,0,0,1,0,0,0,1,1,0,0,0,0,2,0,0,1,1,1,0,1,1,0,1,0,2,0,0,1,0,2,0,0,0,0,0,0,0,0,0,1,1,0,1,0,0,0,0,1,0,1,0,0,2,0,0,0,1,1,0,0,0,0,1,0,0,0,2,1,0,2,0,0,1,1,0,1,0,2,1,0,0,0,1,0,0,0,0,0,0,0,1,0,0,1,0,0,1,0,1,0,0,0,1,1,0,1,1,0,0,0,0,0,0,0,1,1,1,0,1,0,1,1,2,0,0,0,0,0,1,1,1,0,0,1,1,0,1,1,2,0,1,0,1,2,1,1,1
KL0236,0,0,0,2,1,0,1,2,0,0,2,0,0,1,0,0,1,0,2,0,2,1,1,0,0,0,0,0,1,0,1,0,0,0,1,0,0,1,0,0,1,1,0,1,0,2,1,0,0,0,0,2,1,1,0,0,1,0,1,0,0,1,1,0,1,0,0,2,0,1,0,0,0,0,1,1,0,2,0,0,0,0,1,0,0,0,1,2,1,0,1,1,1,2,1,0,0,0,1,1,0,1,0,0,1,1,1,1,0,0,1,0,1,0,0,1,1,0,0,0,1,0,0,1,0,1,0,1,1,0,1,1,0,0,0,2,0,1,0,1,0,2,2,0,0,0,2,0,1,2,0,1,1,1,0,1,0,0,0,1,0,2,0,0,1,0,0,0,1,0,0,0,2,1,2,0,0,0,0,0,2,1,0,0,1,0,0,2,0,0,1,0,0,0,0,0,2,0,1,0
KL0237,0,0,0,1,0,1,1,1,0,0,1,0,1,1,0,0,2,1,1,0,0,1,0,0,0,1,1,0,0,1,1,1,2,2,0,0,1,1,1,0,0,1,0,2,0,2,0,0,0,2,1,2,0,2,0,1,1,0,1,1,0,0,0,0,0,1,0,1,0,1,2,0,1,0,0,0,2,2,0,1,0,0,0,0,0,1,0,0,0,1,1,0,0,0,0,1,0,0,0,0,0,0,0,0,1,2,1,0,1,1,0,2,1,1,2,1,0,1,1,0,0,0,1,0,0,0,0,1,1,0,2,0,1,1,1,0,1,0,0,0,0,1,0,1,0,0,1,0,1,1,1,1,0,1,0,2,1,0,0,0,1,1,0,2,1,0,0,0,0,0,0,0,0,0,2,1,0,1,0,0,1,0,0,0,0,1,2,2,0,0,0,0,0,0,0,0,1,1,1,0
KL0238,2,0,0,0,0,1,1,1,0,0,1,1,0,1,1,1,2,1,1,0,0,1,0,0,0,0,2,0,0,0,2,0,0,1,0,0,2,0,2,0,0,1,0,0,1,2,1,0,0,1,1,1,0,1,0,0,1,0,0,0,1,0,1,0,0,1,1,1,1,2,2,0,0,0,1,0,0,2,2,0,0,0,0,0,0,1,2,2,1,0,1,0,1,1,0,0,0,0,0,0,0,0,0,1,1,1,1,1,0,0,0,1,1,0,1,1,0,0,0,1,0,0,0,0,0,1,0,2,0,1,0,0,0,1,0,1,0,0,0,0,0,1,0,0,1,1,1,0,1,2,1,2,0,0,0,0,1,0,1,1,1,0,0,0,1,0,0,0,0,1,0,1,1,0,0,1,1,1,0,0,0,0,0,0,1,1,1,1,1,0,0,1,0,1,0,0,1,1,1,0
KL0239,1,0,0,1,1,1,2,1,0,1,2,0,1,1,0,0,1,0,2,0,0,0,2,2,0,0,1,1,0,1,1,0,1,0,0,0,1,0,0,2,0,1,0,1,1,0,0,1,1,1,0,2,0,1,0,0,1,1,0,1,1,0,0,0,1,1,1,0,0,0,1,0,1,0,1,0,0,0,0,0,0,1,1,0,1,2,1,2,1,0,1,1,2,1,0,0,0,0,0,0,1,0,1,1,1,1,0,0,0,1,0,0,0,0,0,0,0,1,0,0,0,0,0,0,0,1,0,2,0,1,1,1,1,0,0,1,1,0,0,1,0,1,0,0,0,2,0,1,0,1,1,1,0,0,0,0,1,0,1,0,1,1,1,1,1,1,0,0,0,0,1,2,1,0,1,1,0,2,0,0,0,0,0,1,2,0,1,2,0,1,1,2,0,0,0,0,0,0,1,0
KL0240,1,1,0,2,1,2,2,1,0,0,0,2,0,0,1,0,1,0,2,0,1,0,0,0,0,0,0,1,1,0,1,1,0,0,1,0,1,0,1,0,1,1,1,1,0,0,0,0,1,2,0,2,1,0,0,1,0,0,1,0,1,0,0,0,0,0,0,0,0,2,0,0,0,1,0,0,0,0,1,0,0,0,1,1,0,1,0,0,0,0,0,0,1,1,0,0,1,0,0,0,1,0,1,1,1,1,0,1,0,1,1,0,1,0,1,0,0,1,1,1,0,0,1,0,0,0,0,1,0,0,0,0,2,1,0,1,0,0,0,0,0,2,0,0,0,1,1,0,1,0,1,2,0,2,1,2,1,0,0,1,0,0,1,1,1,1,0,1,0,0,0,1,0,1,1,1,0,1,0,0,0,0,1,1,0,1,1,0,1,0,0,0,0,0,0,0,1,1,1,1
KL0241,0,0,0,1,0,1,0,1,0,0,1,0,1,1,0,0,0,0,1,0,1,1,1,2,0,0,1,0,1,0,0,1,0,0,0,0,1,0,0,0,0,0,2,1,1,1,0,0,1,0,1,0,0,1,1,0,1,0,1,1,0,1,0,0,0,0,1,0,0,1,1,0,0,1,1,1,0,1,0,0,0,1,0,2,1,1,0,1,1,0,1,0,0,0,0,0,0,0,0,0,1,1,0,2,2,0,2,1,0,1,0,1,0,1,2,1,2,0,0,1,1,0,1,0,0,1,0,2,1,0,1,0,1,1,0,0,1,0,0,1,0,0,1,1,1,2,0,2,1,0,0,0,0,0,0,0,0,0,0,0,0,0,0,0,1,0,0,0,0,0,0,1,0,0,1,0,0,0,0,1,1,0,0,0,1,1,1,0,0,1,0,1,0,2,0,0,0,0,2,2
KL0242,0,0,0,2,0,0,2,0,0,0,1,1,2,0,1,1,0,0,0,0,1,2,0,0,1,0,1,1,0,0,1,0,2,0,0,0,2,0,0,0,0,0,0,2,0,0,0,0,1,1,0,1,1,1,0,1,0,0,1,1,0,1,0,0,1,1,2,0,0,2,0,0,0,0,0,0,0,1,1,1,0,0,0,1,1,1,1,1,0,0,1,0,2,1,1,0,0,1,0,1,0,0,0,1,1,2,2,1,0,0,0,0,1,0,0,0,2,0,0,0,0,1,0,0,0,0,0,1,1,1,0,0,2,0,1,0,0,0,0,1,0,2,0,1,1,0,2,0,1,1,0,1,1,0,0,0,1,0,1,0,0,0,0,0,2,1,1,1,1,2,0,1,0,1,1,0,0,1,0,0,0,0,2,0,2,2,1,1,0,0,1,2,0,2,0,0,1,1,1,0
KL0243,0,1,0,1,0,0,1,0,0,0,1,0,1,0,0,1,0,0,0,0,0,1,1,2,0,0,2,0,0,0,0,1,2,0,2,0,0,0,1,1,0,2,1,0,1,0,2,1,1,0,0,1,2,1,0,1,0,0,0,0,1,0,0,0,1,1,0,1,0,1,1,0,0,0,1,0,0,0,1,0,0,0,1,0,1,0,1,2,1,0,1,1,1,1,0,0,1,0,0,0,1,0,0,0,0,0,1,0,0,0,0,0,0,1,0,2,2,1,1,2,0,1,1,0,0,2,0,1,0,0,0,1,1,0,0,2,0,0,0,0,0,1,0,0,1,0,0,2,1,0,1,0,1,0,0,0,1,0,1,0,0,0,0,1,0,1,0,1,0,0,1,0,0,1,0,1,2,0,0,1,0,0,0,0,1,0,1,0,1,0,0,1,0,1,0,1,0,1,0,1
KL0244,0,0,1,1,0,0,0,0,0,0,0,0,0,1,0,0,0,0,1,1,0,2,1,1,0,1,2,0,0,0,1,1,2,0,0,1,2,0,0,2,0,0,1,1,1,2,0,0,1,0,0,1,0,0,0,2,1,1,0,1,0,1,0,0,0,0,2,0,0,2,0,0,2,0,0,0,0,1,2,2,0,0,1,0,0,0,0,0,0,1,1,0,2,1,0,0,0,0,0,0,1,1,0,0,1,0,1,0,0,1,0,0,0,0,1,0,0,1,0,1,0,0,0,0,0,1,1,2,0,1,0,1,1,0,0,1,1,0,0,0,0,1,1,0,1,1,0,1,0,0,0,1,1,2,1,0,1,0,0,0,0,1,1,0,0,1,0,2,0,0,1,1,0,0,1,0,1,1,0,0,2,0,1,0,0,2,0,0,0,1,0,2,0,0,1,0,0,0,0,1
KL0245,0,0,0,1,0,1,0,2,0,0,0,1,1,0,0,0,1,1,1,0,0,0,0,0,0,0,1,0,1,0,0,1,1,1,2,0,1,0,1,1,0,0,0,2,2,1,0,0,2,1,1,1,1,0,1,1,0,1,1,1,0,0,1,1,1,1,0,1,1,1,0,0,1,0,0,0,1,1,1,0,0,0,0,0,0,1,1,2,0,0,1,0,1,1,0,1,1,1,0,0,1,0,1,1,0,0,0,0,1,1,0,1,1,1,2,0,1,0,0,1,0,0,1,0,0,1,0,1,0,0,1,1,1,1,0,0,0,0,1,1,0,1,1,1,0,1,0,1,0,1,0,1,1,1,1,0,1,0,0,0,1,0,0,1,0,0,1,0,0,0,1,1,0,0,0,1,0,0,0,0,1,0,0,0,1,0,1,0,1,1,0,2,0,1,0,0,0,0,0,1
KL0246,0,0,0,1,0,2,2,1,0,1,1,1,2,0,1,2,0,0,1,0,0,1,1,1,0,0,0,0,1,0,1,0,0,0,1,0,2,1,1,0,0,1,1,0,0,2,0,0,0,0,0,1,0,0,0,1,0,0,1,1,1,2,0,0,0,2,2,0,1,0,2,0,0,0,0,0,0,2,1,0,0,0,0,0,0,1,0,1,0,0,1,0,2,1,0,0,1,0,0,0,1,0,1,1,2,1,1,0,0,0,1,1,1,0,1,2,2,1,0,0,0,1,1,1,0,1,0,2,1,1,1,0,0,0,0,0,0,1,1,1,0,0,1,0,0,1,0,0,0,2,1,0,0,0,0,1,1,0,0,0,1,0,0,1,1,0,0,1,0,0,1,1,0,0,0,0,0,0,0,0,0,1,0,1,0,1,0,2,0,0,0,1,0,0,0,1,1,0,1,1
KL0247,2,1,0,0,0,0,1,1,0,0,2,0,0,1,0,0,0,0,0,0,0,1,1,0,0,1,2,0,0,0,0,1,0,1,1,1,2,0,1,0,0,1,0,1,0,1,1,0,1,1,2,1,0,1,0,0,0,0,0,1,0,0,0,1,1,0,0,1,1,1,1,0,0,0,0,0,0,1,2,1,0,0,1,0,0,1,0,0,0,1,2,1,1,1,0,0,0,0,0,2,0,0,1,1,2,0,0,1,0,2,1,2,0,0,2,0,1,1,0,2,0,0,2,0,1,1,1,0,0,0,0,0,2,0,0,0,1,1,0,0,1,2,0,0,0,0,0,1,1,0,1,0,0,0,0,1,0,0,0,0,0,0,0,1,1,2,0,0,0,0,0,1,0,1,0,0,1,1,0,0,0,0,0,0,1,0,0,2,0,0,0,1,0,1,1,0,1,0,0,0
KL0248,1,0,0,0,1,1,2,1,0,1,2,1,0,1,0,1,0,0,1,0,0,1,1,2,0,1,0,0,2,2,0,1,1,0,0,0,1,0,2,0,1,1,0,1,1,2,1,0,0,2,0,0,1,0,0,0,0,0,0,0,1,0,0,0,0,1,2,0,1,1,0,0,1,0,0,0,0,0,0,0,0,0,0,0,0,2,2,1,0,0,1,1,2,0,0,1,0,0,1,1,1,0,1,1,2,0,0,0,0,0,0,0,0,1,1,0,1,0,0,0,0,0,0,0,0,2,0,1,0,0,0,0,1,0,0,0,1,0,0,1,0,1,0,0,0,2,2,0,1,2,0,0,0,0,0,1,1,0,1,1,0,2,0,1,1,1,1,1,1,0,1,2,1,2,0,1,0,1,0,0,1,0,0,0,1,1,0,2,1,0,2,0,0,1,0,0,0,0,1,1
KL0249,1,1,0,1,1,1,2,1,2,1,1,1,1,1,0,1,0,0,1,0,2,0,0,0,1,0,1,0,0,0,0,2,0,0,1,0,2,0,0,0,0,0,0,1,0,1,1,0,1,0,1,0,0,1,0,0,1,1,0,1,0,1,1,0,0,1,0,0,0,0,1,0,0,0,0,2,0,2,1,0,0,0,1,0,0,0,0,0,2,1,1,0,1,1,1,0,0,0,0,0,2,1,1,1,2,1,1,2,0,2,0,1,0,1,2,0,0,1,0,1,0,0,2,0,0,1,0,0,0,0,1,0,1,0,0,2,1,0,0,0,0,2,0,1,1,1,0,1,2,1,1,0,0,0,1,0,0,0,0,1,1,0,0,0,0,0,0,1,0,0,0,1,0,0,0,1,0,1,0,0,0,1,1,0,0,0,0,0,1,1,0,1,0,1,0,0,2,0,1,2
KL0250,1,1,0,1,0,1,0,0,0,0,1,1,2,0,0,1,0,2,1,0,0,0,1,0,1,1,1,0,0,0,0,1,1,0,1,0,2,0,1,0,0,0,1,1,0,0,1,0,2,1,0,2,1,1,0,0,1,0,0,1,0,0,0,1,0,0,0,1,0,1,1,0,1,2,0,1,0,1,0,0,0,0,0,0,0,0,0,1,1,1,0,0,2,1,0,0,2,0,0,0,2,1,0,0,1,2,1,0,0,0,0,2,0,0,1,0,0,1,0,0,0,0,2,0,0,0,0,1,1,0,2,0,1,0,0,2,0,0,0,0,0,2,0,0,1,0,0,1,0,1,0,0,0,0,0,0,1,0,0,0,0,1,0,1,1,1,0,0,0,0,0,1,0,1,0,0,0,1,0,0,1,0,1,0,1,0,1,1,0,1,0,1,0,2,0,0,0,0,0,0
KL0251,1,1,0,2,1,1,1,1,0,0,1,0,0,0,0,0,0,2,2,0,0,1,0,2,0,0,0,1,2,0,0,0,0,0,0,0,2,0,2,0,0,0,0,1,1,1,1,0,1,2,0,1,2,0,0,0,1,0,1,0,0,0,1,0,0,0,1,2,1,0,2,0,0,0,0,1,0,0,1,0,0,0,0,0,0,1,0,0,0,0,1,0,1,0,0,0,1,0,0,0,0,0,1,0,1,1,1,0,0,2,0,1,0,1,1,0,0,0,0,1,0,0,1,0,0,1,1,1,1,0,1,0,1,0,0,1,0,0,0,1,0,1,1,0,0,1,0,0,0,0,1,0,0,0,1,0,1,0,0,0,0,0,0,2,1,0,0,1,1,0,2,0,0,0,1,1,0,1,0,1,0,0,1,0,0,2,0,1,1,0,2,0,0,1,0,0,1,1,1,1
KL0252,0,1,0,0,1,0,1,1,0,0,1,0,1,0,0,0,1,0,2,0,0,1,0,2,0,0,1,0,1,1,2,1,0,1,0,1,0,0,0,0,0,1,1,0,1,0,1,0,0,1,0,2,0,0,0,0,1,0,1,0,1,1,0,0,0,1,1,0,1,0,2,1,0,1,0,1,1,1,1,0,0,0,0,0,0,0,0,0,0,0,0,0,1,2,1,0,0,0,0,0,2,0,2,0,1,1,1,0,0,1,0,2,1,0,2,0,1,0,0,2,0,0,0,0,0,1,0,1,1,0,2,1,0,0,0,0,1,0,0,0,0,1,0,1,0,1,0,1,1,0,1,1,0,1,0,0,1,0,0,1,0,0,0,0,1,0,0,2,0,0,1,1,1,1,0,0,0,1,0,1,0,0,2,0,1,0,2,1,0,0,0,1,1,0,0,0,0,1,2,0
KL0253,0,0,0,2,0,1,0,1,0,1,0,2,0,1,0,2,1,1,1,0,0,1,0,0,0,0,0,0,1,0,1,0,1,0,0,0,1,0,0,0,0,0,0,0,1,1,0,0,1,0,1,2,0,0,0,0,0,0,1,0,1,1,0,0,1,0,1,0,2,1,0,1,0,0,1,0,0,1,1,1,0,0,0,0,1,0,1,1,1,0,0,0,2,0,0,1,0,0,0,0,0,0,0,0,0,1,0,1,0,1,0,1,0,0,1,0,2,0,1,1,0,0,0,0,0,1,1,2,0,1,2,1,0,0,0,0,1,0,0,0,0,1,0,1,0,1,1,0,0,0,1,0,1,0,1,1,0,1,0,0,0,1,0,1,1,0,0,0,0,0,0,0,0,0,1,2,0,1,0,0,1,0,1,0,2,1,0,0,1,1,0,0,0,0,0,0,1,0,2,0
KL0254,1,0,0,1,1,1,0,2,0,1,1,1,2,1,0,1,1,2,1,0,0,1,0,0,0,0,0,0,1,0,1,0,2,0,1,0,1,0,1,0,0,1,0,2,0,2,0,1,0,1,0,1,1,2,0,0,0,0,1,0,0,0,1,0,0,1,1,0,0,0,1,0,1,1,2,1,1,2,0,1,0,0,0,0,0,1,1,2,0,0,1,0,1,1,1,0,0,1,0,0,1,0,1,0,1,1,0,1,0,0,0,1,0,0,2,1,1,0,0,0,0,0,0,0,0,0,1,2,0,2,0,0,0,1,0,0,0,0,0,1,0,0,0,2,0,0,2,0,0,1,1,1,0,0,0,1,0,1,1,2,1,0,1,0,0,0,0,2,0,0,2,1,0,0,1,1,0,1,0,0,0,0,1,0,0,1,0,0,0,1,1,0,1,1,0,1,1,1,0,2
KL0255,0,0,1,2,0,1,1,2,0,1,0,1,1,0,1,2,1,0,1,0,0,0,0,1,0,0,1,0,2,0,2,1,0,0,0,0,1,0,0,2,0,0,0,0,0,0,0,1,1,0,1,1,1,0,0,1,1,0,1,0,0,0,0,0,1,0,1,0,0,1,1,0,0,0,1,1,1,1,1,2,0,1,0,0,2,0,0,1,0,1,0,1,1,0,0,0,1,0,1,0,1,0,1,0,2,0,0,0,0,2,0,0,0,0,2,0,0,1,0,1,0,0,0,0,0,1,0,1,0,1,2,0,1,0,0,0,1,1,0,2,0,0,1,0,1,0,2,2,0,1,1,1,0,0,1,0,1,0,0,0,0,0,1,0,0,0,0,1,0,1,0,1,0,1,1,2,0,1,0,1,1,0,0,0,1,1,1,1,1,0,0,0,0,1,0,0,0,1,1,0
KL0256,1,0,0,1,0,2,1,0,0,0,0,1,0,0,0,0,0,0,2,0,1,1,1,2,0,0,1,0,0,0,0,0,0,0,0,0,1,0,0,1,0,2,0,1,0,0,0,0,0,1,0,2,0,1,0,0,0,1,1,2,0,0,0,0,2,0,0,1,0,0,0,0,1,0,0,0,0,1,2,0,0,0,0,0,0,1,1,1,1,1,0,0,1,1,1,1,0,1,0,1,1,1,1,0,2,0,0,0,0,1,0,1,0,1,0,0,1,1,1,1,0,1,0,0,0,1,1,0,0,0,2,0,0,0,0,1,1,0,0,1,0,1,0,0,0,1,0,0,0,1,1,0,0,0,1,2,0,0,0,1,0,0,0,2,0,1,0,1,0,2,0,0,0,2,1,2,0,0,1,0,0,0,0,0,1,1,1,0,0,0,0,0,0,1,1,0,1,1,0,0
KL0257,0,0,0,0,1,1,2,1,0,1,0,2,0,1,0,0,0,0,2,0,0,0,0,1,0,0,1,0,2,1,1,2,1,0,0,0,1,0,1,1,0,0,0,0,0,2,2,0,0,1,0,1,1,0,1,0,1,0,1,0,0,0,0,1,0,1,0,1,0,0,2,0,1,0,1,1,1,1,0,0,0,0,1,0,0,0,0,1,0,0,0,0,1,0,1,1,0,0,0,0,1,1,0,0,0,0,1,0,0,2,1,0,0,2,2,1,0,1,1,2,0,0,0,0,0,0,0,1,0,1,1,1,0,0,0,0,0,0,0,1,0,1,0,1,0,0,0,1,1,0,0,1,0,2,1,0,1,0,0,0,0,0,1,1,0,0,0,1,0,1,1,1,1,0,2,2,0,0,0,0,0,0,2,0,0,1,0,1,0,0,0,0,0,2,0,1,1,0,0,0
KL0258,1,0,0,1,0,0,0,1,0,1,0,1,2,0,1,2,0,0,1,0,0,0,0,1,0,1,2,0,1,0,2,0,1,0,0,0,2,0,2,1,0,0,0,1,0,2,2,0,0,1,1,1,0,0,0,0,0,0,0,0,0,0,1,0,1,0,0,2,1,2,1,0,1,0,1,0,0,0,1,0,0,0,1,0,0,0,0,1,0,0,1,1,1,1,0,1,0,0,0,0,1,0,0,1,2,2,0,0,0,2,0,1,0,0,2,0,2,2,0,1,0,0,0,0,1,1,0,1,0,0,1,0,1,0,0,2,2,0,0,0,0,0,1,0,1,0,0,0,2,0,0,1,0,1,2,1,1,0,1,1,1,0,1,1,0,0,0,0,0,0,1,0,0,0,1,2,1,2,0,0,1,2,1,1,1,0,0,1,0,0,1,1,1,1,0,0,0,0,1,0
KL0259,0,1,0,1,0,0,0,1,0,1,0,0,0,0,0,0,0,1,0,0,0,0,0,1,0,0,2,0,0,0,1,0,1,0,1,0,2,1,1,0,0,0,0,0,0,1,0,1,1,2,0,0,2,0,0,1,0,2,2,1,0,0,0,0,0,0,1,0,1,0,2,0,0,0,1,0,0,2,0,0,0,0,0,0,1,1,0,1,1,0,0,0,0,1,0,0,0,0,0,0,1,1,1,1,0,2,1,0,0,1,0,1,1,0,2,1,1,0,0,2,1,0,1,1,1,0,0,1,0,2,1,0,1,0,0,1,1,0,0,1,0,2,0,1,0,1,1,1,1,0,1,2,1,0,0,0,2,0,0,1,0,0,1,0,1,0,0,1,2,0,2,1,0,1,0,2,1,0,1,1,0,0,0,1,0,1,1,2,0,0,0,1,0,1,0,0,0,1,1,0
KL0260,1,0,0,0,2,1,2,0,0,0,1,0,0,0,0,1,1,1,0,0,1,0,0,0,0,0,2,0,1,1,2,1,2,0,1,0,2,0,2,0,0,0,1,0,0,1,0,0,2,0,0,1,0,1,0,1,1,0,0,1,0,0,1,0,0,0,1,0,0,1,1,0,0,1,1,1,1,1,1,1,0,0,1,0,0,2,0,1,1,0,0,1,1,1,1,0,1,0,1,0,0,0,0,2,1,0,0,1,1,1,0,1,2,0,0,1,1,0,0,0,0,0,1,0,0,2,1,0,2,1,1,1,1,0,0,1,1,1,0,1,1,1,1,0,0,1,2,1,0,1,0,0,0,1,1,1,1,1,0,1,1,0,0,0,1,1,0,1,0,0,0,1,1,0,2,2,2,1,0,0,0,0,1,0,0,0,1,1,1,0,1,0,1,1,0,0,0,1,1,1
KL0261,0,0,0,2,0,0,0,2,0,0,0,1,1,0,0,0,0,1,1,0,1,1,0,1,0,0,1,1,1,1,1,0,1,0,0,0,0,0,0,0,0,0,0,1,1,1,1,0,1,1,0,1,1,1,0,0,1,0,1,0,0,0,1,0,1,1,1,0,0,0,2,0,0,1,0,1,0,0,1,0,0,0,0,1,0,1,1,1,0,1,1,0,1,1,0,0,1,0,2,0,1,0,1,0,1,0,0,1,0,0,0,1,0,0,1,0,1,1,0,1,0,0,0,0,1,0,0,1,2,1,2,1,2,0,0,0,0,1,0,1,0,1,0,2,1,2,1,1,0,1,0,1,1,1,2,0,1,0,0,1,0,1,0,2,1,0,0,0,0,0,1,0,0,1,2,0,0,1,1,0,0,0,2,2,0,1,1,1,1,0,1,2,0,2,2,0,1,0,0,1
KL0262,0,0,0,0,0,1,2,1,0,0,1,0,1,0,0,0,0,1,1,0,1,2,1,0,0,0,0,1,0,0,1,1,0,0,0,0,1,0,0,0,0,0,1,2,0,1,0,0,2,1,0,1,1,0,0,1,0,0,1,0,0,0,0,0,1,0,2,1,1,0,1,0,1,0,0,0,1,2,1,1,0,0,1,0,1,1,0,0,0,0,1,0,0,1,0,1,1,0,0,0,1,0,0,0,2,1,1,1,0,1,0,0,0,0,0,0,0,1,0,2,1,0,1,0,1,1,0,1,0,0,0,1,1,0,0,1,0,0,0,0,0,0,0,1,0,1,0,0,0,2,0,1,1,0,1,1,0,0,0,2,1,1,0,1,2,1,0,1,0,0,0,1,0,0,0,0,0,1,0,0,1,1,0,0,0,0,0,2,0,0,2,1,0,1,0,1,2,1,0,2
KL0263,0,0,0,1,0,2,1,1,1,0,1,0,2,1,0,1,0,0,1,0,1,1,1,1,0,1,1,0,0,0,1,1,2,0,0,1,1,0,1,1,0,1,0,0,0,1,1,0,1,1,0,0,2,1,0,2,0,0,1,0,0,1,0,0,1,0,1,2,0,0,1,0,1,0,1,1,0,2,0,1,1,0,1,0,0,1,1,1,0,0,2,0,1,0,0,0,0,0,0,0,1,1,0,0,2,1,1,0,1,0,0,1,0,0,1,0,0,0,0,1,1,0,1,0,0,1,0,1,1,0,0,0,0,1,0,2,0,1,0,0,0,2,0,0,1,1,1,1,1,1,1,1,1,1,1,2,2,0,0,0,1,1,0,0,1,1,1,0,0,0,1,0,0,0,1,1,0,0,0,0,0,1,1,0,1,1,1,2,0,1,1,2,0,1,0,0,1,0,0,0
KL0264,0,0,0,1,1,1,2,1,0,0,1,1,1,1,0,1,1,0,0,0,0,0,2,1,0,0,2,0,0,0,2,0,1,1,0,0,2,0,1,0,0,0,0,1,0,1,0,0,0,1,0,1,1,0,0,0,1,0,1,1,1,0,0,1,0,0,1,2,0,2,2,0,0,1,0,1,0,0,0,0,0,0,0,0,0,1,0,1,0,1,0,0,1,0,0,0,0,0,0,0,0,0,0,0,1,2,0,0,1,1,0,1,1,0,1,0,0,1,1,1,1,0,1,0,0,1,0,1,1,0,1,1,1,0,1,1,1,0,0,0,0,1,0,0,0,1,2,1,1,2,0,2,1,0,1,1,1,0,0,0,1,1,0,1,0,1,1,0,0,0,1,1,0,1,1,2,0,1,1,0,1,0,1,1,0,1,1,1,1,0,0,0,0,0,1,0,1,0,0,0
KL0265,1,0,0,2,0,0,1,0,0,0,0,0,1,1,0,1,0,1,2,0,1,1,1,1,0,0,1,0,0,0,1,1,1,0,1,0,1,0,1,1,0,1,0,0,0,2,0,1,0,0,0,2,1,1,0,1,0,0,0,0,1,0,1,1,0,0,1,1,1,0,1,0,0,0,1,1,1,0,0,0,0,0,0,1,0,2,0,2,1,0,1,0,2,2,1,1,0,0,0,0,1,2,1,1,1,0,0,1,0,2,0,0,0,1,1,1,1,0,1,2,0,0,1,0,0,1,0,2,1,0,1,1,1,0,0,0,0,1,0,0,0,0,0,1,2,1,1,0,0,1,1,1,1,1,1,1,1,0,0,0,0,1,0,2,0,0,0,0,0,0,2,1,0,0,1,0,0,0,0,1,1,0,1,0,0,2,1,0,1,1,1,0,0,2,0,0,1,2,0,1
KL0266,0,0,0,1,0,1,1,1,1,0,0,1,1,0,0,1,0,1,0,0,0,0,1,0,0,0,1,1,1,0,1,1,2,0,0,0,2,0,0,0,1,0,0,1,1,2,0,0,2,1,0,1,0,1,0,1,0,0,1,0,0,0,0,0,0,0,0,0,0,0,1,0,0,0,0,0,0,0,1,0,0,0,0,1,1,2,2,1,1,0,0,0,2,0,0,0,0,0,0,0,0,1,1,0,0,1,1,0,0,0,1,1,1,2,1,1,2,1,1,1,0,0,0,0,0,1,0,2,0,0,2,1,0,0,0,2,1,0,1,0,0,1,0,1,1,0,2,0,0,1,1,1,0,0,1,1,2,1,0,1,1,1,0,1,0,0,1,0,0,0,0,1,1,1,1,1,0,0,0,0,0,0,1,0,2,1,0,0,1,0,2,2,0,1,0,0,0,0,1,1
KL0267,0,0,0,1,0,1,1,2,0,0,0,0,1,0,0,0,1,1,1,0,1,0,0,0,1,0,1,0,0,0,2,0,1,2,1,0,1,0,2,1,0,1,0,1,0,1,0,0,1,2,0,0,0,0,0,1,0,0,1,0,1,1,0,1,1,0,0,1,0,1,1,0,0,0,0,0,0,1,1,0,1,0,0,0,0,0,1,2,0,0,0,0,1,2,0,1,0,0,0,0,1,1,2,2,0,1,0,0,0,1,0,0,0,2,0,0,1,2,1,2,0,1,0,0,0,2,0,0,0,1,1,1,1,1,0,1,1,0,0,1,0,1,0,0,0,1,0,0,1,0,0,2,0,1,1,1,0,0,0,1,1,1,0,0,2,0,0,0,0,1,1,0,1,1,0,2,0,0,0,0,0,0,2,1,0,1,2,1,0,0,1,1,0,0,0,1,1,1,1,0
KL0268,0,0,0,1,0,1,1,2,1,0,0,1,1,1,0,2,0,1,1,0,0,0,2,2,1,0,1,0,0,1,2,0,0,0,0,0,2,0,1,1,0,0,0,0,0,1,1,1,1,0,1,1,1,1,0,0,0,1,0,0,0,0,0,1,1,1,1,0,0,1,0,0,0,1,1,0,1,0,2,0,0,0,0,0,0,1,0,0,0,0,1,0,0,1,0,0,0,0,0,0,2,1,1,1,1,1,0,0,0,1,0,1,1,0,1,1,2,0,0,1,0,0,0,1,0,0,1,0,0,1,0,1,1,0,0,1,0,0,0,0,1,0,0,1,1,0,0,0,2,1,0,1,0,0,0,1,1,0,1,0,0,0,0,0,0,0,1,1,1,0,1,1,1,1,0,2,0,1,0,0,1,0,0,0,1,0,1,1,0,0,0,1,0,2,0,0,0,1,1,0
KL0269,0,0,0,1,0,0,1,1,2,0,2,2,1,0,0,0,1,1,1,0,1,0,1,1,0,0,1,0,0,0,1,0,1,0,1,1,1,0,0,1,0,0,0,0,0,1,0,0,1,1,0,0,2,0,0,1,2,0,1,0,1,0,0,0,0,0,1,1,0,1,2,0,0,0,1,0,0,2,1,1,0,0,1,0,0,1,1,1,0,1,0,0,0,1,1,1,0,0,1,0,0,0,2,1,0,1,1,1,0,0,0,1,0,0,1,0,0,1,1,1,0,0,1,0,0,1,0,2,1,0,1,1,1,0,0,0,0,0,0,1,0,0,1,1,1,1,0,0,0,2,0,1,1,1,0,1,1,0,0,1,0,0,1,0,0,0,1,0,0,1,0,2,0,1,1,1,1,0,1,0,0,0,0,0,0,1,1,1,1,0,0,0,0,0,0,0,0,1,1,0
KL0270,1,0,1,0,0,0,1,1,0,1,0,0,0,1,0,1,0,0,1,0,0,1,1,1,0,0,1,0,0,1,1,2,2,0,1,0,0,1,1,0,0,1,1,1,0,1,1,0,0,1,0,0,0,1,0,0,0,0,0,0,1,0,0,0,1,1,1,0,0,1,1,0,0,0,0,0,0,0,1,1,0,0,1,0,0,2,0,2,0,0,1,1,1,0,1,0,0,0,0,0,1,0,0,0,1,1,0,1,1,2,0,1,1,1,1,2,1,0,0,0,0,0,0,0,0,1,0,1,0,0,1,0,1,0,0,1,0,1,0,1,0,1,0,0,0,1,1,0,1,1,1,1,0,0,0,1,0,0,0,0,0,1,0,1,2,0,0,2,0,0,1,1,0,0,1,1,1,0,0,0,1,0,1,0,2,0,2,0,1,0,0,0,1,2,0,0,0,2,0,0
KL0271,0,0,0,0,0,1,0,2,0,1,1,1,0,1,0,0,0,0,0,0,0,0,0,0,0,0,1,0,0,0,1,0,2,0,1,0,0,1,2,1,0,0,0,1,0,0,0,1,1,0,0,1,1,0,0,1,0,0,1,0,0,0,0,0,0,2,0,1,1,2,1,0,0,1,0,0,1,0,2,1,0,1,1,1,0,1,2,1,0,0,0,0,2,1,0,1,1,0,0,0,0,1,0,0,1,2,1,1,0,0,0,0,1,0,0,1,0,1,0,0,0,0,0,0,0,0,1,0,0,0,1,0,1,0,0,1,0,0,0,0,0,2,0,0,1,0,1,0,0,1,1,1,0,0,1,0,0,0,0,1,0,1,0,1,0,1,1,1,0,0,0,2,0,0,2,2,0,0,0,0,0,0,0,0,1,1,2,0,0,0,1,0,0,1,0,0,1,1,2,0
KL0272,0,0,0,0,0,2,2,1,2,0,0,0,0,0,0,0,2,0,1,0,0,2,0,0,0,1,2,0,1,0,1,1,2,1,1,0,2,0,1,0,0,1,0,2,0,0,0,1,2,1,0,0,1,0,0,1,0,1,0,1,1,0,0,2,0,0,0,1,0,0,1,0,1,0,0,0,0,0,1,1,0,0,0,0,0,0,0,2,1,0,0,0,1,2,0,0,0,0,0,0,2,0,0,1,1,2,0,1,0,1,0,1,0,1,2,1,0,0,0,1,1,0,1,0,0,0,1,1,2,0,1,0,1,1,0,0,0,0,0,0,0,2,0,0,0,2,1,1,2,0,0,1,1,0,0,0,0,0,0,0,0,0,0,1,0,0,0,2,1,0,1,0,0,1,1,1,1,0,0,1,1,0,1,0,1,1,1,1,0,0,0,1,0,1,1,0,0,0,1,1
KL0273,0,0,0,1,0,1,0,1,0,0,1,1,2,0,1,2,1,1,1,0,0,0,0,0,0,0,0,1,0,0,2,0,0,0,1,0,1,1,0,0,0,1,1,0,0,1,0,0,1,1,0,0,1,1,0,1,2,0,1,0,1,0,0,0,0,1,0,1,0,0,1,0,0,0,0,1,0,1,0,0,0,0,1,0,0,0,1,0,1,1,1,0,1,0,0,0,1,0,1,1,1,0,1,1,2,0,0,2,0,0,0,1,1,0,1,1,1,1,0,0,0,0,0,0,0,1,0,1,2,1,1,0,1,0,0,2,0,0,0,0,0,1,0,1,0,0,1,0,1,1,0,0,0,0,2,0,1,0,0,0,2,0,0,0,0,2,0,2,0,0,0,0,0,1,2,1,1,1,0,0,0,0,2,0,0,1,1,0,0,0,2,0,0,1,0,0,0,0,1,0
KL0274,0,0,0,0,1,0,2,0,0,0,1,1,1,0,0,0,0,0,1,0,0,1,0,0,0,0,2,1,1,0,1,0,0,1,0,0,1,0,1,0,0,2,0,1,1,0,1,0,0,1,1,1,1,0,0,1,1,0,1,1,0,0,2,0,0,0,0,1,0,2,1,0,0,0,0,0,0,1,0,0,0,0,0,0,0,0,0,1,0,0,1,0,2,0,0,1,0,0,1,0,2,0,2,2,0,2,1,0,0,0,0,1,0,1,1,0,1,2,1,1,0,0,0,0,0,1,0,2,1,1,0,0,2,0,0,2,0,0,0,0,0,1,0,1,0,1,0,1,2,1,0,0,0,0,0,1,1,0,1,1,0,0,0,1,0,0,1,1,0,0,0,0,0,1,1,0,0,1,1,0,0,1,2,0,0,0,0,1,1,0,0,0,0,1,0,0,1,1,2,0
KL0275,0,0,0,1,0,0,0,2,0,0,1,0,1,0,0,1,0,1,1,0,0,0,1,1,0,0,1,0,0,0,2,1,0,0,1,0,1,0,1,1,0,1,0,0,0,2,1,0,0,0,0,1,1,1,0,1,1,0,0,1,0,0,0,0,1,0,1,0,1,2,0,0,0,0,0,0,0,1,2,0,0,0,0,0,1,0,1,1,0,0,0,0,2,0,0,0,1,0,0,1,1,0,0,0,1,1,1,0,0,1,0,1,0,0,2,1,2,1,1,0,0,0,0,0,0,0,0,1,1,1,2,1,0,0,0,1,2,0,0,0,0,1,0,0,1,1,1,1,0,0,1,2,0,2,0,1,1,0,0,0,0,1,0,1,1,0,1,0,1,0,1,1,0,0,1,1,0,0,0,0,1,0,0,0,0,1,1,1,0,1,0,1,0,1,0,0,0,1,1,0
KL0276,0,1,0,2,0,1,1,1,0,0,0,1,0,2,0,0,0,0,0,0,0,0,1,0,0,0,1,0,0,1,0,0,1,0,1,0,1,1,0,0,1,0,0,0,1,2,0,1,2,0,0,0,1,0,0,0,0,0,1,0,1,0,0,0,0,0,0,0,1,1,2,1,0,0,1,0,1,0,1,0,0,0,0,0,0,0,0,1,0,0,0,0,0,0,0,0,0,0,1,0,2,1,1,1,2,2,2,1,1,1,0,1,0,0,1,2,1,1,1,1,1,0,2,1,0,0,1,2,1,0,1,0,2,0,0,1,2,0,1,0,0,1,0,0,1,2,1,1,1,0,2,0,0,0,0,0,1,0,0,0,1,0,0,0,0,0,0,1,0,0,1,0,0,0,0,2,1,1,0,0,0,0,2,0,0,1,1,1,0,1,1,1,1,2,1,0,0,2,2,1
KL0277,1,1,0,0,0,1,2,2,0,1,0,1,1,0,0,1,0,0,1,0,1,0,0,2,0,0,1,0,2,0,2,0,1,0,0,0,1,0,0,0,0,1,0,2,0,1,0,0,2,2,0,1,2,0,0,0,1,0,1,1,0,0,0,0,1,0,1,1,0,0,0,0,0,0,0,0,0,1,0,0,2,0,0,0,0,2,0,1,2,0,0,1,1,1,0,0,0,0,0,0,1,0,1,1,1,1,1,0,0,1,0,1,0,0,1,2,1,1,0,0,1,0,1,1,0,1,0,1,1,0,1,0,1,0,0,1,1,1,0,1,0,2,1,1,2,1,1,1,2,1,1,0,0,0,2,1,2,0,0,1,1,0,0,0,1,0,0,0,1,0,2,1,1,2,1,0,0,0,0,0,0,0,1,0,0,1,1,0,0,0,1,0,0,2,1,0,0,0,0,1
KL0278,1,0,1,1,1,2,0,0,0,1,1,2,1,0,0,1,1,0,1,0,1,0,1,0,1,0,1,0,1,0,1,0,1,0,0,1,0,1,0,0,0,1,0,2,0,1,0,0,0,1,0,1,1,0,0,1,1,0,0,0,0,0,0,0,1,1,1,1,0,0,2,0,0,1,0,1,0,1,2,0,0,1,0,0,2,1,1,1,0,0,1,0,1,0,0,0,0,0,0,0,2,0,0,2,1,1,1,1,1,1,0,0,0,0,1,0,0,2,0,1,1,0,2,0,0,0,0,1,0,0,0,1,2,1,1,0,0,0,1,1,0,0,0,1,0,0,1,1,2,1,0,0,0,1,0,1,0,0,0,1,0,0,0,0,1,0,0,1,0,0,1,0,0,1,1,1,1,0,0,0,0,0,2,0,0,2,1,2,1,0,1,1,0,2,0,0,2,1,1,1
KL0279,1,0,0,1,0,0,1,1,0,1,1,1,2,1,0,0,1,1,0,0,0,0,0,0,1,0,1,0,1,0,0,0,0,1,1,0,1,2,0,0,0,2,0,0,0,0,0,0,0,0,0,1,1,0,0,0,1,0,1,0,0,0,1,0,0,0,1,1,0,1,1,0,0,0,0,0,1,0,2,1,1,1,0,0,0,0,0,1,0,0,0,0,1,1,0,1,0,0,0,0,1,0,0,1,1,1,2,0,0,0,1,1,0,1,0,0,1,0,1,1,0,1,1,0,0,0,0,1,0,0,1,1,1,0,0,2,1,0,0,1,0,1,0,0,0,0,1,1,1,0,0,1,0,0,0,2,0,0,0,1,1,0,0,1,1,1,1,0,0,0,0,2,0,1,2,1,0,0,0,0,1,0,1,1,0,0,1,2,0,0,0,1,0,0,1,0,1,1,0,1
KL0280,1,1,0,0,0,2,1,0,0,0,2,0,1,0,0,1,0,1,0,0,0,2,1,1,0,0,2,0,0,0,1,0,1,0,0,0,0,0,1,0,0,0,0,2,2,1,0,0,0,2,0,1,1,0,0,1,0,0,1,0,0,1,0,1,1,0,2,1,0,1,1,1,1,0,0,1,0,1,1,0,0,0,0,0,0,0,1,0,2,0,1,0,0,1,0,0,1,0,0,0,0,0,1,1,1,1,1,0,0,0,0,0,0,1,1,1,1,0,1,2,0,0,0,1,0,1,1,0,0,2,1,1,1,0,0,0,0,0,0,0,0,2,0,1,1,0,1,0,0,1,0,0,0,2,1,1,0,0,0,1,1,1,0,1,1,2,0,1,0,1,1,0,0,0,1,0,0,0,0,0,0,0,1,0,2,1,1,1,0,1,0,1,0,1,0,0,0,0,2,0
KL0281,2,0,0,0,0,1,1,0,0,0,0,1,0,0,0,1,0,1,2,0,0,2,0,1,0,0,1,0,1,0,2,0,1,0,0,1,1,2,1,0,0,0,0,0,0,0,1,0,1,0,1,2,0,0,0,1,0,1,0,1,0,0,0,0,0,0,1,0,0,1,2,0,1,0,0,0,1,0,0,0,0,0,0,0,0,1,1,1,1,0,1,0,1,2,1,1,0,0,1,0,2,1,0,0,1,0,0,0,0,0,0,0,0,0,0,0,0,1,0,2,0,0,0,0,0,1,1,1,1,1,1,0,1,0,0,0,1,1,1,0,0,1,0,0,0,2,1,0,2,1,0,2,0,1,0,0,0,1,0,0,0,2,0,1,1,1,0,1,0,0,0,0,0,2,1,1,0,1,0,0,0,0,1,0,1,0,1,2,0,1,0,0,0,1,0,0,0,1,2,0
KL0282,1,0,0,1,1,0,2,1,0,0,1,1,1,0,1,1,1,0,0,0,1,0,1,0,0,0,0,0,1,1,1,0,1,0,2,0,1,0,2,0,1,0,0,1,0,2,0,0,1,1,0,1,1,0,1,0,0,0,0,0,1,0,0,0,2,2,0,2,0,1,2,0,0,0,0,0,0,0,0,0,0,0,1,0,0,1,0,0,1,0,1,0,0,0,1,0,0,0,1,1,0,0,0,1,0,0,0,0,0,1,0,2,0,1,2,0,1,1,0,1,0,0,2,0,0,1,0,2,2,0,2,0,1,0,0,1,0,1,0,0,0,2,1,2,0,2,0,0,1,1,1,0,1,1,1,1,0,0,0,2,1,0,0,0,2,1,0,1,1,1,2,0,0,0,1,0,0,0,1,0,0,0,1,0,1,1,1,2,1,2,0,1,0,1,1,1,1,0,0,1
KL0283,0,0,0,1,0,1,2,1,0,0,1,1,2,0,0,1,1,1,2,0,0,2,0,0,0,0,0,0,1,0,1,0,1,0,0,0,1,0,0,0,0,0,0,0,1,1,1,0,1,1,0,1,0,0,0,1,0,0,1,1,0,0,1,1,1,1,2,1,0,0,0,0,0,2,0,0,0,1,0,1,0,0,0,0,0,0,1,1,0,0,2,0,1,1,1,0,1,0,0,0,0,0,1,1,1,1,1,0,1,1,0,0,1,1,1,1,0,1,0,1,0,0,0,0,0,1,1,1,0,0,0,0,0,0,1,0,1,0,0,0,0,1,0,0,1,1,1,0,0,0,1,1,1,0,0,2,1,0,0,0,1,1,0,0,1,1,0,0,0,1,0,0,1,0,1,2,0,2,0,0,0,0,2,0,0,1,0,2,0,1,0,0,0,1,0,0,0,1,1,0
KL0284,0,0,0,1,0,2,2,2,1,1,1,0,0,1,0,1,0,1,0,0,0,0,0,0,0,0,0,0,0,0,1,0,1,0,0,0,1,0,2,0,0,0,0,0,0,0,0,0,0,1,0,1,0,0,0,1,1,0,1,0,0,0,0,0,0,1,0,2,1,1,2,0,0,0,0,1,1,1,1,0,1,0,0,0,0,0,0,0,0,0,1,1,1,0,0,0,0,0,1,0,0,0,1,2,1,0,1,1,0,1,1,1,1,0,0,0,2,1,0,2,0,0,1,1,0,0,0,2,2,1,1,0,2,0,0,1,1,0,0,0,0,0,0,0,1,2,0,0,1,2,0,1,1,0,2,1,1,0,0,0,0,2,0,1,0,0,0,1,0,0,1,2,0,0,1,1,0,0,1,0,1,0,1,0,0,0,0,1,2,0,0,1,0,2,0,0,1,0,1,1
KL0285,0,0,1,2,0,1,1,2,0,0,1,0,0,0,0,0,0,1,1,0,0,1,1,0,0,1,1,0,1,0,1,0,2,1,1,1,0,0,1,1,0,1,0,1,1,2,0,1,1,1,0,2,2,1,0,1,2,0,2,0,1,0,0,1,0,2,0,0,0,1,1,0,1,1,0,0,0,1,1,0,0,2,1,0,0,0,0,0,1,0,0,0,0,2,0,0,0,0,0,0,0,0,0,1,1,0,0,1,0,1,0,0,0,0,0,1,0,0,0,1,1,0,1,1,0,0,0,0,0,1,2,1,1,0,0,1,0,0,1,0,0,1,0,0,0,2,0,1,2,1,0,1,0,0,2,2,1,1,0,0,0,0,1,1,1,0,0,2,0,0,0,1,1,1,0,1,0,0,0,0,1,0,1,0,0,1,0,2,0,0,0,1,0,1,0,1,1,0,1,0
KL0286,1,0,0,1,0,2,1,1,0,1,1,1,0,1,0,0,1,1,2,0,0,1,1,1,0,0,1,0,0,0,1,0,1,0,0,0,1,0,0,1,0,1,0,1,0,2,0,0,1,1,0,1,2,1,0,1,0,0,0,0,1,0,1,1,0,1,0,0,0,2,2,1,1,0,0,0,0,0,2,1,0,0,0,1,0,0,1,2,1,0,0,0,1,2,1,1,0,0,0,0,0,1,0,1,2,2,1,1,0,0,0,1,0,1,0,0,0,1,0,1,0,1,0,0,1,1,1,1,0,0,0,0,2,0,0,1,1,1,0,0,0,0,1,0,1,2,1,0,0,1,0,1,1,1,1,1,0,0,0,0,1,0,0,0,1,1,0,0,0,1,0,2,0,0,0,0,0,0,0,0,1,1,0,0,1,0,0,2,0,0,0,1,0,1,0,0,0,0,0,0
KL0287,2,0,1,1,1,2,0,2,1,0,1,1,2,0,0,1,0,0,0,0,1,1,0,0,0,1,1,1,1,0,1,0,0,0,0,0,1,1,1,0,0,0,0,1,0,2,0,1,1,2,1,2,2,0,2,1,0,0,1,1,1,0,0,0,0,0,0,2,0,0,1,0,1,0,1,2,1,1,2,1,0,0,0,0,0,1,1,1,0,0,1,0,1,2,0,0,0,0,0,0,1,0,1,1,1,0,1,0,1,1,0,2,0,1,0,1,1,1,0,0,0,0,0,0,1,1,0,0,1,2,2,0,1,0,0,0,0,1,0,0,1,0,0,1,1,0,0,0,2,1,0,2,0,0,0,1,2,0,0,0,1,0,1,0,0,0,0,1,0,0,1,1,0,0,2,1,1,2,0,0,0,1,1,0,0,1,0,2,0,0,2,0,0,1,0,1,0,1,0,0
KL0288,0,0,0,1,0,1,0,1,0,0,0,1,0,0,0,1,0,0,1,0,1,0,1,1,0,0,1,0,1,0,0,0,2,0,0,0,0,1,1,1,0,1,1,0,0,0,0,1,1,1,1,2,1,0,0,2,0,0,0,0,1,0,0,0,0,2,1,1,0,2,1,0,0,0,0,0,0,0,1,0,0,0,1,1,0,1,1,0,1,0,0,0,1,1,0,1,1,0,0,0,1,0,0,2,0,1,1,0,0,0,0,1,0,0,2,0,1,0,0,2,0,0,0,0,0,1,1,1,2,1,0,0,2,0,0,1,2,1,0,1,0,0,0,0,0,0,1,0,1,0,2,1,1,0,1,0,1,0,2,0,1,1,0,0,0,0,0,1,0,0,0,0,0,1,0,0,0,0,0,0,0,0,1,0,0,0,0,1,1,1,0,1,0,2,0,0,2,0,0,0
KL0289,0,0,0,0,0,1,1,2,0,0,0,1,0,0,0,0,0,2,0,0,1,1,0,1,0,0,2,0,0,0,1,0,1,0,1,0,2,0,0,1,0,1,0,1,0,1,0,0,0,0,1,2,1,1,0,1,1,0,1,0,0,0,0,0,0,1,0,1,0,1,0,0,0,0,0,1,1,0,0,2,1,0,0,0,0,0,1,0,0,0,1,0,0,1,0,0,0,0,0,0,0,0,0,0,1,0,1,0,0,0,0,0,0,1,1,1,1,1,0,1,0,0,1,0,0,0,1,1,0,1,1,0,2,1,0,0,0,0,0,0,1,2,0,1,0,1,1,0,1,1,1,0,0,0,1,0,1,0,0,0,0,1,0,1,1,1,0,1,1,1,1,2,0,0,0,0,0,0,0,0,0,0,0,0,0,0,1,0,2,1,1,1,0,2,0,0,1,1,0,0
KL0290,0,0,0,2,0,1,0,1,0,1,1,1,1,0,0,0,1,1,2,0,2,1,1,2,0,0,2,0,1,0,0,0,1,0,1,0,2,0,0,0,0,1,0,1,0,0,0,0,2,1,2,2,0,0,0,2,0,0,0,1,0,0,0,0,1,2,0,0,0,0,0,0,1,0,0,1,0,2,0,0,0,0,0,0,0,1,2,1,1,0,1,0,0,1,0,0,1,0,0,0,1,0,1,1,1,1,2,0,0,2,0,1,0,1,1,0,2,1,0,0,0,0,0,0,0,1,0,0,0,1,1,0,0,0,0,1,0,0,1,0,0,0,0,1,0,0,1,1,1,1,1,1,0,0,0,1,1,0,1,0,2,2,0,0,0,1,0,0,0,0,0,2,0,1,1,1,1,0,0,0,0,0,0,1,0,0,2,1,0,1,0,0,0,1,0,1,1,0,2,0
KL0291,1,0,0,0,0,0,0,0,1,1,0,1,1,2,0,2,1,0,1,0,1,1,1,0,0,1,2,0,0,0,1,0,0,1,0,1,1,0,1,1,1,1,1,1,0,0,0,0,1,1,1,0,0,0,0,0,0,0,0,0,0,1,0,1,0,1,2,1,0,0,0,0,0,1,0,0,0,2,0,1,1,0,0,0,0,2,0,1,0,0,1,0,1,0,1,0,1,0,0,0,0,1,0,2,1,2,1,1,0,1,0,1,0,1,0,1,2,0,1,2,0,0,0,0,0,1,2,2,1,0,0,0,2,0,1,1,0,1,0,1,0,2,0,1,1,1,0,1,0,0,1,0,0,1,1,1,0,0,0,0,1,0,1,0,1,1,0,1,0,0,1,1,0,0,2,1,0,0,0,0,1,1,1,0,0,1,0,1,0,2,1,0,0,2,0,0,1,0,1,0
KL0292,0,1,0,0,1,0,1,2,0,0,0,0,0,0,1,1,0,0,0,1,0,1,0,1,0,0,2,1,1,0,1,0,1,0,0,0,1,0,0,0,0,1,0,0,0,1,0,0,0,1,0,1,0,1,0,2,1,0,0,1,0,0,0,0,0,0,1,0,1,0,1,0,0,0,0,0,1,1,2,0,0,0,0,1,0,1,1,1,0,0,2,0,0,0,0,1,1,1,0,1,0,1,0,2,1,0,0,1,1,1,0,0,1,0,1,0,1,0,0,1,0,0,1,2,0,1,1,2,0,0,0,0,0,0,0,0,1,0,0,0,0,1,0,1,0,0,0,1,1,1,0,1,1,0,0,1,1,1,0,1,0,1,0,1,0,0,0,0,1,0,0,0,1,1,1,0,0,1,0,0,0,0,2,0,1,0,0,1,1,1,1,0,0,2,0,0,0,1,1,0
KL0293,0,0,0,0,0,2,1,2,1,1,1,0,1,2,1,0,1,0,0,0,1,1,0,1,1,0,1,0,0,0,2,1,0,0,0,0,1,1,1,0,0,1,0,1,1,0,0,0,0,0,1,2,2,0,1,1,0,0,0,0,0,0,1,1,1,1,1,1,0,0,2,0,1,1,0,0,0,1,1,0,1,0,0,0,0,1,1,2,1,0,0,0,0,0,0,1,0,0,1,0,1,1,1,1,1,2,0,0,1,1,0,1,0,0,0,0,1,0,0,1,0,0,0,1,0,0,0,1,0,0,1,1,1,0,0,0,1,0,0,0,0,2,0,0,0,2,0,1,1,1,1,1,1,0,0,1,1,0,0,1,0,0,0,1,0,0,0,0,0,0,0,1,0,0,1,2,0,0,0,0,0,2,1,1,0,1,1,0,0,0,0,1,0,1,0,0,2,0,2,0
KL0294,0,0,0,0,0,1,1,0,0,1,0,2,1,0,0,0,2,1,0,0,0,1,1,1,0,0,0,0,0,0,2,1,1,1,1,0,1,1,1,0,0,0,0,0,1,0,0,0,1,1,0,1,1,1,0,1,0,0,1,1,0,0,1,0,1,0,1,1,0,1,1,0,0,0,1,0,0,1,2,1,0,0,0,0,0,2,0,1,1,0,2,0,0,1,0,0,0,0,0,0,0,0,0,2,0,2,2,2,1,1,0,1,1,0,0,1,1,1,0,1,0,0,1,0,0,1,0,1,2,0,1,1,1,0,0,1,1,1,0,1,0,2,1,1,0,0,2,0,1,0,0,1,1,0,0,2,0,0,1,0,0,0,1,1,0,2,0,1,0,0,0,1,0,0,0,1,0,1,0,0,0,0,2,0,2,1,0,0,0,0,0,1,0,2,0,1,1,0,1,0
KL0295,1,1,1,0,1,0,2,1,0,1,0,1,2,0,0,0,2,0,1,0,1,2,0,1,0,0,1,0,1,1,0,0,1,0,0,0,0,0,1,0,0,1,0,1,1,2,0,0,2,0,0,1,0,1,0,0,0,0,0,0,1,0,0,1,0,0,0,1,0,1,1,0,0,0,0,1,0,1,1,0,0,1,0,0,1,0,1,1,1,1,0,1,1,1,0,1,1,0,0,0,1,0,1,0,1,1,0,0,0,1,0,1,0,0,1,0,2,1,1,2,1,0,1,1,0,0,1,1,0,1,1,0,0,0,0,1,2,1,0,0,0,1,2,1,0,0,0,1,1,1,1,0,0,1,0,0,2,0,0,0,1,1,0,1,1,1,0,0,0,1,1,2,0,1,1,1,0,0,0,0,1,2,1,0,1,1,0,2,0,1,1,1,0,1,1,0,1,0,2,1
KL0296,1,0,0,0,0,1,1,1,0,0,0,1,1,1,0,0,0,0,1,0,0,1,2,1,1,0,1,0,2,0,0,2,2,0,2,0,1,0,0,0,0,0,0,1,1,0,0,1,1,1,0,1,1,1,0,2,0,0,2,0,0,0,0,1,0,0,0,1,0,1,2,0,0,0,0,0,0,1,1,1,0,0,0,0,0,2,1,0,0,1,0,0,2,2,0,0,1,0,1,0,1,0,1,0,0,0,1,0,0,0,0,0,0,1,1,0,1,1,0,0,0,0,0,0,0,2,0,2,1,0,0,1,1,1,0,2,0,1,1,0,0,2,0,1,0,0,0,1,1,1,0,1,0,0,0,0,1,0,0,0,0,2,1,1,1,1,0,1,0,0,0,0,0,0,1,1,0,0,1,0,1,0,1,1,0,0,1,1,1,1,0,1,0,0,0,1,0,0,1,1
KL0297,0,0,0,2,0,1,1,0,0,0,1,0,0,0,0,0,1,0,1,0,0,1,0,0,0,0,2,0,0,0,2,1,0,1,0,0,1,0,2,0,0,2,0,0,0,1,1,0,0,1,1,0,2,0,0,1,1,0,2,1,0,0,0,0,2,1,1,0,1,0,1,0,0,0,0,1,1,2,0,1,0,0,0,0,0,1,1,1,1,0,0,1,2,2,0,1,1,0,0,0,2,0,1,1,0,2,1,0,1,0,0,1,0,0,1,0,1,0,0,2,0,0,1,0,0,0,0,0,1,0,1,2,1,0,0,1,2,0,0,0,1,2,1,0,0,0,0,0,0,0,1,0,0,2,1,2,2,0,2,0,0,0,1,0,1,0,0,0,0,0,1,1,0,0,1,1,0,0,0,0,0,0,2,0,1,0,0,0,0,0,1,0,1,1,0,0,0,1,1,1
KL0298,1,0,0,0,0,1,2,1,0,0,1,2,1,0,0,0,1,1,0,1,0,1,0,2,0,0,1,1,0,0,1,0,2,0,1,0,1,0,1,0,0,1,0,0,0,1,0,1,1,0,0,2,1,1,0,1,1,0,1,1,1,1,0,0,0,0,1,1,0,1,1,0,0,1,0,0,0,0,1,0,0,0,0,0,0,1,0,1,1,0,1,0,1,0,0,0,0,1,0,0,0,0,0,1,1,0,0,1,0,0,0,1,0,1,0,0,0,1,0,2,0,0,1,0,0,1,0,1,0,1,0,0,0,0,0,2,0,0,0,0,0,1,0,1,1,1,1,0,0,0,0,1,0,0,1,2,1,0,0,0,0,1,1,0,0,0,0,0,0,0,0,0,0,1,2,0,0,0,0,0,1,0,0,0,1,1,0,2,0,0,1,1,0,0,1,1,0,1,0,1
KL0299,1,0,0,1,0,0,0,0,1,0,0,1,1,0,0,1,0,2,1,0,0,1,0,0,0,1,1,0,1,0,1,0,0,0,1,0,1,0,0,0,0,0,0,1,1,1,0,0,0,1,1,2,0,0,0,2,0,0,0,1,1,1,0,0,1,1,1,1,0,0,0,0,1,1,0,0,0,0,1,1,1,0,0,0,0,1,1,0,0,0,0,0,0,2,0,2,1,0,0,0,2,0,1,0,2,0,0,0,0,0,0,1,0,0,0,0,0,1,1,2,0,0,0,1,0,1,0,1,1,0,2,0,1,0,0,2,1,1,0,2,0,1,0,0,0,1,1,0,1,0,0,1,1,2,1,1,0,0,0,0,1,0,0,1,1,0,0,1,1,0,0,0,0,0,0,1,0,1,0,0,0,0,1,0,1,1,0,1,0,0,0,0,0,1,0,1,1,1,2,1
KL0300,0,0,0,1,0,1,0,1,1,0,0,1,0,0,0,1,1,0,1,0,0,0,2,0,0,0,1,0,0,0,0,0,2,0,1,0,0,1,1,0,1,1,0,1,1,1,0,0,2,1,0,0,1,1,0,1,0,0,1,1,1,0,0,1,0,0,1,0,0,1,2,0,0,0,1,0,0,1,1,1,0,0,0,1,0,0,1,1,2,0,1,0,0,0,1,0,1,0,0,0,0,0,0,0,1,1,1,0,0,0,1,1,0,0,1,2,1,1,0,0,0,0,1,0,0,0,0,2,1,1,1,0,0,1,0,0,0,0,0,1,1,2,0,1,0,1,1,1,1,2,0,2,0,1,0,0,2,0,0,1,0,0,0,0,1,0,0,2,0,1,0,0,0,0,1,1,0,1,0,0,0,0,0,0,1,2,2,2,2,0,0,0,0,1,0,0,1,1,1,1
KL0301,1,0,0,1,0,0,1,2,0,0,2,0,2,0,0,0,1,0,1,0,1,1,0,0,0,0,1,0,0,1,0,1,0,0,0,0,1,0,2,0,0,0,0,0,0,1,0,0,1,1,0,1,0,1,1,1,0,0,1,1,0,0,0,1,0,0,0,0,1,0,1,0,0,1,0,1,1,1,1,0,0,1,0,1,0,1,1,2,0,0,2,0,0,1,0,0,1,0,2,0,0,0,0,1,1,1,1,0,1,0,0,1,0,0,0,1,0,1,1,2,0,0,0,0,0,1,0,1,1,1,0,1,2,0,0,2,0,0,0,0,0,2,0,1,0,0,2,1,2,0,1,0,0,1,0,1,1,0,0,0,0,1,0,1,1,0,0,0,0,0,0,0,0,1,0,1,0,2,0,0,0,0,1,0,0,1,0,1,0,2,0,1,0,1,0,1,1,0,1,0
KL0302,1,1,1,1,0,1,2,2,0,0,1,0,1,1,0,0,1,2,0,1,1,1,2,1,0,0,0,0,0,0,0,1,2,0,0,0,1,0,0,1,0,1,0,1,1,2,0,1,0,0,1,1,1,0,0,1,1,0,0,1,2,1,0,0,0,0,1,1,1,1,1,0,0,0,0,1,0,0,0,1,0,1,0,0,0,1,1,0,1,0,0,0,1,0,0,2,0,0,0,0,0,0,0,1,1,1,1,0,1,0,0,1,1,0,1,1,0,1,0,0,0,0,1,0,0,1,0,0,1,1,1,1,0,0,1,2,1,0,0,1,0,0,0,0,0,0,1,1,2,0,1,1,0,0,0,1,1,0,0,0,0,1,0,1,1,1,1,0,1,0,1,1,0,1,0,2,0,0,0,0,0,0,1,0,0,1,1,0,0,2,0,0,1,2,0,0,0,0,1,1
KL0303,0,1,0,1,0,0,0,0,0,0,0,1,1,0,0,1,1,1,1,0,1,0,1,0,0,0,0,0,0,0,2,0,2,0,1,0,0,1,1,1,0,1,0,0,1,0,1,0,1,1,0,1,1,1,1,0,0,1,0,1,0,0,0,0,2,0,1,0,0,0,1,0,0,0,0,0,0,1,0,0,0,1,0,0,0,0,2,1,1,0,1,1,0,1,0,1,1,0,0,1,1,0,1,1,0,2,1,0,0,1,0,0,0,1,1,0,1,1,0,2,0,0,1,0,0,1,0,2,0,1,0,0,2,0,0,2,0,0,0,0,0,2,0,0,0,1,1,0,2,0,0,1,0,1,1,0,1,0,0,1,1,0,2,2,2,1,1,0,0,0,0,1,0,0,0,1,0,1,0,0,0,0,1,1,1,0,1,1,0,1,0,1,0,1,0,0,1,2,1,0
KL0304,0,1,1,1,1,0,2,2,0,1,0,1,0,0,0,0,0,2,0,0,1,1,0,0,2,0,1,0,1,0,1,0,1,0,1,0,2,0,1,0,0,1,0,2,0,0,0,0,1,2,0,1,2,1,1,1,2,0,0,0,2,2,0,0,1,0,2,1,0,0,0,0,0,0,0,0,1,1,0,1,0,0,0,1,0,1,0,0,1,0,2,1,0,2,0,0,1,0,0,0,1,0,0,0,1,1,0,0,0,0,1,1,0,1,0,1,1,2,1,1,0,0,1,1,0,0,0,1,0,0,1,0,1,2,0,1,1,1,0,1,0,0,0,0,0,0,0,0,0,1,1,1,0,0,0,2,0,0,0,1,1,0,1,0,1,0,1,0,0,0,1,0,0,0,0,1,0,0,0,1,1,2,1,1,1,1,2,0,0,0,1,0,0,2,1,0,0,0,0,1
KL0305,0,0,0,1,0,1,0,2,1,0,1,0,0,0,0,1,1,1,1,0,0,1,0,0,0,0,2,0,1,0,2,1,0,0,1,0,1,0,0,0,0,1,0,0,0,1,0,0,0,0,1,1,0,0,0,0,1,1,1,0,0,0,0,1,0,2,1,0,0,0,1,0,1,0,1,0,0,1,1,1,0,0,1,0,0,1,0,1,2,0,0,0,1,1,0,1,1,0,0,0,1,1,0,0,2,1,0,0,1,0,0,1,0,2,2,0,0,0,2,1,0,0,0,0,1,2,1,0,0,1,1,0,0,0,0,0,1,0,0,0,0,1,0,0,2,2,0,0,2,1,1,2,1,2,0,1,2,0,1,2,1,0,0,2,1,0,0,0,1,1,2,0,0,0,1,1,0,1,0,0,1,0,1,1,1,1,0,1,0,1,2,1,0,0,1,0,0,1,2,1
KL0306,0,0,0,0,0,2,1,0,1,1,1,1,0,0,0,0,0,1,1,0,0,0,1,0,0,0,1,0,1,0,2,0,1,1,0,0,1,0,1,1,0,1,0,2,0,1,1,0,0,1,1,1,0,0,0,0,0,0,1,1,0,0,0,0,1,0,0,2,0,0,1,0,0,0,0,1,1,1,2,1,0,0,1,0,0,0,1,1,1,1,1,0,1,0,0,0,1,0,0,1,1,0,1,1,1,2,1,0,0,1,0,2,0,0,2,2,0,0,0,1,0,0,1,0,0,1,1,1,1,0,2,1,2,0,0,2,0,0,0,1,0,1,0,0,1,0,2,1,2,1,2,2,0,0,0,1,0,0,0,1,0,0,0,0,0,0,0,0,0,1,0,1,0,1,1,1,0,1,0,0,0,1,1,0,0,0,1,2,0,1,0,1,0,1,0,0,2,1,2,1
KL0307,1,0,1,2,0,2,2,2,0,0,1,1,1,1,0,0,1,1,0,0,1,0,0,0,0,0,1,0,0,0,1,0,1,0,1,1,0,1,0,0,0,0,0,1,0,1,0,0,1,0,0,0,1,0,0,1,0,0,0,0,0,0,0,0,0,0,2,0,0,2,2,0,0,0,0,0,1,2,2,0,0,0,1,0,0,1,0,1,1,1,0,1,0,0,1,1,0,0,0,0,0,0,1,0,2,2,0,0,0,0,0,0,0,0,0,1,0,1,0,0,1,0,1,0,0,0,0,2,1,0,1,1,0,1,1,1,0,0,1,0,0,0,0,1,1,1,1,1,1,1,0,0,0,0,0,2,1,0,0,0,1,2,0,0,1,0,1,1,0,0,2,2,0,0,0,0,1,0,0,0,1,0,0,0,1,1,0,0,0,0,0,2,0,1,0,0,0,0,1,1
KL0308,0,0,0,2,0,0,2,1,0,1,0,2,0,1,0,1,1,2,2,0,1,1,0,1,0,1,0,0,1,0,0,1,1,0,0,0,1,0,1,0,0,0,0,1,0,1,0,0,1,1,1,2,1,0,0,0,0,0,0,2,0,0,0,0,1,2,0,0,0,1,2,0,0,0,1,2,0,2,0,0,0,1,0,0,2,1,1,0,0,0,0,0,1,0,0,0,0,0,1,0,0,0,0,0,0,1,1,0,0,1,0,0,0,0,0,1,1,1,0,0,0,0,0,1,1,0,1,1,1,1,0,1,2,0,0,2,1,0,0,0,0,0,1,2,0,1,1,2,2,1,0,1,0,1,1,0,2,0,0,0,1,0,0,2,0,0,1,1,0,0,1,0,0,0,1,2,0,1,0,0,0,1,0,1,0,1,0,1,1,0,1,2,0,0,0,1,0,1,2,0
KL0309,1,0,0,2,0,1,0,1,0,0,0,0,2,0,1,0,0,0,1,0,0,1,0,0,0,0,1,0,1,0,0,0,0,0,0,1,2,0,1,0,0,0,1,1,1,1,0,0,0,1,1,1,0,0,0,1,0,1,2,0,1,0,0,0,0,1,1,0,0,1,2,0,1,0,0,2,0,1,1,0,0,1,1,0,1,0,0,1,1,0,1,0,2,0,0,0,0,0,0,1,1,1,0,2,0,1,1,0,0,1,1,1,0,1,1,0,0,0,0,2,0,0,1,0,0,1,0,0,1,0,1,0,0,0,0,2,0,1,0,0,0,1,0,1,0,0,0,0,1,0,1,0,1,0,1,0,2,0,1,0,0,0,0,1,0,1,0,1,1,1,1,1,0,1,0,1,0,1,0,0,0,0,2,0,1,2,2,1,0,1,0,2,0,1,0,0,1,1,1,0
KL0310,1,1,0,0,0,1,2,1,0,0,0,2,1,0,0,1,0,0,2,0,0,2,0,0,0,1,0,0,0,0,0,0,0,0,1,1,0,0,0,0,0,0,0,2,0,1,0,1,0,0,0,1,1,0,0,1,1,0,1,0,1,0,0,0,0,1,1,2,1,1,1,0,1,2,0,0,0,2,1,0,0,0,0,0,0,0,1,1,0,1,1,1,2,0,0,1,0,1,1,0,0,1,1,0,2,0,0,0,0,0,1,2,0,0,2,1,1,1,0,0,2,0,2,0,0,1,0,1,1,1,2,1,0,0,0,1,1,1,0,0,0,2,0,1,0,1,2,2,1,0,2,0,0,0,0,0,1,0,0,0,1,1,1,0,1,0,0,0,1,0,0,1,0,2,0,0,0,0,0,0,0,0,1,0,0,0,0,1,0,0,2,2,0,1,0,2,1,1,0,0
KL0311,1,1,0,0,1,0,0,0,0,0,1,1,0,1,0,1,0,1,0,0,0,0,1,0,0,0,2,0,0,0,0,0,1,0,1,1,1,0,1,0,0,1,0,0,1,1,0,0,1,1,0,0,0,0,0,1,1,1,1,0,1,0,0,0,0,0,2,1,0,1,1,0,1,0,0,1,0,2,1,1,0,0,0,0,0,0,1,2,0,0,1,0,1,0,0,1,0,0,0,0,1,1,1,1,1,2,1,1,0,0,0,1,0,0,2,0,0,0,0,1,0,0,0,0,0,1,0,0,1,1,2,1,0,0,0,1,0,1,0,1,0,2,0,1,1,2,1,2,1,0,1,1,0,1,0,1,1,0,0,1,0,0,0,2,1,0,0,0,0,0,0,1,0,0,1,1,1,0,1,0,0,1,2,0,0,0,1,0,1,0,2,0,0,1,1,0,1,0,1,1
KL0312,0,0,0,1,0,2,1,1,0,1,0,1,0,0,0,2,2,0,2,1,0,0,1,1,0,1,0,1,1,0,1,1,2,0,0,0,1,0,1,1,0,0,0,1,0,2,0,0,1,2,1,0,1,0,0,0,0,0,0,1,0,0,0,0,0,0,1,2,0,0,0,0,0,0,0,1,1,1,2,0,0,0,0,0,0,1,1,1,0,0,1,1,0,1,0,0,0,0,1,0,1,0,1,1,2,0,2,0,0,1,0,0,0,1,2,0,1,0,0,2,0,1,0,0,0,2,1,0,2,0,1,1,2,0,0,1,0,0,0,0,0,1,1,0,1,2,2,0,1,1,1,0,0,1,0,2,0,1,0,0,0,1,0,1,2,2,0,2,0,0,0,1,0,1,1,1,1,1,1,0,2,1,1,0,0,0,0,1,0,0,0,1,0,0,0,0,0,1,1,2
KL0313,0,1,0,1,0,0,1,1,0,0,1,0,1,0,1,1,0,0,0,0,1,1,0,1,1,0,1,1,0,0,0,0,0,0,0,0,1,0,0,0,1,0,1,2,2,1,1,0,1,0,0,0,0,0,0,1,2,0,1,0,1,1,0,1,0,1,2,1,1,2,0,0,1,0,1,1,0,1,0,1,0,0,0,0,1,1,0,1,0,0,0,0,1,1,1,1,1,0,0,1,1,0,0,1,1,0,2,1,0,1,0,1,1,1,1,1,1,2,0,1,0,0,0,0,0,0,0,1,0,0,1,0,0,0,0,1,0,0,1,0,0,0,0,0,0,1,0,1,0,1,0,2,0,0,0,0,0,0,0,0,1,0,1,1,0,1,0,0,0,0,0,0,1,0,1,1,0,0,0,0,1,1,1,0,1,2,0,2,1,1,0,0,1,0,0,0,1,2,1,1
KL0314,0,1,0,1,0,1,1,0,1,0,0,0,1,0,0,1,1,0,2,0,0,1,1,1,0,0,1,0,0,0,1,2,2,0,1,0,1,0,2,0,0,1,0,0,0,0,1,0,1,1,0,1,1,1,0,1,0,0,1,0,1,0,0,0,0,1,1,1,1,1,1,0,1,0,0,0,0,0,1,1,0,0,0,1,0,1,0,0,0,0,1,0,0,0,1,1,2,0,0,0,0,1,1,1,2,1,1,0,0,2,0,1,0,2,1,0,0,1,1,2,0,0,0,0,0,0,0,2,1,0,0,0,1,1,0,2,1,0,0,2,0,1,1,1,0,0,0,0,0,1,0,0,0,0,1,2,1,0,0,0,0,0,0,0,0,1,0,0,0,0,0,0,1,0,2,2,0,0,0,2,1,0,1,0,1,1,0,0,0,0,1,1,0,2,1,1,0,1,2,0
KL0315,2,0,0,1,0,1,1,0,1,1,0,2,0,0,0,0,1,1,0,1,0,1,0,0,0,0,1,0,0,0,0,1,0,0,0,0,2,1,0,0,0,0,1,2,0,1,1,1,1,0,0,2,2,0,0,1,2,0,1,1,0,0,0,1,1,0,0,0,0,2,0,0,0,0,0,1,1,1,0,0,0,1,0,0,0,1,1,2,0,0,1,0,0,1,0,1,0,0,1,1,2,0,0,0,1,1,1,0,0,1,0,1,0,0,1,2,1,1,1,1,0,0,1,0,0,1,1,0,0,1,1,1,0,0,0,0,2,0,0,1,0,0,0,0,1,1,0,1,1,0,1,2,0,0,1,0,1,0,0,0,1,0,1,0,1,0,1,0,0,0,1,1,0,1,2,1,1,0,0,1,0,0,0,1,1,1,1,2,1,0,0,0,0,1,0,0,0,1,1,1
KL0316,0,0,0,0,0,0,0,2,0,0,1,0,1,0,0,1,1,1,2,1,1,0,0,1,1,0,1,0,0,0,0,1,1,0,0,0,2,1,1,0,0,1,1,2,1,1,0,0,2,0,1,1,1,1,0,2,0,0,1,2,0,0,1,0,0,0,2,0,1,1,1,0,0,1,0,1,1,2,2,0,0,0,0,0,0,0,0,0,0,0,0,1,1,1,0,1,0,0,0,0,0,1,0,1,1,1,0,0,0,2,0,1,0,0,2,1,1,0,1,1,0,0,2,0,0,0,0,2,2,1,2,0,0,1,0,1,1,1,0,1,0,1,1,0,1,1,1,1,0,2,0,0,1,0,0,0,1,0,0,0,0,0,1,2,0,1,0,2,0,0,1,0,0,1,0,1,0,0,0,1,0,1,0,0,0,0,1,1,1,0,1,1,0,1,0,1,1,1,0,1
KL0317,1,0,0,2,0,1,0,1,0,1,1,0,2,1,0,0,1,0,0,0,0,0,0,0,0,0,1,1,2,0,2,1,0,0,0,0,2,0,0,1,0,1,1,1,0,1,1,0,1,1,0,1,0,1,0,0,2,0,1,1,0,1,0,0,0,0,1,0,1,2,0,0,0,0,0,2,0,1,1,0,0,1,1,0,0,2,2,1,0,0,0,0,1,2,0,0,1,0,1,0,1,0,1,1,1,1,1,1,0,1,0,1,0,1,1,1,1,0,0,1,0,0,0,0,0,0,2,1,2,1,1,0,1,0,0,1,0,0,0,0,0,0,0,2,1,0,2,0,1,1,0,0,0,0,1,1,2,0,0,1,1,1,0,0,0,0,0,0,0,0,0,0,0,1,1,1,0,0,1,0,0,0,1,0,1,1,1,1,1,0,0,0,0,2,0,0,0,0,2,1
KL0318,0,0,0,1,0,0,1,0,0,0,0,1,1,0,0,0,1,1,0,0,0,1,1,1,0,0,1,0,0,0,1,0,1,1,2,0,0,0,0,0,0,1,0,1,1,1,0,0,1,2,1,0,2,1,0,1,0,0,0,2,0,1,0,0,0,0,0,0,1,0,0,0,0,0,0,1,1,1,0,1,0,0,2,0,0,0,0,1,1,0,1,0,1,1,0,1,0,0,1,0,1,0,1,0,0,1,1,2,0,2,0,1,1,0,1,1,0,1,0,0,0,0,1,1,0,0,1,1,1,0,0,1,1,1,0,0,1,0,0,0,0,0,1,1,0,1,1,0,2,1,0,0,0,0,0,0,1,1,0,0,1,1,0,2,1,0,0,0,0,0,0,0,1,1,2,1,1,0,0,0,1,0,2,1,1,0,0,1,1,1,1,1,0,2,0,1,0,0,2,0
KL0319,0,0,0,0,0,2,0,0,0,1,1,1,1,1,0,1,2,0,2,0,1,1,1,0,0,0,1,0,1,0,0,1,1,0,0,0,0,1,1,1,0,2,0,1,0,0,0,1,0,1,1,1,1,0,0,0,0,0,0,0,0,0,0,0,1,0,0,1,0,1,1,0,0,0,0,1,0,1,1,0,0,0,1,0,0,0,0,0,0,0,0,1,1,0,0,1,0,0,1,0,2,1,2,1,1,1,1,1,0,0,0,1,0,1,2,1,0,1,0,1,0,0,0,0,0,0,1,1,0,0,1,2,0,0,1,2,0,0,1,0,1,0,1,0,0,0,1,0,1,0,1,1,0,0,0,1,0,0,0,1,0,0,0,2,0,0,0,2,0,1,0,0,0,0,0,2,1,0,0,0,0,0,2,0,2,0,2,1,0,0,0,1,0,1,0,0,0,0,2,0
KL0320,1,0,0,1,0,2,1,0,0,0,1,1,1,0,0,0,1,0,2,0,0,0,0,1,0,0,1,0,1,1,1,1,2,1,0,0,1,0,1,0,0,1,0,2,1,2,0,0,0,1,1,1,0,0,0,0,2,0,0,0,0,0,0,1,1,0,1,0,0,0,2,0,1,0,0,1,0,1,1,1,1,0,1,0,0,1,0,0,1,0,1,1,1,1,2,0,2,0,0,0,1,0,1,1,1,2,0,0,0,0,0,1,1,2,2,2,0,1,0,1,0,0,2,0,0,0,0,2,0,2,0,1,1,0,0,1,1,0,0,0,0,1,0,0,1,1,0,1,1,0,2,1,0,0,0,0,1,0,0,0,1,0,0,0,0,1,1,1,0,1,1,1,0,2,0,0,0,0,0,1,0,0,2,0,1,0,0,0,1,1,2,0,0,1,1,0,1,1,1,1
KL0321,0,0,0,2,1,0,1,2,0,0,0,0,1,0,0,0,0,1,0,0,0,1,0,1,0,1,1,0,0,0,1,0,1,0,0,0,1,0,1,0,0,0,1,0,0,1,0,0,0,1,0,1,0,1,0,1,0,0,0,1,0,0,0,0,1,1,0,0,0,1,0,0,1,0,0,1,0,0,1,1,0,0,0,0,0,1,0,0,0,0,1,0,0,1,0,0,0,0,0,0,0,0,0,0,0,1,0,0,0,2,0,1,0,1,0,0,1,0,1,1,0,0,0,0,1,0,0,1,1,1,2,1,2,0,0,2,1,0,1,1,0,0,1,0,1,2,1,1,0,0,0,0,1,1,1,0,0,0,0,0,0,0,0,0,1,1,0,0,1,1,2,0,0,0,1,1,0,0,0,0,0,0,2,0,0,0,0,1,0,1,0,0,1,1,0,1,2,1,1,0
KL0322,0,0,0,1,0,0,1,2,1,0,1,1,0,0,0,0,1,1,0,0,0,1,0,1,1,0,1,0,0,0,1,0,2,0,1,1,1,0,1,1,0,0,0,1,0,2,1,0,0,0,0,0,1,0,0,1,1,0,1,0,0,0,0,0,1,1,0,0,0,1,1,0,0,0,1,1,0,2,1,1,1,0,1,0,1,1,1,0,1,0,0,0,2,1,0,1,0,0,2,1,0,1,0,2,1,1,0,0,0,1,0,0,0,1,2,0,1,1,1,2,1,0,2,0,0,0,0,1,0,1,0,0,2,1,0,1,0,1,0,0,1,0,0,1,1,1,1,2,1,0,1,0,0,0,1,1,1,0,0,2,1,1,1,1,0,0,0,1,0,1,0,1,0,1,1,0,0,0,0,0,0,0,2,0,1,0,0,1,0,0,0,2,1,1,0,0,1,2,1,1
KL0323,1,0,0,2,0,1,1,1,0,0,1,0,2,1,1,2,0,0,1,0,0,1,0,1,0,0,0,1,1,0,2,0,0,1,1,0,1,0,0,0,0,2,0,0,0,1,0,0,0,1,0,0,0,0,0,0,0,0,1,1,1,0,0,0,0,0,1,1,0,0,0,0,0,0,0,1,1,1,1,1,1,1,0,0,0,1,1,0,0,0,0,1,0,2,0,1,0,0,0,0,0,1,0,1,1,2,1,1,0,1,0,1,0,1,1,0,0,1,0,0,0,0,0,0,0,1,1,0,0,0,0,1,2,0,0,2,0,0,1,1,0,0,1,0,0,1,1,0,1,1,0,1,1,0,0,1,0,0,0,0,1,0,0,0,1,0,1,0,1,0,0,0,0,0,2,1,0,0,2,0,0,0,0,0,0,0,1,1,0,0,1,0,0,1,1,0,0,0,0,1
KL0324,0,0,0,2,0,2,1,2,1,0,2,1,1,0,0,1,1,1,1,0,0,0,0,0,1,0,2,0,1,0,0,1,0,0,1,0,2,0,1,0,0,1,0,0,0,1,0,0,1,0,0,1,0,0,0,1,0,0,2,0,0,0,1,0,0,1,0,2,1,0,0,0,0,0,0,0,0,0,1,0,0,0,0,0,0,1,2,0,0,0,1,0,0,2,0,1,0,0,0,0,0,1,2,1,0,1,0,0,0,1,0,1,2,1,1,0,2,0,1,1,0,0,0,0,0,1,1,0,1,1,1,1,0,0,0,1,1,0,0,0,1,2,1,1,0,1,1,0,1,1,0,0,0,0,0,1,1,1,0,0,0,2,0,1,0,0,0,0,0,0,1,1,0,0,1,2,0,1,0,0,0,0,1,0,1,1,0,0,1,0,0,0,1,1,0,0,0,0,1,1
KL0325,1,0,0,1,0,0,0,1,0,0,1,1,0,0,0,2,1,0,1,0,0,0,0,0,0,1,1,1,1,0,0,0,1,1,0,1,2,1,1,0,0,0,0,1,0,0,0,1,0,0,0,1,1,0,2,0,0,0,0,1,1,0,0,0,0,0,1,1,1,0,1,0,0,1,1,1,0,1,0,1,2,1,1,0,1,0,0,1,0,0,1,0,2,1,0,0,0,0,0,0,0,0,0,1,1,1,0,0,1,0,0,1,1,0,1,1,1,1,0,2,1,0,1,0,0,0,1,1,0,1,1,1,1,0,0,0,0,0,0,0,0,1,0,1,0,0,1,1,2,0,0,0,0,1,1,1,1,0,0,0,0,0,0,1,0,0,1,1,0,0,0,0,1,1,2,1,0,1,0,0,0,0,0,0,1,0,1,1,0,0,1,1,0,2,0,1,1,0,0,1
KL0326,0,0,0,1,0,1,0,1,1,0,1,1,1,0,1,2,1,1,1,0,1,1,1,0,0,0,1,0,0,0,1,0,1,0,0,0,1,0,1,0,0,0,0,0,0,0,2,0,1,2,1,1,0,0,0,1,1,0,0,1,0,0,0,0,0,0,0,0,0,1,0,1,1,0,1,1,1,0,2,1,1,0,0,0,0,1,1,1,1,0,0,0,0,2,1,0,0,1,1,0,2,0,2,1,1,2,0,0,0,1,0,1,0,1,0,0,1,0,0,0,0,0,0,0,1,1,1,1,1,1,0,0,1,0,0,1,0,1,1,0,0,2,0,0,1,0,0,1,1,0,1,1,0,0,0,1,2,0,0,0,0,0,0,0,1,2,0,1,2,0,1,0,0,1,2,1,0,0,0,0,0,0,0,1,1,0,1,1,0,0,0,0,0,1,0,0,1,1,1,1
KL0327,0,0,0,1,0,0,0,2,0,0,1,1,1,1,0,0,0,0,1,1,0,1,0,1,0,1,2,0,0,1,1,1,2,0,0,1,1,0,1,0,0,0,0,1,0,1,0,1,1,0,1,1,1,2,0,1,0,0,1,1,0,0,0,1,1,0,1,1,1,0,1,0,1,1,0,0,1,1,1,0,1,0,1,0,1,0,0,1,0,0,0,1,1,2,0,0,0,0,0,0,1,0,0,1,2,1,0,0,0,1,0,0,1,1,2,0,1,1,0,1,1,0,1,0,1,0,1,0,0,1,0,0,0,0,0,1,2,0,0,0,0,1,1,0,0,1,0,1,0,0,0,1,0,0,1,2,1,0,0,0,0,1,1,1,0,0,0,0,2,0,1,0,0,0,1,1,0,0,0,0,1,0,0,1,0,0,0,1,0,0,1,1,0,1,0,0,0,1,0,0
KL0328,0,0,0,1,0,1,2,1,0,1,0,1,1,0,0,0,0,2,2,0,1,1,0,0,0,1,1,0,0,0,0,0,1,0,0,1,0,1,0,0,0,0,0,0,2,1,0,0,0,2,0,0,1,0,0,1,1,0,1,0,0,0,0,2,0,0,1,0,0,1,1,0,0,0,0,0,0,0,0,0,0,0,0,0,0,1,0,0,0,0,0,0,2,1,0,1,1,0,0,0,0,0,1,1,1,1,0,0,0,2,0,2,0,2,1,1,1,0,0,1,0,0,1,0,0,0,0,2,1,2,0,0,1,0,1,0,1,0,0,0,0,1,0,1,1,1,1,1,0,0,0,1,0,0,0,0,0,0,0,0,1,1,2,0,2,1,1,1,0,0,0,1,0,1,2,2,1,1,0,0,0,1,1,1,0,1,0,0,0,0,0,1,1,1,0,2,0,0,0,0
KL0329,0,0,0,1,0,2,1,0,1,1,0,0,1,1,0,1,0,1,1,1,0,0,0,0,0,1,0,0,1,0,2,0,0,0,0,0,0,0,0,0,0,0,0,1,0,1,0,1,0,2,0,0,0,1,0,1,0,0,2,0,0,0,0,0,0,0,1,1,0,2,1,1,2,0,0,0,0,1,0,0,1,0,1,1,0,1,0,2,0,0,1,0,2,0,0,1,0,0,0,0,0,1,0,1,0,2,1,0,1,1,0,1,1,1,0,0,2,0,1,1,0,0,0,0,0,0,1,1,1,1,1,0,0,0,2,1,0,1,0,0,1,0,1,0,1,2,2,1,2,1,1,1,0,0,0,0,0,0,0,2,1,1,0,2,1,1,2,2,1,0,1,1,0,0,0,1,0,0,0,0,1,1,1,0,1,0,1,1,1,0,0,1,0,1,1,0,0,1,0,0
KL0330,0,0,0,2,0,0,1,0,0,0,1,0,0,0,0,2,0,1,2,0,0,1,1,1,1,1,1,0,0,0,1,1,0,2,0,0,1,0,1,1,0,1,0,1,0,1,1,1,0,1,0,1,2,0,0,1,1,0,1,0,1,0,0,0,1,1,1,1,0,0,2,0,0,0,0,0,0,0,2,0,0,0,1,0,1,0,2,0,0,0,2,2,0,1,0,0,0,0,0,0,1,1,2,1,2,1,0,1,0,1,0,1,0,1,1,1,1,0,0,1,1,1,0,0,0,1,0,2,1,0,2,1,0,0,0,1,2,1,0,0,0,2,0,0,1,1,0,1,0,2,0,0,0,0,1,1,1,0,1,1,1,1,0,1,1,1,1,0,0,0,1,0,0,0,0,1,0,0,0,1,1,1,0,0,1,0,1,1,1,0,0,1,0,2,0,0,0,0,0,0
KL0331,1,0,0,1,0,2,2,1,0,1,1,2,2,1,0,1,0,1,2,0,0,1,0,2,0,0,2,0,2,0,1,0,2,0,0,0,2,0,1,0,0,1,0,1,1,2,1,0,1,0,1,0,1,1,0,0,0,1,1,0,1,0,0,0,0,1,1,0,0,0,2,0,0,1,0,0,0,1,0,0,0,0,1,0,0,0,1,2,0,1,1,0,1,2,0,0,1,0,0,0,1,0,1,1,2,2,0,0,0,1,0,0,0,0,0,1,0,0,0,1,0,1,0,0,0,1,1,1,1,1,0,0,0,0,0,1,0,1,0,0,0,1,0,0,0,0,0,0,1,0,2,0,0,0,0,2,2,0,0,0,0,1,0,1,0,1,0,1,0,0,1,1,0,1,0,2,1,0,0,0,0,0,1,0,0,1,1,0,0,1,0,0,0,0,0,1,1,0,0,1
KL0332,1,0,0,1,1,0,1,1,0,0,2,0,1,1,0,1,0,1,1,0,0,0,0,1,0,0,1,0,1,0,0,1,2,0,0,0,2,1,0,1,0,0,1,1,0,1,0,0,0,1,1,1,1,0,0,1,0,0,2,0,0,0,0,0,0,0,1,1,1,1,2,0,0,0,0,1,0,0,0,0,0,0,0,0,0,2,0,1,0,0,0,0,1,1,0,1,0,0,2,0,0,1,1,1,1,1,0,0,0,0,0,0,1,1,1,0,0,0,0,1,0,1,2,0,0,2,0,2,1,1,0,0,1,0,0,2,1,0,1,0,0,1,1,1,1,0,1,2,1,1,1,0,0,0,1,1,0,0,0,0,2,0,0,1,0,0,2,1,0,1,1,0,0,1,0,1,0,0,0,0,1,0,1,0,1,0,1,0,0,0,1,0,0,2,0,0,1,0,2,0
KL0333,0,0,0,0,1,0,1,1,0,1,0,2,0,0,0,0,1,0,1,0,0,1,0,1,0,0,2,0,0,0,0,0,1,1,0,0,1,0,0,0,0,0,0,1,0,1,0,0,1,1,0,1,0,0,0,0,0,0,0,1,0,0,1,0,1,1,1,0,0,1,2,0,1,0,0,0,0,0,0,0,0,0,0,0,0,0,0,2,1,0,0,0,1,2,0,0,0,0,1,1,1,2,0,1,1,1,2,0,0,2,0,2,0,2,1,0,1,1,0,1,0,0,2,2,0,2,0,0,0,1,2,0,1,1,0,1,1,2,0,0,0,2,1,0,0,0,0,1,1,0,1,1,0,1,1,0,0,0,0,0,0,0,0,0,0,0,0,0,0,1,0,1,0,2,1,0,0,0,0,0,0,0,2,1,1,1,1,2,0,0,1,1,1,1,0,0,1,1,1,0
KL0334,0,0,0,0,1,1,0,1,0,1,1,1,1,2,0,1,0,0,1,0,0,0,0,0,1,0,2,0,0,0,1,0,2,0,1,0,2,0,1,1,0,0,0,0,0,2,0,0,0,0,0,2,2,1,0,0,1,0,1,0,1,0,0,1,0,1,0,1,1,0,0,1,0,0,0,1,0,2,0,1,1,0,0,0,0,2,0,0,0,0,1,0,0,1,0,0,1,0,0,0,1,1,1,0,1,1,0,1,1,1,0,0,1,1,1,0,0,1,0,1,0,0,1,1,0,0,0,1,0,0,0,1,0,1,0,1,0,0,0,1,0,0,1,0,0,1,0,1,0,1,0,1,1,0,0,0,1,0,0,0,0,1,1,0,2,1,1,0,0,0,1,2,0,0,1,1,0,0,0,0,0,0,0,1,1,0,2,0,0,0,1,1,0,1,0,0,2,1,0,0
KL0335,2,0,0,1,0,0,2,0,0,0,0,0,2,0,0,0,1,0,1,0,0,1,0,1,0,0,2,0,1,0,0,1,1,0,1,0,1,0,1,1,0,0,0,0,0,0,0,1,1,2,0,2,1,1,0,2,1,0,1,2,0,0,0,1,1,2,1,0,0,0,2,0,0,1,0,0,0,1,1,0,0,0,0,0,1,0,0,1,0,0,0,0,1,1,0,0,1,0,1,0,1,0,0,1,0,0,1,1,0,0,0,1,1,0,0,1,0,1,0,0,0,0,0,0,1,1,1,1,1,1,2,0,1,0,0,0,1,0,0,0,0,0,1,0,1,1,0,1,1,1,1,1,0,2,1,1,1,0,0,0,0,0,1,0,1,1,0,1,0,0,1,1,1,1,2,0,0,0,0,0,0,1,1,0,1,0,1,1,1,0,2,1,0,0,0,0,2,0,1,0
KL0336,2,1,1,1,0,0,2,1,0,1,1,2,1,1,0,1,1,1,1,2,0,2,1,1,1,1,2,0,0,1,1,0,1,0,0,0,1,0,0,1,0,0,0,1,0,0,0,0,1,1,2,0,1,0,0,0,1,0,0,1,0,0,0,1,1,1,0,0,1,1,1,1,0,0,1,0,0,1,1,0,1,1,0,0,1,0,1,2,1,0,1,0,2,1,0,0,1,0,0,0,0,1,0,0,1,2,0,0,0,1,0,1,0,0,0,2,1,0,0,2,0,0,1,0,0,0,1,1,0,0,1,1,1,0,0,0,1,0,0,1,0,2,1,1,0,1,0,0,1,1,0,0,0,1,1,1,1,1,0,0,0,1,0,2,1,1,1,0,0,0,0,1,1,1,0,1,1,0,0,0,0,0,0,0,0,0,1,0,0,0,0,0,0,0,0,0,1,0,1,0
KL0337,1,0,0,1,0,2,2,2,0,0,0,1,1,0,1,0,0,0,1,1,1,1,1,2,0,0,1,0,0,0,1,1,2,0,1,0,1,0,0,1,0,1,0,1,0,2,0,1,0,0,0,1,0,0,0,1,0,0,1,2,1,1,1,1,1,0,1,2,1,1,1,0,0,0,2,0,1,1,1,0,0,0,1,0,0,0,0,1,0,0,1,0,1,1,1,0,1,0,1,0,0,0,0,0,1,1,0,2,0,0,0,2,0,1,0,1,0,1,0,1,0,1,1,0,0,1,0,1,1,1,0,0,1,0,0,1,0,0,0,1,0,1,1,2,0,2,0,1,0,1,0,0,0,0,0,0,0,0,0,1,1,0,0,0,0,0,0,1,0,0,1,0,1,1,2,1,1,1,0,0,0,0,0,1,0,1,1,0,1,1,0,0,0,0,1,0,1,1,0,0
KL0338,0,0,1,1,0,1,0,1,0,1,1,1,0,1,1,0,1,0,0,0,1,1,0,0,2,0,1,0,0,0,2,0,0,0,0,0,1,0,1,0,1,2,1,2,1,0,0,0,1,0,0,2,0,0,0,1,1,0,1,1,0,0,0,0,0,0,1,0,1,0,0,0,1,0,0,0,1,1,1,0,0,1,0,0,0,0,0,2,0,0,1,0,1,2,1,1,0,0,0,0,0,2,0,0,1,1,1,0,0,0,0,1,0,0,2,1,1,1,0,0,0,0,1,0,0,1,0,1,0,0,2,0,1,0,0,1,1,0,0,0,0,1,0,0,1,1,1,0,1,0,2,1,0,0,0,0,2,0,0,2,0,0,0,0,1,2,0,1,1,0,0,1,0,0,1,1,0,0,0,0,1,0,1,0,0,1,0,1,0,0,0,0,0,1,1,0,0,0,1,1
KL0339,0,1,0,1,0,2,1,1,0,0,1,0,0,0,1,1,0,1,1,0,0,0,2,1,0,0,1,1,0,0,0,1,1,1,1,0,0,0,0,1,0,1,0,1,0,1,2,0,1,0,0,2,2,0,0,1,0,0,2,0,1,0,0,1,2,0,1,0,0,0,2,0,0,1,1,0,0,2,1,0,0,0,1,0,1,1,0,1,0,0,1,0,1,0,0,0,0,0,0,0,1,0,1,1,0,1,2,0,0,1,0,0,0,1,2,0,1,1,0,2,0,0,1,1,0,1,1,1,1,2,0,0,0,0,0,0,0,0,0,1,0,1,0,0,0,2,2,1,0,1,1,0,0,0,0,0,0,0,0,0,1,0,1,0,1,2,2,1,0,0,1,1,0,0,1,2,0,1,1,0,0,0,1,0,1,0,1,2,1,0,0,0,1,1,0,1,1,2,2,0
KL0340,1,0,0,1,0,0,1,1,0,1,0,0,1,1,0,1,0,0,0,0,1,0,0,2,0,1,1,0,0,0,0,0,1,0,0,0,2,0,1,0,0,1,0,2,0,1,0,1,1,0,0,1,0,0,0,0,0,0,1,0,0,0,0,0,1,0,2,1,0,0,0,1,0,1,1,0,0,1,0,0,0,0,1,1,0,1,0,1,2,0,0,0,0,1,0,0,1,0,0,0,2,0,1,0,1,1,1,1,0,1,0,1,1,0,1,0,1,1,0,0,0,0,1,0,0,1,1,2,0,0,1,1,1,0,0,1,1,1,0,1,0,1,0,0,1,1,1,1,2,0,0,1,0,2,1,2,1,0,1,0,0,0,1,1,1,2,0,1,1,1,0,0,0,0,0,0,0,0,0,0,0,2,0,0,1,1,0,0,0,0,0,1,0,0,0,0,1,0,2,1
KL0341,1,0,0,1,0,1,1,2,0,0,1,1,2,1,0,1,0,1,1,0,0,1,0,2,0,0,0,0,0,0,0,2,0,0,1,0,2,0,0,0,0,1,0,0,0,0,1,1,1,2,1,0,2,1,1,1,0,0,0,0,1,0,0,0,0,0,1,0,1,1,2,0,0,0,0,0,1,2,0,1,1,0,0,0,1,1,0,2,0,0,1,0,1,1,1,1,0,0,0,1,0,2,2,0,1,1,0,0,0,0,0,2,0,1,1,0,2,2,0,1,0,0,1,0,0,1,1,0,0,0,0,1,1,0,1,2,1,0,0,1,0,1,1,0,0,2,0,0,2,1,0,1,1,0,1,1,0,0,0,0,1,0,0,1,2,0,0,0,0,0,0,1,0,0,2,1,0,0,0,0,0,0,0,0,1,2,0,2,0,2,0,1,0,0,1,0,1,2,2,0
KL0342,1,0,0,2,0,0,1,2,0,1,0,0,1,0,1,1,0,0,2,0,1,0,1,0,0,2,1,0,0,0,1,0,0,0,1,0,2,1,1,0,0,1,0,2,0,1,0,0,2,1,1,0,1,0,2,0,0,0,0,1,0,1,0,1,0,1,1,0,0,0,1,0,0,0,1,0,0,1,2,0,1,0,1,1,1,0,1,1,0,0,1,0,1,0,0,0,0,0,0,1,1,0,0,0,0,1,0,0,0,0,0,0,0,0,1,1,0,0,0,1,0,0,1,0,0,2,0,2,1,1,1,1,1,0,0,1,2,1,0,0,0,0,1,1,0,1,0,0,1,1,1,1,0,1,1,1,1,0,1,0,1,0,1,2,1,0,0,1,0,0,0,1,0,2,0,0,1,0,1,0,1,0,0,1,1,1,1,1,1,1,0,1,0,1,0,0,0,0,1,0
KL0343,0,0,0,2,1,0,2,1,1,1,1,0,0,0,0,1,1,1,1,0,0,2,1,1,0,0,1,0,2,1,1,0,2,0,0,0,0,0,0,1,0,0,0,0,1,2,0,0,1,2,0,1,0,0,0,0,1,0,0,1,1,0,0,0,0,0,0,1,0,2,0,0,0,0,0,1,0,1,1,0,0,2,1,1,1,0,1,1,0,0,0,1,1,2,0,1,0,0,0,0,0,1,1,1,0,1,1,1,0,0,0,1,1,2,2,1,0,0,0,1,0,0,1,0,0,1,1,1,1,0,0,1,0,0,0,2,0,1,0,0,0,0,0,0,0,1,1,0,0,2,2,1,0,0,0,0,1,0,1,0,0,0,1,1,1,0,0,2,1,2,0,1,0,0,0,0,0,0,0,1,0,1,2,1,1,0,1,2,0,0,0,1,0,0,0,0,1,0,1,1
KL0344,1,0,0,0,0,1,2,1,0,1,0,1,0,0,0,1,1,1,1,0,0,1,1,0,1,1,0,0,0,0,0,0,0,0,0,1,2,0,0,0,0,1,0,1,0,2,0,0,0,0,0,0,1,1,0,0,0,0,0,0,1,0,0,0,0,0,0,1,0,0,2,0,0,1,0,0,1,2,2,0,0,0,0,0,0,2,0,0,0,0,1,0,0,1,0,0,1,0,0,1,0,2,0,0,1,1,1,0,0,1,0,1,0,1,2,0,1,2,2,1,0,0,0,0,0,1,0,2,0,0,1,0,0,0,0,1,0,0,0,0,0,0,0,2,0,0,1,1,2,1,0,1,0,0,0,2,1,0,0,0,1,0,0,0,0,0,0,1,1,0,1,2,1,0,2,2,1,0,0,0,0,1,1,1,2,2,0,1,0,1,0,2,0,0,0,0,1,0,0,2
KL0345,0,0,0,0,0,0,1,2,1,0,0,1,2,1,0,1,0,0,1,1,1,0,1,1,0,0,0,0,1,0,1,0,1,0,0,0,2,1,1,0,0,0,0,1,0,1,0,0,1,1,0,1,0,0,0,1,0,0,0,0,2,1,0,0,0,0,0,1,0,1,1,0,1,0,1,0,1,1,0,0,0,0,1,0,2,1,0,1,0,1,1,0,2,1,0,1,0,1,0,0,0,0,1,0,2,1,0,0,0,2,0,0,0,0,1,0,1,0,0,0,0,0,1,0,0,1,0,1,1,1,1,1,0,1,0,2,1,0,0,0,0,0,0,0,0,1,0,0,0,1,1,0,1,0,0,1,0,1,0,0,0,0,0,1,0,0,0,0,0,1,0,2,0,1,1,1,0,0,0,0,1,0,0,0,0,1,0,1,1,1,0,1,0,2,0,0,1,0,1,0
KL0346,2,1,0,0,0,1,0,0,0,1,1,0,1,0,0,0,1,1,1,1,1,0,1,1,0,1,1,0,0,0,0,0,2,0,0,0,1,1,2,0,0,1,0,0,0,2,1,0,0,1,1,1,0,0,0,1,0,0,1,0,0,0,0,1,1,0,1,0,0,1,1,0,0,0,0,1,0,2,2,1,0,0,0,1,1,0,0,1,1,0,2,0,0,1,1,0,2,0,1,0,0,1,1,1,2,2,0,0,1,2,0,0,2,0,1,0,2,1,0,1,1,0,0,0,0,0,0,1,0,0,1,1,2,0,0,1,0,0,0,0,1,1,1,0,1,1,1,0,0,0,0,0,0,2,1,0,0,0,0,0,0,0,2,1,0,1,1,1,0,0,1,0,0,1,1,2,0,1,0,0,1,0,1,0,0,1,1,1,0,0,0,0,0,0,0,0,0,0,1,0
KL0347,0,0,0,1,1,0,0,1,0,0,0,0,0,0,0,0,0,2,0,0,2,1,0,0,0,0,1,0,0,0,0,0,2,0,1,0,1,1,1,0,1,0,0,0,0,1,0,0,0,1,0,1,2,0,1,1,1,0,1,1,1,0,0,0,0,0,2,1,0,1,1,0,0,1,1,0,0,2,1,0,0,0,0,0,1,0,0,0,1,0,1,0,1,1,0,0,1,0,0,0,0,1,0,0,0,2,0,1,0,1,0,0,2,1,1,1,1,0,1,0,0,0,2,0,0,1,0,0,0,0,0,0,2,1,0,0,1,0,0,0,0,0,1,1,1,1,1,1,1,2,1,0,0,2,0,0,2,0,0,2,1,0,0,1,0,0,0,2,1,1,0,0,0,0,1,1,0,0,0,1,1,0,2,0,0,1,1,1,1,1,0,0,0,0,0,0,0,0,0,0
KL0348,1,0,0,1,0,1,2,2,0,1,1,0,2,0,0,0,0,1,1,0,0,1,0,2,0,0,1,1,2,0,2,0,2,0,0,0,0,0,2,0,0,1,0,0,0,0,0,0,1,1,0,1,0,1,0,1,0,0,2,0,1,0,0,0,0,1,1,1,0,0,2,0,0,1,0,0,0,2,1,0,0,0,0,1,1,0,1,2,0,0,2,1,2,1,0,0,1,0,0,0,0,0,0,0,1,2,0,1,0,0,0,1,0,0,1,1,0,1,0,1,0,0,0,0,0,0,0,1,0,0,0,1,2,0,0,2,1,1,0,0,0,1,0,0,0,0,0,2,1,1,0,0,0,1,0,0,1,1,1,0,0,0,0,0,2,0,1,1,0,0,0,1,0,0,0,2,0,1,0,1,1,0,1,0,0,1,0,1,0,0,1,0,0,0,0,1,1,0,0,1
KL0349,0,0,0,1,2,1,0,0,0,1,0,2,1,0,0,1,1,0,0,0,0,2,0,0,0,0,0,0,2,1,0,2,1,0,0,0,1,1,0,0,0,0,1,1,0,1,1,0,1,1,0,1,0,1,0,0,0,0,1,0,0,0,0,0,0,0,1,1,0,0,2,1,1,0,1,0,0,1,2,0,1,0,0,0,0,1,1,0,0,0,0,0,1,2,0,1,0,0,0,1,1,0,0,0,0,1,0,1,0,1,0,0,0,1,1,1,1,0,1,1,0,0,0,0,0,1,0,1,0,0,0,0,1,0,0,1,0,0,0,0,0,0,1,1,1,2,0,2,1,0,0,0,0,0,1,0,0,0,0,0,1,1,0,0,0,1,0,0,0,0,1,1,1,1,1,2,0,1,0,1,0,1,1,0,1,1,0,1,1,0,0,1,1,0,1,0,1,0,0,0
KL0350,0,1,0,2,1,1,2,0,0,0,0,1,1,1,0,0,2,0,0,0,0,0,0,0,0,0,0,0,1,0,1,2,2,0,0,0,0,0,0,0,0,1,0,0,0,0,1,0,1,1,0,1,1,0,0,1,0,0,1,0,0,0,0,1,1,1,1,0,1,1,2,0,0,0,0,1,0,1,1,0,0,0,0,0,1,0,0,1,1,0,1,0,0,2,0,2,0,0,0,0,0,0,0,1,0,1,0,0,0,0,0,1,1,2,2,1,1,0,1,1,1,1,0,0,0,0,0,1,0,0,0,0,1,0,0,0,0,0,0,0,0,1,1,0,0,1,0,0,2,0,2,1,0,1,1,0,2,1,0,1,0,0,0,1,1,0,0,1,1,0,0,0,1,0,0,1,0,0,0,0,0,0,1,0,0,0,0,1,0,1,1,1,0,2,0,0,2,0,2,2
KL0351,1,1,0,0,0,1,1,1,0,1,0,1,1,0,0,0,0,0,0,1,0,1,0,1,1,0,1,0,0,0,1,1,1,0,0,0,0,0,1,0,0,1,0,1,0,1,1,0,1,2,0,2,0,0,0,2,1,0,0,1,2,0,0,1,1,0,0,1,0,1,1,0,0,0,0,1,0,1,0,1,0,0,0,0,0,0,0,1,0,0,1,0,0,1,1,0,0,0,1,0,0,1,0,0,1,1,0,0,0,0,0,0,0,0,0,1,2,0,0,1,0,0,1,0,0,1,0,2,1,1,1,0,2,0,0,1,1,1,0,0,0,1,0,0,0,0,1,1,1,0,0,2,0,0,1,2,2,0,0,1,1,1,1,1,1,1,1,0,0,0,0,0,0,0,2,0,0,1,0,0,1,1,0,0,0,0,1,0,0,0,1,0,1,1,1,0,1,1,1,1
KL0352,1,1,0,0,0,1,1,1,1,1,0,1,2,0,0,1,2,2,1,0,0,1,0,1,0,0,2,0,0,0,0,0,0,0,2,0,1,0,1,1,1,2,0,1,1,1,0,1,0,1,0,1,0,2,0,1,1,0,1,0,0,0,0,1,0,0,1,0,0,2,0,0,0,0,0,1,0,1,1,1,0,0,0,0,0,2,0,1,0,0,1,0,1,0,0,0,0,1,0,0,0,0,1,0,1,1,2,0,0,0,0,1,0,0,1,0,2,0,0,0,0,0,2,0,1,0,0,0,0,1,1,0,0,0,0,0,0,0,0,1,0,2,0,1,0,1,1,0,1,2,0,0,0,0,0,0,2,0,0,0,0,1,1,1,2,1,0,1,0,0,0,0,0,2,2,1,1,0,0,0,0,0,1,0,1,1,1,1,1,0,0,0,0,0,0,0,1,1,1,1
KL0353,2,1,1,0,1,1,0,1,0,1,0,1,0,1,0,1,0,1,0,1,2,0,1,0,0,1,0,1,1,0,0,0,1,0,0,0,1,1,2,2,0,0,0,0,0,1,0,0,2,0,0,1,0,0,1,1,1,0,1,0,0,1,0,0,0,0,1,1,0,0,1,0,0,0,0,0,0,2,1,1,0,0,0,1,0,0,1,0,0,1,0,0,2,1,0,0,0,0,0,0,2,0,0,0,2,1,0,0,0,1,0,1,0,0,2,2,1,0,0,0,0,0,1,0,0,1,1,2,0,1,1,1,1,0,0,1,1,1,0,1,0,1,0,0,1,1,1,2,0,1,0,0,0,2,1,1,0,0,0,0,1,1,0,0,0,2,0,2,1,1,1,0,0,0,2,0,1,0,0,0,1,0,1,0,1,1,0,1,0,1,1,2,0,0,0,0,0,1,1,1
KL0354,0,0,0,0,0,1,0,1,0,0,0,1,0,1,0,0,1,0,0,0,0,0,1,1,0,0,1,1,0,0,0,0,0,0,1,0,2,0,2,0,0,1,2,0,0,1,0,0,0,1,0,2,0,0,0,2,0,0,0,1,0,0,0,0,1,0,0,0,0,2,0,0,0,0,1,0,0,1,2,1,0,0,0,0,0,1,0,0,0,0,1,0,0,0,0,1,0,0,0,0,0,0,0,0,1,2,1,1,0,1,0,2,0,1,1,2,1,0,0,0,0,0,1,0,0,0,0,1,1,0,1,1,1,1,0,2,0,0,0,0,0,2,0,1,0,0,2,1,1,0,0,0,0,2,0,0,0,0,1,0,0,1,1,1,1,0,0,1,0,0,0,1,0,1,0,1,0,0,0,0,0,0,0,0,0,0,0,1,0,1,0,1,0,1,0,0,1,1,0,1
KL0355,0,0,0,1,0,2,0,0,0,0,0,1,2,0,1,0,0,1,0,0,0,1,1,1,0,0,1,0,1,1,0,0,1,0,0,0,0,0,0,0,0,1,0,1,0,1,1,0,1,0,1,1,0,0,0,0,0,0,1,0,1,0,0,0,1,1,1,1,0,1,1,1,0,1,0,0,0,1,2,0,1,0,0,0,0,1,1,2,1,0,0,0,2,0,0,1,0,1,0,0,1,0,0,1,1,2,0,0,0,0,0,1,0,0,0,1,0,1,1,2,1,0,1,0,0,1,0,0,0,1,1,1,0,0,0,0,2,0,0,0,0,1,1,1,1,2,2,0,1,1,0,0,0,1,1,1,1,0,0,1,0,2,0,0,2,1,0,1,1,0,1,1,1,0,1,0,0,1,0,0,0,0,0,0,0,1,1,0,1,1,1,1,0,0,0,1,0,0,0,0
KL0356,1,0,0,1,0,1,2,1,0,1,0,2,1,0,0,0,0,0,2,0,0,0,1,1,0,0,2,2,0,1,0,0,2,0,0,0,1,0,2,0,0,1,1,2,1,1,1,0,1,1,1,0,0,0,0,0,1,0,1,0,0,1,0,1,0,2,1,0,0,0,0,0,0,0,1,0,0,2,1,0,0,0,0,0,0,1,2,1,1,0,0,0,0,2,0,1,0,2,0,1,0,1,1,0,1,2,0,0,0,1,0,1,1,1,0,1,1,1,0,1,0,0,0,0,0,2,0,0,0,2,1,0,0,0,0,2,1,0,0,0,0,0,1,0,0,0,2,2,0,1,1,0,0,0,1,0,2,0,0,0,0,0,0,1,1,1,0,1,0,0,0,1,0,2,0,1,1,0,0,1,0,0,1,2,1,1,0,0,1,1,1,1,0,0,0,0,1,1,0,1
KL0357,0,0,0,2,0,0,2,0,0,0,0,1,1,0,0,1,0,1,0,0,0,1,1,2,1,0,2,1,0,0,1,0,0,1,0,2,2,0,0,0,0,0,0,0,0,1,1,0,1,0,0,0,0,0,0,1,0,0,1,0,0,1,0,1,0,0,0,0,0,1,1,0,1,1,1,1,0,0,2,0,0,0,1,0,1,0,2,1,1,0,1,0,2,0,0,0,0,0,0,1,0,0,2,1,0,1,0,1,0,0,1,1,1,0,1,0,1,1,1,0,0,1,1,1,0,1,0,0,1,1,2,0,2,1,0,2,1,1,0,1,0,0,1,0,0,1,0,1,1,1,0,0,0,0,1,0,1,1,0,1,0,1,0,0,1,1,0,0,0,0,1,0,0,0,0,1,1,0,0,0,0,1,1,0,0,0,0,0,0,0,1,0,0,1,0,1,1,1,1,1
KL0358,0,0,0,1,0,1,2,0,1,0,0,1,1,0,1,1,1,1,2,0,1,0,0,0,1,0,1,0,0,0,1,0,2,1,0,0,2,1,0,1,0,0,0,2,0,0,0,1,1,0,0,1,0,0,1,1,0,0,2,0,0,0,0,1,1,0,2,0,0,0,0,1,0,1,1,0,0,0,1,0,1,1,1,0,2,2,1,1,0,0,1,1,1,1,1,1,0,0,1,0,1,0,1,1,1,1,1,0,0,1,0,0,0,0,2,1,1,0,1,2,0,0,0,0,1,0,0,0,0,0,0,0,1,0,0,0,2,0,0,0,0,0,0,1,2,0,2,0,1,1,0,0,0,1,1,2,1,0,1,1,1,1,0,0,1,0,0,0,1,0,2,1,0,1,1,1,0,1,0,0,0,0,1,0,2,1,1,2,2,0,1,0,0,1,0,0,1,1,1,0
KL0359,0,1,0,1,0,0,0,1,0,1,0,1,1,0,1,1,2,0,0,0,1,1,0,0,0,1,1,0,0,0,1,1,1,0,2,0,1,1,0,0,0,0,0,0,1,1,0,0,0,0,0,0,1,0,0,0,1,0,2,1,1,0,0,1,0,1,1,1,0,2,2,0,1,0,0,1,0,1,0,0,0,0,0,1,0,1,0,0,0,1,2,0,2,1,0,1,0,0,0,0,1,0,2,1,0,0,1,0,0,1,2,1,0,1,1,2,0,0,0,1,0,1,0,0,0,0,0,2,1,0,0,0,2,1,0,0,0,1,0,1,0,2,1,0,0,0,0,0,0,0,0,0,0,1,0,1,1,0,0,1,0,0,0,0,0,0,0,0,0,1,0,1,0,1,1,0,1,1,0,0,0,0,2,0,1,0,1,1,0,0,0,0,0,1,0,0,1,1,1,0
KL0360,0,1,0,2,0,1,1,1,0,1,2,0,1,0,0,1,0,0,0,0,0,1,1,1,0,0,1,1,1,0,0,0,1,1,1,0,0,0,0,0,0,0,2,0,0,0,1,0,1,1,0,1,0,0,0,0,1,0,1,1,2,0,0,0,0,1,2,1,1,1,2,0,0,0,1,0,0,0,2,0,0,0,0,0,0,0,0,0,1,0,0,0,0,1,0,1,0,0,0,0,1,0,0,2,1,1,1,0,0,0,0,1,0,0,2,0,0,0,1,2,0,0,1,0,0,1,0,0,0,0,1,0,1,1,0,1,2,0,0,0,0,1,0,0,1,1,1,2,0,0,0,1,0,0,1,1,0,1,1,0,0,1,0,0,1,1,0,1,1,1,1,1,0,1,0,1,0,0,0,0,0,0,1,1,1,0,1,2,0,0,1,0,0,1,0,0,0,0,0,1
KL0361,1,0,0,1,0,1,1,1,0,0,0,1,0,0,0,0,2,1,1,0,1,0,1,2,0,1,0,0,1,0,1,1,1,1,0,0,2,0,2,0,0,0,0,0,2,0,0,2,0,2,0,1,2,0,0,1,1,0,1,1,0,0,0,0,0,1,2,1,0,2,1,0,1,0,0,0,0,2,2,1,1,0,0,1,0,1,1,2,1,0,0,1,1,1,1,0,1,0,0,0,0,0,0,2,0,1,2,0,0,1,0,0,1,1,1,0,1,1,0,1,0,0,0,0,0,0,1,0,1,1,0,0,0,0,0,0,0,0,0,2,0,0,2,0,0,1,0,1,1,1,1,0,0,0,0,0,1,0,1,0,1,0,0,0,0,1,0,1,0,0,1,1,0,0,1,0,0,0,1,0,0,0,2,0,1,0,2,2,1,1,1,0,0,1,1,1,0,2,0,0
KL0362,1,0,0,0,0,0,1,0,0,0,1,1,0,0,0,1,1,1,0,0,0,1,0,1,0,1,2,0,0,0,0,1,1,0,0,0,2,0,0,1,0,1,1,1,0,0,1,0,1,1,0,2,0,1,0,0,1,1,1,1,0,0,0,0,0,0,1,0,0,0,0,0,0,0,0,0,0,1,1,1,0,1,0,0,0,2,1,0,1,0,1,0,1,0,0,0,0,0,1,1,0,0,2,1,1,0,1,0,0,1,0,1,0,1,1,0,1,1,1,0,0,0,2,1,0,0,1,2,1,0,1,0,0,0,0,1,1,0,0,0,0,1,1,1,0,0,1,1,1,1,1,0,0,0,0,0,2,0,1,0,0,1,0,1,1,0,0,0,0,0,1,1,0,0,1,1,0,2,0,0,0,2,0,0,1,0,0,1,1,0,0,1,0,1,0,0,1,0,1,0
KL0363,0,1,1,2,0,0,2,2,0,1,0,1,2,0,0,1,0,0,1,0,0,0,2,1,0,0,2,1,0,0,1,1,1,1,0,0,2,0,0,0,0,1,0,1,0,1,1,0,2,0,2,0,0,0,0,1,0,0,0,0,0,0,0,1,0,1,1,0,0,0,1,1,0,1,0,0,1,0,0,0,0,0,1,1,0,0,1,1,1,0,2,0,2,0,0,1,1,0,0,0,1,0,1,0,1,1,0,0,1,1,0,1,0,1,1,0,0,1,1,1,0,0,1,0,0,2,0,0,0,1,1,0,0,0,0,2,0,0,0,0,0,0,0,0,0,1,0,0,1,0,1,2,0,0,0,2,2,0,0,0,0,1,0,1,1,0,0,1,1,0,0,1,0,1,0,0,0,0,0,0,0,0,0,0,0,0,0,1,1,0,1,1,0,2,0,0,1,1,0,0
KL0364,0,0,0,2,0,0,1,0,1,1,0,1,1,1,0,0,0,1,1,0,1,1,0,1,0,0,1,1,2,1,1,1,2,0,0,0,1,1,1,0,0,0,0,1,1,1,0,0,1,2,0,2,1,0,0,2,0,0,0,0,0,0,0,0,2,0,1,1,1,2,2,0,0,0,0,0,0,0,2,0,0,1,1,0,0,0,0,1,0,0,0,0,0,1,0,2,2,0,1,0,2,0,1,1,1,1,0,0,0,1,0,1,0,0,2,1,2,1,0,2,0,0,0,0,0,1,0,1,0,1,0,0,1,1,1,1,1,1,0,0,0,0,0,0,1,0,0,1,1,0,0,1,0,1,1,1,1,0,1,0,0,1,1,0,0,1,0,0,1,0,0,2,0,1,0,0,0,0,0,0,0,0,0,0,0,0,0,2,0,0,1,0,0,1,1,0,2,0,0,0
KL0365,1,0,0,0,0,1,1,1,0,2,1,0,0,1,0,1,0,2,1,0,0,0,0,1,1,0,0,1,0,0,0,1,2,1,2,0,0,0,1,0,1,1,0,0,0,0,0,0,0,1,1,1,0,0,0,2,0,0,0,0,1,0,0,1,1,2,0,0,0,1,0,0,0,0,0,0,0,0,1,0,0,0,1,0,0,2,0,0,1,0,1,0,0,1,0,0,0,1,0,0,1,1,1,1,1,1,1,0,0,1,0,0,1,1,0,1,1,0,1,1,0,0,0,0,0,1,0,1,0,0,0,1,0,0,0,1,1,0,0,0,0,0,0,1,0,2,2,1,2,0,0,0,0,0,1,0,0,0,0,1,0,0,1,1,1,0,0,0,0,2,0,0,1,0,1,2,1,1,0,0,1,0,1,0,0,2,0,1,0,0,1,0,0,1,0,0,2,1,0,0
KL0366,1,0,0,0,0,1,1,2,0,0,1,0,1,1,0,1,1,2,1,0,0,1,0,1,0,0,2,0,0,0,1,1,1,0,2,0,1,1,1,1,0,1,0,0,0,1,1,1,0,1,0,2,1,0,0,1,0,0,0,0,1,0,0,0,1,0,0,0,2,1,1,0,2,0,0,0,0,1,2,1,0,0,0,0,2,1,1,1,0,0,0,0,0,0,2,1,0,0,1,0,1,1,1,0,0,1,1,0,0,1,0,0,0,1,1,0,1,1,0,1,0,0,2,0,0,1,0,1,1,0,2,1,1,0,0,0,0,0,1,0,0,2,1,1,0,0,0,1,0,0,1,1,0,1,0,1,0,0,0,0,0,0,0,0,0,1,0,0,0,1,1,2,0,0,1,0,2,0,0,0,0,0,1,0,1,2,1,0,0,0,0,1,0,1,0,0,1,1,1,0
KL0367,0,0,0,0,0,0,1,2,0,1,0,0,2,0,0,0,1,0,0,0,1,0,0,1,0,0,1,0,0,0,2,0,0,0,0,0,0,1,1,0,0,0,0,1,0,1,0,0,1,1,1,0,0,1,0,1,0,0,1,0,0,0,0,0,0,0,1,0,0,0,2,0,1,1,1,0,0,1,1,0,0,0,1,0,0,2,0,2,0,0,1,0,0,1,1,0,1,0,0,0,0,0,0,0,1,1,0,1,0,1,0,1,0,1,2,1,1,1,0,2,0,0,1,0,0,1,0,1,0,1,2,1,2,0,0,1,1,0,0,1,0,0,0,0,0,1,2,0,1,2,0,2,0,0,1,1,1,0,0,0,0,0,0,1,1,0,1,1,1,0,0,1,0,0,2,1,1,1,0,0,1,0,0,1,0,0,0,1,0,0,0,2,0,1,0,1,0,2,1,0
KL0368,1,0,0,0,0,1,0,1,1,0,0,2,2,1,0,0,0,1,2,0,0,0,0,0,0,0,0,1,0,0,1,0,1,0,0,0,0,0,0,0,0,1,0,0,1,2,0,2,0,0,1,1,2,1,0,0,0,1,2,1,1,0,0,0,0,0,1,0,0,0,1,0,0,0,1,0,0,1,0,0,0,0,1,1,0,0,1,2,0,0,1,0,2,0,0,0,0,0,0,0,1,0,1,1,1,1,0,0,0,0,0,1,0,0,2,0,1,0,1,2,0,0,1,0,0,1,1,2,1,0,1,0,2,0,0,1,0,1,1,0,0,1,0,1,0,2,1,1,1,1,1,2,1,1,0,0,1,0,1,0,0,0,1,0,0,0,0,2,1,0,1,0,0,1,0,1,0,0,0,0,0,0,0,0,1,1,0,0,0,1,2,0,0,0,0,0,2,1,1,2
KL0369,0,0,0,1,0,1,0,2,0,0,0,0,1,0,0,1,2,1,0,0,0,2,0,1,0,0,0,0,2,0,0,0,0,0,1,0,1,1,2,0,0,2,0,0,0,1,0,1,0,1,0,1,0,0,0,2,0,0,0,1,0,2,0,1,0,1,1,0,0,0,2,0,2,0,0,0,1,2,2,1,0,0,0,0,1,1,1,0,0,0,0,0,1,0,0,0,1,0,0,0,1,1,1,0,0,2,0,1,0,0,0,0,0,1,1,1,0,0,1,0,0,0,1,0,1,1,0,2,0,1,1,0,0,0,1,1,1,0,0,0,0,0,1,0,0,1,0,1,2,0,0,2,1,1,1,1,0,0,0,1,2,0,0,1,2,2,0,2,0,0,0,0,0,0,2,0,1,1,1,0,0,0,0,0,1,1,1,2,1,0,0,0,0,1,0,0,1,0,0,1
KL0370,1,0,0,0,0,0,2,1,0,0,2,0,1,0,0,0,0,0,1,2,0,0,1,0,1,0,1,0,1,0,1,1,2,0,0,0,2,0,1,0,0,1,0,1,0,0,1,0,1,0,0,0,0,1,0,1,0,0,1,1,0,0,0,0,0,0,1,2,0,0,1,0,0,1,0,0,0,1,0,1,0,0,0,0,0,0,0,1,1,0,1,0,0,2,0,0,0,0,0,0,0,1,1,2,1,0,1,1,1,0,0,0,1,2,1,1,1,0,1,2,0,1,0,1,0,1,1,1,0,2,2,0,1,0,0,1,0,0,0,1,0,2,1,0,0,0,0,1,2,1,0,1,0,1,0,1,2,0,0,1,0,0,0,0,0,0,0,1,0,0,1,1,0,0,1,1,0,0,0,0,0,0,1,0,2,0,1,1,0,0,0,1,0,2,0,0,0,0,0,1
KL0371,1,0,0,1,1,1,1,2,0,0,1,2,1,1,0,1,1,0,2,0,0,1,1,0,2,0,1,0,2,0,2,0,1,2,0,1,2,0,0,0,0,1,0,0,2,2,1,0,1,1,1,1,0,0,0,0,1,0,1,0,0,1,0,1,0,0,1,1,0,1,0,0,0,1,0,0,1,1,1,1,0,1,1,1,0,1,1,0,1,0,1,0,1,0,0,1,1,1,0,0,1,1,1,1,0,1,1,1,0,1,0,2,0,0,1,1,0,1,0,0,0,0,1,0,1,1,0,0,2,1,2,0,2,0,0,0,0,0,0,0,0,1,1,0,1,0,2,0,1,1,1,0,0,1,0,2,1,1,0,0,0,0,0,2,1,1,0,0,1,0,0,1,0,1,1,1,0,2,0,0,0,0,1,1,0,2,0,1,0,0,0,1,0,2,0,1,2,0,2,2
KL0372,0,1,0,1,0,1,0,2,2,0,1,0,0,0,0,0,0,1,2,0,1,0,2,1,0,0,1,0,1,1,0,0,2,0,0,0,1,0,1,0,0,0,0,2,1,0,0,1,0,0,0,0,1,0,0,1,1,0,0,0,1,0,0,0,0,1,0,1,1,2,2,0,0,0,0,0,0,1,1,1,1,1,0,0,1,0,1,0,1,0,1,0,2,1,0,0,0,0,0,0,1,0,1,1,1,0,1,0,0,1,0,2,0,0,1,0,1,1,0,0,0,0,1,0,0,0,0,1,0,1,0,0,1,0,0,1,1,0,0,1,0,1,0,1,0,1,2,1,0,1,1,2,0,0,1,0,1,0,0,1,0,0,0,2,1,0,1,0,0,0,0,1,1,1,0,1,0,1,1,0,1,0,2,0,0,1,1,1,0,1,1,0,0,0,1,1,1,1,1,0
KL0373,1,0,0,1,0,1,2,1,0,0,0,1,2,1,0,1,0,1,2,0,0,2,1,2,0,0,2,0,1,0,1,1,2,0,0,0,0,0,1,0,0,0,0,1,2,2,0,0,1,1,0,0,1,1,0,1,0,0,1,0,0,1,0,2,0,0,1,1,0,0,1,0,0,0,1,1,1,2,2,1,0,0,1,0,0,0,0,2,0,0,0,0,1,0,0,0,0,1,0,0,0,0,1,1,0,1,0,0,0,0,0,2,2,0,2,1,0,0,0,1,0,0,1,0,0,0,0,1,0,1,0,0,2,0,1,1,1,1,1,1,0,1,0,1,1,0,2,0,0,0,1,1,0,1,0,2,1,0,1,0,0,0,1,2,1,1,1,0,0,0,1,1,1,0,0,1,0,1,0,0,0,0,1,1,0,0,0,2,0,1,0,0,0,1,0,0,1,0,1,1
KL0374,1,0,0,0,0,1,1,0,1,0,0,0,0,0,0,1,1,1,0,0,0,0,0,0,0,1,1,1,0,0,0,0,1,0,0,0,0,0,0,1,0,1,1,1,0,1,0,0,1,0,1,2,1,0,0,0,0,0,2,1,0,0,0,0,0,1,1,1,0,1,1,0,0,1,0,1,1,1,0,1,1,0,0,1,1,0,0,1,1,0,1,0,1,1,0,0,0,0,0,0,0,0,1,0,1,1,1,0,0,2,0,0,0,1,0,0,1,1,0,2,1,1,0,0,0,1,0,1,1,1,1,0,0,0,0,1,1,1,0,1,0,0,0,1,0,1,0,2,1,1,0,0,0,0,0,1,1,0,0,1,1,0,0,0,1,1,0,0,0,0,0,1,0,0,1,1,0,0,0,0,0,0,1,0,2,0,0,0,0,0,0,0,0,1,0,0,0,0,0,0
KL0375,2,0,0,1,0,1,1,0,1,0,0,1,0,1,0,0,0,1,2,0,0,1,0,0,0,0,0,0,0,0,2,0,2,1,0,0,1,0,0,0,0,2,0,1,0,2,0,0,0,0,1,1,2,1,0,2,0,0,0,0,0,0,0,1,2,0,1,1,0,1,0,0,0,0,0,0,1,0,0,0,0,0,0,0,0,1,0,1,0,0,0,1,0,2,0,0,1,0,0,0,1,1,2,0,1,0,0,0,0,0,0,1,0,1,2,1,2,1,1,1,0,0,0,0,0,1,0,2,1,2,2,0,1,0,0,1,0,0,0,1,0,0,0,0,2,0,0,1,2,0,1,0,0,0,1,0,0,0,0,1,0,0,0,0,0,1,0,0,0,0,0,1,0,0,2,1,0,1,0,0,0,0,1,0,0,0,2,2,0,1,2,0,0,1,0,0,2,0,0,1
KL0376,1,1,0,2,1,1,1,1,1,0,0,2,0,0,0,0,1,0,2,0,0,0,0,0,0,0,1,0,1,0,1,0,1,0,0,0,1,0,2,0,0,1,0,2,0,2,0,0,0,0,0,0,1,1,0,0,1,0,2,0,0,0,0,0,0,1,1,1,1,1,1,0,0,0,0,1,1,2,1,0,0,1,0,1,0,2,1,2,1,0,1,0,1,1,0,1,0,0,0,0,0,0,0,1,1,0,0,0,0,0,0,1,0,0,0,0,1,1,0,1,0,0,0,0,0,0,0,0,1,0,1,1,0,0,0,0,0,0,0,0,0,2,0,0,0,1,0,1,1,0,2,2,0,0,0,0,2,0,0,0,0,0,1,0,2,0,0,0,0,0,1,1,0,0,1,1,0,0,0,1,0,0,2,1,0,2,1,1,0,1,0,0,0,1,0,0,1,0,1,0
KL0377,1,0,0,2,1,0,1,1,1,0,0,0,0,1,1,1,0,0,1,0,0,0,0,2,0,0,1,0,0,0,1,0,1,0,0,1,0,2,2,0,0,1,0,2,0,2,1,0,1,0,1,2,0,0,0,0,0,0,0,1,0,0,0,0,1,1,1,2,0,1,0,0,0,0,0,0,2,1,1,0,0,0,0,0,1,1,0,1,1,0,1,0,1,0,1,0,1,0,0,0,0,1,1,0,1,2,1,0,0,1,0,0,1,0,1,0,1,0,0,1,0,0,1,0,0,0,0,1,1,1,1,1,1,0,0,1,0,1,0,0,0,2,0,1,1,1,1,0,1,1,0,0,0,1,1,1,0,0,0,0,2,1,1,0,1,0,1,1,0,0,0,1,0,1,2,1,1,1,1,0,1,0,1,1,0,0,0,2,0,0,0,2,0,1,0,0,1,0,2,1
KL0378,0,0,0,1,0,2,1,2,0,0,1,1,1,0,0,1,2,1,0,0,0,0,2,1,0,0,2,0,0,0,1,0,2,0,0,0,1,0,1,1,0,1,1,0,0,1,0,0,1,1,1,1,0,1,0,1,1,0,1,1,0,0,0,0,1,0,1,1,0,1,0,0,1,0,0,1,0,1,0,0,0,0,1,1,0,1,1,1,1,0,1,0,1,1,1,0,1,1,0,0,1,0,0,2,1,1,1,1,0,1,0,0,0,1,0,2,2,0,0,1,0,1,1,0,1,1,0,1,0,0,1,0,1,0,0,0,1,1,0,0,0,0,0,0,1,0,0,0,0,0,0,1,1,0,0,1,2,0,1,0,0,0,1,0,1,2,0,1,0,0,2,0,0,0,1,2,0,1,0,0,1,0,1,1,1,1,1,1,1,0,1,1,0,2,0,1,0,0,1,0
KL0379,1,0,0,1,0,1,2,2,0,0,0,2,0,0,0,0,0,2,1,1,0,0,1,1,0,0,1,0,0,0,1,0,0,0,0,0,0,0,1,0,0,1,0,1,0,2,0,2,1,0,0,2,1,1,0,1,0,0,1,0,0,0,0,1,0,1,0,2,0,0,1,0,1,0,1,1,1,1,0,0,1,0,0,0,1,2,1,2,0,0,1,1,1,0,0,0,0,0,0,0,0,1,1,1,1,1,0,0,0,0,0,1,0,2,2,1,2,0,1,1,1,0,2,1,0,0,1,1,0,0,0,1,1,0,1,1,2,0,0,0,1,2,1,1,0,1,1,1,1,0,1,1,1,1,0,0,1,0,0,0,1,0,0,1,0,0,0,0,0,1,0,0,0,0,1,0,0,1,0,0,0,0,1,1,0,0,2,0,0,0,1,0,0,2,0,0,0,0,2,0
KL0380,1,0,1,0,0,1,2,0,0,0,1,0,1,1,0,2,1,1,0,0,0,1,1,0,0,1,2,0,0,0,1,1,1,0,0,0,2,0,1,1,0,0,0,1,0,1,0,1,1,0,0,2,0,0,0,1,0,0,1,1,0,0,0,0,0,0,1,1,0,0,1,0,0,1,1,0,0,0,2,0,1,0,2,0,0,1,0,1,1,0,1,1,1,0,0,1,1,0,0,0,2,0,1,2,2,1,0,1,0,0,0,1,0,0,2,1,1,2,1,0,1,0,1,2,0,2,1,1,0,1,1,0,1,0,0,2,0,0,0,0,0,0,0,0,0,2,1,1,2,0,1,1,1,0,0,2,1,0,0,1,0,0,0,1,0,0,0,2,0,0,1,0,0,1,1,1,0,2,0,0,0,0,2,0,0,1,1,2,0,0,1,1,0,0,1,0,1,2,1,0
KL0381,0,1,1,2,0,1,2,2,0,0,0,0,2,1,0,1,1,0,1,0,0,0,2,0,0,0,2,0,0,0,1,1,1,1,1,0,2,0,1,1,0,2,1,0,0,1,1,0,0,1,0,0,2,1,0,0,0,0,1,1,0,0,0,0,1,1,1,1,1,2,2,0,0,1,1,0,0,1,0,0,1,0,0,0,1,2,2,1,0,0,2,0,0,0,0,1,0,1,0,0,2,2,0,0,0,0,1,0,0,2,0,1,1,1,1,1,2,0,0,1,0,0,1,1,0,1,1,1,1,0,1,0,1,1,0,0,1,0,0,1,0,1,0,1,0,1,2,1,2,0,0,1,0,0,1,0,0,0,0,0,1,1,0,1,0,0,0,0,0,1,1,0,0,2,1,0,1,1,1,0,0,1,2,1,1,0,0,2,0,0,0,0,0,2,1,0,0,0,0,1
KL0382,0,0,1,1,0,1,1,1,1,0,0,0,1,0,0,0,0,1,1,0,0,1,0,0,0,1,0,0,2,0,1,1,2,0,1,0,1,0,0,0,0,0,0,1,1,1,0,0,1,2,1,2,1,0,2,0,1,0,0,1,0,0,0,1,1,0,1,1,0,1,1,0,1,1,0,0,1,2,0,1,0,0,0,0,0,1,2,1,1,0,1,0,1,0,0,0,0,0,0,0,1,0,2,0,1,2,0,0,0,0,1,1,0,0,1,0,2,0,0,1,0,0,2,0,0,1,0,1,1,1,2,1,0,0,0,0,1,2,0,0,1,1,0,0,0,0,1,1,2,0,1,0,0,1,0,1,1,1,0,0,0,0,0,0,1,1,0,0,0,1,1,0,0,0,1,1,0,0,0,1,1,0,1,0,1,1,1,1,0,0,0,1,0,2,0,1,1,2,0,0
KL0383,1,0,0,2,0,0,0,0,0,0,0,0,1,0,0,0,1,2,1,0,1,1,0,1,0,0,1,1,1,0,1,1,1,0,1,0,0,0,0,0,0,2,0,2,0,1,0,1,1,1,0,2,0,0,0,1,2,0,1,0,0,0,0,0,0,1,1,1,1,1,1,0,0,0,1,0,0,2,0,0,0,1,0,0,2,0,0,1,1,0,1,0,1,1,0,0,0,1,0,1,0,1,1,1,1,1,0,0,0,1,1,1,0,2,1,0,1,1,0,1,0,0,0,0,1,1,0,0,0,0,1,1,1,0,0,1,0,0,0,1,0,1,0,0,1,0,1,1,1,0,1,1,0,0,1,2,1,0,0,0,1,0,0,0,0,1,0,1,1,0,1,1,0,0,1,2,0,1,0,0,1,0,1,0,1,0,0,0,0,1,0,0,0,1,0,0,0,0,1,0
KL0384,1,1,0,0,0,2,1,2,1,0,0,0,0,0,0,2,1,0,1,0,0,0,1,1,0,0,2,0,0,1,1,0,1,0,1,0,0,1,1,0,0,0,0,0,0,1,0,1,1,0,0,1,2,1,0,1,2,0,0,1,0,0,0,0,1,0,1,1,1,1,1,0,0,1,0,0,0,2,2,0,0,0,0,1,1,0,0,2,1,0,1,0,2,1,1,0,0,0,0,0,0,0,0,0,1,1,1,0,0,0,0,0,0,1,0,0,1,0,0,2,0,0,1,0,0,1,0,2,0,0,1,0,0,0,0,2,1,0,0,0,0,2,0,0,1,0,1,1,2,0,1,0,1,1,1,1,0,0,0,0,0,0,0,1,1,0,1,2,1,0,1,1,0,1,1,1,1,0,0,0,0,0,0,1,0,0,0,1,1,1,1,1,0,2,0,0,0,1,1,0
KL0385,1,1,0,0,0,1,1,0,0,1,0,1,0,0,0,0,2,1,0,0,0,2,0,0,1,0,0,0,0,1,0,0,1,0,0,0,0,1,0,0,0,0,0,0,0,2,0,0,0,1,0,1,1,0,0,1,1,0,0,0,0,0,0,0,0,1,0,1,0,0,2,0,0,1,0,1,0,2,2,0,2,0,0,0,0,1,1,1,1,0,1,0,0,1,0,1,0,0,0,0,1,0,1,1,1,0,0,1,2,0,0,0,0,1,1,1,0,1,0,1,0,0,1,0,1,1,1,2,1,0,0,0,1,0,0,0,0,0,0,1,1,1,0,0,0,1,2,0,1,0,1,0,0,1,0,1,0,0,0,1,0,1,1,0,0,0,0,0,0,1,1,2,0,1,0,2,0,0,0,0,0,1,1,0,1,2,0,0,0,0,0,1,0,2,0,0,2,0,0,1
KL0386,1,0,0,1,0,0,0,2,1,0,1,0,0,1,0,0,1,0,2,0,0,1,1,1,0,0,1,0,0,0,0,2,1,1,0,0,1,0,0,1,0,1,0,0,0,1,0,1,1,0,1,1,0,0,0,1,1,0,1,2,1,0,0,0,1,1,0,1,1,1,1,0,0,1,0,1,2,2,0,0,0,0,0,0,0,1,0,0,2,0,0,0,1,1,0,0,0,0,0,1,1,1,0,1,1,1,0,1,0,1,1,2,1,1,0,0,1,2,0,1,1,1,1,0,0,0,0,1,0,1,2,0,0,0,0,2,0,0,0,1,0,1,1,0,0,1,0,2,0,2,0,1,1,0,1,0,0,0,0,0,0,1,0,2,0,1,0,0,0,0,1,2,0,1,1,1,0,2,0,0,0,0,1,1,1,0,0,1,1,0,0,0,0,1,0,1,0,0,1,1
KL0387,0,0,0,2,0,2,0,1,0,0,0,1,2,1,0,0,1,0,0,0,0,0,0,1,2,0,1,1,0,1,1,1,1,0,1,0,1,0,1,1,0,0,1,0,0,1,0,0,0,1,0,0,1,0,0,1,0,0,1,1,0,0,0,1,1,1,0,1,1,1,1,0,0,0,0,1,1,0,1,1,0,0,0,0,1,1,1,1,2,0,1,0,1,1,1,0,0,0,2,0,1,1,1,0,1,1,1,1,0,1,0,1,0,0,1,0,1,0,0,1,0,0,0,0,1,0,0,1,1,1,1,0,1,0,0,0,0,0,0,0,0,1,0,0,0,1,1,0,1,1,2,1,0,0,1,1,1,1,1,0,0,1,0,0,0,0,0,2,0,0,0,1,0,0,0,0,0,1,0,0,1,1,0,1,1,1,0,2,0,0,0,0,0,2,1,0,0,1,1,2
KL0388,1,0,0,1,0,0,2,1,1,0,1,1,1,2,0,0,1,1,1,0,0,2,0,1,0,0,2,0,1,0,1,0,1,0,0,0,1,0,1,1,0,0,0,0,1,2,0,0,0,1,0,2,0,0,0,1,0,1,1,0,0,0,0,0,0,1,0,2,0,0,1,0,0,0,0,0,1,0,1,0,0,1,0,0,0,0,0,1,0,1,2,1,2,1,0,0,1,1,0,1,1,0,0,1,2,0,0,0,0,0,0,2,0,0,1,1,1,0,0,2,0,1,0,0,0,0,1,2,1,2,2,0,2,0,1,0,0,1,0,0,0,1,2,0,0,2,1,0,1,1,0,1,1,0,0,0,1,0,0,0,1,1,1,0,0,0,0,1,0,0,1,0,0,0,1,0,0,0,0,0,0,0,1,0,1,0,1,1,1,0,0,1,1,1,1,0,0,1,0,1
KL0389,1,0,0,2,0,0,0,2,0,0,2,1,0,0,1,0,1,0,0,0,1,0,0,1,0,0,1,0,1,0,1,1,0,0,0,0,2,0,1,0,0,1,0,0,1,1,0,0,0,1,0,0,1,1,0,2,1,0,2,0,1,0,0,1,1,1,1,0,1,0,2,0,1,1,0,0,0,0,0,1,0,0,0,0,0,0,1,1,1,0,1,0,0,1,0,1,2,0,0,0,0,0,1,0,0,0,1,1,0,1,1,2,1,1,2,0,1,0,0,0,0,0,0,0,0,0,0,1,0,0,1,1,0,1,0,0,0,0,0,1,0,0,1,0,0,1,0,1,2,0,1,1,0,2,1,0,1,0,0,1,0,0,0,1,0,0,1,1,0,0,1,0,1,0,0,2,0,0,1,0,1,0,2,1,0,0,0,1,0,0,0,0,0,1,0,0,2,0,0,2
KL0390,1,2,0,2,0,0,0,1,0,1,1,0,2,0,0,1,1,1,1,0,0,2,0,0,0,0,0,1,0,0,1,0,2,0,1,1,0,0,0,2,0,0,0,1,0,2,0,0,1,1,1,2,1,0,0,1,0,0,0,0,0,0,1,0,1,1,2,0,0,1,1,0,0,0,0,0,1,1,2,0,0,0,1,0,0,0,1,0,1,0,1,0,1,1,0,0,0,0,0,0,0,0,1,1,1,1,1,0,0,1,0,0,0,2,1,0,1,0,0,1,0,0,0,0,0,1,0,1,0,0,2,0,2,0,0,1,1,1,0,0,0,0,0,0,0,1,1,1,1,1,1,0,0,0,2,2,1,0,0,0,1,1,0,1,1,0,0,2,0,0,0,1,0,1,1,1,0,1,0,0,0,0,0,1,1,1,1,1,0,0,2,0,0,2,0,1,0,1,1,1
KL0391,1,0,0,0,0,0,1,0,0,0,0,2,0,0,1,0,1,1,0,1,0,1,0,0,0,0,2,1,0,0,2,0,1,1,1,0,2,0,2,0,0,0,1,0,0,1,0,0,1,1,0,0,0,0,0,1,1,0,1,1,0,0,0,0,1,1,0,1,1,1,1,0,0,0,0,0,1,1,1,0,0,1,0,1,0,0,1,1,0,0,0,1,1,2,0,1,1,0,0,0,0,1,0,1,2,0,0,0,0,0,0,1,1,1,1,1,2,0,0,1,0,0,1,0,0,1,0,1,2,2,1,0,2,0,0,0,0,0,0,0,0,1,0,1,0,2,0,1,1,2,1,1,0,1,1,1,1,0,0,0,1,1,0,1,1,0,1,0,0,0,0,1,1,0,0,2,0,1,1,0,0,0,1,1,0,1,0,2,0,1,0,1,1,1,0,0,1,0,0,0
KL0392,0,0,0,1,0,0,1,1,0,0,1,0,0,0,0,1,1,0,0,0,2,1,0,1,1,0,0,0,0,0,1,0,0,1,0,1,0,0,0,0,0,1,0,0,0,1,0,0,0,0,1,2,1,0,0,1,0,0,2,1,0,0,0,0,0,0,1,1,1,0,1,0,0,1,0,0,0,2,1,0,0,0,2,1,1,0,0,2,0,0,1,0,0,2,1,0,0,0,0,0,1,0,0,1,1,0,1,1,0,1,1,1,0,1,0,1,1,0,0,0,0,0,1,0,0,1,0,2,1,1,1,1,1,1,0,1,2,1,0,0,0,0,1,0,0,1,2,0,1,2,1,2,0,2,0,2,0,0,0,0,0,2,1,0,1,0,0,0,0,0,0,1,1,2,1,0,1,0,0,0,0,0,0,2,1,0,0,1,1,1,1,2,0,1,0,1,0,1,0,0
KL0393,0,0,0,0,0,2,0,1,1,0,1,1,1,1,0,1,0,0,1,0,0,1,0,0,0,0,0,0,1,0,1,1,2,0,0,0,1,0,2,0,0,1,0,0,0,2,0,0,2,0,0,1,1,0,0,2,1,0,0,0,1,1,0,2,0,1,1,2,0,1,1,0,0,2,0,1,0,1,1,0,0,0,1,0,0,2,1,0,0,0,1,1,2,1,0,1,0,0,0,0,0,0,1,0,1,1,1,0,0,2,0,1,1,1,0,0,1,1,1,2,0,0,2,0,0,0,0,1,0,0,1,0,1,0,0,2,1,0,0,1,0,1,1,0,1,1,1,0,1,1,0,0,0,0,0,1,1,1,0,0,0,2,0,1,1,1,0,0,0,0,1,0,0,0,1,1,0,0,0,0,0,1,0,0,0,0,2,0,0,1,0,0,1,2,1,0,1,0,1,1
KL0394,0,0,0,1,1,1,1,1,0,1,1,0,1,1,0,2,0,0,0,0,0,0,1,0,1,0,0,0,0,0,0,0,0,0,0,0,1,0,2,0,0,0,1,2,1,1,0,1,0,0,1,1,1,0,1,1,0,0,2,0,0,0,0,0,1,0,1,1,0,1,0,0,1,0,0,1,0,1,1,0,0,0,0,1,0,0,0,1,1,1,0,1,1,1,0,0,0,0,0,0,2,1,0,1,2,2,1,0,0,1,0,1,0,1,0,0,0,1,0,1,0,0,1,0,0,2,0,1,1,0,2,1,0,0,0,2,1,0,0,0,0,1,1,1,1,0,0,1,2,2,1,1,1,0,1,0,2,1,0,1,1,0,0,0,0,0,0,0,0,0,0,2,0,0,1,0,0,2,0,1,2,0,2,1,1,0,0,0,1,0,0,0,0,1,0,0,1,0,1,0
KL0395,0,0,1,0,0,1,1,0,0,0,2,1,1,0,0,1,0,1,2,1,0,1,0,0,0,0,1,0,1,0,0,0,1,0,0,0,2,0,0,0,1,0,0,1,1,1,1,0,1,2,1,0,1,0,0,1,0,0,1,0,0,0,0,0,0,0,1,1,0,0,1,0,1,0,0,0,0,0,1,2,0,0,0,0,0,1,0,2,0,0,1,0,0,2,0,2,0,0,0,0,1,0,1,1,2,0,0,1,0,0,0,0,0,1,0,0,2,0,1,2,1,0,0,0,0,1,0,0,1,1,1,0,2,0,0,1,0,0,1,1,0,1,0,1,0,1,1,1,1,1,0,1,0,1,2,1,1,0,0,0,0,0,0,1,1,0,1,0,0,0,0,1,0,0,1,2,0,1,0,0,0,0,1,1,0,0,0,0,0,1,0,1,0,1,0,0,0,0,0,0
KL0396,1,0,0,1,0,0,1,1,0,2,0,0,1,0,0,1,1,1,1,0,0,0,1,0,0,0,1,1,0,0,1,2,1,0,0,0,1,2,0,0,0,0,0,1,0,0,0,0,1,0,0,1,1,0,0,1,1,0,0,1,0,2,1,0,0,1,1,0,0,1,1,0,0,0,2,1,1,1,0,0,0,0,0,1,0,1,1,0,0,0,2,0,0,2,1,0,0,0,0,0,0,0,1,1,1,0,0,0,0,0,0,2,1,0,1,0,0,1,0,1,0,0,1,0,0,0,0,2,1,1,1,0,0,0,0,2,0,0,1,0,0,1,0,0,1,0,0,0,2,1,0,1,0,0,0,0,0,0,0,1,0,0,0,0,1,1,0,1,0,0,1,0,0,0,0,1,1,0,0,0,0,1,1,0,2,1,0,0,0,0,1,1,0,1,0,0,1,1,0,1
KL0397,0,1,0,0,0,1,2,1,0,0,0,0,1,2,0,1,0,1,2,0,0,0,0,0,0,0,1,0,1,0,1,1,0,0,2,0,1,1,1,0,0,0,0,0,2,2,0,0,0,1,0,1,1,0,0,0,0,0,0,1,1,0,0,0,1,1,0,0,1,1,1,0,0,0,0,1,0,1,1,0,0,0,1,0,0,0,0,1,0,1,0,0,2,0,0,0,1,0,0,0,0,1,0,0,1,2,0,0,0,1,0,2,1,0,2,0,1,0,0,1,1,0,1,0,0,1,0,1,0,0,1,0,1,0,0,0,1,1,0,0,1,0,1,1,1,2,1,1,0,1,1,0,0,0,0,0,1,0,0,0,0,0,1,1,0,1,0,1,0,0,0,0,0,1,0,1,1,0,0,0,0,1,2,1,0,0,1,0,1,0,0,0,0,2,1,1,0,0,1,0
KL0398,1,0,0,1,0,0,0,1,0,0,0,1,1,0,0,0,0,2,1,0,0,0,1,2,0,0,1,1,0,0,2,2,1,0,0,0,1,1,0,0,0,0,0,1,1,2,0,0,1,2,0,0,1,0,0,1,0,0,1,0,1,0,0,0,1,0,0,1,0,2,0,0,1,0,0,0,0,1,2,1,1,0,0,0,0,0,1,1,0,1,1,0,2,1,0,1,0,0,0,0,0,1,1,1,1,1,1,1,0,2,0,0,0,2,1,2,0,1,0,1,0,1,0,0,0,1,0,0,0,0,1,0,2,1,1,0,1,0,0,1,0,0,0,0,1,1,2,2,1,0,1,1,0,0,1,0,1,0,0,0,0,2,1,1,0,1,0,1,0,0,0,2,0,0,1,1,1,1,0,0,0,0,1,0,1,1,1,2,0,0,1,1,1,2,0,1,0,1,0,1
KL0399,0,1,0,1,0,2,2,1,0,0,1,0,0,0,0,0,0,0,1,0,1,1,1,1,0,0,1,0,0,0,1,0,1,0,0,0,1,0,0,1,0,1,0,0,0,1,0,0,0,0,1,2,0,1,0,1,1,0,1,0,0,0,1,0,0,1,1,1,2,2,1,0,0,0,1,2,0,2,1,1,0,0,1,0,0,1,2,2,0,0,2,1,1,1,0,1,0,0,0,0,0,0,1,1,1,2,0,0,0,0,0,2,0,1,1,0,2,1,0,1,0,1,2,1,0,2,0,2,1,0,1,1,0,0,0,1,1,0,0,0,0,0,2,0,1,1,0,2,1,0,0,0,0,1,1,0,2,0,0,0,1,0,0,1,0,1,2,1,1,0,2,1,0,0,1,0,0,0,0,0,0,1,2,0,0,0,1,0,1,0,1,1,0,0,1,0,1,1,1,0
KL0400,1,1,0,1,1,1,1,0,0,0,1,2,2,0,0,0,0,2,0,0,0,1,1,0,0,0,1,0,0,0,0,1,0,0,0,0,2,1,1,1,0,1,0,0,0,2,1,0,0,0,1,2,1,0,0,1,2,0,2,0,0,0,0,0,1,0,0,1,0,0,1,0,1,0,0,0,0,0,1,1,1,0,0,0,0,2,2,0,0,0,1,0,0,1,0,0,0,0,1,0,0,0,2,1,0,0,1,0,1,1,0,0,1,0,2,1,1,0,0,1,0,0,0,1,0,2,1,0,0,0,2,0,0,0,1,1,0,0,0,1,0,1,0,0,1,1,1,1,1,1,0,0,0,0,0,1,1,0,1,0,0,0,0,2,1,1,1,2,0,0,1,1,0,2,0,0,0,0,0,0,1,0,0,0,0,0,1,0,0,0,0,0,0,1,1,0,1,0,0,0
KL0401,0,1,0,2,1,1,1,2,0,0,0,1,2,0,0,0,0,0,1,0,0,2,1,0,0,0,1,0,0,1,1,0,1,0,1,0,1,0,0,1,0,1,0,0,0,1,0,0,1,0,1,1,1,0,0,0,0,0,0,1,0,0,0,0,0,1,1,0,1,0,1,0,0,0,1,0,0,0,1,0,1,0,0,1,0,2,1,2,1,1,0,1,0,1,0,1,1,0,0,0,2,0,0,1,1,0,1,0,1,0,1,0,0,1,1,1,0,1,0,1,0,0,2,0,0,1,2,1,0,1,0,0,0,0,0,1,1,0,0,0,0,2,1,0,1,2,1,1,0,1,0,1,0,0,0,0,2,0,0,0,1,0,0,0,0,0,0,1,0,0,1,0,0,0,2,1,1,1,0,0,0,1,1,2,0,0,1,1,1,0,0,0,0,1,0,0,1,1,0,1
KL0402,0,0,0,1,0,0,0,1,1,0,0,0,1,0,0,0,0,0,1,0,0,1,1,1,0,0,2,0,1,0,1,0,2,0,0,0,0,1,2,0,1,1,0,1,0,1,1,0,1,0,0,1,1,0,0,1,2,0,1,0,0,0,0,1,0,1,1,1,0,0,1,0,0,0,0,0,0,0,1,0,0,0,1,1,0,0,0,0,0,0,1,1,2,1,0,1,0,0,1,0,1,1,0,0,0,1,1,0,0,1,0,0,0,1,0,1,1,0,1,0,0,0,1,0,0,0,0,1,0,1,1,1,2,0,0,1,1,0,0,1,0,1,0,0,1,2,0,0,2,0,0,1,0,1,1,0,1,0,0,0,0,0,0,2,1,0,0,1,0,0,1,1,0,1,1,2,0,1,0,0,1,2,1,1,0,1,1,0,0,1,0,2,0,1,0,0,1,0,0,1
KL0403,1,0,0,2,0,0,1,1,0,0,1,0,2,0,1,1,1,1,2,0,0,0,1,2,0,1,0,0,1,0,1,2,1,0,0,1,1,0,1,0,0,1,0,1,1,1,0,0,1,2,0,1,1,0,0,0,1,0,1,0,0,0,0,0,0,1,1,1,1,1,1,0,0,0,0,0,0,0,1,0,0,0,0,0,0,2,0,1,0,0,1,0,0,1,0,1,0,0,1,0,2,1,1,2,1,0,2,0,0,1,0,0,1,0,2,0,0,1,0,2,0,0,0,0,0,1,0,1,0,1,1,1,0,0,0,2,0,1,0,0,0,1,0,0,0,1,1,0,1,0,1,1,0,0,0,1,0,0,0,0,1,0,0,1,0,0,0,1,0,0,0,1,0,0,2,1,0,1,0,0,0,0,0,1,0,0,0,2,0,1,0,0,0,1,0,0,0,0,1,0
KL0404,0,0,0,0,1,1,0,0,0,2,2,1,1,0,0,0,1,0,0,0,0,0,0,1,1,0,2,0,0,0,1,1,0,0,0,0,1,1,2,0,0,1,0,1,1,2,0,0,1,1,0,1,0,0,0,0,1,0,1,0,1,0,0,0,0,0,0,1,0,1,2,0,0,2,1,1,1,2,1,2,2,0,1,1,0,0,0,0,0,0,0,0,1,0,0,1,0,1,1,0,1,0,1,1,0,1,1,1,0,1,0,1,0,1,0,0,1,0,1,2,0,0,1,0,0,2,0,2,0,0,0,0,1,0,0,1,0,1,1,1,0,0,0,0,0,1,0,0,1,0,0,2,1,0,0,1,1,0,0,0,0,0,0,0,1,0,0,0,2,0,1,0,1,0,1,1,0,1,0,0,0,0,1,1,0,1,0,0,0,0,0,0,0,0,0,0,1,0,2,1
KL0405,0,0,0,1,0,2,1,0,0,1,2,1,2,1,0,1,0,0,2,0,1,1,2,2,0,1,0,0,0,0,1,0,1,0,0,0,1,0,0,0,0,1,0,1,0,1,0,0,0,0,1,0,1,1,1,2,2,1,0,0,1,1,0,0,0,1,1,0,0,1,1,0,0,1,1,1,0,2,1,0,1,0,1,0,0,0,1,0,0,0,0,1,0,0,0,0,0,0,0,0,0,1,1,1,0,1,0,1,0,2,0,0,0,1,0,0,2,1,0,0,0,1,0,1,0,0,1,1,1,1,1,0,1,0,0,1,0,1,0,0,0,1,1,2,1,1,2,1,0,1,0,0,0,1,1,1,1,0,1,0,2,1,0,0,0,0,0,1,0,1,0,0,0,1,1,2,0,1,0,0,2,0,1,0,1,0,1,1,0,1,1,0,0,1,0,1,0,1,1,0
KL0406,1,0,0,0,0,1,0,1,0,0,0,0,2,0,0,1,0,0,1,0,1,1,1,2,0,0,1,0,0,0,0,0,1,0,1,1,0,0,1,0,0,1,0,1,1,1,0,0,0,1,2,1,0,0,1,0,0,0,0,0,1,0,1,0,1,0,1,0,0,1,1,1,0,1,1,1,1,1,1,0,0,0,0,0,0,1,1,1,0,0,1,0,2,0,0,0,0,0,0,0,0,0,0,1,1,0,1,0,0,1,0,1,0,1,1,1,1,1,0,0,0,0,1,0,0,1,0,1,2,1,1,0,1,0,0,0,0,0,0,1,0,2,0,0,0,0,1,0,0,0,1,1,1,1,0,1,1,0,1,0,1,0,0,0,1,0,0,1,1,1,1,0,0,0,1,1,0,1,0,0,0,0,2,0,0,0,1,2,0,0,1,0,0,1,0,0,1,2,1,0
KL0407,1,0,0,1,0,0,2,0,0,0,2,2,2,0,0,1,0,2,1,0,0,1,0,0,0,1,0,0,0,0,2,0,0,0,0,0,1,0,2,0,0,1,0,1,1,1,1,0,0,0,1,0,1,2,0,2,0,0,0,0,0,0,0,0,1,0,0,0,0,2,1,0,0,0,0,0,1,0,1,0,0,0,0,0,0,0,0,1,0,0,1,0,1,0,1,1,1,0,0,0,0,0,0,0,0,0,0,1,0,1,0,1,1,1,1,0,1,2,0,1,0,0,0,0,0,1,0,1,1,2,0,1,1,0,0,1,1,1,0,0,0,2,0,0,0,2,1,0,1,1,0,0,1,0,0,2,1,0,0,1,0,2,0,2,2,0,0,1,0,0,1,1,0,1,1,0,0,0,0,0,1,0,1,0,1,0,1,1,0,0,0,0,0,2,0,0,0,1,1,1
KL0408,1,0,0,1,0,1,0,0,1,0,0,1,1,1,0,0,2,0,2,1,1,1,0,0,0,0,1,0,0,0,1,0,1,0,0,0,1,0,1,0,0,1,1,0,0,1,1,1,1,1,0,0,2,0,0,0,1,0,1,2,1,1,0,1,1,0,1,0,0,1,0,0,0,1,0,1,0,0,1,0,0,0,0,0,0,0,1,0,0,0,1,0,2,2,1,0,0,1,1,0,1,1,0,2,1,0,1,0,0,0,0,2,1,0,2,0,2,1,0,1,0,0,1,0,0,0,0,1,0,0,0,0,2,0,1,1,1,0,0,1,0,1,0,1,0,1,1,1,1,1,0,0,0,1,0,1,0,0,1,1,0,0,0,1,0,0,0,1,0,0,1,0,0,1,1,2,0,0,0,0,0,0,1,0,0,0,0,0,0,0,0,0,0,1,0,0,1,1,0,1
KL0409,0,0,0,0,0,1,0,1,0,0,1,2,1,0,0,1,1,0,0,0,1,1,2,1,1,0,1,0,0,1,0,0,0,0,0,0,2,1,1,1,0,1,0,0,0,1,0,0,2,1,0,1,2,1,0,0,0,1,0,1,1,0,1,0,1,1,1,0,0,1,2,0,0,1,0,0,0,1,1,0,0,0,0,0,1,1,0,0,1,0,1,0,1,0,0,0,0,0,1,0,1,0,0,1,1,1,1,0,0,0,0,1,1,1,0,0,2,0,0,1,0,0,1,0,0,0,0,1,0,0,1,0,0,0,0,2,1,0,0,0,0,1,0,0,0,0,0,1,1,0,0,0,1,1,0,1,1,0,0,0,0,0,1,0,0,1,0,1,1,0,1,2,0,1,1,1,0,0,1,1,1,0,0,0,1,1,0,1,1,0,1,2,0,0,0,0,0,2,1,1
KL0410,1,0,0,1,1,0,2,0,0,1,0,0,0,0,0,0,0,1,1,0,1,1,0,1,0,0,1,0,1,0,1,0,1,1,1,0,2,0,0,0,0,1,0,1,1,0,0,1,0,0,0,2,1,1,0,1,1,0,0,0,0,0,0,0,0,1,1,1,0,2,0,0,0,0,0,0,0,1,0,1,1,0,0,0,0,1,1,1,0,0,0,0,1,0,0,1,0,0,0,0,2,1,1,0,1,0,0,0,0,2,0,0,0,1,0,1,1,0,2,1,1,1,1,0,0,0,0,1,0,0,1,0,1,2,2,1,0,0,1,0,1,2,1,1,0,1,0,0,1,1,2,0,0,0,1,1,1,0,0,0,0,2,0,0,2,0,0,1,1,1,1,1,0,0,0,1,0,1,0,1,0,0,1,0,0,1,1,1,0,0,0,0,1,2,0,0,0,0,0,0
KL0411,1,0,1,2,0,1,0,1,0,0,0,1,0,0,0,2,0,1,0,0,0,2,1,1,0,0,1,0,1,0,2,0,2,1,2,0,1,1,2,0,0,0,0,0,0,1,0,0,1,2,1,0,1,0,0,1,1,0,1,0,0,0,0,0,0,0,0,0,0,0,1,0,0,0,1,0,0,0,0,0,1,0,0,1,0,1,1,2,0,0,2,0,2,1,1,1,1,0,1,0,1,1,0,1,1,2,0,1,1,2,0,2,1,1,1,1,1,2,0,1,0,1,1,0,0,1,0,1,0,0,1,0,2,0,0,1,1,0,0,1,0,0,0,0,0,0,1,1,1,2,1,1,0,1,1,0,1,0,0,0,0,0,0,0,1,0,1,1,0,0,0,0,0,1,1,1,0,0,0,0,0,0,1,0,1,0,0,1,1,0,0,1,0,0,0,0,1,1,0,1
KL0412,1,0,0,0,0,1,1,1,0,0,0,0,2,1,1,1,1,0,0,1,2,1,0,2,0,0,1,0,0,0,0,0,0,0,1,0,2,1,0,0,0,1,0,0,0,2,1,0,0,1,0,0,0,1,0,1,0,0,1,0,0,1,0,1,0,1,1,1,0,2,2,0,0,0,0,0,1,1,1,0,1,0,0,1,1,1,0,1,0,0,0,1,1,1,0,0,0,0,1,0,2,0,1,1,0,1,1,1,0,1,0,1,0,0,1,1,0,1,0,0,0,0,0,0,0,0,0,0,0,0,0,0,1,0,0,2,1,1,0,0,0,0,1,1,0,0,1,2,1,0,0,2,0,0,0,1,1,0,0,0,0,1,1,1,1,0,0,0,0,2,1,1,0,1,0,0,0,0,0,0,0,0,0,0,0,2,0,0,0,0,1,0,0,0,0,0,1,1,0,1
KL0413,0,0,1,2,1,0,1,1,0,0,2,2,0,1,0,2,1,1,1,0,1,1,0,0,0,0,1,1,0,0,1,0,1,0,0,0,1,0,1,0,0,2,0,0,0,1,0,0,0,1,0,1,1,1,0,2,1,0,0,1,2,0,0,1,0,2,1,0,0,0,0,0,0,1,1,0,0,1,0,0,0,0,0,0,0,2,0,0,0,0,1,0,2,0,0,0,0,0,0,0,0,0,2,1,0,1,0,0,0,0,0,1,0,2,1,1,2,1,0,0,0,0,1,0,0,0,1,0,0,2,1,1,1,0,0,2,2,0,0,0,0,1,0,1,0,1,0,0,2,0,0,0,0,0,0,1,1,0,0,1,1,0,1,1,2,1,0,1,0,0,0,1,1,0,1,1,1,0,0,1,0,0,2,0,1,0,0,0,0,0,1,1,0,1,0,1,0,1,1,0
KL0414,0,0,0,2,0,2,1,0,0,0,2,1,1,0,0,0,0,0,1,0,1,1,0,0,0,0,1,0,0,0,0,1,0,0,1,0,1,1,1,0,0,1,0,0,1,2,0,0,0,1,0,1,0,0,0,1,1,1,0,0,0,0,0,1,1,2,2,0,0,0,2,0,0,0,1,0,0,0,1,1,0,1,1,0,0,1,1,1,1,0,1,0,1,2,0,2,0,1,1,0,1,0,1,2,1,2,1,0,0,1,0,1,1,0,1,0,0,1,0,1,0,0,1,1,0,1,0,1,1,0,2,2,0,1,0,1,0,0,0,1,0,1,0,0,0,2,2,0,1,0,1,1,0,0,0,2,1,0,1,0,0,0,0,1,1,1,1,1,1,0,2,1,0,1,1,0,1,0,1,1,0,0,1,0,0,0,0,2,0,0,0,1,0,1,0,0,0,0,0,0
KL0415,0,0,0,1,0,1,0,1,0,0,0,0,0,1,0,0,1,0,2,0,0,0,0,2,0,0,1,0,1,0,0,0,1,1,0,0,0,0,0,1,0,1,0,2,0,2,0,0,1,1,0,1,1,0,1,1,0,0,0,0,1,0,1,0,0,0,2,1,0,2,1,0,1,1,0,0,0,0,0,1,0,1,1,0,0,0,2,2,1,0,2,0,1,1,1,0,0,0,0,0,2,1,1,2,2,0,1,0,0,1,0,1,0,0,1,0,0,1,0,2,1,1,1,0,0,2,0,1,0,1,1,0,2,0,0,1,0,0,0,1,1,0,1,0,0,1,0,0,1,1,1,0,0,0,1,0,0,0,1,0,1,1,0,0,2,0,0,0,0,0,2,0,0,0,2,0,0,0,0,0,0,0,1,0,0,0,1,2,2,0,0,0,0,0,0,0,0,1,0,0
KL0416,0,1,0,1,1,0,1,0,0,0,0,0,2,1,0,1,0,0,1,0,1,0,0,1,1,0,0,0,0,0,0,0,2,0,1,0,1,0,0,0,0,2,1,0,1,1,0,0,0,1,0,0,0,1,0,1,0,0,0,0,0,1,0,1,1,0,0,1,0,0,0,0,0,0,1,0,1,2,0,0,0,0,0,0,1,0,0,1,0,0,0,1,1,0,1,1,1,0,0,0,0,1,0,1,2,0,0,1,0,0,0,1,0,1,1,0,1,0,1,2,0,0,0,0,0,1,0,1,0,2,1,1,1,0,0,1,1,0,0,0,0,1,1,0,0,0,1,1,1,1,1,2,1,0,1,0,2,1,0,1,0,1,0,2,1,0,0,0,1,1,2,0,0,0,1,1,0,1,1,0,0,0,0,0,0,0,1,2,1,1,0,1,0,1,0,0,0,2,0,1
KL0417,0,0,0,0,0,0,1,1,0,0,1,0,1,0,0,1,0,1,1,0,0,1,0,0,0,0,1,0,0,0,0,0,2,0,0,0,0,0,1,0,1,0,0,0,0,0,0,0,1,0,0,1,2,0,1,1,0,0,0,0,1,1,1,0,0,1,1,0,1,0,0,1,0,0,1,0,0,2,1,0,0,0,0,0,0,2,0,0,0,0,0,0,1,0,0,0,2,1,0,0,1,1,0,1,2,0,0,1,0,1,0,0,1,0,1,0,0,1,1,0,0,0,0,1,0,0,0,1,1,1,1,1,1,0,0,0,0,0,1,0,0,0,1,0,0,2,1,1,1,1,0,0,0,0,0,0,0,0,0,0,0,1,1,0,2,1,0,0,0,0,1,0,0,0,1,1,2,1,0,1,0,0,1,1,0,1,0,2,2,0,0,1,0,1,0,0,1,0,1,0
KL0418,0,0,0,1,0,0,1,1,1,0,0,0,2,0,0,0,1,0,1,0,0,2,1,1,0,0,0,0,0,1,2,1,1,0,1,0,0,1,1,0,0,1,1,1,1,1,0,1,0,1,0,1,1,0,0,0,0,0,1,1,0,1,0,0,2,1,0,1,0,0,1,0,1,1,0,1,0,2,0,0,0,0,0,0,1,2,2,1,0,1,0,0,0,2,1,1,1,0,0,0,1,0,1,0,0,0,2,1,1,1,0,0,0,0,1,1,1,1,0,2,1,0,0,0,0,1,2,1,1,0,1,1,1,0,0,1,0,0,1,1,0,1,1,0,0,1,2,1,1,1,2,1,0,1,0,1,1,0,0,0,0,2,1,1,1,1,1,0,0,0,2,1,0,1,0,1,1,2,0,1,1,0,1,0,1,0,0,1,0,1,1,1,0,2,0,1,0,1,0,0
KL0419,1,1,1,2,0,0,2,1,0,1,1,1,1,1,0,1,0,0,1,0,0,2,0,1,0,1,2,0,0,0,2,0,0,0,0,0,1,1,1,1,0,0,0,1,1,1,0,0,1,2,2,1,1,0,0,0,0,0,1,0,0,0,0,1,0,1,1,1,1,0,1,0,0,0,0,0,0,2,1,0,0,0,0,0,1,0,0,1,0,0,1,0,1,1,0,0,0,0,0,0,0,0,2,2,1,0,1,0,0,1,0,1,0,1,1,1,1,1,0,1,0,0,1,0,0,0,0,1,0,1,1,0,0,0,0,1,2,0,0,1,0,1,0,0,1,1,2,1,0,2,2,1,0,0,1,2,0,0,0,1,0,0,1,1,0,1,0,1,0,0,2,0,0,1,0,1,0,0,0,0,1,0,1,0,1,2,1,1,1,1,1,0,0,2,0,0,1,1,0,0
KL0420,0,0,0,2,0,1,1,1,0,1,1,0,0,0,0,1,1,1,1,0,0,1,2,0,0,0,2,0,0,0,2,0,1,0,0,0,1,0,1,0,1,0,0,0,0,1,0,0,0,1,1,2,0,0,0,1,0,0,0,1,0,1,1,1,0,1,1,0,1,1,0,0,0,0,0,0,0,2,1,0,0,0,0,0,0,0,0,2,1,0,0,0,0,1,0,1,0,0,0,0,1,0,1,2,1,1,1,1,0,1,0,1,0,0,2,0,0,1,0,1,0,0,2,0,0,1,0,1,1,1,1,0,0,0,0,1,1,0,0,1,0,1,0,0,1,1,1,2,0,0,1,1,0,0,0,0,1,0,0,1,0,0,0,1,1,0,1,1,0,0,1,1,0,1,1,1,0,1,0,0,0,1,2,1,1,0,1,1,1,0,0,2,0,2,0,1,0,1,2,0
KL0421,2,1,0,1,1,2,1,2,0,0,0,1,0,2,0,1,1,1,0,0,0,0,0,0,0,1,2,0,1,1,1,0,0,0,0,0,1,0,0,0,0,1,0,1,0,1,0,0,0,0,1,1,0,1,0,1,0,0,1,0,0,0,0,1,1,0,0,1,0,2,0,0,1,0,2,1,0,0,1,0,0,0,0,0,0,1,2,0,1,0,2,2,0,1,0,1,0,0,0,0,2,1,1,1,1,1,1,1,0,0,0,1,1,0,0,0,1,1,0,1,0,0,1,0,1,0,0,1,1,1,0,0,1,1,1,1,1,0,0,0,0,1,0,0,0,1,2,0,0,1,2,1,0,0,0,0,1,0,0,0,1,2,1,1,0,0,0,1,0,0,1,1,1,0,1,1,1,1,0,0,0,1,1,2,1,0,0,1,0,0,1,1,0,0,1,2,0,1,0,0
KL0422,1,1,0,0,0,2,2,1,0,0,1,1,1,0,0,0,0,1,0,1,0,0,0,2,0,0,1,0,0,1,0,0,1,1,0,0,1,1,1,0,0,1,0,0,1,0,1,0,0,0,0,0,1,1,0,0,0,0,2,1,1,0,1,0,1,0,0,2,0,1,1,0,0,0,1,0,0,2,2,1,0,0,0,1,0,0,0,1,0,0,1,0,2,0,0,1,0,0,0,0,0,0,1,1,2,1,1,1,0,1,0,0,1,1,0,1,1,0,0,1,0,0,1,0,0,0,0,2,0,0,1,0,1,0,1,1,1,0,0,0,1,1,1,2,1,2,0,1,1,0,0,1,1,1,0,1,0,0,0,0,1,0,0,1,0,0,1,1,0,0,2,0,0,1,1,0,1,1,0,1,1,0,1,0,1,2,0,0,0,0,0,0,0,1,1,0,0,1,1,0
KL0423,0,1,0,1,1,1,0,0,0,0,1,2,1,1,0,1,1,0,2,0,0,2,1,0,0,1,0,1,0,0,0,0,0,0,0,1,0,0,0,0,0,0,0,0,0,2,0,0,1,1,0,1,1,0,0,2,1,0,0,0,1,2,0,0,0,0,1,0,1,1,1,1,0,1,1,0,0,2,1,0,0,0,0,0,2,0,0,0,0,1,2,1,0,1,0,0,0,0,0,0,1,0,2,1,0,1,1,0,0,1,0,2,1,0,2,0,0,1,1,0,0,0,1,0,0,0,0,1,0,2,1,0,2,0,0,1,0,0,0,1,0,1,1,0,2,1,1,1,1,1,0,1,0,0,0,0,0,0,0,0,0,0,1,0,1,1,1,1,0,0,0,2,0,0,2,0,0,1,0,0,0,0,2,1,0,0,0,2,1,0,0,0,0,1,0,0,1,0,1,1
KL0424,0,0,0,2,1,1,1,0,0,0,2,0,0,1,0,2,0,2,2,1,0,0,0,1,0,0,1,0,0,0,2,0,0,0,0,0,0,0,1,0,1,0,0,0,0,1,0,0,0,0,0,2,1,0,0,0,2,0,1,1,0,0,1,0,1,0,0,0,0,1,0,1,1,1,0,0,1,1,1,0,0,1,0,1,1,1,1,1,0,0,0,0,0,1,0,1,1,0,0,0,0,2,0,1,2,0,1,0,0,1,0,1,0,1,2,1,1,0,0,0,0,0,1,1,0,0,0,1,0,2,1,1,2,0,0,0,1,1,0,0,0,1,1,0,0,2,1,2,1,1,0,0,0,1,0,0,1,0,0,2,1,1,0,0,1,0,0,0,0,0,1,0,0,0,0,0,0,1,0,0,0,0,1,1,0,0,0,2,0,0,2,1,0,1,0,0,0,0,0,0
KL0425,0,0,0,1,1,1,0,2,0,1,0,1,1,1,0,2,1,0,1,0,0,0,1,1,0,0,1,0,0,0,1,0,0,0,0,0,0,0,2,1,0,1,1,1,0,1,1,0,0,0,0,0,0,1,0,2,1,0,0,0,0,1,0,0,0,0,1,0,0,0,2,1,1,0,0,0,0,1,1,2,0,1,1,0,0,1,2,2,0,0,0,0,0,0,0,0,0,0,0,0,0,0,1,0,0,1,1,0,0,2,1,2,0,1,0,0,0,0,0,2,0,1,0,0,0,0,0,1,0,0,2,0,1,0,0,0,0,0,1,1,0,1,0,1,2,0,0,1,2,0,1,0,0,0,0,0,1,1,0,0,0,0,1,0,2,1,0,0,0,0,1,0,0,0,0,2,0,1,0,0,0,2,2,0,1,0,1,1,0,1,0,2,1,0,0,0,1,1,1,1
KL0426,2,0,0,1,1,0,0,2,0,0,0,2,1,0,0,0,1,2,0,0,0,0,0,0,0,0,1,0,0,1,0,1,1,0,1,0,1,0,0,0,0,2,0,1,0,1,0,0,1,1,0,0,2,1,0,0,0,0,1,0,0,0,1,0,0,0,1,0,0,1,1,0,0,0,0,1,0,1,0,1,0,0,0,0,1,1,0,1,0,0,1,0,1,0,0,0,1,0,0,0,0,0,1,1,1,0,1,0,0,2,0,1,0,1,1,0,0,0,1,2,0,0,1,0,1,1,2,2,0,1,0,1,0,0,0,2,1,0,0,0,0,1,0,1,0,1,0,1,0,1,1,1,0,1,2,1,2,0,0,1,1,1,0,1,1,1,0,2,0,0,0,0,0,2,0,1,1,0,1,0,0,1,0,0,1,1,1,0,0,0,1,1,1,2,1,0,0,0,1,0
KL0427,0,0,0,1,1,1,1,1,0,2,0,1,2,0,0,1,1,1,1,0,0,0,0,1,0,0,2,0,0,0,2,0,1,0,1,0,2,0,2,0,0,1,0,1,0,0,0,1,2,2,1,1,0,0,0,0,0,0,1,0,1,1,0,0,1,1,1,0,1,1,0,0,1,1,0,2,0,0,0,0,1,0,0,0,0,0,2,0,0,0,0,1,1,1,0,1,1,0,0,0,1,1,0,2,0,1,0,0,0,0,0,1,0,1,2,1,2,2,0,2,1,0,1,0,0,2,1,1,2,0,2,1,1,0,0,2,1,1,0,0,0,1,0,1,0,2,1,2,1,2,0,2,0,0,0,0,2,0,1,0,0,1,0,1,0,0,0,1,0,0,0,0,0,1,2,0,0,0,0,0,1,1,0,0,0,2,0,0,1,1,1,0,0,0,0,1,0,1,0,0
KL0428,1,0,1,1,0,2,2,1,0,1,0,1,2,1,0,1,1,1,0,0,1,0,2,0,1,0,1,0,0,0,1,1,0,0,1,0,1,1,2,0,0,1,0,0,0,1,0,0,2,0,0,1,1,1,0,0,1,1,1,2,1,0,0,1,0,1,1,1,0,0,1,0,1,0,0,0,1,0,0,1,0,0,0,0,0,0,0,0,0,0,1,0,1,1,0,0,0,1,1,0,1,1,0,0,1,0,1,0,1,0,0,1,1,0,0,2,1,1,0,1,1,0,1,0,0,2,2,0,0,0,2,0,2,1,0,2,1,0,0,0,0,1,1,0,0,0,0,0,0,0,0,0,1,0,1,1,0,0,0,0,0,0,0,0,2,0,1,0,0,0,0,1,0,1,0,0,0,0,0,0,0,0,0,1,1,0,1,0,1,0,1,1,0,2,0,0,0,1,1,1
KL0429,2,0,0,1,0,2,0,1,0,0,1,0,1,0,0,0,1,0,2,1,0,1,0,1,0,0,0,0,1,1,0,0,1,0,0,0,1,0,1,0,0,1,0,0,1,1,0,0,0,0,0,0,0,0,0,0,0,0,1,0,1,0,0,1,1,0,0,0,0,0,0,0,2,2,0,0,0,1,1,1,0,0,0,0,0,0,1,1,0,1,1,1,1,0,0,0,0,0,0,0,0,0,1,0,2,1,1,0,0,0,1,1,1,0,1,0,0,1,0,0,0,0,0,0,0,1,0,1,1,1,2,0,1,0,0,0,0,0,0,1,0,1,1,0,0,2,1,0,2,0,0,1,1,0,2,1,0,0,0,0,0,2,0,0,0,1,0,0,0,0,0,0,0,1,0,1,0,0,1,0,1,0,1,2,0,0,1,0,0,0,0,0,0,2,1,1,1,0,2,0
KL0430,1,0,1,2,1,1,0,0,0,0,2,2,0,0,0,1,1,1,1,0,1,0,2,0,0,0,2,1,1,0,0,1,1,0,0,0,2,0,0,0,0,0,0,2,0,1,0,1,1,0,0,0,2,0,0,1,1,0,0,2,0,0,0,0,1,0,1,0,0,1,2,0,1,0,0,1,0,0,1,1,1,0,0,0,2,0,0,1,0,0,1,0,1,1,0,1,0,0,0,0,0,0,2,0,0,1,0,1,0,1,0,2,0,0,0,0,1,0,0,1,0,0,2,0,0,1,0,2,0,1,2,1,1,0,0,1,2,0,0,1,0,0,1,0,1,2,0,0,2,1,1,0,1,1,1,1,1,0,0,1,1,0,2,0,0,0,0,1,0,0,0,0,0,1,0,1,0,2,0,0,0,0,1,0,1,0,1,0,0,0,0,1,0,2,0,1,0,1,0,0
KL0431,0,0,0,1,0,1,1,1,0,0,0,0,2,0,0,0,0,0,0,0,0,0,0,1,0,0,1,0,0,0,0,0,2,0,1,0,1,1,0,1,0,0,0,0,0,2,1,0,0,1,1,2,0,0,0,2,1,0,0,1,0,1,0,0,0,0,1,0,0,0,0,0,0,1,0,0,0,1,2,0,0,0,0,0,1,1,2,1,1,0,0,0,0,0,0,2,0,0,1,0,0,0,1,0,2,1,2,0,0,1,0,1,0,0,1,0,0,1,0,1,0,0,0,0,0,2,0,2,1,0,0,0,1,0,0,1,1,0,0,0,0,0,0,0,0,0,0,0,1,0,1,0,1,1,1,2,2,0,0,0,1,1,1,1,0,1,0,1,0,0,1,1,0,1,0,2,0,0,0,0,0,2,2,0,0,1,0,1,0,0,0,0,0,1,1,0,2,1,1,0
KL0432,0,1,0,1,2,1,1,2,0,0,1,1,1,1,0,1,1,1,0,0,1,0,0,1,0,0,1,0,0,0,2,0,0,0,0,0,1,1,1,0,0,1,1,2,0,1,0,1,1,1,0,0,1,0,0,1,2,1,0,1,0,1,0,1,0,0,0,1,0,1,0,0,0,0,0,0,0,1,1,1,1,0,1,0,0,1,1,0,0,0,1,0,1,0,0,1,1,0,0,0,2,1,1,2,1,1,1,0,0,0,0,0,0,0,0,1,1,0,1,1,1,0,1,0,0,0,1,0,2,1,1,1,1,0,1,0,0,0,0,0,0,0,0,0,1,0,1,1,1,1,0,2,0,1,1,1,1,1,0,1,0,0,1,0,1,1,0,2,0,1,0,1,0,1,1,1,0,0,1,1,0,0,0,0,0,1,1,1,1,1,0,1,0,0,0,0,1,0,1,1
KL0433,1,2,0,1,0,2,1,2,0,0,1,0,1,0,0,0,1,1,2,0,0,2,1,0,1,0,0,1,1,0,1,0,1,0,1,1,0,0,0,0,0,0,0,2,1,1,0,2,1,0,1,0,1,0,0,0,1,0,0,0,0,0,0,1,1,0,0,0,1,0,0,0,0,0,2,1,0,1,0,0,0,0,0,0,0,0,1,1,0,0,1,0,2,0,0,0,1,2,0,0,1,0,1,1,0,2,1,0,0,1,1,2,1,0,1,0,1,1,1,1,0,0,2,0,0,2,0,1,1,0,1,1,1,0,0,2,1,0,0,1,0,1,0,1,1,0,1,2,1,0,2,1,0,0,1,2,2,0,0,0,1,0,0,2,0,0,1,0,0,0,1,1,0,0,1,2,0,1,0,0,2,0,0,0,0,0,0,1,0,1,0,0,0,2,1,0,0,1,0,0
KL0434,0,0,1,1,1,0,1,0,0,1,0,1,0,0,0,1,2,0,1,0,1,2,0,1,0,0,0,0,2,0,2,0,1,0,0,0,2,1,0,0,0,0,0,2,0,1,0,0,0,2,0,1,0,0,0,1,1,0,0,1,1,0,0,0,0,0,1,0,0,1,1,0,0,0,1,1,0,2,0,0,0,0,0,0,1,1,1,0,0,0,0,0,0,1,0,1,0,0,0,1,0,0,0,2,0,2,1,0,0,1,1,0,0,0,1,1,0,1,0,1,1,0,1,0,0,1,0,2,1,1,1,0,1,0,0,1,0,0,0,0,0,0,0,0,1,1,0,1,0,0,2,1,0,1,0,1,0,0,0,0,1,0,0,0,2,1,0,0,0,0,1,1,0,0,0,0,1,0,0,1,1,2,0,1,0,0,1,0,0,0,2,1,1,0,0,0,1,1,0,1
KL0435,0,0,0,0,0,0,0,1,0,1,0,0,1,0,0,1,0,0,1,0,1,2,0,1,0,1,1,1,0,0,1,0,2,0,1,0,1,0,2,0,0,0,0,2,1,0,0,0,1,1,0,1,0,1,0,1,0,0,1,1,0,1,0,0,0,1,0,0,0,1,1,0,1,0,0,0,0,0,2,0,1,0,1,0,0,1,1,1,0,0,0,0,0,0,1,0,0,0,0,0,1,1,0,1,0,1,1,1,1,1,0,0,0,0,2,0,0,0,1,0,0,0,2,0,0,1,0,2,1,0,0,0,0,0,0,0,0,0,0,1,0,0,2,0,1,0,0,0,0,1,0,1,1,0,1,1,0,1,0,0,1,1,1,1,0,1,0,0,0,0,0,1,0,1,1,1,0,0,0,0,0,0,1,0,0,1,0,1,1,0,0,1,0,0,1,0,1,0,2,0
KL0436,0,0,0,1,0,1,1,0,0,0,2,1,0,0,0,1,1,0,0,0,0,0,1,1,1,1,0,1,1,0,1,0,1,0,0,0,2,0,0,0,0,1,0,0,1,2,0,1,0,2,0,0,0,0,0,1,0,0,1,0,0,1,0,0,1,0,1,0,0,1,1,0,0,1,1,0,0,1,1,1,0,0,0,0,0,1,0,1,0,0,1,0,1,0,0,1,0,0,0,0,1,0,0,1,0,1,0,0,0,1,0,0,0,1,0,0,1,1,1,1,1,0,1,0,0,1,1,1,1,0,2,1,0,0,0,1,0,0,0,0,0,2,0,1,2,0,1,0,1,0,0,0,1,0,0,2,2,0,0,0,0,0,1,1,1,0,0,0,0,1,0,1,0,1,2,0,0,0,0,0,0,0,1,0,1,1,0,2,0,1,1,0,1,1,0,0,0,1,2,0
KL0437,1,0,0,1,1,1,1,1,1,1,0,1,1,1,0,2,0,0,1,0,0,0,0,1,0,0,1,0,0,0,1,2,0,0,2,0,1,0,2,0,0,1,0,2,0,1,0,0,0,2,0,1,1,0,0,2,1,0,2,0,1,1,0,1,1,1,1,1,0,2,0,0,1,0,1,0,0,2,1,0,0,0,0,0,0,0,1,0,0,0,1,0,2,0,1,1,0,0,0,0,2,0,1,1,1,1,0,1,0,2,0,1,2,0,1,0,1,1,0,2,0,0,0,0,1,2,0,1,1,0,1,1,0,1,0,1,1,0,0,0,0,1,0,1,0,0,0,1,1,1,2,0,1,2,2,0,1,0,0,0,1,1,0,1,1,0,0,1,0,0,0,0,0,0,2,1,0,0,0,0,0,0,1,0,1,1,1,1,0,1,0,0,0,2,1,0,0,0,2,0
KL0438,0,1,0,0,0,1,0,0,0,0,1,0,0,0,0,1,0,1,1,0,0,0,2,2,1,0,0,0,1,0,0,1,1,1,1,0,1,0,1,1,0,0,0,0,0,0,0,0,0,1,0,1,0,0,0,1,0,0,1,0,2,0,0,0,0,0,2,1,0,2,2,0,0,0,1,0,0,1,2,0,0,0,0,0,1,1,1,1,2,0,1,0,1,1,0,1,1,0,0,1,1,0,0,2,0,0,1,0,0,0,0,2,0,0,1,0,0,0,0,2,1,0,1,0,0,0,0,1,2,0,1,0,0,0,0,1,1,0,0,2,0,1,2,0,0,1,0,1,2,0,1,1,1,1,0,1,0,0,0,1,0,0,0,1,0,0,1,2,0,0,0,1,0,0,0,2,0,0,0,0,0,0,2,1,1,1,0,1,1,0,0,0,0,2,0,0,0,1,2,0
KL0439,0,0,1,1,0,1,1,0,0,0,0,0,1,0,1,2,1,0,0,0,0,1,0,1,0,1,2,0,0,0,2,1,1,0,0,0,1,0,2,1,0,0,1,1,0,0,0,0,0,2,0,1,1,0,0,1,0,0,1,1,0,0,0,1,1,0,0,0,1,1,2,0,0,1,0,0,0,2,1,1,0,0,2,0,0,0,0,0,0,1,1,0,1,0,0,1,0,2,0,0,0,1,0,1,1,2,1,1,0,1,0,1,0,0,2,1,1,2,1,0,0,0,0,0,0,0,0,1,0,1,1,0,1,0,0,0,1,1,0,1,0,1,0,0,0,1,2,1,1,1,2,2,1,1,0,1,2,0,0,1,0,0,0,0,2,1,1,0,0,0,1,0,0,1,0,0,0,0,0,0,0,1,1,0,0,0,1,1,0,0,0,1,1,0,0,0,0,1,1,0
KL0440,0,0,0,1,0,1,0,0,0,0,1,1,2,1,0,0,0,0,2,0,0,2,0,1,1,1,1,0,1,0,2,0,1,0,1,0,1,1,2,0,0,0,0,0,0,1,1,0,1,0,1,0,0,1,0,1,1,0,0,1,1,0,0,0,1,0,0,0,1,1,1,0,0,0,1,1,0,1,1,0,0,0,2,0,1,0,1,2,0,0,1,0,1,2,0,0,0,0,0,0,0,1,1,2,0,1,0,1,0,1,0,2,0,0,1,2,1,1,0,0,0,0,0,0,1,0,0,0,1,0,1,0,1,0,0,1,1,0,0,0,0,1,0,0,1,0,1,1,1,0,1,0,0,0,0,1,2,0,0,0,1,0,0,0,1,0,0,0,1,0,1,1,0,0,2,2,1,0,0,0,0,1,2,0,0,1,0,1,0,1,1,0,0,1,1,0,1,0,0,0
KL0441,1,0,0,0,1,2,0,2,0,0,0,0,1,1,0,0,0,0,2,0,0,0,1,2,0,0,2,0,1,0,0,0,0,0,0,0,2,0,0,0,0,0,0,0,0,0,0,0,1,1,0,0,0,0,0,2,0,1,1,1,0,0,0,1,0,0,0,1,1,1,1,0,0,0,0,0,0,2,1,0,0,1,0,0,1,1,1,1,0,0,0,0,2,1,0,0,1,0,0,0,0,0,1,1,0,0,0,0,0,1,1,0,0,1,1,0,0,0,1,2,0,0,0,0,0,0,0,2,1,0,1,0,2,0,0,0,0,0,2,0,0,0,0,0,2,0,0,0,0,0,1,1,0,0,0,0,0,1,1,0,0,0,0,2,1,0,1,1,0,1,0,1,0,0,1,0,1,0,0,0,1,0,1,0,0,0,0,2,0,0,0,0,0,1,0,2,0,0,0,0
KL0442,0,0,1,0,0,2,1,1,0,0,1,1,2,0,0,2,0,0,2,0,0,2,0,1,1,0,0,0,1,0,1,0,1,0,0,0,2,0,1,2,0,2,0,1,0,0,2,0,0,0,0,1,0,1,0,1,1,0,0,0,0,1,0,0,0,0,2,0,0,1,0,0,0,0,1,0,0,1,0,0,0,0,0,0,0,1,1,1,0,0,1,1,1,1,0,0,1,0,0,0,0,2,0,0,1,0,0,0,0,1,0,1,1,0,2,2,1,1,1,1,0,0,0,1,0,2,0,1,1,1,0,1,1,1,0,0,0,0,0,1,0,0,0,0,1,1,0,1,1,0,1,1,0,0,0,1,1,0,0,0,0,1,0,0,0,0,0,1,1,0,0,0,1,0,0,1,0,0,0,0,0,0,0,0,1,0,0,2,0,1,0,1,0,1,1,1,0,0,1,0
KL0443,0,0,0,1,0,0,0,1,1,0,0,1,1,1,0,0,1,1,1,0,0,0,0,1,0,0,1,0,0,1,2,0,1,0,0,0,1,0,2,0,0,1,0,2,1,2,0,1,2,1,1,2,1,1,0,1,2,1,1,0,1,1,0,0,0,1,1,0,0,1,1,0,0,1,0,0,1,1,1,1,0,0,0,0,0,1,1,0,0,0,0,1,0,2,0,0,0,0,0,1,0,2,1,0,2,0,1,1,0,1,0,1,0,0,0,0,1,1,0,0,0,0,0,1,0,0,0,1,0,1,1,1,1,2,0,0,1,0,0,0,0,0,0,2,1,2,2,1,1,0,0,0,0,0,0,0,0,0,0,1,2,0,1,0,0,0,0,1,0,0,1,0,0,1,1,1,0,0,0,0,0,0,1,0,0,1,1,0,0,1,1,1,0,1,0,0,1,1,1,1
KL0444,0,0,0,1,0,0,0,1,0,2,1,0,1,0,1,1,0,1,0,1,1,0,0,1,0,0,0,0,2,0,1,0,0,0,0,0,0,0,0,1,0,1,0,0,0,0,0,0,0,1,1,0,1,0,1,1,0,1,0,0,1,0,0,1,0,0,2,0,1,1,0,0,0,0,1,0,0,0,2,0,0,0,1,0,0,0,1,1,0,0,1,1,1,0,0,0,0,0,1,0,0,1,1,1,1,2,1,1,0,1,1,0,1,0,0,0,1,1,0,0,0,0,0,0,0,0,1,2,1,0,0,0,2,1,1,0,0,0,0,1,0,1,1,0,1,0,0,1,1,0,0,2,0,1,0,0,0,0,0,0,2,1,0,0,2,0,0,1,0,1,1,1,0,0,1,0,0,1,0,0,0,1,0,0,1,0,2,1,0,0,0,2,0,2,0,0,0,0,1,0
KL0445,1,0,0,1,0,0,1,1,0,0,0,1,0,1,0,0,0,1,1,0,1,0,1,0,0,0,1,0,1,0,1,1,1,0,0,0,0,0,1,1,0,0,1,1,0,0,0,1,0,1,1,1,0,0,1,0,1,0,0,0,2,1,1,1,0,1,1,1,0,1,0,0,0,1,0,0,0,2,0,0,0,1,0,0,1,0,1,0,1,0,2,0,2,2,0,0,0,0,0,0,0,0,1,1,2,1,0,0,0,1,0,0,0,0,1,0,1,0,0,2,0,0,0,0,0,0,0,2,2,0,0,0,1,0,0,0,0,0,0,1,0,0,0,0,0,0,0,1,1,0,0,1,0,1,0,2,0,0,0,2,0,1,0,0,1,0,0,0,0,1,0,0,0,0,0,0,0,2,0,0,0,1,2,1,0,0,0,2,0,0,1,2,1,1,0,0,1,0,1,0
KL0446,2,0,0,1,0,1,1,1,0,0,1,1,0,0,0,0,0,0,0,0,0,2,0,0,0,0,1,0,2,0,1,1,0,0,0,0,1,1,2,1,0,0,0,1,1,2,0,0,1,2,0,1,1,0,0,0,0,0,1,0,1,1,1,1,0,0,0,1,0,0,2,0,1,0,0,1,0,2,2,0,0,0,0,0,0,2,1,1,1,1,0,0,1,1,0,0,0,0,0,0,1,0,1,0,1,0,1,0,0,1,0,0,0,0,1,1,2,1,0,1,0,0,0,1,0,0,0,2,0,1,2,1,0,0,0,1,0,0,1,1,0,1,0,0,0,1,0,1,2,0,0,0,1,0,1,0,1,1,1,0,0,1,0,1,0,1,0,1,0,0,1,1,2,1,1,1,0,2,0,0,0,0,0,1,0,2,0,1,0,1,1,0,0,1,0,0,1,1,0,0
KL0447,2,0,0,1,0,0,1,1,0,0,1,0,1,0,0,2,0,1,1,0,0,1,0,1,0,1,2,0,1,0,1,0,1,0,0,0,0,2,1,1,0,1,0,0,1,1,0,0,0,2,0,2,0,0,0,0,0,0,1,0,1,0,0,0,0,0,0,0,0,1,1,0,0,0,1,0,0,1,1,1,0,0,0,0,0,2,1,0,0,0,0,1,0,1,0,0,1,0,1,0,1,1,1,0,1,0,0,0,0,2,0,1,0,0,1,1,2,2,1,1,0,0,0,0,0,1,0,1,1,1,0,1,1,1,0,0,1,0,1,0,0,1,0,1,1,0,0,0,1,0,1,0,1,0,0,0,2,1,0,0,0,0,0,0,1,1,0,2,0,1,0,1,0,0,1,1,0,0,1,0,0,0,1,1,0,1,0,2,0,0,1,0,0,2,0,1,2,2,0,1
KL0448,0,0,0,1,0,1,0,1,0,0,1,1,2,1,0,1,0,2,0,0,2,0,0,0,1,0,2,1,0,0,1,0,0,0,0,0,1,0,1,0,1,0,0,0,0,1,0,0,1,1,0,1,2,0,0,1,0,0,1,2,1,0,0,0,1,0,1,0,0,1,1,0,0,0,0,0,0,1,2,0,0,0,0,0,0,1,1,0,0,0,1,1,1,2,0,0,0,1,1,0,2,0,1,0,2,1,0,2,0,2,0,0,0,0,1,1,1,0,0,1,0,0,1,0,0,1,0,1,1,1,1,0,0,0,0,0,1,0,0,1,0,1,1,0,1,2,1,0,0,0,0,0,0,2,0,0,1,0,0,0,1,0,0,0,2,1,0,1,0,0,0,0,0,0,0,1,0,0,0,2,0,0,2,0,1,1,0,1,0,2,0,1,0,2,0,1,1,0,1,0
KL0449,1,0,0,0,0,2,1,1,0,1,1,0,1,2,0,0,1,0,0,1,0,1,1,1,0,0,1,1,1,0,0,0,0,0,0,0,2,0,0,0,1,0,1,1,1,1,0,0,0,1,0,1,1,1,0,1,1,0,1,1,0,0,0,1,0,1,1,0,0,2,0,0,0,0,0,1,0,1,1,0,0,2,0,0,1,2,0,0,1,0,0,1,1,1,0,0,0,0,0,0,2,2,1,2,2,1,1,1,0,1,0,2,1,2,2,1,1,0,0,0,0,0,1,0,0,2,0,0,1,0,0,0,0,0,0,1,0,0,0,0,0,1,0,0,0,1,0,2,1,0,0,1,1,1,0,0,1,2,0,0,0,1,0,0,1,0,1,0,0,0,2,2,0,1,0,1,0,0,0,0,0,0,0,0,0,1,1,1,0,0,0,1,0,2,0,0,0,0,0,2
KL0450,1,0,0,0,1,0,1,1,0,0,1,1,1,0,0,0,1,1,0,0,0,0,1,1,0,0,2,1,2,0,2,1,0,0,1,1,1,0,0,0,0,1,0,1,1,1,1,1,1,1,1,1,0,0,0,0,0,0,0,1,0,0,0,1,0,0,1,0,0,1,1,1,0,0,0,1,0,2,1,1,1,1,1,0,0,0,0,0,0,1,0,0,0,0,0,0,0,0,1,0,0,0,1,1,2,0,1,0,0,0,0,0,0,0,1,0,0,1,0,2,1,0,0,0,0,1,1,1,0,2,2,0,2,1,1,0,0,0,0,1,0,1,1,1,1,0,1,2,1,0,0,1,0,0,1,1,2,0,1,0,2,1,0,1,2,0,1,0,0,0,0,1,1,1,2,2,0,1,1,0,0,0,0,0,0,0,1,1,0,0,0,0,0,0,0,0,1,1,0,1
KL0451,2,0,1,2,1,1,2,2,0,0,0,0,0,0,0,0,1,1,1,0,0,1,2,0,0,0,1,1,2,0,0,0,0,0,0,0,0,0,1,0,1,1,0,0,1,1,0,0,0,0,0,0,1,1,0,1,1,0,1,1,1,1,0,0,1,0,1,0,0,0,1,0,0,0,0,0,1,2,0,1,0,0,1,0,1,1,1,1,0,0,0,0,1,1,0,1,0,0,0,0,1,0,0,1,1,1,1,0,0,0,1,0,0,1,2,0,1,0,1,1,0,0,0,0,0,2,1,1,0,1,2,1,1,0,0,0,0,1,0,0,0,0,0,0,1,0,1,0,1,1,0,0,1,1,2,1,0,0,0,0,0,0,1,1,1,0,0,1,0,0,1,2,0,0,0,1,0,1,0,0,1,1,1,0,0,0,1,2,0,0,0,1,0,1,0,0,1,2,1,1
KL0452,0,0,1,0,0,0,1,1,0,0,1,0,0,0,0,0,1,0,1,0,0,1,0,0,0,0,1,0,1,0,2,0,0,1,0,0,0,0,2,0,0,1,0,0,1,1,0,0,0,0,0,1,1,0,0,1,1,0,0,1,0,0,0,1,0,0,2,0,0,1,0,0,0,1,1,0,0,1,1,1,0,1,0,0,0,1,1,0,0,0,2,0,0,0,0,2,0,1,0,0,0,1,1,2,2,1,1,1,0,1,0,0,0,1,0,0,0,1,0,1,0,0,1,0,0,1,0,1,1,1,0,0,0,0,0,1,1,1,0,0,0,1,0,1,1,1,0,1,1,1,1,0,0,0,0,1,2,0,0,0,1,1,1,0,0,0,1,0,0,0,0,0,1,0,0,2,0,1,0,0,1,0,2,0,1,1,0,0,0,0,0,0,0,1,0,1,0,1,0,0
KL0453,0,0,0,1,0,1,2,0,2,0,0,1,2,0,1,0,1,1,1,0,0,1,0,0,1,0,1,0,1,0,1,0,0,0,0,0,1,0,2,0,0,2,0,1,1,1,1,0,0,1,1,0,1,0,0,1,1,0,1,0,0,0,0,0,2,1,1,1,1,0,1,0,0,1,1,1,1,2,1,1,0,0,1,0,0,2,0,1,1,1,1,0,0,1,0,0,2,0,0,1,0,0,1,1,1,1,1,0,0,2,1,0,0,0,1,1,1,0,1,2,0,0,1,0,0,1,0,2,1,1,2,1,0,2,0,1,1,2,1,1,0,0,1,0,1,1,0,1,1,1,0,1,0,0,1,0,2,0,1,1,0,0,1,0,1,2,0,2,1,1,2,0,0,2,2,1,1,0,0,0,0,0,0,1,0,2,1,0,0,1,0,1,0,1,0,0,0,0,0,0
KL0454,0,0,0,1,0,1,0,2,0,0,1,1,1,0,0,1,0,0,0,1,1,1,1,0,0,0,0,0,1,0,1,1,2,0,1,0,0,0,1,0,1,0,0,1,0,1,0,0,0,0,1,2,0,0,1,0,1,0,2,1,0,0,0,0,0,0,0,1,0,0,1,0,2,0,1,1,0,1,0,0,0,0,0,0,1,1,0,0,0,1,1,0,1,0,1,1,0,0,1,0,1,0,1,0,1,0,2,0,0,0,0,0,1,1,2,1,1,0,0,1,0,1,1,0,1,0,0,0,1,0,2,1,0,0,0,1,0,0,0,0,1,1,0,1,1,1,2,0,0,2,0,0,0,1,1,0,1,0,0,0,0,0,0,1,0,1,0,2,0,1,0,2,0,1,2,1,0,0,0,0,0,0,1,0,1,1,1,1,0,0,2,0,0,0,0,0,1,1,1,0
KL0455,0,0,0,1,0,1,0,0,0,0,0,1,1,1,0,1,2,1,2,0,0,0,1,2,0,0,0,0,0,0,0,0,1,0,0,0,2,0,1,0,0,0,0,1,0,1,0,1,1,1,0,1,0,0,0,1,1,0,1,1,0,0,1,1,1,0,0,1,1,1,1,0,0,1,1,0,0,1,1,0,0,0,0,1,0,0,0,1,1,0,1,0,0,2,0,2,0,0,1,0,0,1,0,0,1,0,1,1,1,1,2,1,0,0,2,1,0,1,0,1,0,1,0,0,0,0,1,1,1,1,0,0,2,1,0,0,0,0,0,0,0,2,0,0,0,1,0,1,1,0,0,1,1,1,0,1,1,1,0,0,1,0,0,1,1,1,0,2,0,0,2,0,1,0,1,1,0,1,0,1,0,0,0,0,0,1,0,1,0,1,0,1,1,1,0,0,0,0,0,1
KL0456,0,0,0,0,0,1,2,0,0,0,0,0,1,1,0,0,1,1,0,0,0,1,0,1,0,0,1,0,1,0,0,0,0,0,1,0,2,0,0,1,0,1,0,0,0,0,0,1,0,1,2,1,0,0,1,0,0,0,1,0,1,1,0,0,0,0,2,1,0,1,1,0,1,1,0,0,0,0,1,0,0,0,0,0,0,0,0,1,0,0,1,0,2,0,0,2,2,0,0,1,2,0,1,1,2,1,1,0,0,0,0,1,0,1,0,1,2,1,0,2,0,0,0,0,0,1,2,0,1,1,1,1,1,0,0,0,0,0,0,0,0,1,0,0,0,2,0,0,0,1,0,1,0,0,0,2,1,0,0,0,1,1,0,0,0,0,0,0,0,0,0,1,1,1,1,1,1,1,0,0,1,0,1,1,0,0,0,1,0,0,0,2,1,0,0,1,1,0,1,1
KL0457,0,0,0,0,0,0,1,0,0,0,1,0,1,0,0,0,1,0,0,0,0,0,1,1,0,0,1,0,2,0,1,0,0,0,0,0,0,0,1,0,0,1,0,0,0,1,0,0,0,2,0,1,0,0,0,1,0,0,0,0,0,0,0,1,0,1,1,2,0,0,1,0,1,1,1,0,0,2,1,0,0,1,0,0,0,1,2,1,1,0,0,0,2,1,0,0,0,1,0,0,0,0,0,0,1,0,0,1,0,1,1,1,1,0,1,1,0,1,0,2,0,0,0,0,0,1,0,2,0,1,2,0,2,0,0,0,1,0,0,0,0,2,1,0,0,2,0,0,1,1,1,0,0,0,0,1,1,0,0,0,0,0,0,2,1,1,0,0,0,0,1,2,0,0,1,2,1,0,0,1,0,0,2,0,1,1,1,2,0,0,0,2,0,0,0,0,0,1,1,0
KL0458,1,0,0,1,1,0,1,0,0,1,0,2,2,0,0,0,2,0,2,0,0,1,0,1,0,0,2,0,0,0,2,0,0,0,2,0,1,0,1,1,0,0,0,0,0,0,0,1,2,2,0,0,0,0,1,0,2,0,1,0,1,0,1,0,0,0,0,1,0,1,1,0,1,0,1,0,0,2,0,0,0,0,0,0,0,1,1,1,0,0,1,1,1,2,0,2,0,0,1,0,0,0,0,2,1,1,0,0,0,2,0,1,0,1,1,0,1,0,0,1,0,1,1,0,0,2,0,1,0,0,0,0,2,0,0,1,1,1,0,0,0,1,1,0,0,0,0,1,2,1,1,1,0,1,1,0,1,1,0,1,0,1,1,0,1,1,0,0,1,0,1,1,1,0,0,1,1,0,0,1,0,0,1,0,0,0,2,0,2,1,0,1,0,1,0,1,2,1,1,0
KL0459,2,0,1,0,0,1,0,2,0,0,1,0,1,0,0,1,1,0,0,0,0,0,1,1,0,0,1,0,1,0,1,0,0,0,2,0,1,0,0,0,0,2,0,0,0,0,0,0,1,1,0,1,0,0,0,1,0,0,0,0,1,1,0,0,0,0,0,0,0,2,2,0,0,0,2,1,0,2,1,0,0,0,0,0,0,1,1,1,0,1,1,0,1,2,1,1,0,0,0,0,1,1,2,1,0,0,0,1,0,1,0,0,0,0,2,0,0,1,0,1,0,0,2,1,1,0,1,1,1,0,1,0,1,0,0,0,1,0,0,1,0,2,1,0,1,2,2,1,1,0,2,1,1,2,1,1,0,0,0,0,0,0,0,0,1,1,1,0,1,0,1,1,0,0,1,0,0,0,0,0,1,0,2,0,1,0,2,1,0,0,1,0,0,0,0,1,1,1,1,1
KL0460,1,0,0,1,0,1,1,2,0,0,0,1,1,0,0,0,0,2,0,0,1,1,2,0,1,0,0,0,0,0,2,0,2,0,0,1,0,1,1,0,0,0,0,2,1,2,0,0,0,1,0,0,1,1,0,1,1,0,0,0,0,0,0,0,1,0,1,1,2,0,1,0,1,2,0,0,0,1,0,1,1,0,0,0,1,2,2,0,0,0,0,0,0,1,0,0,0,0,0,0,1,2,1,2,1,0,0,0,0,0,0,0,0,1,1,0,2,0,1,0,0,0,1,0,0,1,0,2,2,0,2,0,1,1,0,0,0,0,0,1,0,0,1,1,0,2,1,1,0,0,0,0,0,0,0,0,1,0,0,0,1,0,0,1,1,0,0,0,0,0,1,1,0,0,0,1,0,0,0,0,0,0,2,1,1,0,1,1,1,1,0,1,0,0,0,0,0,2,1,1
KL0461,1,0,0,0,0,0,2,1,0,1,2,1,1,1,0,1,1,0,1,0,0,0,0,1,0,1,1,0,1,0,1,1,2,0,0,0,1,0,0,1,1,1,1,0,0,2,0,0,1,0,1,0,1,1,0,0,0,0,0,1,0,0,1,1,0,0,1,0,1,2,0,0,1,1,0,1,0,1,1,1,0,0,0,0,1,1,0,1,1,1,1,0,1,0,0,1,0,0,0,0,0,1,0,1,2,2,0,0,0,2,0,2,1,2,2,1,1,1,0,1,0,0,0,1,0,0,1,2,0,1,0,1,1,0,0,1,2,1,0,1,0,1,1,1,0,1,1,1,0,0,1,1,1,1,0,1,0,0,0,0,0,0,0,2,1,0,0,1,1,0,0,0,0,1,0,1,0,0,0,1,1,0,1,0,1,1,0,1,0,0,0,1,0,0,0,1,2,1,0,1
KL0462,0,0,1,0,0,1,0,1,0,0,2,1,1,0,0,0,0,1,2,0,1,1,0,1,0,1,1,0,1,0,1,0,0,0,1,0,2,0,1,0,0,1,0,2,2,2,0,0,0,1,0,1,2,0,0,0,0,1,1,0,0,0,0,0,0,0,1,2,1,2,2,0,0,1,0,1,0,1,1,1,0,0,0,0,0,1,0,1,0,0,0,1,0,1,0,2,0,0,1,0,2,0,1,0,0,0,1,0,1,0,0,1,0,1,2,0,0,1,1,1,0,0,0,0,0,1,0,2,2,0,2,0,0,0,0,1,1,0,0,2,0,0,1,1,1,0,1,1,2,0,0,2,1,1,0,1,0,0,1,0,0,1,0,1,1,0,0,1,0,0,1,1,0,0,2,1,0,1,0,0,1,0,2,0,1,1,0,1,1,0,0,1,0,0,1,0,1,0,1,1
KL0463,1,0,0,1,0,0,2,0,0,0,1,2,1,0,0,1,0,0,1,0,1,0,1,1,0,0,1,0,0,0,0,1,1,1,0,0,1,0,0,0,0,1,0,1,1,2,0,0,1,0,1,0,0,0,0,2,1,0,0,1,0,0,0,0,0,1,2,0,0,0,1,0,1,0,0,2,1,1,1,0,1,0,0,0,0,0,1,1,0,0,1,0,1,1,0,1,1,0,0,1,0,1,2,0,1,1,1,0,0,1,1,0,1,0,2,0,1,0,0,1,0,0,0,1,0,1,0,2,1,1,2,2,0,0,1,1,0,1,0,0,0,0,1,1,0,0,0,1,2,0,1,2,0,0,0,0,1,0,0,0,1,1,0,0,2,0,0,1,0,0,1,2,0,1,1,2,0,0,0,0,0,0,1,0,0,1,1,0,0,1,0,0,0,1,0,1,0,0,1,0
KL0464,0,0,0,1,0,0,1,1,1,0,1,1,0,2,0,0,1,0,1,0,1,0,0,0,0,0,0,0,0,0,2,0,1,0,1,0,1,0,1,0,0,1,2,0,0,1,0,0,1,2,1,0,1,0,0,0,0,0,1,0,1,0,0,0,1,0,0,1,1,1,1,0,0,0,0,1,1,1,1,0,0,0,1,0,0,2,0,1,1,1,1,0,1,1,0,1,1,0,0,0,0,0,1,1,2,1,0,1,0,0,0,2,0,1,0,1,2,0,0,1,0,0,1,1,0,1,0,1,1,0,1,1,0,0,0,0,0,1,1,0,0,1,2,0,1,1,2,0,0,1,0,1,1,1,0,1,1,0,1,1,0,1,1,0,1,0,1,1,0,1,0,0,0,0,0,2,1,0,1,0,0,0,2,1,0,1,0,1,0,2,1,1,0,1,1,0,0,0,2,0
KL0465,0,0,0,1,0,0,1,1,0,0,0,0,1,1,0,1,1,1,0,0,1,1,0,0,0,0,1,0,1,0,1,0,2,1,0,0,1,0,1,1,0,0,0,1,0,2,0,0,0,2,0,0,1,0,0,0,0,0,1,0,0,2,0,0,1,1,0,1,0,1,0,0,0,0,1,1,0,2,0,0,1,0,0,1,0,1,0,1,2,0,2,0,0,1,1,0,0,0,0,0,0,0,0,1,2,2,0,1,0,0,1,1,1,0,2,1,2,0,0,1,0,1,1,0,2,2,1,1,1,1,2,1,0,0,0,1,1,0,0,1,0,1,1,0,1,0,0,0,2,0,1,1,0,0,2,0,2,1,0,1,1,0,0,0,1,0,0,0,0,0,1,2,0,1,0,1,0,2,0,0,0,1,1,0,0,1,0,0,0,0,1,0,1,1,0,1,1,0,1,1
KL0466,0,0,0,1,0,2,1,1,1,0,0,2,0,1,0,1,2,0,0,1,0,1,0,1,0,1,1,0,1,0,1,0,1,0,1,0,2,0,2,0,0,2,0,0,1,1,0,0,1,0,1,2,1,0,0,1,2,0,1,1,0,0,0,1,1,0,1,2,0,1,2,0,0,0,1,1,1,1,1,0,0,1,0,2,1,1,1,1,0,0,0,0,1,0,0,2,0,0,0,0,1,1,0,0,1,1,0,1,0,0,0,2,2,0,0,1,1,1,0,1,0,0,2,1,0,2,0,1,1,0,2,0,1,0,0,1,2,0,0,1,0,1,0,0,0,1,0,0,1,0,1,0,0,1,1,1,1,1,0,0,0,1,0,2,1,1,0,1,0,0,0,1,0,1,0,1,0,0,1,0,0,0,2,1,0,1,0,0,1,1,1,1,0,2,0,0,0,0,1,0
KL0467,0,0,0,1,0,1,1,1,0,0,0,0,1,0,0,2,1,1,1,0,0,2,2,1,0,0,1,0,1,1,1,0,0,0,1,0,1,0,0,0,0,1,1,0,0,2,0,0,0,0,0,1,0,1,0,0,0,0,1,0,1,1,0,1,0,0,0,1,1,0,0,0,1,0,0,1,0,2,1,0,1,0,0,1,0,0,1,1,1,0,2,1,0,2,1,1,1,0,0,0,1,0,0,1,1,1,1,1,0,2,0,1,0,0,0,0,1,0,0,0,0,0,1,0,0,0,0,1,0,1,0,1,1,0,0,1,0,1,1,1,0,1,0,0,0,1,1,0,2,0,1,2,1,0,1,1,0,0,0,1,1,1,0,1,0,0,0,2,0,0,0,0,0,0,1,1,0,0,0,1,1,1,1,0,0,1,1,1,0,1,1,0,1,0,0,0,0,1,1,1
KL0468,1,0,0,0,0,1,1,0,0,0,0,0,1,0,0,0,0,1,0,0,0,1,2,1,0,0,1,0,1,0,2,0,1,0,2,0,0,0,0,0,0,0,1,0,1,1,0,1,0,1,0,2,0,0,0,1,1,0,0,0,1,0,0,1,0,0,1,0,0,1,1,0,0,1,0,0,0,2,0,1,1,1,1,0,0,1,1,1,0,0,1,1,0,1,0,0,0,0,1,1,0,1,0,1,1,0,1,1,0,0,0,2,1,0,0,0,0,0,0,0,1,0,1,0,0,2,1,0,0,0,2,0,0,0,0,1,0,0,0,1,0,2,0,0,0,1,1,0,1,1,0,1,0,2,0,0,0,0,1,1,0,1,0,0,2,1,0,2,1,0,0,2,0,0,0,1,1,0,0,0,1,1,1,0,0,0,0,2,0,1,0,1,0,1,0,0,0,0,0,0
KL0469,0,0,0,1,0,2,0,0,0,1,1,1,0,0,0,0,0,0,2,0,1,0,0,0,0,0,1,0,0,1,0,0,0,0,0,2,1,0,1,1,0,0,0,1,1,1,2,0,0,1,0,0,2,0,0,1,0,0,0,0,1,1,1,0,0,0,1,0,0,1,1,1,0,1,0,0,0,1,1,0,1,0,0,0,0,1,0,0,1,0,1,0,0,1,0,0,0,0,0,0,1,0,1,2,1,1,1,0,1,1,0,1,0,0,1,1,1,1,0,0,0,1,2,1,1,0,0,1,0,2,2,1,2,1,0,0,1,1,0,0,0,1,2,0,0,1,1,1,2,0,1,2,2,0,0,1,1,0,0,1,1,0,0,1,1,0,0,1,1,0,0,1,0,0,0,2,0,1,0,0,0,0,2,0,0,0,1,2,0,0,1,0,0,1,0,0,0,0,1,1
KL0470,0,0,0,0,0,0,2,2,0,1,1,1,1,0,0,1,1,2,1,1,0,0,0,0,0,0,2,1,1,0,1,1,1,1,2,0,2,0,0,0,0,0,0,0,0,2,1,0,0,0,1,0,0,0,0,1,1,0,0,1,1,0,0,1,1,0,2,0,1,1,0,0,0,1,1,1,0,0,1,0,0,0,0,1,0,0,1,0,0,1,1,0,2,1,0,2,0,0,1,1,1,0,2,0,1,1,2,0,0,0,0,0,2,1,0,1,1,0,1,2,0,0,1,0,0,0,0,2,1,0,1,0,0,0,0,0,2,1,0,0,0,1,1,0,0,1,0,1,0,0,1,0,0,1,0,0,0,0,1,0,0,1,0,0,1,0,0,0,0,0,2,1,0,0,0,1,0,0,0,0,0,0,1,0,0,1,0,0,0,0,0,1,0,1,0,1,0,1,2,0
KL0471,1,0,0,0,0,0,1,0,1,0,0,0,1,0,0,1,1,0,0,0,0,1,0,0,0,1,1,1,1,0,1,0,0,0,1,0,1,0,1,0,1,0,0,2,0,1,0,1,1,0,0,2,0,0,0,0,0,0,1,1,2,1,0,1,0,0,0,1,0,1,0,1,1,0,0,1,0,1,1,0,0,0,0,0,1,1,0,0,0,0,1,0,1,1,0,0,1,0,0,0,1,0,1,1,0,1,1,0,0,0,0,2,0,1,0,0,1,1,0,1,0,0,0,0,0,0,0,2,0,1,2,1,0,0,0,2,0,0,0,0,0,0,1,0,1,1,2,0,0,0,2,1,0,0,1,1,0,1,0,0,0,1,0,0,0,1,1,1,0,0,0,2,1,0,1,0,0,1,0,1,0,0,0,0,0,1,0,0,1,1,0,0,0,2,0,0,1,1,0,1
KL0472,1,0,0,0,0,1,0,2,0,0,1,2,0,2,0,1,0,1,1,1,1,0,0,0,0,1,1,0,0,0,1,0,1,0,1,0,2,0,1,0,0,2,1,0,1,0,0,0,1,0,1,0,0,0,0,0,1,0,1,0,0,0,0,0,1,0,2,0,0,1,1,0,0,0,0,0,0,1,0,1,1,0,0,0,1,1,0,0,0,1,2,1,1,0,0,1,0,0,0,0,0,0,1,2,0,1,0,1,0,0,0,0,1,0,2,0,2,2,0,1,0,0,0,1,0,1,1,1,0,0,1,0,1,0,0,0,0,0,0,0,0,2,0,0,0,1,1,1,1,1,2,0,0,2,1,1,1,1,0,0,2,0,0,0,0,0,1,1,0,0,0,0,0,1,0,0,0,0,0,0,0,1,2,0,0,0,0,1,1,0,0,0,0,0,1,0,1,1,2,1
KL0473,2,1,0,2,1,2,0,1,0,1,1,1,2,1,0,1,0,1,2,0,0,2,0,0,0,0,2,0,0,0,0,0,0,0,0,0,1,0,1,0,0,0,1,0,0,0,1,0,0,1,1,1,0,1,0,1,0,0,0,0,0,0,0,1,0,0,0,0,0,1,2,0,0,0,0,1,0,1,0,0,0,0,0,0,0,0,0,0,1,0,0,0,0,1,1,0,1,1,0,0,0,1,0,1,0,1,0,0,1,1,0,2,0,0,2,0,0,1,0,0,0,0,1,0,0,1,0,0,1,0,2,0,0,1,1,0,0,0,0,0,0,0,0,1,0,0,0,1,2,0,0,1,0,1,1,1,2,0,0,0,1,0,1,1,1,0,0,1,1,1,0,1,0,0,1,0,0,0,0,0,0,0,0,0,0,0,2,0,1,0,0,1,0,2,0,0,1,0,1,1
KL0474,0,1,0,1,0,0,2,1,0,0,0,0,0,0,0,0,2,0,1,1,0,1,0,1,0,0,1,0,0,0,0,0,0,0,1,0,0,0,1,0,0,1,1,1,0,0,0,0,0,2,0,1,0,0,1,1,0,0,0,1,0,1,1,0,0,0,1,1,1,0,2,0,0,0,0,0,0,1,0,0,0,0,0,1,0,2,1,1,0,0,0,1,1,1,0,0,0,0,1,0,1,0,2,0,2,0,1,1,0,1,1,0,1,0,0,2,1,1,1,0,0,0,0,1,0,1,0,1,0,1,2,0,2,1,0,1,0,1,0,0,0,0,0,0,0,1,2,1,0,1,1,0,0,0,0,2,2,0,0,0,0,0,0,1,0,2,0,1,0,0,1,0,0,0,2,1,0,0,0,0,0,0,1,0,1,0,1,2,0,0,1,0,0,2,0,0,1,1,0,0
KL0475,1,0,0,2,0,1,1,1,0,0,0,1,1,2,0,1,1,1,0,0,0,2,2,1,0,0,0,0,1,0,1,1,2,0,0,0,0,0,2,0,0,1,0,1,1,1,1,0,1,0,0,1,2,0,0,1,0,1,0,0,1,0,0,0,0,0,1,0,0,0,1,0,0,1,1,1,1,1,1,0,1,0,0,0,0,0,1,1,0,0,1,0,0,1,1,1,1,0,0,0,0,0,1,1,2,0,0,1,0,2,0,0,0,0,1,0,1,1,0,2,0,1,1,0,0,1,1,1,1,2,1,0,1,1,0,0,1,1,0,1,0,1,1,0,0,0,1,1,0,1,1,2,0,0,0,1,1,0,0,0,1,0,1,1,1,2,0,2,0,0,1,1,1,0,1,0,0,1,0,1,0,0,2,1,0,1,1,0,1,0,0,0,0,2,0,0,2,1,0,0
KL0476,0,0,1,2,0,2,2,1,0,0,1,1,0,0,0,1,1,1,1,0,0,1,1,1,1,0,1,0,2,1,1,1,0,0,1,0,1,0,1,0,0,0,0,1,0,2,2,1,1,0,0,1,2,0,0,1,1,0,1,0,1,1,0,1,0,0,1,1,0,1,2,0,1,1,0,0,1,2,1,0,0,1,1,2,1,0,0,1,2,1,0,0,0,1,0,1,0,0,0,0,0,0,1,1,1,2,1,1,0,1,0,1,0,0,0,0,2,1,0,1,0,0,0,0,0,1,0,1,0,1,2,0,2,1,0,1,1,0,0,2,0,0,0,0,0,1,1,1,1,0,1,1,0,0,0,1,0,0,0,0,0,0,0,0,1,0,0,0,1,0,1,0,0,2,2,2,0,1,0,0,0,0,0,0,0,0,0,1,1,0,0,0,2,1,0,0,2,0,1,1
KL0477,1,0,0,1,1,1,1,1,0,0,0,1,1,1,0,1,1,0,1,0,0,1,2,2,1,0,0,0,0,0,1,2,1,0,1,0,1,0,0,1,0,0,1,1,0,1,1,0,1,1,0,2,0,1,0,0,0,0,1,0,1,0,0,0,0,0,1,0,1,0,2,0,1,1,0,0,0,0,0,0,0,0,0,0,0,1,0,0,1,0,0,0,0,2,0,0,0,0,0,0,1,0,1,1,1,1,0,0,0,2,0,2,0,0,1,1,0,0,0,1,0,0,0,0,0,1,0,1,0,1,1,2,0,0,0,1,1,0,0,0,0,2,2,1,0,0,0,1,2,1,0,1,0,0,1,0,2,0,0,1,1,0,1,0,0,1,1,0,0,0,0,2,0,1,1,1,0,0,0,0,0,1,1,1,1,0,0,1,1,2,2,0,0,1,0,1,1,1,1,1
KL0478,0,0,0,1,0,1,1,1,1,1,2,0,1,0,0,1,0,1,2,0,0,1,0,0,0,0,1,0,1,0,1,0,0,0,1,0,1,0,1,0,0,1,0,1,0,1,0,0,1,0,0,2,0,0,0,2,0,1,1,0,0,0,0,1,0,0,0,0,0,0,1,0,0,0,0,1,1,0,2,1,0,1,0,0,1,1,1,0,0,0,1,0,0,1,0,0,0,0,0,1,1,2,1,2,1,1,0,0,0,2,0,1,0,1,1,1,1,2,0,1,0,0,0,0,0,0,0,1,1,2,2,1,0,0,0,0,1,0,0,0,0,1,0,1,0,1,1,1,0,1,0,1,0,1,0,2,0,0,0,0,1,0,0,0,1,0,0,0,0,0,1,2,0,0,0,0,0,1,0,0,0,1,1,1,0,2,1,2,0,1,1,1,0,0,0,0,0,0,1,1
KL0479,2,0,0,1,0,0,1,1,0,0,1,0,1,0,0,1,0,0,1,1,0,1,1,1,0,0,0,1,1,0,1,0,0,0,1,0,0,1,1,1,0,0,0,1,1,0,0,0,0,1,0,2,2,0,0,0,2,0,0,1,0,0,0,1,0,0,1,0,1,0,0,0,0,0,1,1,1,1,0,1,1,0,1,1,0,0,0,1,0,0,0,1,2,2,0,0,0,0,0,0,0,0,0,1,1,0,1,0,0,2,1,0,0,0,0,0,1,0,0,2,0,0,0,0,0,1,0,1,1,1,1,0,1,0,0,0,0,0,1,0,0,1,0,0,0,1,1,1,0,0,0,0,0,1,0,2,1,0,1,1,0,0,0,1,0,0,1,1,0,0,1,0,0,0,1,0,1,1,0,1,0,2,0,0,0,0,0,2,1,0,1,1,0,0,0,0,0,1,0,2
KL0480,1,1,0,0,0,2,2,2,0,1,0,0,1,2,0,1,1,1,2,1,1,0,1,0,0,0,2,0,1,0,1,0,1,0,1,0,1,0,0,0,1,1,1,1,0,2,2,0,1,0,1,0,0,0,0,1,1,0,1,0,1,0,0,0,0,1,1,0,0,1,2,0,0,0,0,0,0,1,1,1,0,0,0,1,0,0,0,2,0,0,0,0,2,0,0,0,0,0,0,0,1,0,0,1,1,2,0,0,1,1,0,0,1,1,2,0,1,0,0,1,1,1,0,0,0,1,0,0,1,0,2,0,0,1,0,0,0,0,0,1,0,2,1,1,0,0,0,0,1,1,0,0,1,0,0,2,1,0,0,0,0,1,1,0,1,2,0,2,0,0,1,1,0,1,1,2,0,1,1,0,0,1,1,1,0,0,1,1,0,1,1,1,1,1,1,0,1,0,0,2
KL0481,2,1,1,2,1,0,1,2,1,0,0,0,1,2,0,0,0,0,2,0,0,1,1,1,0,0,0,0,1,0,0,0,2,1,0,0,2,1,0,0,0,0,0,0,1,0,1,0,2,0,1,2,1,1,0,0,0,0,2,0,0,1,1,0,1,0,1,0,0,1,1,0,1,0,0,0,0,1,0,0,0,1,0,0,0,0,1,1,0,0,2,1,0,0,0,0,1,1,1,0,1,1,1,0,0,1,1,1,0,0,1,0,0,0,1,0,1,1,0,0,0,0,0,0,0,2,0,2,0,1,1,0,2,0,1,0,1,1,1,1,0,1,1,1,0,0,0,2,0,1,0,1,1,0,1,0,1,0,0,0,1,0,0,1,1,0,0,1,0,1,0,1,0,1,1,2,0,0,0,0,1,0,1,0,1,1,0,0,0,1,1,0,0,0,1,0,0,0,1,0
KL0482,0,0,1,1,0,0,2,1,1,1,0,2,1,0,0,1,1,1,2,0,1,1,0,0,0,1,2,0,1,0,1,1,1,0,0,1,0,0,1,1,0,0,1,1,0,1,0,0,1,2,0,0,2,0,0,2,0,0,0,1,1,0,0,0,0,1,0,0,1,0,0,0,0,0,0,0,0,1,0,0,0,0,0,0,0,0,0,2,0,0,0,0,0,1,0,0,0,0,1,1,1,1,1,0,1,2,1,0,0,2,1,1,0,2,2,1,1,2,0,0,0,0,0,0,0,1,0,0,0,0,0,1,0,1,0,1,0,1,0,0,0,1,0,1,0,1,1,0,2,1,0,1,1,0,1,0,1,0,0,0,2,0,1,1,0,0,1,0,0,0,1,0,0,0,2,0,0,0,0,0,0,0,1,0,2,2,2,1,0,0,0,1,0,1,0,0,1,0,0,1
KL0483,0,0,0,1,0,1,2,0,0,1,1,1,0,0,0,2,1,0,0,0,0,2,1,2,0,0,1,0,0,0,0,1,1,0,0,0,0,0,0,1,1,0,0,1,1,2,0,1,0,1,0,1,0,0,0,1,2,0,2,0,1,0,1,0,0,0,0,2,0,1,1,0,1,1,0,1,0,0,1,1,1,1,1,1,0,1,1,0,1,0,2,2,1,1,0,1,0,0,0,0,2,0,1,1,1,2,1,0,1,0,2,0,0,1,1,0,2,0,0,1,0,0,1,0,0,0,0,1,1,0,1,0,2,0,0,0,1,0,0,0,0,1,0,1,0,0,1,0,0,1,0,0,0,0,0,1,2,0,0,0,0,0,0,0,1,1,0,0,0,0,1,1,0,1,1,0,1,0,2,0,0,0,1,0,1,2,0,0,1,1,0,1,0,1,0,0,0,2,1,0
KL0484,1,0,1,1,0,2,2,1,0,1,0,1,2,0,0,1,1,1,1,0,0,1,1,0,0,0,1,1,0,0,1,0,2,0,1,0,0,0,1,0,0,0,0,0,0,0,0,0,1,2,0,2,0,0,0,1,0,0,0,0,0,0,1,0,0,0,1,0,0,2,0,0,1,0,0,0,1,1,1,1,1,0,0,0,1,1,1,1,0,0,2,1,1,0,1,1,0,0,0,0,1,1,0,0,1,0,1,0,0,0,0,1,0,0,1,0,1,1,1,0,0,1,0,0,0,0,0,0,0,1,1,0,1,0,0,0,0,1,1,0,0,1,1,0,1,1,0,0,2,2,0,1,0,1,0,1,1,0,1,1,0,1,0,1,0,1,0,1,0,0,1,1,0,1,0,1,1,1,0,0,1,0,2,0,1,2,1,1,0,1,0,1,0,2,0,0,0,0,0,0
KL0485,2,0,0,1,0,0,2,0,0,0,1,1,1,0,0,0,0,0,1,0,0,2,0,0,0,0,0,0,0,0,1,0,0,0,0,1,1,0,0,0,0,1,0,0,2,2,0,0,2,1,1,1,0,1,1,1,1,0,1,0,1,0,0,0,1,0,1,1,0,2,2,0,0,0,0,1,0,2,1,0,0,0,0,0,0,0,0,1,1,0,1,0,1,1,1,0,0,0,0,0,1,0,1,1,2,0,0,1,1,1,1,1,0,1,1,1,2,1,0,2,1,0,0,0,0,1,0,2,0,0,1,1,0,0,1,1,1,0,0,0,0,1,0,1,0,1,1,0,2,0,1,0,0,0,1,0,1,0,0,1,1,0,0,0,1,2,0,0,1,1,1,1,0,1,1,1,0,0,0,0,0,0,0,0,1,0,2,1,1,0,1,0,1,1,0,0,1,1,0,0
KL0486,1,0,0,0,0,1,1,1,0,0,2,1,2,0,0,0,2,2,0,0,0,0,1,1,0,0,0,1,1,0,1,0,2,0,1,0,1,0,1,1,0,0,0,2,0,0,0,0,0,0,0,0,1,1,0,2,0,0,0,0,1,1,0,0,1,0,1,0,0,2,0,0,0,1,2,2,0,0,0,0,0,0,1,0,0,0,0,0,1,0,0,0,2,0,1,0,0,1,0,0,1,0,1,1,0,1,0,0,0,1,0,1,0,1,1,0,1,0,0,0,0,1,0,0,1,0,0,2,1,0,1,0,1,0,0,1,0,0,0,0,0,1,0,2,0,0,0,0,1,2,0,0,0,1,2,0,0,1,1,0,1,0,0,1,0,1,0,0,0,1,1,0,0,1,0,1,0,0,0,0,1,0,1,1,2,1,1,1,0,0,0,0,0,0,1,0,0,0,2,0
KL0487,1,0,0,1,0,0,2,1,0,0,0,2,1,1,0,2,1,1,0,0,0,0,0,0,0,0,0,0,0,0,1,0,0,0,1,0,1,0,1,0,1,1,0,2,0,0,0,0,0,0,1,1,2,0,0,1,1,0,0,0,0,0,0,0,0,0,1,0,1,1,1,1,1,1,1,0,0,1,0,0,0,0,0,0,0,1,0,0,0,0,0,0,1,1,2,1,0,0,0,1,2,1,0,2,1,2,0,1,0,2,0,2,0,0,1,1,0,1,2,2,0,0,2,0,0,1,0,2,0,0,1,0,1,0,0,1,0,0,0,1,0,1,0,0,1,1,1,2,2,1,1,1,0,0,0,1,0,1,0,0,0,1,1,0,1,1,0,1,1,0,0,0,0,0,0,1,1,1,1,1,2,0,2,0,1,2,2,0,0,2,1,2,0,2,1,1,0,2,2,1
KL0488,1,0,0,2,0,2,1,0,0,0,1,0,1,1,0,0,0,0,1,1,1,0,1,0,0,0,2,0,2,0,0,1,0,1,0,0,0,0,0,0,0,0,1,2,0,0,1,0,0,1,0,0,0,0,0,1,2,1,0,0,2,1,1,0,1,0,1,0,0,0,1,0,1,0,0,0,0,1,0,0,0,0,1,0,1,0,2,2,0,0,2,0,1,1,1,0,0,0,0,0,1,1,0,2,0,0,2,0,1,1,0,0,1,0,0,0,0,1,1,1,2,0,2,1,1,1,1,1,0,1,1,1,0,0,0,0,1,0,0,1,1,1,0,0,0,2,1,0,1,1,1,2,0,0,1,2,2,0,0,0,0,0,0,0,0,0,0,0,0,0,0,0,0,0,0,1,0,1,0,0,1,0,0,0,1,0,1,0,0,0,0,0,0,0,0,0,0,2,1,0
KL0489,0,0,0,1,0,1,1,2,0,1,0,1,1,0,0,2,1,2,1,0,1,1,1,0,0,0,0,0,0,0,1,0,1,0,0,0,1,0,1,1,0,1,0,0,0,1,0,0,0,1,0,0,0,1,0,0,0,0,1,1,1,0,0,2,0,1,0,1,0,0,1,0,0,1,1,0,0,2,0,0,0,0,0,1,0,1,1,1,0,0,1,0,0,0,0,0,0,0,1,1,1,0,0,1,2,2,2,1,0,2,0,1,0,1,1,1,2,1,0,1,0,0,0,0,0,1,0,2,0,0,2,0,1,0,0,1,1,0,0,2,0,0,1,0,1,0,1,1,1,1,0,0,0,0,0,1,1,0,0,1,1,0,0,0,0,0,1,0,1,1,0,0,0,0,1,1,2,1,1,0,1,0,0,0,0,0,1,0,0,0,1,0,0,0,1,0,2,0,1,1
KL0490,1,0,1,1,0,0,1,0,0,1,0,1,1,0,1,1,1,1,2,0,0,2,1,1,0,0,1,1,0,0,2,0,2,0,0,0,1,0,1,0,0,0,0,1,0,1,0,0,1,2,1,2,0,0,0,1,1,0,0,0,1,1,0,0,1,0,0,0,0,1,2,1,0,0,0,1,1,2,1,0,1,0,0,0,1,0,1,2,1,0,1,0,1,0,0,2,0,0,0,0,1,1,0,1,0,0,0,1,0,0,0,1,0,0,1,0,0,2,0,1,0,0,1,0,1,1,1,1,0,1,2,1,2,0,0,1,1,1,0,0,0,0,0,0,1,0,0,1,2,1,2,0,0,1,1,1,1,0,0,0,0,0,0,1,0,1,0,1,0,0,1,0,0,0,1,1,0,0,0,0,0,0,1,0,1,1,0,1,0,0,0,1,0,1,0,1,1,0,2,0
KL0491,1,0,0,0,0,1,2,2,0,0,0,1,2,1,0,0,1,1,1,0,0,0,0,2,1,1,2,0,0,0,1,0,0,0,0,0,1,0,0,0,1,1,0,1,0,0,1,0,1,0,0,0,2,2,0,1,0,0,0,0,0,0,0,1,0,2,0,0,0,1,0,1,0,0,0,1,1,1,1,1,0,0,0,0,0,2,0,2,0,1,0,0,1,1,0,1,0,0,1,0,2,1,0,1,0,0,1,0,0,1,0,1,0,0,1,1,0,0,0,1,1,0,1,0,1,0,0,1,0,2,1,1,1,0,0,1,1,0,0,1,0,0,0,0,0,2,1,2,1,0,2,0,0,0,1,2,1,1,0,0,1,0,0,1,1,2,0,1,0,1,0,1,0,1,0,1,0,1,0,0,1,0,2,2,0,1,1,2,0,0,0,1,0,1,0,0,1,0,2,0
KL0492,2,0,0,1,0,0,1,1,0,1,0,1,2,0,0,2,1,2,1,0,0,0,0,0,0,0,0,0,1,0,1,1,1,0,0,0,1,0,0,0,0,1,0,2,0,0,0,0,0,2,0,0,0,1,1,1,0,0,1,1,0,1,0,0,1,1,0,0,1,0,2,0,0,0,1,2,2,0,2,1,0,1,2,0,2,0,1,2,1,0,1,0,1,2,1,1,0,0,0,0,1,1,0,2,1,0,0,0,0,1,0,1,0,0,2,2,1,2,0,0,0,0,1,0,0,1,1,0,1,1,1,0,0,0,0,2,0,0,0,0,0,1,0,1,1,1,1,0,0,1,1,0,0,1,0,2,1,2,1,0,0,1,1,0,1,1,0,2,0,0,0,2,0,0,1,2,0,0,0,0,1,1,2,1,0,0,1,1,1,1,0,2,0,0,0,0,1,0,0,0
KL0493,1,1,1,0,0,0,2,2,0,0,1,2,1,1,0,1,0,0,1,0,0,0,0,1,1,0,1,0,1,0,0,0,0,0,0,1,0,0,2,0,0,1,0,0,1,0,0,0,1,0,0,2,2,0,0,1,0,0,1,1,1,0,1,0,0,1,0,0,1,1,1,0,1,0,1,1,1,0,1,1,0,0,2,0,0,1,0,1,1,1,1,0,0,1,0,0,1,1,0,0,0,0,0,0,1,1,0,0,0,1,1,0,0,0,1,0,1,0,0,1,0,0,2,0,0,0,0,0,0,0,0,1,0,0,0,0,1,0,0,2,0,2,0,1,0,1,1,0,2,0,0,0,0,1,0,2,0,0,0,1,2,1,1,1,2,1,0,0,0,0,0,0,0,1,1,2,0,0,1,0,0,0,1,0,0,1,2,2,0,0,0,0,0,1,0,1,0,0,2,1
KL0494,1,0,0,0,0,0,1,1,0,0,1,0,0,1,0,0,1,0,2,0,0,1,1,0,0,0,2,1,1,0,0,0,1,1,1,0,1,0,0,0,0,0,0,1,1,2,0,0,1,0,0,1,1,0,0,1,1,0,1,0,1,0,1,0,1,0,1,0,0,1,1,0,1,0,0,0,2,2,1,2,1,0,0,1,0,1,0,2,1,0,1,0,0,1,0,1,0,0,0,0,0,0,0,0,1,1,0,0,0,0,0,1,0,0,2,1,1,0,0,0,1,0,1,0,0,1,0,1,1,1,1,0,2,0,0,0,1,0,0,1,0,1,1,1,0,0,0,0,1,1,0,0,0,0,0,2,0,0,0,0,0,1,0,0,1,0,0,0,0,0,2,1,0,0,0,1,0,0,0,0,0,0,2,1,0,1,0,1,0,2,1,0,0,1,0,1,0,0,0,0
KL0495,1,0,0,2,0,0,1,0,0,0,2,0,0,0,2,0,1,2,2,1,0,1,0,0,0,0,1,0,0,0,1,1,1,0,0,0,1,0,0,1,0,0,0,1,1,2,0,1,1,0,0,1,0,0,0,0,0,0,1,0,0,0,0,0,0,0,1,1,0,1,1,0,0,1,1,1,0,2,2,0,1,0,1,0,1,1,1,0,1,0,1,0,0,1,0,0,0,0,0,0,0,1,1,2,0,1,0,0,0,0,0,1,1,1,1,1,0,1,1,2,0,1,0,0,0,1,2,1,2,1,0,0,2,0,0,0,0,1,0,0,0,1,0,0,0,1,0,1,1,2,0,1,1,0,0,2,1,0,0,0,0,1,0,1,1,0,0,0,0,0,0,0,0,0,0,0,0,1,0,0,1,0,1,1,1,0,1,2,0,1,0,0,0,1,0,0,0,1,1,1
KL0496,0,0,0,1,0,2,0,1,0,0,1,1,1,0,0,0,0,1,0,0,2,1,0,1,0,0,1,0,0,0,0,1,2,1,0,0,2,1,0,0,0,1,1,2,0,1,0,0,1,2,1,0,0,1,0,0,0,0,2,0,2,0,0,0,0,1,0,0,1,1,1,0,0,0,0,0,1,0,2,0,0,0,1,0,2,1,1,0,1,0,0,0,0,1,1,0,0,0,0,0,0,1,1,2,1,1,2,1,0,2,0,1,1,0,0,1,1,1,0,0,0,0,0,0,0,0,0,1,2,0,1,0,1,0,0,0,0,0,0,0,0,1,0,0,0,1,1,0,0,0,0,2,0,0,0,0,0,0,0,0,0,2,2,0,0,1,1,1,1,0,0,0,0,1,1,1,0,1,0,0,0,1,2,0,0,0,2,0,1,1,0,0,0,1,0,0,1,0,1,1
KL0497,1,0,0,0,0,1,2,2,0,0,1,1,2,0,2,1,0,1,1,0,1,1,0,0,0,0,1,0,1,0,2,0,1,0,0,0,0,1,2,1,1,0,0,0,0,2,0,1,1,1,0,2,0,1,0,0,0,0,1,2,0,0,0,1,0,0,0,2,0,1,0,2,0,0,0,1,0,2,1,2,0,0,0,0,0,2,0,2,0,1,0,0,0,1,0,1,1,0,0,0,1,0,0,0,1,2,0,1,0,0,1,0,1,0,1,1,0,2,0,2,1,0,1,0,0,1,0,2,1,0,1,1,1,0,0,2,0,1,1,0,0,1,0,1,0,1,0,1,2,1,0,0,0,0,0,1,1,1,1,0,0,1,0,1,2,0,0,0,0,0,0,2,0,0,1,0,0,0,0,0,0,1,0,0,0,0,0,1,1,1,2,1,1,2,0,1,1,1,0,0
KL0498,0,0,0,1,0,2,2,0,0,1,0,0,1,1,0,2,0,0,0,0,1,2,0,0,0,0,1,0,2,0,2,0,2,0,0,0,2,1,0,0,0,1,1,1,1,0,0,0,0,1,1,0,1,0,0,2,1,0,0,1,1,0,0,0,0,0,1,1,0,2,1,0,1,1,0,1,1,2,0,0,0,0,0,1,0,1,0,1,1,0,2,0,1,1,0,0,1,1,0,0,0,0,0,1,0,0,1,0,0,1,2,0,0,0,0,0,1,2,1,0,1,0,0,0,0,0,0,0,0,0,2,0,0,1,1,1,0,0,0,0,1,1,0,0,0,1,0,1,2,2,0,2,0,1,1,1,2,1,0,0,1,1,0,0,0,0,0,0,0,0,1,0,0,0,0,1,0,0,1,0,0,0,0,0,0,2,1,1,0,0,0,1,0,1,0,0,0,0,0,0
KL0499,2,0,0,0,0,1,1,1,0,1,0,1,0,0,0,1,1,0,2,0,0,0,0,0,0,0,1,0,1,1,1,0,2,0,0,0,2,0,1,1,0,0,1,0,2,1,0,0,1,2,0,0,1,1,0,0,1,0,0,1,0,1,1,0,0,0,1,0,0,0,2,0,1,0,0,0,0,2,2,0,1,0,0,0,1,0,1,1,1,0,1,0,0,1,1,0,1,0,0,0,1,0,0,2,1,2,1,0,0,2,1,1,0,0,2,0,0,0,0,1,0,0,0,0,0,1,1,1,0,0,1,1,1,1,0,0,0,0,0,0,0,1,0,0,0,0,0,2,1,2,1,2,0,1,1,1,0,0,0,0,1,1,0,1,0,0,0,0,0,1,1,1,0,2,0,1,0,1,0,1,1,0,1,0,1,0,1,1,0,1,1,0,0,2,0,0,0,1,0,1
KL0500,1,0,0,1,1,1,1,1,0,0,0,0,0,0,0,1,0,0,2,0,0,2,1,0,0,0,1,0,1,1,1,0,0,1,0,0,1,0,1,0,0,0,1,0,1,0,1,0,1,1,1,2,0,0,0,0,0,0,0,0,1,0,0,0,1,0,0,2,0,2,2,0,1,0,1,0,0,1,0,2,0,0,0,0,0,0,2,1,1,0,0,0,1,0,0,0,1,0,0,0,1,0,1,0,1,0,1,0,0,1,1,0,0,2,1,0,0,0,1,2,0,0,0,0,0,1,2,1,1,0,2,1,0,0,0,1,0,0,0,1,1,1,0,0,0,2,1,1,1,1,0,1,2,2,0,0,0,0,1,0,2,0,0,0,1,0,0,0,0,2,1,0,0,2,2,2,1,1,1,0,0,1,2,0,1,2,1,1,2,1,0,0,0,1,0,0,2,1,1,0
KL0501,0,0,0,1,0,1,0,0,0,0,0,1,0,0,0,0,0,0,0,1,1,1,0,1,0,0,2,1,0,1,1,1,1,1,0,0,1,1,1,0,0,0,0,1,0,2,0,0,2,1,0,2,1,1,1,1,0,0,0,0,0,1,0,1,0,1,0,0,1,0,0,0,1,1,0,0,1,1,0,1,0,1,0,0,1,2,0,2,1,0,1,0,1,0,0,0,0,0,1,0,0,0,2,1,0,2,0,0,0,2,0,0,0,1,0,0,1,2,0,0,0,1,0,0,0,0,1,2,2,0,2,1,0,1,0,1,1,0,0,0,0,1,1,0,1,1,0,1,0,1,2,0,0,0,1,1,1,0,0,1,0,0,0,1,0,0,0,1,1,1,1,1,0,0,2,2,0,0,0,0,0,1,2,0,0,1,1,1,1,2,1,0,0,1,1,0,0,2,1,0
KL0502,0,0,0,1,0,1,2,2,0,1,0,2,1,0,0,0,0,1,2,0,1,0,0,2,0,0,1,1,0,1,1,0,2,0,0,0,2,0,2,1,1,0,0,0,0,2,1,0,0,1,1,1,2,1,0,0,0,0,2,1,1,0,1,0,1,0,0,0,1,0,0,0,0,1,1,0,0,2,1,1,0,0,0,2,1,1,0,1,0,0,0,0,0,1,1,1,1,0,0,0,0,0,0,1,2,2,0,0,0,0,0,0,0,1,2,0,1,1,0,1,0,0,1,1,0,1,0,2,0,0,2,1,0,0,0,2,2,0,0,0,0,1,0,0,1,0,0,1,1,2,0,2,0,0,1,0,1,0,0,0,0,1,0,1,1,1,0,0,1,0,1,1,1,0,2,1,0,0,0,0,0,0,1,1,0,0,1,0,0,0,0,0,0,0,0,0,1,0,1,1
KL0503,2,0,0,1,0,1,2,0,0,0,1,0,0,0,0,1,0,0,2,0,0,2,0,1,0,0,1,0,0,0,2,0,0,0,0,0,0,0,0,0,0,0,0,1,0,2,0,1,2,1,0,1,1,1,0,1,1,0,0,2,1,0,1,0,0,0,0,0,0,2,1,0,0,0,0,1,1,1,1,0,0,0,0,0,0,0,0,2,0,0,1,0,1,0,0,1,0,0,1,0,1,0,1,0,2,0,0,0,0,1,0,1,0,1,2,2,2,1,0,1,1,0,0,0,0,0,1,1,0,0,0,0,1,1,0,0,1,0,0,0,0,0,1,0,0,0,0,1,1,1,1,1,0,1,1,0,2,0,0,0,2,1,0,1,0,0,0,1,0,0,2,1,1,0,2,1,0,1,0,0,0,0,1,0,0,0,1,0,1,1,0,0,0,0,0,0,0,0,1,1
KL0504,2,0,0,1,1,1,1,0,0,1,0,1,1,1,0,1,0,0,0,0,1,0,2,1,0,0,1,0,1,0,0,1,1,0,0,1,1,0,0,0,0,2,1,0,1,1,0,0,2,0,0,2,2,0,1,2,0,0,0,1,1,0,0,0,1,1,1,1,0,0,1,1,1,1,1,2,0,1,0,1,0,0,0,0,1,0,0,0,1,0,1,0,2,1,0,0,0,0,0,0,1,1,0,2,1,1,2,0,0,1,1,1,2,1,2,1,0,0,0,1,0,0,1,1,0,1,0,1,1,0,0,0,0,0,0,1,1,0,0,1,1,2,0,1,1,2,1,0,0,0,1,1,0,0,0,2,2,0,0,0,1,1,0,2,1,0,0,1,0,1,1,1,0,2,1,0,0,1,1,0,1,0,0,0,0,1,2,0,0,0,1,2,0,1,0,0,0,1,2,1
KL0505,0,0,0,2,0,1,2,0,0,0,0,1,1,0,1,1,2,0,1,1,0,1,0,1,0,0,1,0,1,0,1,0,1,0,1,0,2,1,2,1,0,2,0,1,1,1,0,0,0,0,0,1,2,0,1,1,1,0,0,0,1,0,0,0,1,0,0,0,0,1,1,0,0,0,0,0,0,2,1,1,1,0,2,0,0,1,0,1,0,0,0,1,0,1,0,0,1,0,0,0,1,0,1,1,1,0,1,1,0,1,0,1,1,1,1,1,0,0,1,2,0,0,1,2,0,1,1,1,0,0,1,1,0,0,0,2,1,0,0,1,0,2,0,0,1,1,1,1,2,1,0,1,0,1,1,1,0,0,0,1,2,1,0,0,0,1,1,0,0,1,0,1,0,0,0,0,0,0,0,0,1,0,0,0,0,1,1,1,0,0,0,1,0,2,0,0,0,0,0,0
KL0506,0,0,0,1,0,0,0,2,1,0,0,1,0,0,0,0,0,1,1,0,0,2,0,0,0,0,2,0,0,0,2,0,1,2,0,0,1,1,1,0,0,1,1,0,0,1,0,0,0,2,0,1,1,1,0,1,0,0,2,0,0,0,0,1,0,0,0,1,0,1,0,0,1,0,1,0,0,2,2,1,0,0,1,1,0,2,0,1,0,0,1,0,1,1,0,0,0,0,0,0,1,1,0,1,1,1,1,0,0,0,0,0,0,0,1,0,1,0,0,2,1,0,1,0,0,0,2,2,1,0,1,0,2,0,0,0,1,0,0,0,0,1,1,1,0,0,1,0,1,0,1,1,0,1,1,1,0,0,0,0,0,0,1,0,1,1,0,2,0,0,1,1,0,1,1,1,0,0,0,0,0,0,1,1,0,0,1,2,0,0,1,0,0,2,0,0,0,0,1,1
KL0507,0,1,0,1,0,0,0,2,1,0,1,1,1,1,0,1,1,2,0,0,1,2,1,1,0,0,1,0,1,0,2,0,0,0,0,0,1,1,0,1,0,1,0,1,1,1,0,0,0,2,1,0,0,0,0,1,1,0,0,0,0,0,0,0,0,0,0,0,0,0,0,0,1,0,1,1,0,0,2,0,0,0,0,1,1,0,0,0,0,0,0,1,1,2,0,0,0,1,0,1,2,1,1,1,2,1,1,1,0,1,0,0,0,0,1,0,1,1,1,2,0,0,1,0,0,0,0,1,0,0,1,1,1,0,0,2,0,1,0,0,0,1,0,0,0,1,1,0,2,0,1,0,0,0,1,1,0,0,0,1,0,1,0,0,1,0,1,0,0,0,0,0,0,1,1,1,1,1,1,0,1,1,0,1,0,1,0,0,1,1,0,2,1,1,0,1,0,0,1,1
KL0508,1,0,0,0,1,0,1,1,0,1,1,1,2,1,1,0,1,1,1,0,1,0,1,1,0,0,0,0,1,0,0,1,1,0,1,0,2,1,1,0,0,0,0,2,0,2,0,0,1,1,0,0,2,0,0,2,1,0,0,0,1,0,0,0,0,0,0,0,1,1,1,0,0,1,0,1,0,2,1,0,0,0,0,0,0,0,0,0,1,0,1,1,2,0,0,0,0,0,0,0,1,0,0,1,2,1,1,0,0,1,1,1,0,2,1,2,1,2,0,2,0,0,1,1,0,1,0,1,0,0,2,0,0,0,0,1,2,1,0,0,0,2,0,0,0,2,0,0,2,1,1,1,0,0,0,0,2,0,1,1,1,1,0,0,0,1,1,0,0,0,1,2,1,1,1,2,0,1,0,0,1,1,1,0,1,2,0,2,0,0,1,0,0,0,0,0,1,0,0,0
KL0509,0,0,0,2,0,0,1,1,0,0,0,1,2,0,1,0,1,2,0,0,1,1,0,0,0,0,1,0,0,0,0,1,1,2,0,0,1,0,1,0,0,0,0,1,1,0,0,0,0,1,1,1,1,0,0,1,2,0,0,1,1,0,1,1,2,0,1,0,1,1,0,0,0,0,2,1,0,1,0,1,0,0,0,0,0,1,1,0,0,0,2,0,0,1,0,0,0,1,0,0,0,0,1,0,1,0,0,1,0,1,0,0,0,1,1,0,0,1,2,1,0,0,1,1,0,0,1,0,1,0,2,0,1,1,0,1,0,1,0,2,1,0,1,0,0,1,1,1,0,1,0,1,0,1,1,0,1,0,0,0,0,1,0,0,1,1,0,2,0,0,0,1,1,0,1,2,0,0,0,0,0,0,1,0,0,1,0,1,1,0,1,1,0,1,0,1,0,0,0,1
KL0510,0,1,0,0,1,0,2,0,0,1,0,0,2,0,0,1,0,0,1,0,0,1,1,1,0,0,1,0,2,0,1,1,2,0,1,0,1,0,0,1,1,1,0,1,1,0,0,0,1,2,0,1,0,1,0,1,1,0,1,0,1,0,0,0,0,0,1,0,0,1,0,0,0,0,0,1,0,2,1,0,0,0,0,1,0,0,0,0,0,1,0,1,1,0,0,0,0,0,0,0,0,0,1,1,0,1,1,0,0,0,0,1,0,1,1,1,1,0,0,2,0,0,0,1,0,1,1,0,0,1,0,0,1,0,0,1,2,0,0,1,0,1,0,0,2,0,0,1,0,1,1,1,0,0,1,1,2,1,1,0,1,1,0,1,0,1,0,1,1,1,0,0,0,1,0,2,0,0,1,0,0,1,1,1,0,0,1,1,0,0,0,1,0,2,0,0,0,1,1,1
KL0511,0,0,0,0,1,1,1,0,1,1,0,1,0,0,0,2,0,0,1,2,0,0,1,0,0,0,1,1,0,0,1,1,0,0,1,0,1,0,2,0,0,0,0,0,0,1,1,0,1,1,1,1,1,1,1,1,0,0,0,1,0,0,1,0,1,0,1,1,0,0,1,1,1,0,0,1,0,0,2,0,0,0,0,0,0,0,0,1,0,0,1,0,1,0,0,0,0,0,0,0,1,2,0,1,0,1,1,0,0,0,0,1,0,0,1,0,1,2,0,1,1,0,0,0,0,2,1,2,2,0,1,0,1,0,0,2,0,1,0,0,0,0,0,0,0,1,1,1,1,0,0,0,0,0,0,0,0,1,0,2,1,0,0,2,0,1,0,1,0,2,1,1,0,0,1,1,0,1,1,1,0,0,0,0,1,0,1,0,0,0,1,0,0,2,0,0,1,0,0,0
KL0512,0,0,0,1,0,0,2,1,0,0,0,1,0,1,0,0,0,1,2,0,0,1,0,0,0,0,2,0,0,0,0,0,2,1,1,0,1,0,0,0,0,0,0,1,1,1,1,0,1,1,0,1,0,1,0,2,0,0,0,0,1,0,0,0,0,0,1,0,0,1,1,0,0,1,0,1,0,0,1,0,0,0,2,0,0,0,1,1,1,1,0,1,1,1,0,0,0,0,0,0,0,0,2,2,2,2,0,0,0,1,0,1,1,0,2,1,0,1,1,2,0,0,0,0,0,1,1,1,1,0,1,1,1,1,0,1,1,0,1,0,1,1,0,0,1,1,2,1,2,1,0,1,0,2,0,1,1,0,1,0,0,1,0,1,1,0,0,2,1,0,1,0,0,0,0,2,0,0,1,0,0,0,1,1,0,1,0,1,0,0,1,1,0,2,0,0,0,0,1,0
KL0513,0,0,0,0,0,2,0,0,0,0,0,2,1,1,0,1,0,0,2,0,0,2,0,1,0,0,1,0,2,0,2,0,1,0,0,0,2,1,1,0,0,2,0,1,1,0,0,0,2,1,1,2,2,1,0,0,1,0,1,1,1,0,0,1,0,1,1,1,0,0,0,0,0,0,0,1,0,2,0,0,1,0,0,0,0,0,0,1,0,1,0,0,0,0,0,0,0,0,0,0,0,0,1,1,1,2,0,0,0,1,0,1,0,0,1,0,1,0,0,2,1,0,0,0,0,0,0,2,1,0,1,0,1,1,0,0,1,0,0,0,0,1,0,0,1,0,1,1,2,0,0,0,0,0,0,1,0,0,0,1,0,0,0,0,1,0,0,2,0,1,0,1,0,0,0,1,0,1,0,0,0,0,2,0,1,1,1,1,0,2,0,1,0,2,0,0,1,0,1,0
KL0514,0,0,0,1,0,1,1,0,1,0,1,0,2,2,1,1,1,0,1,0,0,2,0,1,1,1,1,0,1,0,0,0,2,0,0,0,0,0,1,1,0,2,1,2,0,2,0,1,1,0,1,0,1,1,0,1,1,0,2,0,0,0,0,0,0,2,0,0,0,0,1,0,0,0,1,1,1,0,2,0,0,1,0,0,0,0,0,2,0,0,1,0,0,0,0,0,1,0,0,0,0,0,1,1,2,2,0,0,0,2,0,0,0,1,1,0,0,2,0,0,1,0,0,0,0,0,0,1,0,2,1,0,0,0,0,1,1,0,0,1,0,1,0,1,0,2,1,0,1,1,0,0,0,0,0,1,0,0,1,0,0,0,0,1,1,1,0,1,0,1,0,1,0,1,1,1,0,0,0,0,0,1,1,0,0,1,2,0,0,0,1,0,0,2,1,0,0,1,1,0
KL0515,1,0,0,0,1,1,2,2,0,1,0,1,0,1,0,0,0,1,1,0,1,1,1,0,0,0,2,0,1,0,0,0,1,0,0,0,1,0,2,0,0,0,0,0,1,1,1,0,1,1,0,2,0,1,0,2,0,0,1,2,0,0,0,0,1,0,1,0,0,1,1,0,0,0,0,1,0,1,1,0,0,0,1,0,0,1,1,0,0,0,0,1,1,2,0,0,0,0,0,0,0,0,0,0,1,0,0,0,0,1,0,1,0,0,1,0,1,1,1,2,0,0,0,0,0,0,0,1,1,2,1,0,2,1,0,2,0,0,0,0,0,2,0,1,0,1,2,0,1,1,0,0,0,0,0,0,0,0,0,0,0,0,0,1,1,2,0,1,0,0,0,0,0,1,0,0,0,1,0,0,0,0,1,0,1,1,1,1,0,0,1,0,0,1,1,0,0,1,1,0
KL0516,0,1,0,1,0,2,2,2,0,0,1,0,1,0,1,1,0,0,2,0,2,0,1,2,1,0,1,0,0,0,0,0,0,0,0,0,2,0,1,2,0,0,0,0,0,1,0,0,0,0,0,1,0,1,0,1,1,0,0,0,0,0,0,0,1,0,1,1,0,0,1,0,1,1,0,1,1,1,2,0,0,0,0,0,0,1,0,1,0,1,0,1,1,1,0,2,0,0,0,1,1,0,0,0,2,1,0,1,0,0,0,1,0,2,2,1,1,1,1,0,0,0,0,0,0,1,2,1,1,0,1,0,1,0,0,0,1,0,1,0,0,2,2,0,0,1,2,1,1,0,1,0,1,0,1,0,0,0,0,0,0,1,0,2,0,0,0,2,1,0,1,0,1,1,1,1,0,0,0,0,0,0,1,1,0,0,1,1,0,0,1,0,0,0,0,0,1,0,2,0
KL0517,0,1,0,0,0,1,2,0,0,0,0,0,1,0,0,1,1,1,1,0,0,1,0,0,0,0,1,1,1,0,1,1,2,0,0,0,2,1,1,1,0,0,0,1,1,1,0,0,1,1,0,0,0,0,0,1,0,0,0,0,0,0,0,0,0,0,1,1,1,1,1,0,1,0,0,2,0,0,1,0,0,0,0,0,1,1,1,1,0,0,1,0,1,1,0,0,0,0,0,0,1,1,0,1,2,1,0,0,0,0,0,1,0,1,1,2,2,0,0,0,0,0,1,0,0,0,0,0,2,0,0,0,2,0,1,2,1,0,0,0,0,0,0,1,0,1,0,0,2,0,2,1,0,0,1,1,1,0,0,0,1,0,0,2,2,0,0,1,0,1,1,1,0,1,1,0,1,0,0,0,0,0,1,0,0,0,0,0,0,0,0,0,0,2,0,0,2,0,0,0
KL0518,0,0,0,0,0,1,0,1,1,0,1,1,0,0,0,0,0,0,0,0,0,1,0,1,0,0,0,1,1,0,1,0,1,0,0,0,1,0,1,1,0,1,0,1,1,1,1,1,1,0,0,1,0,0,0,2,0,0,1,0,0,0,0,0,0,0,0,0,0,0,2,0,2,0,0,0,0,0,0,0,0,0,1,0,0,1,0,0,0,0,0,0,1,2,1,0,1,0,0,0,1,1,0,0,2,0,1,1,0,0,0,1,0,0,1,0,1,1,0,1,1,0,1,0,0,0,1,0,1,0,2,2,0,0,0,0,1,1,0,0,0,0,1,2,1,1,2,0,0,1,0,0,0,1,2,2,2,1,0,0,0,0,1,1,0,1,0,0,1,1,0,1,2,1,1,0,0,1,0,0,0,0,0,1,0,2,0,2,0,0,0,0,0,0,0,0,1,1,2,1
KL0519,1,0,0,0,1,1,0,1,1,0,0,0,2,1,0,0,1,0,1,1,1,1,1,1,0,0,1,0,0,0,1,0,2,0,0,1,1,0,0,0,1,0,0,2,0,0,0,0,0,0,0,1,0,0,0,1,1,0,1,0,1,0,0,0,1,1,1,0,0,0,0,0,0,1,0,0,0,1,2,0,0,0,1,1,0,0,0,1,0,1,1,0,0,1,1,0,0,0,1,0,1,0,0,1,1,2,0,0,0,1,0,1,1,1,0,1,2,1,0,0,0,0,1,0,0,1,0,2,0,0,1,0,2,0,0,2,1,0,0,1,0,0,0,0,0,2,2,2,2,1,0,0,1,0,1,1,1,0,0,0,0,1,1,0,1,0,0,1,0,0,0,1,0,0,1,1,0,0,0,0,0,0,1,1,0,0,1,1,0,0,0,1,0,0,0,0,1,0,1,0
KL0520,0,0,0,0,0,1,1,0,0,1,0,1,0,1,0,1,1,0,0,0,0,0,2,1,0,0,2,0,0,0,0,0,1,0,1,0,1,0,2,0,0,0,0,1,0,2,0,0,0,0,0,1,0,1,1,1,1,0,1,0,1,1,1,0,0,0,1,0,0,0,1,0,0,0,0,0,0,0,1,0,0,0,0,0,1,1,1,1,0,0,1,0,1,1,0,0,0,0,0,0,2,0,1,1,0,2,1,1,0,1,0,2,0,0,1,1,1,0,0,0,0,1,2,0,0,1,0,2,1,1,2,0,0,0,1,1,1,0,0,2,0,1,0,1,2,0,2,0,0,1,0,0,0,0,1,1,1,0,0,0,0,0,1,0,1,1,0,1,0,0,1,1,0,0,2,2,0,0,0,0,1,0,1,0,0,0,0,2,0,1,0,0,0,1,0,0,0,1,0,1
KL0521,1,0,0,0,0,2,2,2,0,1,0,1,1,0,0,0,0,1,0,0,0,1,1,0,1,0,0,1,0,0,0,0,1,0,1,1,0,0,1,0,0,1,1,0,0,1,0,0,1,1,0,1,0,1,0,1,0,0,0,2,1,0,0,0,0,1,1,0,0,0,1,0,0,0,0,1,1,1,1,0,1,0,0,1,0,0,0,0,1,0,0,0,1,0,1,0,1,0,0,0,0,1,0,0,1,1,1,0,0,0,0,1,0,1,1,0,1,2,0,1,0,0,0,2,0,1,0,0,1,1,0,0,0,1,0,0,0,0,0,0,0,1,0,0,1,1,1,1,0,1,0,1,0,1,0,1,1,2,0,0,1,0,0,2,0,0,1,0,0,0,0,0,2,1,1,0,0,0,0,1,0,1,1,1,1,2,1,2,0,0,0,1,0,1,0,0,1,0,1,0
KL0522,0,1,0,1,0,0,2,2,0,1,1,1,2,1,0,0,0,0,2,0,0,1,1,0,0,0,1,0,0,0,1,0,1,0,0,0,0,0,2,0,0,1,0,0,2,1,0,1,1,0,0,2,2,0,0,1,1,0,1,0,1,0,0,1,0,0,1,0,0,0,0,0,0,2,1,0,0,1,0,1,0,1,1,0,0,0,0,0,0,0,0,0,0,0,2,1,0,0,0,0,0,0,1,1,0,0,1,0,1,1,0,1,0,1,0,0,1,0,1,1,0,0,2,1,0,0,0,0,2,1,1,0,1,0,0,0,0,0,1,0,0,0,0,0,0,2,2,1,1,2,1,1,1,1,0,0,0,1,1,0,1,0,0,0,2,0,2,0,0,0,0,0,0,0,1,1,0,0,0,0,0,0,2,0,0,0,0,1,0,0,2,1,0,0,0,0,1,1,1,1
KL0523,1,0,0,0,0,2,2,0,0,2,0,0,0,1,0,0,0,1,1,0,1,0,0,2,0,0,2,1,1,0,1,1,1,2,0,1,2,1,1,0,0,0,0,0,0,0,1,0,0,0,1,1,1,0,0,0,1,0,1,0,1,0,0,1,0,0,0,1,1,1,2,0,1,1,1,0,1,2,0,1,0,2,1,0,0,0,1,1,1,0,1,0,1,0,1,1,0,0,0,0,1,1,0,0,2,0,1,0,0,1,0,1,0,0,1,1,0,1,0,2,0,0,1,0,0,0,1,2,0,1,2,0,1,0,0,1,1,0,1,1,0,0,0,1,0,1,0,0,1,1,1,0,0,2,1,2,0,0,0,0,0,0,0,1,0,0,1,0,1,0,0,0,0,0,0,0,0,0,0,0,1,2,0,0,0,1,0,1,0,0,1,0,0,1,0,0,1,0,0,0
KL0524,1,0,0,1,0,1,1,0,0,0,0,2,0,1,0,1,1,1,2,0,0,2,0,1,0,1,1,0,0,0,1,1,1,0,0,0,2,0,1,0,0,0,0,0,0,1,0,0,1,0,0,1,0,2,1,0,0,0,1,0,0,0,0,0,1,0,1,0,0,1,2,0,0,1,0,1,0,0,0,0,1,0,0,0,0,0,0,0,1,0,1,0,0,1,0,1,0,0,0,1,1,1,0,2,0,1,0,1,0,0,0,1,0,0,2,0,0,0,1,1,0,0,1,0,0,1,1,1,1,1,0,0,1,0,0,1,0,0,0,0,0,1,1,0,0,0,1,1,1,1,0,2,0,1,1,1,0,1,0,0,0,0,0,1,2,0,0,1,1,1,0,2,0,1,2,0,0,1,0,0,0,0,0,1,2,1,0,0,0,0,1,0,0,2,0,0,1,1,1,2
KL0525,0,0,0,2,1,2,1,2,1,1,0,2,0,0,1,2,1,0,0,0,1,1,0,2,0,0,0,1,1,0,2,0,0,1,1,1,0,0,2,0,1,1,1,0,0,1,0,0,0,2,0,0,1,1,0,1,2,0,1,1,1,2,0,0,0,0,2,0,0,2,0,0,2,0,0,0,0,0,1,0,0,0,0,0,1,1,1,2,1,1,1,0,0,1,0,0,0,0,0,0,0,1,0,0,1,0,1,1,0,0,0,2,0,0,1,1,0,0,0,1,0,1,0,0,0,1,0,1,1,1,1,1,1,0,0,0,1,0,0,0,1,1,1,0,0,0,0,1,1,0,0,0,0,2,2,1,1,0,0,0,0,0,0,1,1,0,0,0,0,0,1,1,0,1,0,0,0,0,1,0,0,0,1,0,1,2,1,0,0,1,0,1,0,1,0,0,1,0,0,2
KL0526,0,0,0,2,0,2,1,1,0,0,0,1,1,0,0,1,0,0,0,0,0,0,0,0,0,0,2,0,1,1,1,0,1,0,0,0,0,0,1,0,0,0,0,1,1,2,0,1,0,2,0,0,2,0,0,2,0,0,1,0,0,1,0,0,0,0,1,1,0,2,2,1,0,0,0,0,1,1,0,1,0,0,0,0,0,1,0,2,1,0,2,0,0,1,0,1,0,1,1,0,1,0,1,2,1,2,1,0,1,2,0,1,0,1,2,0,1,0,0,1,0,0,0,0,0,1,0,2,0,1,1,0,2,0,0,0,0,0,1,0,0,1,2,1,0,1,0,0,1,2,0,0,0,1,0,2,1,1,1,1,0,0,1,1,0,1,0,0,0,0,0,0,0,0,1,0,0,0,0,0,0,0,1,2,0,1,1,2,0,1,1,0,0,2,0,0,1,1,1,0
KL0527,1,0,0,1,1,1,1,1,0,0,1,1,2,2,0,1,0,0,1,0,0,0,0,2,0,1,2,0,2,0,0,0,1,0,0,1,1,0,0,1,0,0,0,0,0,1,0,0,0,1,0,0,0,1,0,1,1,0,1,0,0,0,0,2,1,1,0,2,0,0,0,0,1,0,0,0,0,0,0,0,0,0,0,0,0,2,2,2,0,1,0,1,1,2,0,0,0,0,0,1,1,2,0,2,1,2,0,0,0,1,0,1,0,1,0,0,1,1,0,1,0,0,0,0,0,0,0,1,0,0,1,0,0,0,0,2,1,1,0,1,0,1,0,2,0,0,1,0,1,1,0,0,0,0,0,0,2,0,0,1,0,0,0,1,1,0,0,1,0,1,0,2,0,1,1,0,0,1,0,1,0,1,1,0,0,2,2,1,1,1,1,1,0,1,0,0,0,2,0,1
KL0528,1,0,0,2,0,2,1,0,0,0,0,1,1,0,0,1,1,0,0,0,0,0,0,1,0,0,0,0,1,1,0,0,1,1,0,0,0,0,0,0,0,1,1,0,0,1,0,0,1,1,1,1,1,1,0,0,0,1,1,0,0,0,0,0,1,0,2,1,0,0,2,0,0,0,1,0,0,1,2,0,1,0,0,0,1,2,0,1,0,1,1,0,0,2,2,0,0,0,0,0,1,1,1,2,1,2,0,0,0,1,1,1,0,1,1,1,1,2,1,1,0,1,0,0,0,0,1,2,2,1,1,1,0,0,1,1,0,0,0,0,0,2,1,0,1,0,1,1,1,1,0,1,1,0,0,0,1,0,0,1,1,0,0,0,1,1,0,0,0,0,0,0,0,0,1,1,1,1,1,0,0,0,2,0,2,1,0,2,0,1,0,1,0,1,0,0,0,0,1,0
KL0529,0,0,0,1,0,0,1,0,0,1,0,0,1,0,0,0,0,1,1,1,1,2,0,0,0,0,0,0,1,0,1,1,2,0,0,0,0,0,2,0,0,0,0,1,0,1,0,0,0,0,1,0,1,1,1,0,2,0,0,0,1,0,0,0,1,0,1,1,0,0,0,0,0,0,0,0,0,1,0,0,2,0,1,0,0,1,0,0,1,0,0,0,0,1,0,1,1,0,0,0,0,1,0,1,1,1,0,1,1,1,1,0,1,0,1,1,0,1,0,1,0,0,1,0,0,2,0,1,0,0,1,0,1,0,1,1,0,1,0,0,0,0,1,1,1,1,1,1,1,1,1,0,0,1,0,1,1,0,0,0,0,1,1,1,2,1,0,0,1,0,0,1,0,0,1,1,1,1,1,0,1,0,0,0,0,1,0,0,0,2,1,1,0,2,1,0,1,0,1,0
KL0530,0,0,1,2,1,0,1,0,0,0,0,2,1,0,0,1,0,1,1,0,1,1,1,0,0,0,2,0,0,0,1,0,1,1,0,0,1,0,0,1,0,0,0,1,0,1,0,1,1,1,1,0,1,1,0,2,0,0,0,0,0,0,0,0,0,1,0,0,0,0,1,0,0,0,0,0,0,1,0,1,0,0,0,0,0,0,2,0,2,0,0,0,2,2,0,2,0,0,0,0,0,0,1,2,1,2,0,0,0,0,0,0,1,0,0,1,0,1,0,2,0,0,1,0,0,0,0,0,0,0,1,0,0,0,0,0,1,0,0,0,0,1,1,1,1,0,0,1,0,0,2,1,0,0,0,1,0,0,1,0,0,0,0,1,1,1,0,0,1,0,0,1,0,0,0,0,0,0,0,1,1,1,2,2,0,1,0,2,0,1,0,1,0,0,0,1,0,0,0,0
KL0531,2,0,0,0,0,0,1,0,0,0,1,1,1,0,1,1,0,0,2,0,1,1,1,0,0,0,1,0,1,0,2,1,1,0,0,0,0,0,0,0,0,0,0,1,0,1,0,0,0,1,0,1,0,0,0,2,1,0,0,0,2,0,1,0,1,0,1,0,0,2,1,0,1,1,1,0,0,2,2,0,0,0,0,0,0,0,0,0,0,0,1,0,2,2,0,0,0,0,0,1,1,0,0,2,2,1,0,1,0,0,0,0,1,0,1,1,2,0,0,1,0,0,0,0,0,1,1,0,0,1,1,0,0,1,0,1,0,0,0,0,0,1,1,1,0,0,2,1,0,0,1,0,0,0,2,1,0,0,0,0,0,0,0,0,0,0,0,1,0,0,0,1,0,0,1,1,0,0,0,0,0,0,1,1,0,1,0,0,0,0,1,0,0,1,0,0,1,0,1,2
KL0532,1,0,0,1,1,1,2,1,0,0,0,0,1,1,0,1,0,0,0,0,0,1,0,0,0,0,1,0,1,0,2,1,1,0,1,0,0,0,1,1,0,0,0,0,2,0,0,0,0,0,1,0,0,0,0,1,1,0,0,1,1,0,0,0,1,0,1,1,0,0,0,0,0,0,0,1,0,0,2,1,0,0,0,1,0,1,0,0,0,0,0,0,0,1,1,1,0,0,0,0,0,0,1,1,0,2,1,0,1,1,0,0,1,1,1,2,2,1,0,0,1,0,2,0,0,1,0,1,0,0,0,2,1,0,0,1,0,1,0,0,0,2,0,1,0,1,0,1,1,2,1,1,1,1,0,1,1,0,0,0,0,0,2,1,0,0,0,1,0,0,1,0,0,0,0,2,0,1,0,0,0,1,2,1,0,1,0,0,0,1,1,0,0,2,0,0,1,1,1,1
KL0533,1,0,0,2,1,2,2,1,1,0,0,1,0,0,0,0,1,0,0,0,0,1,1,0,0,0,0,1,1,0,1,1,1,0,2,0,1,0,1,0,0,2,0,0,0,0,1,1,1,1,0,2,0,0,0,2,0,1,2,0,0,0,0,0,0,0,1,0,0,1,0,0,0,0,0,0,1,1,0,0,0,0,1,0,0,1,0,1,1,1,1,0,1,0,1,0,0,0,0,0,1,0,0,1,1,0,1,0,0,0,0,0,0,0,1,0,1,1,0,1,0,0,0,0,0,0,1,0,2,1,1,0,0,0,1,0,1,0,0,0,0,1,0,0,2,1,1,0,0,0,0,0,0,0,1,1,0,0,1,1,0,0,0,0,0,1,0,1,0,0,0,1,0,0,1,2,0,1,0,1,1,1,1,0,0,0,0,1,1,0,0,1,0,0,0,1,1,1,0,1
KL0534,1,0,0,0,1,2,1,1,0,0,0,1,1,0,0,1,0,1,1,1,0,1,0,1,0,1,0,0,0,0,1,1,1,1,1,0,0,0,0,1,0,0,0,1,0,1,0,0,2,0,0,2,0,0,0,1,1,0,0,0,1,0,0,1,0,1,0,1,0,2,1,1,0,0,0,1,0,1,2,0,0,0,1,0,0,0,0,0,0,0,0,0,0,0,0,1,0,0,0,0,1,1,1,0,0,1,0,0,0,0,0,2,0,0,1,0,2,0,0,2,0,0,1,0,0,0,0,1,0,0,2,1,1,0,0,2,0,0,0,1,0,0,0,0,0,1,1,1,2,1,0,1,0,0,0,1,0,0,0,1,1,0,0,2,1,0,1,2,0,0,1,0,2,0,1,2,0,0,0,0,0,1,0,1,0,1,0,1,0,0,1,1,0,2,1,0,1,1,1,0
KL0535,1,0,1,1,0,0,1,0,1,0,1,1,1,1,0,1,1,1,0,0,0,2,1,2,0,0,1,0,0,0,0,0,0,0,0,0,0,0,1,1,0,2,0,2,0,0,0,0,1,0,1,2,2,0,0,0,1,0,0,0,0,0,0,0,1,2,1,2,1,1,2,0,0,0,1,0,1,1,2,0,0,0,0,0,0,1,1,2,0,0,0,1,1,0,1,1,2,0,0,0,0,1,0,1,0,1,0,1,0,1,0,0,1,0,1,2,1,0,0,0,1,0,1,0,0,0,0,1,1,0,0,0,0,0,0,1,1,0,0,1,1,0,0,1,1,2,0,1,1,0,0,0,0,0,1,2,1,0,0,0,1,0,0,1,1,0,0,1,0,0,0,1,0,0,2,0,0,0,0,1,0,0,0,0,0,2,1,0,0,0,1,1,0,0,0,0,1,0,0,1
KL0536,1,0,0,1,0,1,1,1,0,1,0,0,2,1,1,1,0,0,1,0,2,2,1,0,0,0,1,1,0,0,1,0,1,0,0,0,0,0,1,1,0,0,0,0,2,2,1,0,1,0,1,1,0,0,0,1,0,0,1,0,0,0,0,0,0,0,1,1,0,1,1,0,0,0,2,2,0,1,0,1,0,1,2,0,0,0,2,1,0,0,1,1,0,0,0,0,1,1,0,1,1,1,1,0,0,0,0,0,1,2,0,0,0,1,0,1,1,0,0,1,0,0,0,0,0,2,1,0,1,1,2,1,1,0,0,1,2,2,0,0,0,1,0,0,0,2,0,2,1,0,0,0,0,0,0,1,1,0,0,1,1,1,0,1,0,1,0,0,0,0,0,1,0,0,1,0,0,0,0,0,1,1,1,0,1,0,1,0,0,0,0,0,0,1,0,1,1,0,0,0
KL0537,1,0,0,0,0,2,2,1,0,0,1,1,0,1,1,1,0,1,1,0,1,1,1,0,0,0,2,0,1,0,2,0,2,0,0,0,0,0,1,0,0,0,0,1,0,2,0,0,1,1,0,1,0,0,0,0,0,0,0,1,1,1,0,1,0,0,1,1,1,0,2,0,0,0,0,1,0,2,0,1,1,0,2,0,0,2,1,0,1,0,1,0,0,1,0,0,0,0,0,0,0,1,1,1,0,0,0,0,0,2,0,1,0,0,0,0,1,0,1,0,0,0,2,1,0,0,1,0,0,1,0,0,1,1,0,1,1,0,0,0,0,2,1,0,0,2,2,0,0,0,0,0,1,1,0,1,0,0,0,1,0,0,1,0,0,1,0,1,0,0,0,1,0,1,1,1,1,0,0,1,0,0,2,1,1,1,1,1,0,0,0,1,1,0,0,1,1,1,1,1
KL0538,2,0,0,1,0,1,1,1,0,0,1,0,1,0,0,0,0,0,1,0,0,2,0,1,0,0,2,2,0,1,1,0,1,0,1,0,1,0,1,0,0,1,0,0,0,0,1,0,0,2,0,0,2,1,0,0,0,0,0,0,0,0,0,0,0,1,1,2,0,1,0,0,0,0,0,1,1,1,1,0,0,0,0,0,0,0,1,1,0,1,0,1,2,2,0,0,0,0,1,1,1,0,1,0,0,1,0,0,0,1,1,1,0,2,1,1,0,1,0,1,0,0,0,1,0,1,0,2,2,1,2,1,0,0,0,2,1,0,0,0,0,0,1,0,0,1,1,1,1,1,1,1,0,0,0,0,1,0,0,0,0,0,0,1,2,0,0,0,0,0,0,0,1,0,0,1,0,0,0,0,0,0,2,2,0,0,1,1,0,0,1,1,0,2,0,0,2,1,0,0
KL0539,0,2,1,1,0,1,1,1,0,0,1,1,1,1,0,0,0,0,1,0,0,1,0,1,0,0,2,1,0,0,2,0,0,0,1,0,1,0,1,0,0,1,0,0,0,2,0,0,2,0,0,1,0,0,0,0,0,0,0,0,1,1,0,1,0,1,0,1,1,0,1,0,2,0,1,0,1,2,2,0,0,0,0,1,0,1,1,1,1,0,0,1,0,1,0,1,0,0,1,0,0,0,1,0,1,0,0,0,0,0,1,0,0,0,1,0,0,1,0,1,0,0,0,0,0,2,1,1,1,1,1,0,2,0,1,2,1,0,0,0,0,1,0,0,1,1,0,1,0,0,1,2,0,0,1,1,0,0,1,2,0,0,0,0,0,1,0,1,1,0,0,0,0,0,0,0,0,1,0,0,1,0,0,1,0,1,0,1,0,0,2,2,0,1,0,1,1,0,1,1
KL0540,1,1,0,0,0,1,2,0,0,0,1,0,0,0,0,0,1,1,1,0,0,1,1,2,0,0,2,0,0,0,1,0,0,0,0,0,0,0,0,0,0,0,1,0,0,1,0,0,1,1,0,0,1,0,0,1,1,1,1,0,0,0,1,1,1,0,0,0,1,1,1,0,1,0,0,1,1,0,2,1,0,0,0,0,0,1,0,1,0,0,1,0,1,2,0,0,0,0,0,0,2,1,0,1,1,0,0,0,0,2,0,1,0,1,0,1,2,0,0,0,0,1,1,0,0,0,1,2,0,0,0,0,1,0,0,0,0,0,1,0,0,0,0,2,1,2,2,0,1,1,2,2,0,1,1,0,1,0,0,0,1,0,1,1,1,0,0,0,0,0,0,1,0,1,1,2,0,1,0,0,0,0,2,0,2,1,1,2,0,1,1,0,0,0,0,1,1,0,0,0
KL0541,1,0,0,1,1,1,1,0,0,2,0,0,2,0,0,1,1,0,1,0,0,0,0,1,0,0,1,1,1,0,0,0,1,1,0,0,0,1,1,0,1,1,0,2,1,0,0,0,0,1,1,0,1,1,1,0,1,1,0,1,0,0,0,0,1,0,1,0,0,1,0,0,0,0,0,1,0,1,1,0,0,1,1,0,0,1,0,1,0,0,0,0,0,1,1,0,0,0,0,1,2,1,0,1,1,1,0,0,1,1,0,0,1,0,1,1,1,0,0,1,0,0,1,0,0,0,0,1,0,1,1,0,0,1,0,1,1,1,0,0,0,1,0,2,1,1,0,0,1,1,0,0,0,1,1,0,2,1,0,0,0,1,0,1,0,1,0,1,0,0,1,1,0,2,2,0,0,1,0,0,0,0,0,1,0,0,0,0,0,0,0,0,0,1,0,1,2,0,1,0
KL0542,1,0,0,0,0,1,2,1,0,1,1,1,0,0,0,1,0,1,2,0,0,1,0,2,0,0,1,0,1,0,2,0,0,0,0,0,0,1,1,0,0,0,0,0,1,0,0,1,1,2,0,1,0,0,1,1,0,0,1,1,0,0,1,0,0,1,0,1,1,0,1,0,1,0,0,0,0,1,1,0,0,0,0,0,0,1,0,0,1,0,1,1,2,0,0,0,0,1,0,0,1,2,0,2,1,2,2,1,0,1,1,2,1,1,2,0,2,0,0,1,1,1,1,0,0,1,0,1,0,0,0,1,1,0,0,0,1,0,0,0,0,2,0,1,1,1,1,0,2,1,1,1,0,0,0,0,1,0,1,1,0,0,0,0,0,1,0,1,1,0,1,0,1,0,0,1,0,0,0,0,1,0,1,1,0,0,0,0,1,0,0,0,0,1,0,0,0,1,1,1
KL0543,0,0,0,1,1,1,0,1,0,0,0,0,0,0,0,0,0,0,0,0,1,0,0,1,0,0,0,0,0,0,0,1,1,0,0,0,0,0,1,0,0,0,0,1,1,2,0,0,1,1,1,0,2,1,0,0,0,0,0,0,0,0,0,0,1,1,1,0,2,2,0,0,0,0,0,1,0,1,2,0,0,0,2,0,0,0,1,1,2,0,0,2,0,1,0,0,0,1,0,0,1,1,1,1,1,1,0,0,0,1,1,0,0,0,2,0,1,1,1,0,0,0,2,0,0,1,1,0,1,0,1,0,2,0,1,2,1,1,0,0,0,0,0,1,0,0,1,0,0,0,1,0,0,1,0,2,1,0,0,0,0,0,0,1,2,0,0,1,1,0,0,0,0,0,2,2,0,1,0,0,1,1,2,0,1,1,0,0,0,1,0,1,0,2,0,0,0,0,1,1
KL0544,0,1,0,1,0,1,1,0,0,0,1,0,0,2,0,0,0,1,1,0,0,0,0,1,0,0,0,0,0,0,1,0,1,0,0,0,1,0,1,1,0,0,0,0,0,0,0,0,1,0,0,0,0,0,0,1,0,0,0,0,1,0,0,0,0,1,0,1,1,1,1,0,0,0,0,1,0,2,0,0,0,0,0,1,1,1,0,1,1,0,1,0,1,0,0,2,0,0,0,0,0,1,0,2,1,0,1,0,1,0,1,1,1,0,1,0,1,1,1,0,0,0,1,0,0,2,0,0,1,1,1,0,1,0,0,1,1,0,0,0,0,2,1,1,1,1,1,1,0,0,1,2,0,1,1,1,0,0,0,1,0,1,1,0,0,1,2,0,0,2,0,1,0,1,0,0,0,0,0,1,1,0,0,0,0,0,1,0,1,0,1,2,1,1,0,2,1,0,2,1
KL0545,1,0,0,2,0,1,0,1,0,1,0,0,0,1,0,0,2,1,1,0,0,1,0,1,1,0,1,0,1,1,1,0,0,0,1,0,0,1,1,0,0,0,0,0,1,1,0,0,0,1,0,1,1,0,0,0,1,0,0,1,0,0,0,2,1,0,0,2,0,1,2,1,0,0,1,0,1,0,1,1,0,0,0,0,1,1,1,1,0,1,1,0,2,0,0,0,1,0,0,0,0,0,2,0,1,1,1,1,0,1,1,1,0,0,0,0,1,0,1,2,0,0,0,0,0,2,1,2,1,2,2,0,0,0,1,1,1,0,1,0,0,1,1,0,1,1,0,0,1,0,1,0,0,1,0,1,1,0,1,1,2,0,0,0,1,0,1,1,0,0,1,1,0,0,1,1,0,0,0,0,0,0,2,0,0,1,1,2,0,0,2,1,0,1,0,0,1,1,1,1
KL0546,0,0,0,1,0,1,2,1,0,1,1,2,2,1,0,1,0,0,0,0,0,0,1,1,1,0,1,0,0,0,1,0,0,2,1,0,2,0,1,1,0,1,0,0,1,2,1,0,0,0,1,0,2,0,0,2,0,1,1,1,0,0,0,1,1,0,1,1,0,0,1,0,0,0,0,0,0,0,1,0,0,0,1,0,1,1,0,1,0,0,0,1,1,0,0,0,1,0,1,0,1,1,2,1,2,1,0,1,0,1,0,2,0,0,0,1,1,1,1,0,0,0,0,0,0,2,0,1,2,1,1,0,1,2,1,1,0,0,1,0,0,1,1,0,0,1,1,0,1,1,1,0,1,0,1,1,0,1,0,0,0,1,0,0,1,0,0,0,0,0,1,1,0,1,0,1,0,1,0,0,0,0,2,0,0,0,2,2,0,1,1,0,0,1,0,1,0,0,0,0
KL0547,1,0,0,2,0,0,2,0,0,0,0,2,0,0,0,0,1,1,2,0,1,1,0,1,0,1,2,1,1,0,1,0,0,1,0,0,1,0,0,1,0,1,0,0,1,2,1,0,0,1,0,0,0,0,0,2,0,1,1,1,1,0,1,0,0,0,0,2,0,1,1,0,0,0,1,1,0,2,0,0,0,0,1,0,1,0,1,1,0,0,1,0,1,0,1,1,0,0,0,0,1,0,0,0,2,0,0,1,0,1,0,1,1,1,1,0,1,2,0,2,1,0,1,0,0,0,1,1,1,1,2,0,1,0,0,1,1,0,0,0,0,1,1,1,1,0,1,0,1,0,1,1,0,2,1,0,1,0,0,0,0,1,0,2,1,0,0,1,1,0,1,0,0,0,1,0,0,1,0,0,0,0,0,0,1,2,0,0,0,0,1,0,0,1,0,0,1,0,0,1
KL0548,1,1,0,1,0,1,2,1,0,0,1,1,1,1,0,0,0,0,0,1,0,1,1,0,0,0,2,1,0,1,1,0,0,0,1,0,0,0,1,0,1,0,0,0,1,0,1,1,1,1,1,1,0,0,0,1,0,0,1,0,0,0,0,0,1,0,0,1,1,0,0,0,0,0,0,0,1,1,2,0,0,0,1,0,1,1,1,1,1,0,0,0,0,0,1,0,0,0,0,0,0,0,1,0,1,0,1,0,0,1,0,0,0,1,1,1,1,0,1,1,1,0,0,0,0,0,1,0,1,0,0,0,2,0,0,2,1,1,0,0,1,1,0,0,1,0,0,0,1,1,0,0,1,0,0,1,0,0,0,0,0,0,0,0,0,0,0,0,0,1,1,0,0,1,0,1,0,0,1,0,1,0,1,0,1,1,0,0,1,1,1,2,0,1,0,0,0,1,2,0
KL0549,1,1,0,2,1,0,0,1,0,1,1,1,0,0,0,1,1,1,1,0,1,0,1,0,0,0,2,2,1,0,2,0,1,0,0,0,0,1,1,1,1,1,0,2,0,0,0,0,2,0,1,2,2,1,1,2,0,0,0,0,1,1,1,0,1,0,1,1,0,1,0,0,0,1,1,0,1,0,2,0,0,0,0,0,0,2,0,2,1,0,0,1,0,2,0,1,0,0,0,0,1,0,1,2,1,0,0,1,1,1,0,1,0,1,1,0,0,0,0,0,0,0,0,0,0,0,0,2,1,0,2,0,2,0,0,0,0,0,0,0,0,2,0,0,1,0,2,1,1,1,0,0,0,0,0,0,0,1,1,2,0,0,0,0,0,1,0,1,0,0,1,1,0,0,2,0,0,0,0,1,0,1,2,0,0,1,1,1,0,1,1,0,0,0,0,0,0,0,0,0
KL0550,1,0,0,2,0,1,1,2,0,1,0,2,0,1,0,1,1,1,1,0,0,1,1,1,0,0,0,0,1,0,2,0,0,0,0,0,2,1,2,0,0,0,0,0,0,1,1,0,0,1,1,2,2,0,1,1,0,0,0,0,0,0,0,0,0,0,2,1,0,2,1,0,0,0,0,0,1,1,1,0,0,0,0,0,0,0,0,0,0,0,0,1,0,2,0,0,0,0,1,0,1,0,1,1,1,1,0,1,0,2,0,0,0,2,0,0,2,1,0,2,0,1,0,0,0,1,0,1,1,1,1,0,2,0,0,1,0,0,0,1,0,1,1,1,0,0,0,0,1,0,0,0,0,1,0,0,0,0,0,1,0,0,1,1,0,1,1,2,1,0,0,1,0,0,0,0,0,0,0,0,0,0,1,0,1,0,2,0,0,0,1,1,0,1,0,1,0,0,0,1
KL0551,1,0,0,1,0,1,0,1,0,0,2,1,2,0,0,0,1,2,2,0,0,0,1,0,0,0,0,0,0,0,1,0,1,0,0,0,0,0,1,0,0,0,0,0,0,2,0,0,1,1,0,1,0,1,0,1,0,0,0,0,1,1,0,0,0,0,1,1,0,2,0,0,1,1,1,0,0,1,1,1,0,0,0,0,1,1,1,2,0,0,0,0,0,2,0,0,0,0,0,0,2,0,1,0,1,0,0,0,1,0,1,1,0,1,1,1,1,1,0,2,1,0,1,0,0,0,1,1,0,0,0,2,1,0,0,1,2,1,0,1,1,1,0,1,0,1,1,1,2,2,0,2,0,0,1,0,1,0,0,0,0,0,1,1,0,0,1,1,0,1,0,1,0,0,2,0,0,1,0,0,0,1,1,2,0,2,2,1,0,1,0,1,0,0,0,0,0,1,1,0
KL0552,2,0,0,2,1,1,2,1,0,1,0,0,0,1,0,0,1,0,1,0,0,0,0,0,0,0,1,0,0,0,0,1,1,0,0,0,1,1,1,0,0,2,0,1,1,0,0,0,1,1,2,0,1,0,0,1,0,0,0,1,1,0,1,1,1,0,1,1,1,2,1,0,0,0,0,1,0,0,1,1,0,0,1,0,1,1,1,1,0,0,1,0,0,1,0,0,0,0,2,0,1,0,0,0,1,1,0,0,1,1,0,1,0,0,1,0,0,0,1,2,0,0,0,0,0,1,0,0,0,1,2,1,0,0,1,1,1,0,0,0,1,0,0,1,0,1,0,0,0,0,2,1,0,0,1,0,0,1,1,0,1,1,0,0,2,0,0,1,0,0,0,1,1,0,1,1,0,0,0,0,0,1,1,0,0,0,0,0,0,0,0,1,0,1,1,0,0,2,1,0
KL0553,0,0,0,0,0,2,1,0,0,1,2,1,1,0,0,0,0,0,1,0,0,0,1,0,1,0,0,0,1,0,1,0,2,0,0,0,1,0,0,0,0,0,0,0,0,1,1,0,0,1,0,1,0,1,0,1,0,0,0,0,0,0,0,0,0,0,1,1,0,0,2,0,0,1,0,0,0,0,2,0,1,0,0,0,0,1,0,1,0,1,2,0,1,0,1,1,1,0,0,0,0,1,0,1,1,0,1,0,0,1,0,1,0,0,0,2,1,0,0,2,0,0,0,0,0,1,1,0,1,0,0,0,1,1,0,1,1,0,0,0,0,1,0,2,1,1,1,1,2,0,0,1,0,0,0,0,0,0,1,0,0,1,1,0,2,0,0,1,0,1,1,1,0,1,1,1,0,1,0,0,0,0,1,1,1,1,0,1,0,0,0,2,0,1,0,0,0,0,0,1
KL0554,0,0,0,2,0,0,1,0,0,1,0,0,0,1,0,0,0,1,0,1,0,0,0,1,0,0,2,0,0,0,1,0,0,0,0,1,1,1,1,1,1,2,0,1,0,0,1,0,1,1,0,1,1,1,0,1,1,0,2,0,0,0,0,2,0,0,2,0,0,1,2,0,0,0,0,2,1,1,1,1,0,0,1,0,0,0,0,2,0,0,0,0,2,0,0,1,0,0,0,0,1,1,1,0,2,0,2,1,0,0,0,0,0,0,0,2,0,1,0,0,0,0,2,0,0,2,1,1,0,0,0,0,0,0,0,0,0,0,0,0,0,1,0,0,1,0,0,1,2,1,0,0,0,1,0,0,0,0,0,1,0,0,2,0,1,1,0,1,1,0,0,0,0,0,2,1,1,0,0,0,0,0,1,2,1,0,0,2,0,0,2,2,0,2,0,0,0,2,0,1
KL0555,1,0,0,2,0,0,1,1,1,0,0,0,1,1,0,1,0,2,2,0,0,0,1,1,0,0,2,0,1,0,1,1,0,1,1,0,0,0,2,0,0,1,0,1,1,1,0,0,1,2,0,1,1,0,2,2,0,0,1,1,0,1,0,1,0,1,0,2,0,2,1,0,0,0,0,0,0,1,1,0,0,0,1,1,0,1,0,1,0,0,1,0,1,2,0,0,0,0,0,0,1,1,0,0,1,1,0,0,0,2,1,1,0,1,2,0,1,0,1,2,0,0,1,0,0,0,0,1,2,1,1,1,1,0,0,0,0,0,0,1,0,0,0,0,0,1,0,1,0,0,2,0,1,0,2,1,1,1,0,1,1,0,0,0,1,0,0,0,0,1,1,0,0,0,0,1,0,1,1,0,0,0,1,0,0,0,0,0,0,0,0,0,0,2,0,0,0,1,0,1
KL0556,1,0,0,0,1,2,1,0,0,0,0,0,0,1,0,1,0,0,2,1,0,1,0,1,0,0,2,0,0,0,1,0,1,0,1,0,1,0,0,1,0,0,0,1,0,1,0,0,1,2,0,0,0,0,0,1,1,0,0,0,0,1,0,1,0,0,0,1,0,2,1,1,0,0,1,1,0,1,2,0,0,0,1,1,1,1,0,0,0,0,1,0,0,1,1,0,0,0,0,0,1,0,0,1,2,1,0,0,0,2,1,2,0,1,1,0,2,0,1,1,0,0,0,1,1,0,0,0,1,0,2,1,1,0,0,1,0,0,0,0,0,0,0,0,0,1,0,1,2,0,1,1,0,2,0,0,1,0,0,0,0,1,1,1,1,1,0,0,0,0,1,0,0,0,1,1,0,0,0,0,1,0,0,1,1,0,0,1,1,0,1,0,0,2,0,0,0,0,1,0
KL0557,0,0,0,2,0,0,1,2,0,0,1,1,0,0,0,0,0,0,1,1,2,0,0,0,0,0,2,0,0,1,1,0,0,0,0,0,0,0,1,0,0,0,0,0,2,1,0,0,0,1,0,1,0,1,0,1,0,0,1,0,0,1,0,0,1,0,0,2,1,1,2,0,1,0,0,1,0,1,1,0,0,1,0,0,0,1,0,1,1,0,1,0,1,1,0,0,1,0,2,0,1,0,1,0,1,2,0,0,0,0,0,0,0,2,2,1,1,1,0,1,0,1,0,0,0,0,1,1,1,1,1,0,1,0,0,2,1,0,0,1,0,2,0,0,0,1,0,0,1,1,0,0,0,0,0,1,0,0,0,0,0,0,0,0,2,1,0,1,0,0,0,2,1,1,1,2,0,0,0,0,1,0,2,1,1,1,0,1,0,0,0,0,0,0,1,0,1,0,1,2
KL0558,0,0,0,0,0,1,0,0,0,0,0,1,1,1,0,0,0,1,1,0,0,1,0,0,0,0,2,0,1,0,1,0,1,0,0,1,0,0,0,0,1,1,0,1,1,0,1,0,0,1,0,1,0,1,0,0,1,0,1,0,0,1,0,0,0,1,1,0,1,0,0,0,0,1,0,0,0,1,1,1,0,0,0,1,0,1,0,1,1,0,1,0,1,1,0,1,0,0,0,0,0,0,1,0,1,1,0,0,0,2,1,1,0,0,1,1,1,0,0,1,0,0,0,0,0,1,1,1,0,1,1,0,2,1,0,1,0,1,0,0,0,1,1,0,0,1,1,1,1,1,0,1,0,0,0,1,1,0,1,1,0,0,0,1,0,0,0,1,0,0,0,1,0,1,1,1,0,0,0,0,1,0,1,0,0,1,0,1,0,0,0,1,1,0,0,0,1,0,1,0
KL0559,2,0,0,1,0,1,1,0,0,0,1,0,0,1,0,1,0,0,2,0,0,1,0,1,0,0,0,0,0,0,0,0,1,0,0,0,2,0,2,0,0,1,0,1,0,1,0,0,0,1,0,0,0,0,0,2,1,0,1,1,1,0,1,0,0,0,0,0,1,0,2,0,0,0,0,0,0,1,1,2,0,0,0,0,1,0,0,1,0,0,1,0,2,1,0,1,0,1,0,0,1,1,1,2,0,1,1,1,0,2,1,1,1,1,2,0,0,1,0,1,0,1,0,0,0,0,1,0,0,0,2,0,0,0,0,2,0,0,0,2,0,1,0,0,0,2,1,1,1,1,1,2,0,0,1,1,0,1,0,1,0,2,0,2,0,0,0,1,0,1,0,0,0,1,0,1,0,0,0,0,0,0,0,1,0,1,0,2,0,0,1,1,0,1,0,0,1,0,2,1
KL0560,0,0,0,2,0,1,1,1,1,0,0,0,1,1,0,0,0,0,1,1,1,2,0,1,0,0,2,0,0,1,1,0,1,1,0,0,2,1,1,1,0,1,0,1,1,1,0,2,1,0,0,1,1,0,0,2,0,1,1,0,0,1,0,2,0,1,1,1,0,1,2,0,0,0,0,1,0,1,2,0,0,0,0,0,1,1,1,1,0,0,1,0,0,1,0,1,0,0,0,1,0,0,0,0,1,1,1,0,0,1,0,1,0,1,1,1,1,1,0,1,0,0,0,0,0,1,0,1,1,0,0,0,1,0,0,2,1,0,0,0,0,0,1,1,2,1,1,1,0,0,0,0,0,1,1,0,0,0,0,0,0,0,0,0,0,1,0,0,0,1,0,0,0,1,1,1,0,0,0,0,1,0,1,0,0,2,2,1,0,0,1,0,0,2,0,0,1,1,0,1
KL0561,0,1,0,2,0,0,0,2,0,0,1,1,1,1,0,0,1,0,0,0,0,1,0,1,0,0,2,0,0,1,2,0,1,0,0,0,2,0,0,0,1,0,0,0,0,0,0,0,2,2,1,0,0,0,0,1,0,0,1,0,0,0,0,1,0,1,1,0,0,0,2,0,1,0,1,1,0,1,0,0,0,0,2,0,0,1,0,1,0,0,2,0,1,1,0,0,1,0,0,0,1,0,1,1,1,1,0,0,0,0,1,0,0,2,0,0,1,1,1,1,0,1,0,0,0,1,0,2,0,1,0,1,2,1,0,1,1,0,0,1,0,0,0,0,0,1,1,0,1,1,1,0,0,2,0,0,1,0,0,1,0,1,0,0,1,2,0,1,0,0,0,0,0,0,0,1,0,1,0,0,1,0,2,0,0,0,1,1,0,1,0,0,0,1,0,1,0,1,0,0
KL0562,0,1,0,1,1,2,1,1,0,1,1,0,0,0,0,0,0,1,0,0,0,1,0,0,0,0,1,1,0,0,2,0,1,0,0,0,0,1,2,0,0,2,1,0,1,1,0,0,0,0,1,0,0,0,0,1,0,0,2,0,0,0,0,0,0,1,1,1,0,0,2,0,0,0,1,0,1,1,1,1,0,1,0,0,0,0,0,1,0,0,0,0,0,0,0,0,0,1,0,1,1,0,1,1,2,0,2,2,0,0,0,0,0,0,2,0,1,2,0,1,0,0,1,1,0,0,0,2,0,0,1,0,1,0,0,2,0,1,0,0,0,1,0,2,2,1,0,0,0,0,0,0,0,0,0,1,1,0,0,1,1,0,0,0,1,0,0,1,0,0,0,0,1,1,1,1,0,0,0,0,1,0,0,1,0,0,0,1,0,0,0,1,0,0,1,0,1,1,0,0
KL0563,0,1,0,0,1,0,2,0,1,1,0,2,1,0,0,0,0,0,1,0,0,2,0,1,0,1,1,0,0,0,2,1,1,0,1,1,0,0,1,0,0,1,1,1,1,0,0,0,1,2,0,0,0,0,0,1,0,0,1,0,0,0,0,0,0,0,1,0,0,0,0,0,2,1,0,1,1,1,1,0,1,0,0,0,0,2,0,0,0,1,1,1,0,1,1,0,0,1,0,0,2,0,0,1,0,1,0,0,0,2,0,1,0,0,0,0,0,0,1,0,0,0,0,0,0,1,0,0,0,0,1,0,1,0,0,2,0,0,0,0,0,1,0,0,0,1,1,0,2,0,1,0,0,0,1,2,0,0,0,0,0,0,2,0,1,0,0,2,1,0,1,1,0,0,0,2,0,0,0,0,0,0,1,0,1,1,0,1,1,1,0,0,0,1,2,0,0,1,0,2
KL0564,1,0,0,1,0,1,1,1,0,1,0,0,2,1,0,1,0,2,1,1,0,1,0,1,0,0,1,0,2,0,1,1,1,0,0,0,2,0,1,0,0,0,1,1,0,1,0,0,1,0,0,1,1,1,0,0,0,0,2,0,0,0,0,1,0,0,0,1,0,1,1,0,1,1,0,0,0,0,1,1,0,0,1,0,0,1,0,0,0,0,0,0,1,1,0,0,0,0,0,0,1,0,1,1,2,1,1,0,0,2,0,1,0,1,0,2,0,1,1,1,0,1,1,0,0,1,0,2,1,1,2,0,1,0,1,1,0,1,0,0,1,1,0,0,0,0,2,1,1,2,1,1,0,1,0,1,2,1,0,1,0,1,0,1,0,0,0,0,0,0,0,1,0,1,1,0,0,1,0,0,0,0,0,0,0,2,1,1,0,2,1,2,0,1,0,0,0,0,0,1
KL0565,1,0,0,1,1,0,1,2,0,0,0,2,1,0,0,1,1,0,2,0,0,0,0,1,0,0,1,0,1,0,2,0,1,0,0,0,1,0,2,0,0,0,1,0,1,1,1,0,2,1,1,1,0,0,0,0,0,0,0,0,1,1,2,0,1,1,2,0,0,2,1,0,0,0,0,1,0,0,1,1,0,0,1,0,0,0,0,1,0,0,0,1,1,2,1,0,1,0,0,0,0,1,0,2,1,0,1,0,0,2,0,0,0,1,0,1,0,2,1,0,0,0,1,1,0,1,1,2,2,0,1,1,2,0,0,2,1,1,0,1,0,0,0,1,2,1,0,0,1,1,0,0,0,0,0,1,1,0,1,0,0,0,0,1,0,0,0,1,0,2,1,2,1,0,0,2,0,0,0,0,0,0,2,0,0,1,1,1,0,0,0,0,1,1,1,0,0,0,2,1
KL0566,0,0,0,0,0,0,1,1,0,0,0,1,1,1,0,0,0,0,0,0,0,0,0,1,1,0,2,0,1,0,0,1,0,0,0,0,2,0,1,0,0,1,0,1,1,2,0,0,2,2,0,1,0,0,0,1,0,0,1,0,1,0,0,0,0,1,1,0,1,1,1,0,0,0,1,1,0,1,0,0,0,1,0,1,0,0,0,0,1,0,2,0,1,1,0,0,0,0,0,0,1,0,1,0,2,1,0,0,0,2,0,1,0,2,1,1,0,1,1,0,0,0,1,0,0,1,1,2,1,1,2,0,0,0,1,2,0,0,0,2,0,0,0,0,0,2,0,1,0,1,1,1,0,0,0,0,2,0,0,0,0,0,0,1,2,0,0,1,0,1,1,1,0,0,0,0,0,1,0,0,0,0,1,1,0,0,1,1,1,0,0,0,0,2,0,0,0,1,0,0
KL0567,0,0,0,2,0,0,1,0,0,0,1,0,1,0,0,1,1,1,1,0,0,0,1,2,0,0,2,0,0,0,0,0,0,0,1,0,0,1,1,0,1,0,0,1,0,2,0,0,1,0,1,1,1,0,0,1,0,0,1,1,1,0,0,0,0,0,0,1,1,0,2,0,1,0,0,1,0,1,1,1,0,0,1,0,1,2,1,1,1,0,0,0,1,2,0,0,0,0,0,0,0,1,1,0,2,2,0,0,0,1,0,2,1,1,1,0,2,0,0,1,0,0,2,0,0,1,1,1,0,0,0,2,2,0,1,1,1,1,0,0,0,0,1,1,0,0,1,0,0,1,0,2,0,0,1,0,2,1,0,0,0,0,1,0,0,0,0,2,1,0,1,1,0,0,2,1,0,0,1,0,0,0,2,0,0,0,1,0,1,1,1,0,0,1,0,0,0,1,0,0
KL0568,1,1,0,1,1,0,1,0,0,1,0,2,1,1,0,0,0,1,1,0,0,0,0,1,0,0,0,0,0,0,1,1,1,0,0,0,2,1,2,1,0,1,0,0,0,1,1,0,1,0,0,2,0,0,0,1,1,0,1,0,1,0,0,1,2,0,1,2,0,0,1,0,0,0,0,0,1,2,1,1,0,0,0,0,1,0,0,1,1,0,0,0,0,0,2,2,1,0,0,0,0,1,0,0,0,1,2,1,1,1,0,1,0,0,1,1,1,2,0,1,0,0,2,1,1,1,1,2,1,0,2,1,1,1,0,1,1,1,0,0,0,2,0,1,2,1,0,1,1,1,1,0,0,0,0,0,1,0,0,0,1,1,1,0,0,0,0,2,1,0,1,2,1,1,0,1,0,0,1,1,1,0,1,0,0,0,0,0,0,0,0,0,0,1,0,2,0,1,2,1
KL0569,1,0,0,0,0,1,0,1,0,0,1,2,1,0,0,0,2,1,2,0,0,0,0,0,0,0,1,1,1,1,1,0,1,0,1,0,1,0,0,1,0,1,0,0,0,0,0,0,0,2,1,0,1,0,1,0,0,0,1,0,0,0,0,0,1,0,1,1,1,1,1,0,0,0,1,0,1,1,0,1,0,1,0,0,0,0,0,1,1,0,0,0,0,1,1,0,2,0,0,0,2,0,0,1,0,1,1,0,0,0,0,1,0,2,1,1,1,1,0,1,1,0,0,1,0,1,0,2,1,0,1,1,1,0,1,2,0,0,0,0,0,1,0,0,0,1,0,0,2,0,2,0,1,0,1,1,1,0,0,0,0,0,1,0,2,2,0,0,1,1,1,1,0,1,1,2,0,0,0,0,0,0,0,0,0,2,0,1,0,1,1,1,0,1,0,0,0,0,0,2
KL0570,0,1,0,0,0,1,1,0,0,0,0,0,0,0,1,1,1,0,0,0,0,1,0,0,0,0,2,0,2,1,0,0,1,1,0,0,0,0,1,0,1,1,0,0,0,1,0,0,0,2,0,1,0,1,1,1,2,0,1,1,1,0,0,0,0,0,0,2,0,0,0,1,0,0,0,0,0,1,1,1,0,0,0,0,0,0,0,1,0,0,2,1,0,1,0,1,1,0,1,0,2,0,1,0,2,0,0,1,0,1,1,0,0,0,0,1,1,1,1,1,0,0,0,1,0,0,0,0,0,2,2,1,0,0,1,0,0,0,1,0,0,1,0,0,0,2,0,1,1,0,1,0,0,1,0,2,2,1,1,0,0,1,0,0,1,1,2,1,1,0,0,0,0,1,1,0,0,1,1,1,0,1,1,0,0,0,1,1,2,0,1,2,0,1,0,0,1,0,2,0
KL0571,0,0,0,2,1,0,1,2,0,0,0,0,1,0,1,1,1,0,2,1,0,0,1,0,0,0,1,0,0,0,0,0,0,0,0,0,1,0,1,1,0,0,0,0,0,0,1,0,1,1,0,1,1,0,0,0,1,0,0,0,0,2,0,0,1,1,1,1,0,1,1,0,1,0,0,1,1,1,1,1,0,1,1,0,0,1,1,2,0,0,0,0,2,2,0,2,1,1,0,0,1,0,1,0,1,1,1,0,0,1,0,0,0,0,0,0,0,1,1,1,0,0,0,0,0,1,1,2,0,1,2,1,0,0,0,1,1,0,0,1,0,0,0,1,0,0,0,1,1,1,0,0,1,1,0,1,0,0,0,0,0,2,0,0,2,0,0,1,0,0,1,1,0,1,0,0,0,0,0,0,0,0,2,1,0,0,1,0,0,0,0,1,0,0,0,0,0,0,1,0
KL0572,1,0,0,2,0,1,0,0,0,0,0,1,1,0,0,0,0,2,1,0,0,1,1,1,0,0,1,0,1,0,2,1,1,0,0,0,1,0,1,0,0,1,0,1,0,1,0,1,2,1,0,0,0,0,0,2,0,0,1,1,0,0,1,0,1,0,2,1,0,1,1,0,1,0,0,0,0,0,0,2,0,0,0,1,0,1,0,1,0,0,0,1,0,0,0,0,0,1,0,0,1,0,0,0,1,2,2,0,0,1,0,2,0,1,0,0,0,0,0,0,0,0,0,0,0,2,0,1,1,0,1,0,1,0,0,0,1,0,0,0,0,0,0,0,1,2,1,2,1,0,0,0,0,1,0,1,1,0,0,0,0,0,0,0,1,0,0,2,0,1,0,1,0,0,0,0,0,1,0,0,0,0,2,0,1,1,0,0,0,0,1,0,0,0,0,0,1,1,1,0
KL0573,1,0,0,1,1,1,2,0,0,0,1,1,1,1,0,0,0,0,2,0,0,1,1,1,0,1,1,0,0,1,0,0,1,0,1,0,1,0,1,1,0,0,1,1,0,1,0,0,1,1,1,1,1,1,1,1,1,0,1,0,0,1,0,0,1,0,1,1,0,1,0,0,0,0,1,0,0,0,0,1,0,0,0,0,1,0,0,1,1,0,1,0,0,2,0,0,0,0,0,1,1,0,2,0,2,1,0,0,0,0,0,0,0,0,0,2,0,0,0,1,0,0,0,0,0,1,1,1,1,0,1,2,0,0,0,2,2,1,0,0,0,0,0,1,0,0,0,1,2,0,0,1,0,0,1,2,1,0,0,2,0,0,0,0,0,1,0,2,0,0,0,1,0,0,2,0,0,0,0,0,1,0,0,0,1,1,1,0,0,0,1,1,0,1,0,0,1,1,0,1
KL0574,0,0,0,1,0,1,0,1,0,0,1,0,2,0,1,1,0,0,2,0,1,0,1,0,0,0,1,2,1,1,1,0,2,0,1,0,0,0,2,0,0,1,0,0,1,2,0,0,1,0,0,1,0,0,0,1,1,0,1,0,0,1,0,0,1,1,2,1,0,1,1,0,0,0,0,0,0,2,1,0,0,0,0,1,0,0,1,0,1,0,1,1,0,2,0,1,0,1,0,0,0,1,1,1,2,2,1,0,0,1,0,0,0,0,0,0,1,0,2,0,0,0,1,0,0,1,0,1,1,0,2,0,0,0,0,1,2,1,0,0,0,1,2,0,0,1,1,0,0,0,0,0,0,0,2,1,0,0,0,0,1,0,0,1,0,0,0,0,1,0,0,0,0,1,1,1,0,1,0,0,0,0,0,1,0,1,1,1,0,0,1,0,0,2,0,1,1,0,0,0
KL0575,0,0,0,1,1,0,1,1,0,0,0,0,0,0,0,2,0,1,1,0,1,1,0,1,0,0,0,0,1,0,1,0,2,0,0,1,2,1,1,0,0,0,0,2,0,1,1,1,1,1,1,1,0,0,0,0,0,0,1,1,0,0,0,0,0,0,2,0,0,0,1,0,0,1,1,1,1,1,0,0,0,0,0,0,0,1,0,0,1,0,2,0,1,1,0,0,0,0,0,0,1,0,0,0,2,2,0,1,0,0,1,1,0,1,1,1,0,2,0,0,0,0,0,0,0,0,0,2,1,2,1,0,1,1,0,0,2,1,0,0,0,1,0,0,1,0,1,0,1,1,0,0,0,1,1,0,1,0,0,1,1,1,1,0,1,0,1,1,1,0,1,0,0,0,1,0,0,1,0,0,0,0,1,0,0,1,0,1,0,0,2,0,0,0,0,0,0,0,0,0
KL0576,1,0,1,0,0,1,1,1,0,0,0,0,0,1,0,0,1,0,0,0,1,1,0,0,0,0,1,0,1,0,1,0,1,0,0,0,1,1,1,0,0,1,0,1,0,0,0,0,2,0,1,0,0,0,0,0,0,0,0,0,1,1,0,0,1,0,1,0,0,2,1,0,1,0,0,1,0,0,1,0,0,1,0,0,0,1,0,1,0,0,1,0,0,1,0,1,0,0,1,0,1,1,1,0,1,2,1,0,0,1,0,0,1,0,1,1,0,0,0,0,1,0,1,0,1,2,2,2,1,0,0,0,1,0,0,0,1,0,0,0,0,1,1,1,2,2,0,1,1,1,0,0,0,0,1,1,1,0,1,1,0,1,1,1,0,2,1,1,1,1,0,2,0,0,0,2,0,0,1,1,0,0,1,0,0,0,1,0,1,1,2,2,0,0,0,0,0,1,1,1
KL0577,0,0,0,2,0,2,1,2,0,0,1,1,0,0,0,1,0,1,1,0,0,0,0,0,0,0,1,0,0,0,1,0,2,0,1,0,1,0,1,0,0,0,0,0,0,1,1,0,1,0,2,0,0,0,0,1,0,0,2,1,2,1,0,1,0,1,1,0,2,1,0,0,0,0,1,1,0,1,1,0,0,0,0,0,0,0,0,2,2,0,0,1,1,1,0,1,0,0,0,0,2,0,0,1,0,1,1,1,0,2,1,1,0,1,0,1,0,0,0,0,0,0,1,0,0,0,1,0,0,1,0,0,1,0,0,1,0,1,0,2,0,1,0,1,0,2,0,0,1,1,1,1,1,0,1,0,1,0,0,0,2,1,0,1,1,0,0,1,0,0,0,1,0,0,1,0,0,1,0,0,0,0,0,0,0,1,1,1,0,0,0,0,0,1,0,0,0,0,1,0
KL0578,0,0,0,0,0,2,1,1,0,0,2,0,1,1,0,0,0,0,1,0,0,0,0,1,0,0,1,0,0,0,1,0,0,1,0,0,2,0,2,0,0,0,0,1,0,2,0,0,2,0,1,2,1,0,1,2,0,0,0,0,1,0,0,0,0,0,0,1,1,1,2,0,0,1,0,0,2,1,0,2,0,0,0,0,1,0,0,2,0,0,1,0,0,0,0,1,1,0,0,1,2,0,0,0,2,1,2,0,0,1,0,0,0,0,0,1,0,1,0,1,0,0,1,0,0,1,0,2,1,0,1,0,0,0,0,1,0,0,0,0,0,1,0,0,0,0,0,1,1,0,2,1,0,0,0,2,0,0,1,0,0,0,0,1,0,1,0,0,1,1,1,2,0,1,0,1,0,1,0,0,1,0,1,0,0,0,1,2,0,0,1,0,0,0,0,0,0,0,1,0
KL0579,1,1,0,1,1,0,0,1,0,0,1,1,1,0,0,1,1,1,1,1,0,2,0,1,0,0,0,0,1,0,0,1,2,0,0,0,1,1,1,0,1,0,0,0,1,1,0,0,1,0,0,0,0,0,1,1,0,0,0,1,1,0,0,1,0,1,0,0,0,0,0,1,0,0,0,0,0,0,1,0,0,0,0,0,0,2,1,1,0,0,1,0,2,1,1,0,1,0,0,0,0,0,0,0,1,1,1,0,0,0,0,1,0,2,1,1,2,1,0,2,0,1,0,0,0,1,1,1,1,0,1,1,0,0,0,0,0,0,0,0,1,0,0,0,1,0,0,1,2,1,0,0,0,0,0,0,0,0,0,0,1,0,2,1,0,1,0,0,0,1,1,1,1,0,1,1,0,1,1,1,1,0,2,0,0,1,0,2,0,0,1,0,0,2,0,0,2,1,1,1
KL0580,2,0,0,2,0,1,0,0,0,1,1,1,1,0,0,0,2,1,1,1,0,1,0,0,0,0,1,0,0,0,1,0,2,0,1,0,2,0,1,0,0,0,1,1,1,0,0,0,1,1,0,2,0,0,0,1,0,0,1,0,0,1,0,0,0,1,0,1,0,0,2,0,0,0,0,0,2,2,0,0,0,0,0,0,0,2,0,1,0,0,0,0,0,1,0,0,0,1,1,1,1,1,0,1,0,1,1,0,0,1,0,0,0,0,1,0,1,0,0,2,0,0,0,1,1,1,1,2,1,1,1,1,1,0,0,1,1,0,0,1,0,1,0,0,0,1,0,0,1,0,0,0,1,1,1,0,1,0,1,1,0,0,0,1,1,0,0,0,0,0,1,0,1,1,1,0,0,0,0,0,2,1,2,0,1,0,1,2,0,0,0,0,0,1,0,0,0,0,0,0
KL0581,0,0,0,1,1,2,2,2,0,0,1,0,1,0,0,0,1,0,1,0,1,0,0,0,0,1,1,1,0,0,0,0,0,0,0,1,1,0,1,0,0,1,0,1,1,0,1,0,2,1,0,0,0,1,0,0,0,0,0,0,0,0,0,1,0,0,2,0,1,1,1,0,0,1,0,1,1,2,1,0,0,1,1,0,1,0,1,0,0,0,1,0,1,0,1,0,0,0,0,1,0,0,0,0,1,1,1,1,0,1,2,1,1,1,1,0,1,1,1,0,0,0,1,1,0,2,1,2,0,0,2,2,0,1,0,2,1,0,0,2,0,1,1,0,0,1,0,2,0,0,1,1,0,0,1,0,0,0,0,0,1,0,0,0,1,0,0,0,0,1,2,1,0,1,0,1,1,1,1,0,0,0,1,1,1,1,0,2,0,1,0,0,0,1,0,0,0,1,0,1
KL0582,1,0,1,1,0,1,2,0,0,0,0,0,1,1,0,0,1,1,1,1,0,1,0,0,0,1,0,1,1,0,0,0,1,0,1,0,2,0,1,0,1,0,0,1,0,1,0,0,1,1,0,0,1,0,0,1,0,0,0,0,0,0,0,0,1,0,1,1,0,2,0,0,0,2,0,1,0,2,2,1,0,0,0,0,0,2,0,0,0,0,1,0,2,0,0,0,0,0,0,1,2,0,1,1,1,1,1,2,0,0,0,1,1,0,0,1,0,1,0,2,1,0,1,1,0,1,0,0,1,0,1,2,0,0,0,2,1,0,0,2,0,1,1,0,1,2,1,1,1,0,0,1,1,2,0,0,2,0,0,0,1,1,1,1,0,1,0,0,0,0,1,0,0,0,0,1,1,1,0,0,0,0,1,0,0,0,1,0,0,0,0,1,0,1,0,0,0,1,1,1
KL0583,2,0,0,0,0,1,1,0,1,1,1,1,0,0,0,1,1,1,0,0,1,0,0,1,0,0,1,2,1,0,0,0,1,0,0,0,2,0,1,0,1,1,0,1,0,2,0,0,1,2,1,2,1,0,0,1,0,0,0,1,0,0,0,1,0,0,1,1,0,1,1,0,1,0,0,1,0,1,0,0,0,0,0,0,1,0,0,1,1,0,1,1,1,0,0,0,0,1,0,0,2,0,0,1,1,1,2,0,0,1,0,1,0,0,1,0,0,0,0,0,0,1,0,1,0,0,1,1,0,0,0,1,1,1,0,0,0,0,0,2,0,1,0,0,1,2,2,0,0,2,1,1,0,0,0,1,1,0,0,1,1,1,0,1,1,2,0,1,1,1,1,0,0,1,1,0,0,0,0,1,1,0,1,0,0,1,1,1,1,0,1,0,0,1,0,0,0,0,1,0
KL0584,0,0,0,1,1,0,2,1,0,0,0,1,1,1,0,1,0,1,1,1,0,1,0,0,0,0,1,1,1,0,0,2,0,0,0,0,1,1,2,0,1,1,0,1,1,1,0,0,0,1,1,1,0,0,0,0,1,0,1,1,0,1,0,0,0,0,1,0,0,0,2,1,1,0,1,0,0,1,1,0,0,0,0,1,1,1,0,0,0,1,0,0,0,1,1,2,0,0,0,0,1,0,1,0,1,2,2,0,0,1,0,0,1,0,1,1,0,1,0,1,0,0,1,0,0,0,1,2,1,1,2,0,1,0,0,1,1,1,0,1,1,1,0,1,2,1,0,0,1,0,1,1,0,0,1,1,0,0,0,0,0,0,1,1,1,1,0,1,1,0,0,2,0,0,1,1,0,0,0,0,1,0,1,0,0,1,1,1,1,1,0,0,0,0,0,0,0,1,0,0
KL0585,1,1,0,1,1,1,1,2,1,0,1,1,0,0,0,0,1,1,2,0,1,2,1,0,0,1,0,1,0,0,0,0,1,0,1,1,1,1,2,1,0,1,0,1,0,1,0,0,0,0,0,1,1,0,0,1,1,0,1,1,1,0,0,1,1,0,0,1,0,0,2,0,1,0,0,1,1,1,2,0,1,0,2,0,0,0,1,0,0,1,2,0,1,1,0,0,0,1,0,0,1,0,0,1,0,1,0,1,0,0,0,2,1,2,1,1,2,1,1,1,0,0,1,0,0,1,0,1,0,1,2,0,2,1,0,1,1,0,0,1,0,0,0,0,1,2,2,0,2,0,1,1,0,1,1,0,1,2,0,0,2,0,0,2,1,1,0,1,1,1,1,1,0,1,0,1,0,0,0,0,0,0,1,0,1,1,2,2,1,0,0,1,1,1,0,0,0,0,0,0
KL0586,0,0,0,1,1,2,0,1,1,1,1,1,1,0,0,2,0,2,1,0,2,2,0,1,1,1,1,1,1,0,1,1,0,1,1,0,0,0,1,1,1,1,0,1,1,2,0,0,1,0,0,1,1,1,0,0,0,0,0,0,0,0,0,0,0,0,2,1,1,1,1,0,1,0,0,0,0,1,1,0,1,2,0,0,1,0,1,1,0,0,1,0,1,2,0,0,0,1,0,0,0,1,0,1,0,1,2,1,1,0,0,1,0,0,0,1,0,1,0,1,0,0,0,0,0,1,1,0,1,1,0,0,1,0,0,1,1,0,0,1,0,0,1,0,1,0,0,0,2,1,0,0,0,2,0,1,0,0,1,1,1,0,0,0,0,1,0,2,0,0,0,0,0,0,1,0,0,0,0,0,0,0,0,0,0,1,1,0,0,0,0,1,0,2,0,0,0,2,1,0
KL0587,0,1,0,1,0,2,1,0,1,1,1,0,2,0,0,1,0,1,0,1,1,2,0,0,0,0,0,0,1,0,0,1,0,0,1,0,1,0,2,2,0,0,0,1,0,1,1,0,1,2,0,1,0,1,1,1,0,0,1,0,0,0,0,1,0,2,1,0,0,0,0,1,0,1,0,0,0,1,1,0,0,1,0,1,0,0,1,0,0,0,0,0,1,2,0,0,0,0,0,0,1,0,2,0,1,0,1,0,1,1,0,1,0,0,1,0,2,2,0,1,0,0,1,0,0,2,2,0,1,1,0,1,1,1,0,2,1,0,0,1,0,1,0,0,0,1,0,0,0,1,1,0,2,0,1,2,0,0,0,0,1,0,0,1,1,1,0,0,0,0,0,1,1,0,1,1,0,0,0,0,0,0,0,0,0,0,0,0,0,1,0,0,0,0,0,1,1,1,0,0
KL0588,0,0,0,1,1,2,2,0,0,0,0,0,0,0,0,0,0,1,0,0,0,1,0,2,0,1,2,1,1,0,2,0,0,0,0,1,0,0,0,1,0,0,1,0,1,1,0,0,0,1,0,1,1,0,0,0,0,0,0,1,2,1,0,0,1,0,0,0,0,0,0,0,0,0,1,0,1,1,1,0,0,0,1,0,0,1,0,2,0,1,0,0,0,1,0,0,0,0,0,2,0,1,0,0,2,0,0,0,0,1,0,0,0,1,2,0,1,1,0,1,0,0,2,0,0,0,0,0,1,2,0,1,1,0,0,1,0,0,0,0,0,0,0,0,1,1,1,1,2,1,1,0,0,0,2,2,1,0,0,0,0,1,0,0,0,1,0,1,0,1,0,0,0,1,2,1,1,0,0,1,0,0,0,1,0,1,1,1,0,1,1,1,0,0,0,1,1,2,0,0
KL0589,0,0,0,0,0,1,1,2,0,0,1,0,1,0,0,2,0,0,2,0,0,2,0,0,0,0,0,2,0,0,0,1,1,1,0,0,2,0,1,0,0,0,0,1,0,1,0,0,1,1,0,2,2,0,0,0,1,0,0,0,0,0,0,1,1,0,2,1,0,1,2,1,0,0,1,0,0,1,0,0,0,0,1,0,0,0,2,1,1,0,2,0,0,1,0,0,0,0,0,0,0,1,0,1,2,0,0,0,0,1,0,0,0,0,2,1,1,0,0,1,0,0,0,0,0,2,1,2,1,0,1,0,0,0,0,1,1,0,0,1,0,0,1,1,0,1,1,0,0,0,0,0,1,1,0,1,0,0,0,0,0,0,0,0,1,0,0,0,0,0,0,0,0,1,2,1,0,0,0,0,0,0,2,0,1,0,0,0,1,0,0,0,0,2,0,0,2,0,1,0
KL0590,0,1,0,1,0,0,1,0,0,0,1,0,1,2,0,1,0,0,1,0,0,2,1,1,0,0,1,0,1,0,1,0,0,1,1,0,2,0,0,0,0,0,1,1,0,2,0,0,1,1,0,0,0,1,0,2,0,0,2,0,0,1,0,1,0,2,2,0,0,1,1,1,1,0,0,1,0,0,0,0,1,2,1,1,0,2,0,1,0,0,0,0,0,1,0,0,0,1,0,0,0,0,0,1,0,1,1,1,0,1,1,1,0,2,1,0,1,0,0,0,1,0,1,0,0,0,1,0,0,2,0,1,0,0,1,0,1,1,0,0,0,1,0,0,0,0,1,1,0,1,0,1,2,1,1,0,0,0,1,1,1,0,1,1,0,0,0,0,0,0,1,1,0,0,1,1,0,1,0,1,0,1,0,0,1,1,1,0,1,0,0,0,0,1,0,0,0,0,1,1
KL0591,0,0,0,1,1,1,1,2,1,1,2,1,0,1,0,1,1,2,1,0,0,2,1,1,1,0,1,0,0,0,2,1,0,0,1,0,2,0,1,0,0,1,0,1,1,1,0,0,0,0,0,1,0,0,0,1,0,0,1,0,0,1,0,0,0,2,2,0,0,1,2,0,1,0,2,1,0,1,0,0,0,1,0,0,0,1,0,0,0,0,0,0,1,0,1,1,0,0,0,1,1,0,1,0,1,1,1,0,0,2,0,0,0,1,1,0,0,0,1,0,0,0,1,0,0,1,0,1,0,1,1,0,2,0,0,1,0,0,1,1,0,2,1,2,0,0,0,0,0,0,0,1,1,0,0,1,2,0,0,0,0,0,0,0,1,1,1,2,0,0,1,1,0,0,1,1,0,0,0,0,0,0,0,0,0,0,1,0,1,1,0,0,0,2,0,0,0,1,1,0
KL0592,0,0,0,0,1,1,1,0,1,0,0,2,0,0,0,0,0,2,2,0,0,2,1,1,0,0,1,1,1,0,1,0,1,0,0,0,0,0,2,1,0,0,0,2,0,1,0,0,1,2,2,1,1,0,0,0,0,0,0,1,1,0,0,0,0,1,1,0,0,1,2,0,1,1,0,1,0,1,2,0,0,0,1,0,1,2,0,0,1,1,0,0,1,2,0,0,1,0,0,0,1,1,2,0,1,1,1,0,0,1,0,0,1,0,0,1,0,0,1,1,0,0,0,1,0,1,0,1,0,0,1,2,2,0,1,1,1,0,0,0,0,2,0,0,0,0,0,0,0,1,1,1,1,1,0,0,0,0,0,0,0,0,0,0,1,0,0,0,0,2,1,2,0,0,0,0,0,0,0,1,0,0,2,1,1,0,1,0,1,1,0,2,0,1,0,0,1,0,1,0
KL0593,0,0,0,0,0,0,0,0,0,0,0,0,0,0,0,0,2,1,1,0,0,2,0,1,0,0,0,1,0,1,2,0,0,0,0,0,2,1,0,0,0,1,0,1,0,0,0,0,1,0,0,0,1,0,0,1,0,0,0,0,1,0,0,2,1,0,1,0,0,2,2,0,0,1,1,0,0,1,1,1,0,0,0,0,1,0,0,1,2,0,1,0,2,2,0,0,0,0,0,0,1,1,1,1,2,1,1,0,0,1,1,1,1,0,0,0,0,0,1,1,0,0,0,0,0,1,1,1,1,1,1,1,1,1,0,0,0,0,0,0,0,0,0,1,1,1,2,1,1,0,0,1,1,1,0,2,0,0,0,1,0,0,0,0,1,0,0,1,0,0,0,0,0,0,0,1,0,1,0,0,0,0,1,2,0,0,1,0,0,0,1,1,0,1,0,0,1,0,0,0
KL0594,0,1,0,0,0,1,1,1,0,0,1,1,1,1,0,0,0,0,1,0,0,0,0,0,0,0,1,0,1,0,0,0,1,1,0,0,1,1,2,1,1,1,0,1,1,1,0,0,0,0,0,0,1,0,1,0,2,0,1,0,0,0,0,1,1,0,0,1,1,0,0,0,0,0,0,1,0,2,1,0,0,0,0,1,0,1,0,1,0,1,1,1,1,0,0,0,1,0,0,2,2,0,0,2,1,1,0,1,0,1,0,0,0,1,1,1,1,1,0,1,2,0,1,0,0,1,0,0,1,1,1,1,0,0,0,0,1,0,1,1,0,1,1,1,1,2,1,1,2,1,1,2,0,1,1,2,1,0,0,1,1,0,0,1,0,0,0,1,0,0,0,1,0,0,2,1,1,1,0,0,1,0,1,0,0,2,0,1,0,0,1,0,0,1,0,0,2,0,1,1
KL0595,0,0,1,2,0,1,1,2,0,0,0,0,0,0,0,2,1,1,2,0,0,0,0,0,0,0,1,0,1,0,2,1,1,0,0,0,0,0,1,0,0,0,1,0,1,0,2,0,0,0,0,1,2,0,0,0,2,1,0,0,0,0,0,0,0,0,1,0,1,1,1,1,0,0,0,0,0,1,2,2,0,0,1,1,0,1,1,1,0,0,0,2,1,1,0,0,2,0,1,1,1,0,1,0,1,2,0,0,0,0,0,1,0,0,0,0,1,0,0,1,1,0,0,0,0,1,1,0,1,1,0,1,0,0,0,2,1,0,0,0,0,1,1,0,1,1,1,1,0,0,0,1,0,1,1,0,0,0,0,0,0,0,0,1,1,0,0,0,0,0,1,1,0,2,0,1,0,1,0,0,0,1,0,0,1,1,0,2,0,1,2,1,0,1,0,0,0,2,0,0
KL0596,0,0,2,1,0,1,1,2,1,1,1,2,1,0,0,1,1,1,0,1,1,0,0,0,0,0,0,0,2,0,0,0,1,0,0,0,2,1,2,0,0,0,0,0,0,1,0,0,0,1,0,2,0,0,0,0,1,0,1,0,1,0,0,0,1,0,1,0,0,2,1,0,1,1,1,0,0,2,1,0,1,0,1,0,0,1,0,1,0,0,1,1,1,1,1,0,1,0,1,0,0,0,1,1,0,1,0,0,0,0,0,1,0,1,1,1,1,0,0,1,0,0,2,0,0,0,0,0,0,1,1,2,0,0,1,0,0,0,0,0,0,2,0,1,1,0,1,0,1,2,0,0,0,0,1,1,1,1,0,1,1,0,0,1,2,1,0,0,2,0,1,2,0,1,1,1,1,0,0,0,1,0,2,0,1,0,0,1,0,1,2,1,0,2,1,1,2,1,0,0
KL0597,1,0,0,1,1,0,2,0,0,0,1,1,0,0,0,2,0,2,2,0,0,1,1,0,0,0,1,0,0,0,0,0,1,1,0,0,1,0,1,0,1,1,0,2,1,1,0,0,1,0,0,1,0,1,0,1,0,0,0,0,1,0,0,1,0,0,0,0,0,1,1,0,0,0,0,0,0,1,0,0,0,0,0,0,0,1,0,2,0,0,1,0,0,1,0,1,0,1,0,0,1,1,0,1,1,0,0,2,0,1,0,0,1,0,1,1,1,1,1,0,0,1,1,0,0,0,0,0,0,1,1,1,1,0,0,1,1,0,0,1,1,1,0,0,1,1,1,1,0,2,0,0,0,1,0,0,0,1,1,0,1,0,1,0,2,2,0,0,0,1,1,1,0,0,1,2,0,0,0,0,1,0,1,0,1,1,0,1,0,0,0,1,0,1,0,0,0,0,1,0
KL0598,0,0,0,2,0,2,2,2,1,0,1,0,1,1,0,1,2,1,1,0,0,0,1,1,0,0,0,0,1,1,1,0,2,0,1,0,2,0,1,0,0,0,0,1,0,0,0,0,1,0,0,2,0,0,0,1,0,0,0,0,0,0,0,1,0,0,0,1,2,0,1,0,0,0,0,0,0,0,1,1,0,0,0,1,1,1,0,1,1,0,0,0,1,1,0,0,0,0,0,0,0,1,1,1,0,0,2,1,0,1,0,2,0,1,0,0,1,1,1,0,1,0,0,0,0,0,0,0,1,0,1,0,0,0,0,2,1,1,0,2,0,1,1,0,0,1,1,0,1,1,0,1,0,1,0,1,1,0,1,0,0,1,0,1,1,0,0,1,0,0,0,0,0,0,2,1,0,0,0,0,1,0,0,1,0,0,1,0,1,0,1,0,0,1,1,2,1,0,1,1
KL0599,1,1,0,0,0,0,1,0,1,0,0,0,1,0,0,0,0,0,0,0,0,1,1,1,0,0,2,1,0,2,0,0,2,0,1,0,1,0,1,0,0,1,0,0,0,2,0,0,1,0,1,0,1,0,0,2,0,0,0,1,0,0,0,0,1,0,0,1,0,0,1,0,0,0,1,1,0,1,0,0,1,0,0,0,0,1,1,0,0,0,1,1,0,0,0,1,0,0,0,0,2,1,1,1,2,0,0,0,0,2,0,2,0,0,1,2,1,1,0,1,0,0,1,0,0,0,0,1,0,1,0,1,2,1,1,1,1,1,0,0,0,2,0,1,0,0,0,2,0,0,0,1,0,0,0,0,2,0,0,1,2,1,2,1,1,0,0,0,1,0,0,0,0,1,0,1,1,1,0,0,0,0,2,0,1,1,0,0,2,1,0,1,0,1,0,0,1,0,0,1
KL0600,0,0,0,1,0,1,1,1,0,0,1,0,1,0,1,1,2,1,1,0,0,0,1,1,0,0,2,0,0,1,1,1,0,1,0,0,2,0,1,1,0,0,0,1,1,2,0,0,2,0,0,0,1,0,0,1,0,0,1,0,0,1,1,1,0,1,1,2,0,1,0,0,0,0,0,1,0,0,2,0,0,0,0,0,1,1,0,1,1,0,1,0,0,1,1,0,1,0,0,0,0,0,1,0,0,0,0,1,0,1,0,1,0,0,1,0,1,0,0,1,0,0,1,0,0,1,1,1,1,1,1,0,0,0,0,1,1,0,0,0,0,2,0,0,1,2,2,1,2,1,0,1,1,0,0,1,0,0,1,1,1,0,0,0,0,0,0,1,0,1,1,2,1,2,1,0,0,1,0,1,0,0,0,2,0,1,0,2,1,1,1,1,0,1,0,0,0,0,1,1
KL0601,0,0,0,1,0,2,1,1,0,0,0,1,0,0,0,2,1,2,1,0,1,2,1,1,0,0,0,0,1,0,1,0,1,0,1,0,1,0,1,0,0,1,0,0,0,2,0,0,0,1,1,0,0,0,0,1,1,0,0,1,0,0,0,1,0,0,0,0,0,1,2,0,1,1,0,0,0,1,1,0,0,0,0,0,0,0,0,0,0,0,0,0,1,0,0,0,0,0,0,0,1,0,0,1,2,1,0,0,0,1,0,0,0,0,1,0,2,0,2,1,0,0,1,0,0,0,0,1,1,1,1,0,1,0,0,0,0,1,0,0,0,2,0,0,1,2,0,1,0,0,0,0,1,1,0,0,1,0,0,0,0,0,1,1,1,0,0,1,0,0,1,0,0,1,0,1,0,0,0,0,0,0,1,0,1,1,1,1,1,0,1,1,0,0,0,1,1,1,1,0
KL0602,0,0,0,1,0,1,0,1,0,0,0,1,2,2,0,1,1,0,0,0,0,1,2,0,0,0,0,0,0,0,2,0,2,1,1,0,1,1,2,0,0,1,0,0,1,1,0,0,2,2,0,1,2,1,1,2,1,0,2,1,0,0,0,0,0,0,0,2,1,0,1,0,0,0,1,1,0,1,0,0,0,0,0,0,1,1,0,1,0,0,1,0,0,1,0,1,0,0,0,0,1,0,0,0,1,1,1,0,0,0,0,1,1,1,1,2,2,2,0,2,0,0,0,0,0,2,0,1,1,2,1,0,2,0,0,0,1,0,1,0,0,0,0,0,1,0,1,0,0,0,1,1,0,0,1,0,0,1,0,1,0,2,1,1,0,0,0,0,1,1,1,1,0,2,1,1,0,0,0,0,0,0,1,0,1,1,1,0,0,0,0,0,0,1,1,0,1,0,0,0
KL0603,0,0,0,2,0,1,0,1,0,0,2,0,2,0,0,1,0,0,1,0,0,0,0,0,0,0,2,0,2,0,1,0,0,0,0,0,0,0,1,0,0,1,1,0,0,1,0,0,0,1,0,1,1,1,0,1,1,0,0,0,0,0,0,0,1,2,2,0,1,1,2,0,0,0,0,2,1,2,0,0,0,0,0,0,0,0,0,1,0,0,0,0,0,1,0,1,1,0,1,0,1,0,1,1,0,0,1,1,1,2,0,1,0,0,2,1,0,1,0,0,0,0,1,0,0,1,0,1,2,0,0,1,1,0,0,1,1,1,1,0,0,0,1,0,0,1,0,1,0,2,1,0,0,1,0,0,0,0,0,1,0,0,1,2,1,0,0,1,0,1,0,1,0,2,1,1,0,1,0,0,1,0,2,1,1,1,0,0,0,1,0,2,0,1,0,0,0,1,1,0
KL0604,1,0,0,1,0,1,2,2,1,0,1,1,1,1,0,0,0,1,1,0,0,1,0,2,0,0,2,0,0,0,0,1,1,0,1,0,1,0,2,0,0,0,0,2,0,0,0,0,1,1,1,1,1,1,0,1,0,0,0,0,0,0,0,1,0,1,0,0,0,0,1,0,0,0,1,0,0,1,1,0,0,0,1,0,0,0,1,2,1,0,0,1,1,0,0,0,0,0,0,0,0,0,1,0,1,2,0,0,1,0,2,1,0,0,1,0,1,1,1,1,0,0,1,0,0,1,1,0,0,0,1,1,2,0,1,2,0,1,0,0,0,1,0,0,0,2,1,1,1,1,0,0,1,1,0,1,2,0,1,0,2,0,0,0,1,0,0,0,0,0,1,1,1,0,0,2,0,0,0,0,0,0,1,0,1,1,1,0,0,0,1,1,0,1,1,0,1,0,0,1
KL0605,2,0,1,1,1,1,2,2,0,1,1,2,1,0,1,1,0,0,2,0,1,1,0,2,0,0,1,0,0,0,0,1,1,1,0,0,1,1,1,0,0,0,0,1,0,1,1,0,1,1,0,2,0,1,0,1,1,0,1,1,0,0,0,1,0,0,1,0,0,2,0,0,0,1,2,2,0,2,1,0,1,1,0,0,0,0,1,1,1,1,0,0,1,2,0,1,0,0,0,0,0,1,0,2,2,1,0,0,0,0,0,1,2,1,1,1,0,0,0,0,0,0,0,0,0,1,0,1,1,0,1,0,0,0,0,1,2,0,0,1,0,1,1,0,0,1,2,1,1,1,0,2,0,0,1,1,1,1,0,0,1,1,2,0,0,1,0,1,0,0,0,1,0,1,1,2,0,0,0,0,1,0,2,0,1,1,1,1,0,0,0,2,0,0,0,0,1,2,0,1
KL0606,0,1,1,1,0,2,1,2,0,0,1,1,2,1,0,0,0,0,0,0,1,0,1,0,0,0,1,0,1,0,1,0,1,1,0,0,2,0,2,0,0,0,0,0,0,0,0,0,0,1,0,0,1,1,0,2,1,0,1,0,0,0,0,2,0,0,0,0,0,0,0,0,0,0,0,0,1,1,2,1,0,0,1,0,0,1,1,1,1,0,0,0,1,0,0,1,0,1,0,0,0,0,1,1,2,2,0,1,0,1,0,1,1,1,0,1,1,2,0,0,1,0,1,0,0,1,1,0,1,0,2,1,1,0,0,1,1,1,0,0,0,0,0,0,0,1,0,0,1,1,1,1,1,0,0,0,1,1,0,0,0,0,0,1,1,1,0,0,0,0,0,1,1,0,0,1,0,0,0,0,1,0,0,1,1,0,0,0,0,0,0,0,0,2,1,1,0,0,1,1
KL0607,0,0,1,0,0,0,0,0,0,2,1,1,1,1,0,0,1,1,1,1,0,1,0,2,1,1,1,0,0,0,0,1,1,1,0,0,2,0,1,0,0,0,0,0,0,1,0,0,0,0,0,0,0,1,1,0,2,0,2,1,1,0,0,0,0,1,1,0,0,0,0,0,0,0,0,0,1,0,1,0,0,0,0,0,1,0,2,1,0,0,1,0,0,0,1,0,0,0,0,0,1,0,0,0,0,2,0,0,0,2,1,2,1,0,1,1,1,0,0,2,1,0,0,0,0,0,1,0,0,0,1,0,1,0,0,1,1,0,0,1,0,2,0,2,0,0,0,1,0,0,1,0,0,0,0,2,0,0,0,1,1,0,0,1,1,0,0,2,2,1,0,2,0,1,1,1,0,0,0,0,1,0,0,1,2,1,1,1,0,0,0,1,0,1,0,1,0,0,2,0
KL0608,1,0,0,1,0,0,0,2,0,0,1,1,1,1,0,0,1,2,0,0,0,0,0,1,1,0,0,0,1,1,1,0,0,0,0,0,1,0,2,0,0,0,0,0,0,2,0,1,1,1,2,1,1,1,0,1,1,0,1,0,0,0,0,1,2,0,1,0,0,0,0,0,0,0,0,0,0,0,0,0,1,0,1,0,1,1,0,1,0,0,0,1,1,1,1,1,0,2,1,0,1,0,2,1,2,1,0,0,1,1,0,1,0,0,1,0,2,1,0,1,0,0,1,0,0,1,0,1,0,1,1,0,0,0,1,1,1,1,2,0,0,0,1,0,0,0,0,1,2,1,1,0,0,2,0,1,2,0,0,0,1,1,2,1,2,0,1,1,0,0,1,2,0,0,2,0,1,0,0,0,0,2,2,0,1,0,0,1,1,0,0,1,2,1,0,0,1,2,2,0
KL0609,0,1,0,1,0,0,1,1,1,1,0,0,0,2,0,1,0,2,0,1,0,0,0,2,0,0,1,0,1,0,1,1,1,0,1,0,1,0,1,0,0,0,1,1,0,0,0,0,1,2,1,2,1,0,0,0,0,0,0,1,0,0,0,1,1,0,0,0,0,1,0,0,0,0,1,0,0,2,1,0,1,0,0,0,0,0,0,1,1,0,1,0,0,0,0,0,1,1,2,0,1,0,0,0,2,2,0,1,0,1,0,0,0,0,0,0,0,1,1,1,0,0,1,0,0,1,0,2,0,0,0,0,0,0,0,2,0,0,0,0,0,2,0,0,1,2,1,0,1,0,0,1,0,0,2,1,0,0,0,0,0,1,0,1,1,2,0,1,1,1,1,1,1,0,1,1,0,0,0,0,1,0,1,0,0,0,1,0,1,0,2,0,0,1,0,0,1,1,1,0
KL0610,0,0,0,2,0,0,1,0,0,1,1,0,2,0,0,0,0,1,1,0,1,0,1,1,0,1,1,1,0,0,0,0,1,0,1,0,0,0,0,0,0,0,0,1,1,2,1,0,0,0,0,0,1,0,1,0,0,0,0,0,0,1,0,0,0,0,1,1,0,1,0,0,1,0,0,2,0,2,2,0,0,0,0,1,0,0,0,1,0,0,1,0,1,1,0,1,0,0,0,0,1,0,1,1,1,0,1,0,0,1,0,1,0,1,2,1,0,1,0,2,1,0,0,0,0,1,0,0,1,1,2,0,0,0,0,1,0,1,0,0,0,1,0,1,0,0,0,1,1,0,0,0,0,0,2,1,0,0,0,1,0,0,0,0,1,1,0,1,1,1,2,1,0,1,0,1,0,1,0,0,0,0,0,0,2,2,1,2,1,0,1,1,0,1,0,0,1,0,0,0
KL0611,1,0,0,0,0,0,1,1,1,0,1,0,1,0,0,0,0,1,2,0,0,0,0,1,0,0,0,0,1,0,1,0,2,0,0,0,2,0,1,0,0,0,0,1,0,0,0,0,0,0,0,1,1,0,1,0,0,0,1,1,1,0,0,0,0,0,0,1,1,1,0,0,0,1,1,0,1,2,1,0,1,0,0,0,0,0,0,2,0,0,1,0,1,1,1,0,0,0,1,1,1,1,1,1,2,1,0,1,0,0,1,1,0,1,1,1,1,1,0,0,0,0,0,1,0,2,0,0,0,1,1,2,0,1,0,1,2,0,0,0,0,1,0,0,0,2,1,1,0,1,1,1,1,0,0,0,1,1,0,1,1,0,0,1,1,0,0,0,0,0,1,0,0,0,2,1,0,0,1,0,0,0,2,0,0,0,1,0,0,1,0,2,0,1,0,0,1,0,0,0
KL0612,1,0,0,0,0,0,2,0,0,0,0,0,1,1,0,2,2,0,1,0,0,1,0,1,0,0,0,0,0,0,0,0,2,0,0,1,2,0,0,0,1,0,0,0,1,2,0,0,1,1,1,0,1,0,0,1,0,0,2,0,0,0,0,0,1,0,0,1,0,1,1,0,1,0,1,1,1,0,1,0,0,0,0,0,1,0,1,0,0,0,1,0,1,0,0,2,1,0,0,0,1,0,0,0,0,0,0,0,0,0,0,1,0,0,1,1,0,1,0,1,0,0,0,1,0,1,0,2,2,0,1,0,1,1,0,1,1,0,0,0,0,1,1,0,0,0,0,1,0,0,0,1,2,0,1,1,0,0,0,0,0,0,1,1,1,2,0,0,0,0,0,1,0,0,2,1,0,1,0,0,0,0,0,0,2,1,1,0,0,1,0,0,0,0,0,0,0,1,1,0
KL0613,0,0,0,1,0,1,0,2,0,0,1,1,0,1,0,1,0,1,2,1,0,1,0,2,1,0,1,2,0,0,0,0,2,0,1,0,1,0,0,0,1,0,0,1,0,1,1,0,0,0,0,0,1,0,0,1,2,0,1,0,0,0,0,0,0,0,0,1,1,1,1,0,0,0,0,0,0,2,1,0,0,0,1,0,0,2,1,2,0,0,1,0,1,2,1,0,1,1,0,0,1,1,1,1,0,0,0,1,0,0,0,2,0,0,2,0,1,1,0,2,0,0,1,0,0,0,2,0,1,0,0,0,1,0,0,2,0,0,0,1,0,2,0,0,0,0,1,0,1,2,0,2,1,0,0,1,0,1,1,0,0,0,1,1,1,0,0,1,0,1,0,1,0,0,1,2,1,1,0,1,0,0,0,1,0,0,0,1,0,0,0,0,0,1,0,1,0,0,1,0
KL0614,1,1,1,0,0,1,0,2,0,0,1,0,0,1,0,0,0,2,1,0,0,1,0,0,0,0,2,0,1,0,0,1,1,0,0,0,2,0,0,0,1,1,0,1,1,0,1,0,0,2,1,0,0,0,0,2,0,0,0,0,1,0,0,1,2,0,1,0,0,0,1,0,0,0,1,1,2,1,0,0,0,1,1,0,0,0,0,0,0,0,0,0,1,2,0,1,0,2,0,0,2,1,0,1,2,0,1,1,1,0,0,1,0,1,1,0,2,1,0,1,0,0,1,0,0,1,1,1,1,1,0,0,2,0,0,1,0,0,1,0,0,1,1,1,0,0,1,1,1,0,0,0,1,0,0,1,1,1,0,0,0,0,0,0,1,0,0,0,0,0,1,1,0,0,1,0,2,0,0,0,0,0,1,0,0,0,0,1,0,1,2,0,0,0,0,0,1,0,1,0
KL0615,0,0,0,2,0,1,1,1,0,1,1,1,1,0,0,0,0,2,2,0,1,1,0,1,0,0,2,0,1,0,1,1,1,0,0,1,0,0,0,1,0,1,1,0,0,1,0,0,1,2,2,0,1,1,0,0,2,0,0,0,0,0,0,0,1,0,0,1,0,0,1,0,0,0,0,1,0,1,1,0,1,0,1,0,0,0,0,1,0,0,2,0,0,1,0,0,1,0,1,0,1,0,0,1,2,0,1,0,0,1,0,2,0,0,1,0,2,1,0,1,0,0,1,0,0,1,0,0,0,1,1,0,0,1,0,1,1,1,0,1,0,1,0,1,0,2,0,2,0,0,1,1,0,1,1,0,0,0,0,1,0,1,1,2,1,0,1,2,0,0,0,1,1,1,1,1,1,0,0,0,1,0,1,0,1,1,2,0,0,0,1,0,0,2,0,0,0,1,1,1
KL0616,1,0,0,2,0,0,1,0,0,0,0,0,1,1,0,1,2,0,2,0,0,2,0,2,0,0,1,0,1,0,1,0,0,0,1,1,2,0,0,0,0,2,0,0,1,2,1,0,1,1,1,1,2,1,0,1,0,0,0,1,0,0,0,1,1,1,1,1,1,1,0,0,0,1,0,0,0,1,1,0,1,0,0,0,0,2,0,1,1,0,1,0,0,1,0,0,0,0,0,0,0,0,1,0,1,1,1,0,0,1,1,1,0,1,2,0,1,0,0,0,0,0,0,0,1,1,1,0,0,0,2,0,1,0,0,0,0,1,0,1,0,1,0,0,1,1,0,1,0,0,1,1,0,0,0,2,1,1,0,0,0,0,0,1,1,1,0,1,1,1,0,1,0,0,1,2,0,1,0,0,0,0,0,1,0,2,1,0,0,1,0,1,0,1,0,0,0,0,0,0
KL0617,0,0,0,1,0,2,1,2,1,0,1,0,1,0,0,1,0,1,1,0,0,1,0,0,0,0,1,1,0,0,1,0,1,1,1,0,0,0,2,1,0,1,0,0,0,1,1,0,0,1,0,1,1,1,0,1,1,0,1,0,1,0,0,0,0,0,1,0,0,1,0,1,0,0,1,0,0,1,1,2,0,1,1,0,0,1,1,2,1,0,1,1,1,1,0,0,2,0,1,0,1,1,2,2,1,0,1,1,0,0,1,1,0,1,0,1,0,1,0,2,0,0,1,0,0,2,0,1,0,1,2,0,0,1,0,2,2,0,0,0,0,1,1,1,1,1,0,0,2,0,1,0,0,0,0,2,1,0,0,0,0,1,0,0,2,2,0,1,1,0,0,1,0,0,0,0,1,0,0,0,0,0,1,1,0,1,2,1,0,0,0,2,0,0,0,0,2,0,1,0
KL0618,0,1,0,2,0,0,1,2,0,0,0,1,0,1,0,1,2,0,2,1,1,2,0,0,0,0,1,1,1,0,1,1,1,0,2,0,1,0,2,0,0,1,1,1,1,1,0,0,0,0,0,0,0,0,0,1,2,1,1,0,0,0,0,1,0,1,0,0,1,1,0,0,1,0,1,0,0,1,0,0,1,1,1,0,1,0,1,0,1,0,2,0,1,0,0,1,0,0,0,0,1,0,1,1,0,1,0,0,0,1,0,2,0,1,0,1,1,1,0,1,0,0,1,0,0,1,1,1,0,1,1,0,0,0,0,0,0,1,0,0,0,0,0,0,0,1,0,1,1,0,0,0,0,0,0,1,1,0,0,1,1,0,0,1,1,0,0,2,0,1,0,0,0,1,1,2,0,1,0,0,1,0,0,0,1,0,0,0,1,0,0,0,1,1,0,0,1,0,1,0
KL0619,0,0,0,2,1,0,1,1,1,2,0,0,2,1,0,1,1,1,1,0,0,0,1,0,0,0,0,0,1,0,1,0,1,1,0,0,1,0,0,1,0,1,0,1,0,2,0,1,0,1,0,2,1,0,0,2,1,0,1,0,1,0,1,2,0,0,0,1,0,1,0,0,0,0,1,0,0,1,2,1,1,0,0,0,1,0,0,2,0,0,0,0,1,1,0,2,0,0,0,0,1,1,0,0,2,2,1,0,0,0,0,1,1,1,2,1,0,1,0,0,1,0,0,2,0,1,0,0,1,0,1,2,1,0,0,1,0,0,0,0,0,1,1,0,1,1,2,0,2,0,1,0,0,1,1,1,1,0,0,0,2,0,0,0,1,0,0,0,0,0,0,0,0,0,1,1,0,1,0,0,0,0,1,0,0,0,0,0,0,0,1,1,0,1,0,1,0,1,2,0
KL0620,0,0,0,1,0,0,1,0,0,0,0,0,0,1,0,0,2,0,0,0,0,1,0,0,1,1,1,0,1,0,0,0,1,1,0,0,0,0,0,0,1,0,0,1,1,1,0,1,2,2,0,2,0,0,0,1,1,0,0,0,0,1,0,0,1,0,1,2,0,0,1,0,0,0,0,0,0,1,1,0,0,1,1,0,0,1,1,2,0,0,0,0,1,1,0,0,0,0,1,0,0,0,0,0,0,1,0,0,1,0,0,1,0,1,1,1,0,1,0,1,0,0,1,0,0,2,0,1,1,1,0,2,0,0,0,1,1,0,0,0,0,1,0,0,0,1,1,0,1,0,0,2,1,0,0,2,1,0,0,1,0,0,0,1,1,0,1,1,0,0,0,1,0,0,1,2,2,0,0,1,0,1,1,0,1,0,0,1,0,1,0,0,0,0,0,1,0,0,1,1
KL0621,1,0,0,2,1,1,1,0,0,0,1,1,2,0,0,1,2,0,1,1,0,0,0,0,0,0,1,0,1,1,1,1,1,0,0,0,2,0,0,0,0,1,0,0,0,2,2,0,0,1,1,1,0,0,0,1,0,0,0,1,0,0,0,1,1,0,1,0,1,1,0,0,0,0,1,1,0,0,1,2,1,1,0,1,0,0,1,1,0,0,1,0,0,1,0,0,0,0,0,1,1,0,0,1,1,1,1,0,0,1,0,1,2,1,1,0,1,0,1,2,1,0,1,0,0,1,0,1,0,1,0,0,0,0,0,1,0,1,0,0,0,1,2,0,0,0,0,1,0,1,0,1,1,0,1,1,1,0,0,0,0,1,0,2,0,0,1,0,0,0,0,1,0,0,1,1,0,0,0,0,0,0,2,0,1,2,1,2,0,1,0,0,0,0,0,0,1,0,2,1
KL0622,0,0,0,1,1,0,1,1,0,1,1,1,1,0,0,0,0,1,0,0,1,0,2,1,1,0,1,0,1,0,1,1,1,1,0,0,0,0,0,0,0,0,0,0,0,1,0,1,0,1,1,1,2,0,0,1,1,0,0,0,0,0,0,1,0,0,1,2,0,0,0,0,0,0,0,1,1,1,0,1,0,0,1,0,1,1,1,1,0,0,1,1,1,1,2,1,0,0,0,0,0,1,1,0,1,1,1,1,0,0,1,2,0,0,1,0,1,2,1,1,0,0,1,0,0,2,1,0,1,1,0,0,1,0,0,1,0,1,0,0,0,1,0,1,0,1,1,1,0,0,0,2,0,0,0,1,1,0,0,0,1,1,1,0,1,0,1,1,1,1,0,1,0,0,0,1,1,0,0,0,0,0,1,1,0,0,0,1,1,0,0,0,0,1,0,1,0,1,0,0
KL0623,2,0,0,0,1,2,1,0,0,0,0,1,1,1,0,0,1,0,0,0,0,1,1,0,0,0,1,1,0,0,1,1,0,1,1,0,2,1,1,0,0,1,0,0,0,1,0,0,1,0,1,2,1,1,1,1,1,1,0,1,0,0,0,0,0,0,2,0,1,1,1,0,0,0,1,1,0,1,1,0,0,0,0,0,1,1,0,1,2,2,0,0,1,0,1,0,0,0,0,0,0,1,0,0,0,2,1,1,0,2,0,2,0,0,1,0,0,0,2,1,0,0,1,1,0,2,0,1,1,1,1,1,1,0,0,2,2,1,0,0,0,1,1,1,0,2,0,1,1,0,0,0,0,0,0,0,1,0,0,0,0,0,0,2,1,1,0,1,1,0,1,0,1,0,0,0,0,0,1,0,0,0,2,1,0,1,1,0,0,1,0,0,0,1,0,0,0,0,0,1
KL0624,0,1,0,1,0,2,0,1,1,1,0,0,2,0,0,0,0,1,0,0,0,1,1,1,0,0,1,0,1,0,1,1,2,1,1,0,1,1,2,0,0,1,1,1,0,1,0,1,1,2,1,0,1,1,0,1,2,0,0,2,1,0,0,0,1,1,0,0,0,0,1,0,1,0,1,0,1,1,0,0,0,0,1,2,0,0,1,1,1,0,1,0,0,0,1,0,1,0,1,0,0,0,0,0,1,1,1,1,0,0,0,1,1,0,2,1,0,0,1,1,0,1,2,0,0,0,0,1,0,2,2,0,1,1,1,0,1,1,0,1,0,1,0,0,0,1,1,1,0,0,0,1,1,0,0,2,0,0,0,0,1,0,0,1,0,1,0,0,0,0,1,2,0,1,1,1,1,0,0,0,0,1,1,1,0,1,0,2,0,0,0,0,0,0,0,0,2,1,2,1
KL0625,0,0,0,2,0,0,0,1,1,0,0,0,1,1,0,1,1,0,1,0,1,1,0,1,0,0,1,0,0,2,1,0,0,0,0,0,2,1,2,0,0,1,1,1,0,2,0,0,1,0,1,1,0,1,0,0,0,0,1,0,1,0,1,0,0,1,1,1,1,2,0,0,1,0,0,1,0,1,1,0,0,0,2,0,1,0,0,1,0,0,0,1,1,1,0,0,0,0,0,0,1,1,1,2,1,0,0,0,0,1,0,2,1,0,1,0,1,1,0,0,1,0,1,2,0,0,0,0,0,1,0,0,2,0,0,2,1,1,0,0,0,1,0,0,0,0,0,2,0,0,1,0,0,0,1,1,0,0,0,0,2,1,1,0,2,1,0,0,0,0,1,1,0,0,0,0,1,0,0,0,0,0,1,0,1,1,1,1,0,0,0,1,0,1,1,1,1,0,1,1
KL0626,1,0,0,1,1,0,1,0,1,1,0,0,1,1,1,1,1,1,1,0,0,0,0,0,1,0,0,0,0,0,0,0,0,1,1,0,0,0,0,0,0,1,0,0,0,0,0,0,1,0,0,0,0,0,0,0,1,0,1,1,0,0,0,2,0,0,0,0,0,0,0,0,0,1,1,0,0,1,0,0,0,0,0,0,1,1,1,0,0,0,2,0,1,1,0,0,1,0,1,0,1,1,2,0,1,0,0,1,0,2,1,0,0,1,0,0,1,1,0,0,0,0,0,1,0,1,1,1,0,1,1,0,0,0,0,0,2,1,1,1,0,1,0,0,0,0,1,1,1,0,0,1,0,0,1,1,1,1,1,2,1,0,1,0,1,1,0,0,0,0,1,0,0,1,0,1,0,0,0,0,0,1,1,0,0,2,0,1,0,1,0,2,0,0,1,0,1,1,1,0
KL0627,0,0,0,0,0,0,0,1,0,0,1,0,0,0,1,1,0,1,0,0,0,1,0,0,0,0,1,0,1,0,0,0,2,0,1,0,1,0,1,0,0,1,0,0,0,0,0,0,0,0,1,1,1,0,0,2,0,0,0,0,1,0,0,0,1,0,0,0,0,0,0,0,0,0,0,0,0,1,1,1,1,1,0,0,0,2,1,0,1,0,1,1,2,1,0,1,0,0,0,0,0,0,2,1,0,1,0,0,0,1,0,0,0,1,0,0,1,0,1,1,0,0,2,0,0,1,1,0,0,0,1,1,0,0,0,0,1,1,0,1,1,0,0,1,0,1,1,0,0,0,0,1,0,1,1,0,0,0,0,0,0,0,0,0,2,0,0,0,0,0,2,1,0,0,1,2,0,0,0,0,0,1,0,0,1,1,0,1,0,0,0,1,0,1,0,0,1,2,1,1
KL0628,0,0,0,0,0,0,2,1,1,0,1,2,1,0,0,2,0,1,2,0,2,1,0,1,0,1,0,0,0,0,0,0,0,0,0,0,1,0,1,0,0,2,0,1,0,0,0,0,2,0,0,0,1,1,1,0,0,0,0,0,0,1,0,0,0,0,1,1,1,1,0,2,0,1,0,0,0,1,0,0,0,0,0,0,1,2,2,0,1,1,0,0,1,1,0,0,1,0,0,1,1,0,1,2,2,1,2,1,0,0,0,2,0,0,2,1,0,0,0,0,0,0,1,0,0,1,0,0,1,2,2,0,0,0,0,0,0,1,0,1,0,0,0,0,0,2,0,0,0,0,1,1,1,0,0,0,0,0,0,0,1,2,0,1,0,0,0,1,0,0,0,0,0,0,2,2,0,1,0,0,0,1,1,0,1,1,0,1,0,1,1,2,0,0,0,0,1,1,0,0
KL0629,1,0,0,1,0,1,1,2,0,0,0,0,0,0,0,1,1,1,1,1,1,1,1,2,0,0,1,0,1,0,0,0,1,0,1,0,0,0,0,0,0,2,0,1,0,1,1,0,1,1,0,2,1,0,0,0,2,0,1,0,0,0,0,1,1,0,1,0,1,1,1,0,0,1,1,0,0,2,1,1,1,0,2,0,1,0,1,0,0,0,2,1,1,1,0,1,0,0,0,0,1,2,0,0,1,1,1,0,1,0,0,0,0,0,1,0,0,0,0,0,0,0,0,0,0,1,1,1,0,0,1,0,0,1,0,0,1,0,0,0,0,2,0,1,0,1,1,2,0,1,2,1,0,0,1,1,0,0,0,0,1,1,0,0,0,0,0,0,0,0,0,1,0,1,1,1,1,0,0,0,0,0,2,0,0,0,0,1,0,1,1,0,0,1,0,0,0,1,1,0
KL0630,0,0,0,1,0,1,0,0,0,0,2,1,2,0,0,2,0,0,0,0,0,0,0,0,0,2,2,1,1,1,0,0,1,0,2,0,0,0,0,2,0,1,0,2,1,0,0,0,0,1,0,0,1,0,0,1,0,0,1,2,0,0,0,1,1,1,1,0,0,2,1,1,0,0,0,0,0,1,0,0,0,0,1,1,0,0,0,1,2,0,1,0,0,0,0,1,0,0,0,0,0,1,0,1,0,0,0,0,0,2,1,1,0,0,1,0,0,2,0,2,0,0,2,0,0,1,0,0,0,0,1,0,1,0,0,1,1,0,0,0,0,1,0,2,0,1,1,1,0,2,1,1,0,0,0,1,2,0,0,0,0,0,0,0,1,0,0,0,0,0,0,0,1,1,2,1,0,0,0,1,0,0,2,0,1,1,0,2,0,0,1,0,0,1,0,0,2,1,2,0
KL0631,0,0,0,1,0,0,1,0,0,0,1,1,2,2,0,1,0,0,0,0,0,0,0,1,1,0,1,0,1,0,2,0,2,0,0,0,0,1,0,0,0,1,0,0,0,1,0,0,2,2,0,1,1,0,0,1,1,0,0,1,0,0,0,0,0,0,2,1,1,0,1,0,0,0,1,1,0,1,0,1,0,1,0,0,1,1,0,1,0,1,0,0,0,0,0,0,0,0,0,0,0,1,0,1,1,1,0,1,0,1,0,1,0,0,1,0,2,2,0,2,0,0,1,0,1,1,0,1,0,1,1,0,1,0,0,1,0,0,0,0,1,1,0,0,0,2,0,1,0,1,1,1,0,0,0,0,0,0,0,0,1,0,1,1,0,0,0,1,0,0,0,1,0,0,1,0,0,1,0,0,0,0,1,1,0,2,2,1,0,0,0,0,0,2,0,1,0,1,1,1
KL0632,0,0,0,1,1,0,2,1,0,1,0,0,0,1,0,0,1,0,1,0,1,1,0,1,1,0,0,1,0,0,1,1,1,1,0,0,0,0,0,0,0,0,0,0,1,1,0,1,1,0,0,1,1,0,0,0,0,0,1,0,1,1,0,2,0,0,0,1,0,1,2,0,0,0,0,1,1,2,0,0,0,1,0,0,0,2,0,2,1,1,0,0,0,1,1,0,1,0,0,0,1,1,1,1,2,2,1,0,1,1,0,0,2,1,2,1,2,2,0,1,0,0,0,0,0,1,0,2,1,1,0,1,0,0,0,0,1,1,0,1,0,0,0,0,0,0,0,1,1,0,2,1,0,0,0,1,1,0,0,1,0,0,0,0,0,0,0,2,0,0,2,0,0,0,1,1,0,2,0,0,2,1,1,0,0,2,0,1,0,0,0,1,0,1,1,0,0,0,0,2
KL0633,0,0,1,1,0,1,1,1,0,1,1,1,2,0,0,0,0,0,1,0,1,0,0,0,1,0,0,0,1,0,0,0,1,0,0,0,0,0,1,1,0,0,0,1,0,2,2,0,1,1,0,1,0,0,0,0,0,1,0,1,0,0,0,0,0,0,0,2,0,1,0,0,1,1,1,0,0,1,1,1,0,0,2,0,1,1,1,2,1,0,0,1,1,1,1,0,0,0,0,0,0,0,0,1,0,0,0,0,1,0,0,1,1,1,0,1,1,0,0,0,0,1,0,0,0,1,0,1,1,1,0,0,0,0,1,0,0,0,0,2,0,1,0,0,1,2,1,1,1,2,1,0,0,0,1,1,0,0,0,1,1,0,1,1,1,0,0,1,0,0,1,0,1,1,1,0,1,0,0,1,0,0,0,1,1,2,1,1,0,0,0,0,0,1,0,1,0,1,0,0
KL0634,1,0,1,1,0,1,2,1,0,1,0,0,1,2,0,0,0,0,1,1,1,0,1,0,0,0,1,1,0,0,0,2,1,0,1,0,2,0,0,0,0,1,0,1,1,1,0,0,0,0,0,0,0,0,0,0,1,0,1,0,0,0,0,1,1,1,0,1,0,0,1,1,0,1,0,0,1,2,1,1,0,0,1,0,0,0,2,0,0,0,0,0,1,2,0,1,0,0,0,1,2,0,0,2,1,0,0,0,0,0,0,1,0,1,0,0,1,1,1,1,0,0,0,0,0,1,0,1,0,0,0,1,0,0,0,1,0,0,0,0,0,0,0,1,1,0,0,0,1,1,0,0,0,0,1,0,1,0,0,0,0,2,1,0,0,1,0,1,0,1,0,1,0,0,1,1,1,1,0,0,0,2,2,0,1,0,0,0,0,0,1,0,0,0,0,0,0,0,1,0
KL0635,2,0,0,0,0,1,2,0,0,0,1,1,0,1,0,0,1,0,1,0,2,1,0,0,0,0,0,0,1,0,2,1,1,0,0,1,0,0,1,0,0,0,0,0,0,1,0,0,0,0,0,1,2,1,1,1,0,1,1,1,0,0,0,0,0,0,0,0,0,1,2,0,0,0,0,1,2,1,0,0,1,1,0,0,1,1,1,1,1,0,1,0,0,2,0,0,1,0,0,0,0,1,1,1,0,0,0,1,0,1,0,1,0,2,1,0,0,1,0,1,0,0,0,1,0,0,0,1,1,0,1,0,1,0,0,1,0,1,0,0,0,1,0,0,0,1,0,0,0,1,0,0,0,0,1,1,0,0,0,0,1,0,0,0,1,0,0,0,1,1,0,0,0,0,0,1,0,0,0,0,0,0,1,0,0,0,0,2,0,0,1,1,0,1,0,0,1,2,1,1
KL0636,1,0,0,1,0,1,1,1,0,0,1,0,1,1,0,2,1,0,0,0,0,0,0,1,0,0,0,1,2,0,0,0,0,0,1,0,2,0,2,0,0,0,0,1,1,2,1,0,1,2,0,1,1,0,0,1,1,0,0,0,0,0,0,0,0,1,1,1,0,0,2,0,0,1,1,0,0,0,2,1,0,1,1,0,1,1,1,2,0,0,2,0,0,0,1,0,0,0,0,0,0,0,0,1,0,1,0,0,0,1,0,2,1,0,1,0,0,1,1,2,0,0,0,0,0,1,1,1,0,0,1,0,0,0,0,1,0,0,0,0,0,1,2,0,0,0,0,1,1,0,1,1,0,0,1,0,1,0,0,1,0,0,0,0,0,1,0,1,0,0,1,2,0,1,1,1,0,1,0,0,0,0,1,0,1,1,0,1,0,1,1,0,0,2,0,0,0,0,1,1
KL0637,1,0,0,1,0,2,2,0,0,0,1,0,0,0,0,0,1,1,1,0,0,2,1,0,0,0,1,0,1,0,2,0,1,0,0,0,2,1,1,0,0,1,0,2,0,0,0,0,1,1,0,1,0,1,0,0,1,0,0,0,1,1,0,1,1,0,1,0,0,1,0,0,1,0,0,0,0,2,1,0,0,0,0,0,1,1,0,1,1,0,0,0,1,0,0,1,0,0,0,1,0,1,1,2,1,0,1,0,0,1,0,2,0,0,2,0,1,0,0,1,1,0,0,0,1,0,0,1,1,0,1,1,1,0,0,0,2,0,1,0,0,1,0,1,1,1,1,0,0,0,1,0,0,0,1,0,0,0,0,0,0,0,0,1,1,0,0,0,0,0,1,0,0,0,2,0,0,1,0,0,0,0,1,1,0,1,2,0,1,0,0,1,0,1,0,0,1,0,0,0
KL0638,2,0,0,0,1,0,1,2,1,0,1,1,1,1,0,0,0,1,1,0,0,0,0,1,0,0,2,0,0,0,1,1,1,1,1,0,0,0,1,1,0,2,1,1,0,1,0,1,1,0,0,0,0,0,1,0,1,0,1,0,0,0,1,0,0,0,0,2,0,1,0,0,1,0,0,0,0,2,1,1,1,0,1,2,0,1,1,1,0,0,1,0,0,0,0,0,0,0,0,2,0,0,1,1,2,1,0,0,0,1,1,0,0,0,1,2,1,0,0,2,1,0,2,0,0,1,0,1,1,1,0,0,1,0,0,1,0,0,0,0,0,1,0,0,0,0,0,1,1,0,0,1,0,0,0,1,2,0,0,0,0,1,0,2,0,0,0,0,0,0,2,1,0,1,1,0,0,1,0,0,0,0,0,1,1,1,1,0,0,0,0,0,1,1,0,0,0,0,1,0
KL0639,1,1,0,0,0,0,1,1,0,0,1,2,0,0,0,1,1,0,2,0,0,0,1,0,0,1,1,0,2,1,1,0,1,0,0,0,0,0,2,0,1,2,0,1,0,1,1,0,1,1,0,1,1,0,0,1,0,0,2,0,0,0,0,1,0,1,0,0,1,0,0,0,0,0,1,1,0,2,2,0,1,0,1,0,0,0,0,0,0,0,2,0,0,1,0,1,0,0,0,0,0,0,0,1,1,1,1,1,0,2,0,1,0,0,1,1,0,1,2,1,0,0,1,0,0,0,1,0,1,2,1,1,1,0,0,0,1,1,0,0,0,0,0,1,1,1,0,1,1,1,1,1,0,0,1,2,0,1,0,0,0,0,0,1,0,0,0,0,0,0,0,1,0,1,1,2,0,0,0,0,1,0,1,1,0,0,0,1,0,0,0,1,0,1,0,0,0,1,2,0
KL0640,1,0,1,2,0,1,2,1,0,0,1,1,1,1,0,1,0,1,2,0,0,1,1,0,0,0,1,1,1,0,0,0,0,0,1,0,0,1,1,0,0,1,0,0,0,1,0,1,1,1,0,0,0,0,1,1,0,0,1,1,1,1,0,0,0,1,2,0,1,0,0,0,0,0,0,1,0,0,1,0,1,0,0,0,1,0,0,1,1,1,0,0,2,1,0,1,1,0,0,0,1,1,1,0,1,1,2,0,0,1,0,0,0,0,1,0,0,2,1,2,2,0,0,0,0,0,1,1,1,1,2,0,0,0,0,2,1,1,0,1,0,0,0,1,0,1,0,1,1,0,0,2,0,1,0,1,1,0,0,0,0,1,0,0,1,0,0,1,1,0,1,0,0,1,1,1,0,0,0,0,2,0,0,0,1,1,2,1,0,0,0,2,0,1,0,0,0,1,1,0
KL0641,1,0,0,1,0,1,2,1,0,2,2,1,0,1,0,1,1,0,2,0,1,1,0,1,0,0,1,1,0,0,1,0,2,0,1,0,2,0,1,2,0,1,0,1,0,1,0,0,0,2,0,2,0,1,0,2,1,0,0,0,0,1,0,1,0,0,1,2,0,1,2,0,0,0,1,1,0,1,2,1,0,0,0,1,0,1,1,1,0,0,2,1,2,0,0,1,0,0,1,0,1,1,1,1,1,1,0,1,0,1,1,2,1,1,2,0,2,1,0,1,1,0,0,0,0,0,0,1,1,1,1,1,0,0,1,2,1,0,0,1,0,1,1,0,0,2,1,1,0,1,0,0,0,0,2,1,0,0,1,1,0,1,1,0,1,0,1,1,0,0,0,0,1,0,1,1,1,0,0,0,0,0,1,0,0,1,0,0,1,1,1,1,0,1,0,2,0,0,0,1
KL0642,0,1,0,1,1,0,2,0,0,0,1,1,1,1,0,0,1,0,1,0,1,1,1,1,0,0,1,1,2,0,1,0,1,0,0,0,0,0,0,0,0,0,0,0,0,1,0,0,1,1,0,0,1,1,0,1,1,0,1,0,0,1,0,0,0,0,2,0,0,1,1,0,1,0,0,1,0,1,0,1,0,0,0,0,0,1,0,1,0,0,0,1,1,1,1,0,0,1,0,0,2,0,1,1,1,1,0,0,0,0,0,1,0,1,2,2,2,1,1,1,1,0,1,0,0,1,0,1,0,0,0,1,1,1,0,1,2,0,0,0,0,1,1,0,1,1,1,1,2,2,0,1,0,1,1,2,0,0,0,0,0,1,0,0,1,1,0,0,1,0,0,0,1,0,2,1,0,2,0,1,0,0,1,1,0,1,1,0,0,0,0,1,0,1,0,0,0,0,1,0
KL0643,1,1,0,0,0,0,0,0,0,1,2,2,0,0,0,0,0,1,1,0,1,0,0,1,0,0,0,0,0,0,1,2,2,0,1,1,1,0,1,0,0,1,0,1,0,1,0,0,0,0,1,0,2,1,0,1,0,0,1,0,1,0,0,0,0,0,0,0,0,1,0,0,0,0,0,0,0,0,2,1,0,0,0,1,0,1,1,1,1,1,1,1,2,1,0,1,1,0,0,0,0,1,0,0,1,2,1,1,1,2,1,1,1,1,0,0,1,0,0,2,0,0,1,0,0,1,1,2,1,0,1,1,1,0,0,1,0,0,0,1,0,0,0,1,0,1,0,2,0,1,0,1,0,0,0,0,1,0,0,1,0,1,0,0,0,1,0,1,1,0,0,1,0,0,1,2,0,0,0,1,0,0,1,0,0,2,1,0,0,0,1,0,0,1,0,0,0,0,0,0
KL0644,0,0,0,0,0,1,2,1,0,0,1,2,0,0,0,1,0,0,0,0,0,0,0,0,0,0,0,1,0,0,2,1,2,0,0,0,1,0,0,0,0,1,0,0,1,1,1,0,1,2,1,1,0,1,0,0,1,0,1,0,0,0,0,0,0,1,0,1,0,1,0,0,0,0,1,0,1,1,0,0,0,0,0,0,0,1,1,1,0,0,1,1,0,1,0,1,0,0,0,0,0,1,1,1,1,0,1,0,0,0,0,1,0,0,1,0,1,1,0,2,0,0,0,0,0,0,0,1,1,2,1,1,0,1,0,1,1,0,0,1,0,1,1,0,1,0,1,1,1,0,1,1,0,0,1,2,0,0,0,0,0,0,0,0,0,0,0,1,0,0,2,1,0,1,0,1,1,0,0,0,0,0,1,0,0,0,0,2,0,1,1,1,0,1,0,0,1,1,0,1
KL0645,1,0,0,1,0,1,2,0,0,1,2,0,1,0,0,1,0,2,2,0,2,1,1,0,0,0,1,1,0,0,0,2,0,0,1,0,2,0,0,2,0,0,0,0,0,1,0,0,0,2,0,0,2,0,0,0,1,0,0,1,0,1,0,0,1,0,1,0,0,1,1,0,0,0,0,0,1,2,1,1,0,0,1,0,0,2,1,2,1,0,1,0,2,0,0,1,1,0,0,0,0,0,2,0,2,0,1,0,1,1,0,1,0,0,1,0,2,1,0,2,0,1,0,0,0,0,0,0,2,0,1,0,1,0,0,0,1,0,0,1,0,1,0,0,0,0,2,1,1,1,0,0,0,1,0,0,1,0,0,1,0,0,0,0,2,0,0,2,0,1,1,1,0,1,0,1,0,0,0,0,0,0,1,0,0,1,0,1,1,1,0,0,0,0,0,0,1,0,0,1
KL0646,0,0,0,2,1,1,1,1,0,0,1,0,1,1,0,1,1,0,0,0,1,1,0,0,0,0,1,1,1,0,0,0,1,0,0,0,1,0,1,0,1,0,0,0,0,0,0,0,0,1,1,1,1,0,0,1,0,0,1,0,0,0,2,0,0,0,0,0,0,1,1,0,0,1,1,1,0,0,0,1,0,1,0,0,0,0,1,1,1,0,1,0,0,2,2,0,1,0,0,0,0,0,1,1,2,1,0,0,0,0,1,1,0,2,1,1,1,2,0,1,0,0,1,1,0,0,0,1,2,0,1,1,0,1,1,1,1,0,0,0,0,1,1,1,1,1,1,0,0,1,0,2,0,1,0,2,1,0,0,0,1,0,1,1,1,0,0,1,0,0,1,1,0,1,0,1,1,1,0,0,2,0,0,0,0,1,0,2,1,0,0,0,0,1,0,0,1,0,1,0
KL0647,1,0,0,0,0,0,2,0,0,0,0,0,1,0,0,0,1,0,2,0,1,0,0,0,0,0,1,0,0,0,1,1,1,1,0,0,2,0,1,1,1,0,0,1,0,1,0,0,0,1,1,1,0,1,0,0,1,0,1,0,1,0,0,1,0,1,0,0,1,0,0,0,0,1,2,0,0,0,1,1,0,1,0,0,0,1,0,0,0,0,0,1,2,0,1,0,0,0,0,1,0,0,0,0,1,2,1,0,0,1,0,1,2,1,2,1,1,0,0,1,0,0,1,0,0,0,0,1,0,2,2,0,0,0,0,0,1,0,0,0,0,1,1,0,1,1,2,0,0,0,1,0,0,0,1,1,0,2,0,0,1,1,0,0,0,0,0,1,0,0,1,0,0,0,0,2,0,1,0,0,1,0,2,0,0,1,1,1,0,0,0,0,0,1,0,0,1,1,1,1
KL0648,1,1,0,0,1,1,1,1,1,1,1,0,1,0,0,1,1,2,1,0,0,2,0,1,0,1,0,0,0,0,0,0,1,0,0,0,0,0,2,0,0,1,0,1,0,1,1,0,1,0,1,1,2,0,0,0,0,0,1,0,1,0,0,0,0,0,2,0,0,1,1,0,0,0,0,0,0,1,0,1,0,0,1,0,0,0,1,2,1,0,1,0,0,0,0,1,1,0,1,0,1,0,0,2,1,1,0,0,0,0,1,2,0,1,1,0,2,0,1,2,0,0,1,0,0,0,0,1,2,1,0,0,1,0,0,0,1,0,0,1,0,2,0,0,1,1,0,0,1,0,2,1,0,0,0,1,2,0,0,0,0,0,0,1,1,1,0,0,0,0,1,1,0,2,0,0,0,1,0,0,0,2,2,1,0,0,1,0,0,1,1,1,1,2,0,0,2,1,0,0
KL0649,1,0,0,1,1,1,1,2,0,2,1,1,2,2,0,1,1,1,2,0,0,1,1,1,1,0,1,0,1,0,2,0,2,1,0,0,1,1,1,0,0,1,0,1,0,2,0,0,0,1,0,2,2,0,1,1,0,0,1,0,0,0,0,0,1,1,1,0,0,1,0,0,0,2,0,0,1,0,2,0,0,1,0,1,0,1,1,1,0,0,0,0,0,0,0,1,1,0,0,0,2,1,0,1,1,2,1,1,0,0,0,0,0,0,1,0,0,0,0,1,0,0,1,0,0,0,0,1,1,0,1,0,2,1,0,1,1,0,0,1,0,1,0,0,0,0,1,1,1,0,1,0,0,1,2,0,1,1,1,1,1,1,0,0,1,0,0,0,0,0,1,0,0,1,1,1,0,0,0,0,0,1,1,1,0,0,0,1,1,0,0,1,0,1,0,1,2,2,0,0
KL0650,0,1,1,1,1,1,1,2,1,0,0,0,2,0,0,1,1,0,0,0,0,2,0,0,0,0,0,0,0,0,1,0,0,0,1,1,2,0,2,1,0,0,0,1,0,2,0,0,0,0,1,1,1,1,0,0,0,0,1,0,0,1,0,0,0,0,1,1,2,1,1,0,1,0,2,0,0,2,2,1,0,0,0,2,0,0,2,2,0,0,2,0,0,1,0,1,0,0,0,1,1,1,0,0,2,1,0,0,1,0,0,2,0,1,0,0,1,1,0,0,1,0,0,0,0,2,0,0,0,1,0,1,2,0,0,1,0,0,0,0,1,1,0,1,0,0,0,1,1,0,0,2,1,1,1,1,1,0,0,0,0,0,0,0,0,1,0,1,0,0,0,0,0,0,0,2,0,0,0,0,1,0,1,0,1,1,1,0,0,2,1,0,0,1,0,0,1,0,0,0
KL0651,0,0,0,0,0,0,1,1,0,1,1,0,0,1,0,0,1,1,1,0,0,1,0,0,0,0,1,0,1,0,1,0,0,1,1,0,0,0,1,1,0,0,0,0,1,1,1,0,1,1,2,2,0,1,0,1,1,0,0,1,1,0,0,0,2,0,0,1,0,2,0,0,1,1,0,0,2,1,2,0,1,0,2,1,0,0,1,1,0,0,0,0,2,1,0,1,0,0,0,1,0,0,0,1,2,0,1,0,0,1,0,1,0,1,1,0,1,0,0,0,0,0,2,0,0,0,0,1,0,1,0,2,1,1,1,0,0,1,0,1,0,1,0,1,1,2,1,1,1,1,1,0,0,1,1,1,1,1,0,0,0,0,0,0,0,0,0,1,0,0,1,0,0,0,1,2,0,0,0,0,0,1,1,0,1,0,0,0,0,0,0,0,0,1,2,1,1,1,2,0
KL0652,0,0,0,1,0,0,1,1,0,1,1,1,0,0,0,2,1,0,0,0,0,2,0,1,0,0,1,0,0,0,0,0,1,1,1,0,2,0,1,0,0,0,0,1,1,1,0,0,1,2,0,0,0,1,0,0,0,0,0,0,1,0,0,0,0,0,0,1,0,0,2,0,1,0,0,1,0,1,0,1,0,1,1,0,0,0,0,1,0,1,1,1,1,0,0,1,0,0,0,0,1,0,0,0,1,0,1,1,0,1,0,1,0,0,1,0,1,2,0,0,0,0,1,0,0,1,0,0,2,0,1,0,2,0,0,1,0,0,0,0,0,1,0,1,0,0,1,2,2,0,0,1,0,2,0,0,1,0,0,0,0,0,0,0,0,1,1,0,0,0,0,1,0,0,0,1,0,0,0,0,0,0,1,0,0,1,0,1,0,2,1,1,0,1,1,0,0,1,0,1
KL0653,0,0,0,2,0,2,0,0,0,0,0,1,1,1,0,0,1,1,1,0,0,1,1,0,0,1,2,0,0,0,0,1,0,0,0,0,1,1,2,1,1,0,0,1,1,0,2,0,0,1,0,1,0,1,0,0,0,0,0,0,1,1,0,1,1,0,1,2,0,0,0,0,0,0,0,1,0,2,1,1,0,0,1,0,0,1,0,1,0,0,2,0,2,1,0,0,0,0,0,1,1,1,1,2,2,2,1,1,0,2,0,0,0,1,1,1,1,1,1,1,0,0,0,0,0,0,0,2,1,1,1,0,1,0,0,1,0,0,0,0,0,1,0,1,1,1,1,0,0,2,2,1,1,1,1,2,1,2,0,0,1,0,0,0,0,0,1,0,0,0,1,0,0,0,1,1,1,2,0,0,0,0,0,1,0,0,1,0,1,0,2,1,0,1,0,1,1,0,1,1
KL0654,1,0,0,1,1,1,0,0,0,1,1,2,0,1,1,2,0,0,1,0,0,1,1,1,0,0,1,0,0,1,1,1,1,1,0,0,1,0,0,1,0,0,0,0,0,1,0,0,1,0,1,1,0,2,0,0,0,0,1,0,0,0,0,0,0,1,1,2,1,2,1,0,0,0,0,1,0,1,1,2,0,1,0,1,0,1,1,2,0,0,1,1,1,1,1,0,0,0,0,0,1,0,1,0,0,0,0,2,0,0,0,1,0,2,1,1,0,2,0,0,0,0,1,1,0,1,1,0,1,1,1,1,0,0,0,1,1,2,0,0,0,2,0,0,0,1,0,0,2,1,1,1,0,0,1,2,1,0,1,1,0,2,0,0,0,1,0,1,0,0,0,1,0,2,0,1,1,0,0,1,0,0,2,0,0,0,1,1,0,0,1,1,0,2,0,1,1,1,0,1
KL0655,0,0,0,0,1,0,1,1,0,1,2,0,2,0,0,1,1,2,0,0,0,0,1,1,0,0,1,0,1,1,1,0,1,0,2,0,1,0,1,0,0,1,0,2,0,1,0,0,1,1,2,1,0,0,0,2,1,1,0,1,0,0,1,0,0,0,1,2,0,1,1,0,0,0,0,1,0,1,2,0,0,0,1,0,0,0,0,1,1,1,0,0,0,2,0,0,0,0,0,1,1,1,0,0,1,1,1,1,0,1,0,1,0,0,0,1,2,1,0,1,0,0,0,0,0,1,0,2,2,0,2,0,1,0,0,1,1,0,0,1,0,0,0,0,0,0,1,1,1,0,0,0,0,0,1,1,0,1,0,0,0,1,0,0,0,0,0,0,1,0,0,1,0,0,0,1,0,1,0,0,0,1,0,0,1,1,1,1,1,0,1,1,0,0,0,0,0,0,1,0
KL0656,0,0,0,1,1,1,2,1,0,1,1,0,2,1,0,1,0,0,2,0,0,2,0,1,0,0,0,0,1,0,1,1,1,0,1,0,1,0,1,0,0,0,0,0,0,1,1,1,0,0,0,2,1,1,0,1,0,0,1,0,1,0,0,0,0,0,2,0,0,1,1,0,0,0,0,1,1,1,1,0,0,0,1,0,1,1,0,2,0,0,0,0,1,2,0,1,1,1,1,0,0,0,0,0,1,0,1,0,0,1,1,2,0,2,1,1,2,1,1,1,0,0,2,1,0,2,0,2,0,0,2,1,0,0,0,1,2,0,0,0,0,1,1,1,0,0,1,0,1,1,0,1,0,0,0,0,1,1,0,1,0,0,1,2,1,1,0,0,0,0,0,0,0,0,1,2,0,0,0,0,0,0,1,0,0,0,1,1,1,0,1,0,0,2,0,1,0,1,0,0
KL0657,0,0,0,1,0,1,2,1,0,1,2,0,1,0,0,0,2,0,0,1,0,2,0,0,0,0,1,1,1,0,1,0,1,0,1,0,0,0,2,1,0,0,0,1,0,0,0,0,2,2,0,0,0,0,0,1,0,0,2,2,1,0,0,0,0,1,1,0,1,1,0,0,0,1,0,1,0,0,2,0,1,1,1,1,0,0,0,1,1,0,0,0,1,1,0,0,1,0,1,0,1,1,2,1,0,0,0,0,0,1,0,1,2,0,1,1,0,1,1,0,0,0,1,0,0,0,1,0,0,1,2,0,2,1,0,1,1,0,0,0,0,1,0,1,0,0,1,0,1,1,0,0,1,1,1,2,1,0,0,1,0,0,0,1,1,0,1,1,1,0,0,1,0,0,0,1,1,0,0,0,0,0,2,0,0,0,2,0,1,1,1,1,0,1,0,1,0,2,0,1
KL0658,1,1,0,0,0,0,1,0,0,0,0,1,0,0,0,0,1,0,2,0,0,1,0,1,0,0,2,0,0,0,0,0,1,1,1,0,0,0,0,0,0,2,0,1,0,1,0,0,0,1,0,1,0,0,1,1,1,0,0,1,1,0,0,0,0,0,1,0,0,1,1,0,0,0,0,1,0,1,0,0,0,0,0,0,1,1,1,0,0,0,1,0,1,2,0,0,0,0,1,0,2,0,0,1,1,2,0,1,0,1,0,0,0,0,1,0,1,0,0,1,0,0,1,0,0,1,1,0,0,0,1,1,1,0,0,2,1,0,0,1,1,2,1,0,0,1,1,0,1,0,0,0,0,0,0,2,0,1,0,0,0,0,0,0,1,0,1,0,2,1,2,0,0,1,1,0,0,0,0,0,1,1,1,0,0,1,0,1,0,0,0,1,0,0,0,0,0,1,0,0
KL0659,0,0,0,0,0,0,1,2,1,0,0,1,2,0,0,0,0,0,1,0,0,1,0,1,0,0,1,0,0,0,1,0,0,0,1,1,1,0,2,0,0,1,0,1,1,2,0,0,0,0,1,1,1,0,0,1,0,0,1,0,0,0,1,1,2,0,2,1,0,1,0,0,0,1,0,0,1,1,0,0,1,1,0,0,0,1,0,0,0,0,2,0,1,1,1,1,1,1,0,0,1,1,1,2,2,0,1,0,0,2,0,0,1,1,0,0,1,2,2,1,0,0,2,1,0,1,0,2,0,0,1,1,0,0,0,1,0,1,0,2,0,0,0,0,0,1,2,0,1,1,1,0,0,0,2,1,1,0,0,0,0,1,0,0,0,1,0,2,1,1,1,0,0,1,0,0,1,0,0,1,0,0,0,1,0,0,0,2,1,0,0,1,0,1,0,0,1,0,0,1
KL0660,1,0,0,1,1,0,2,0,0,0,1,0,1,0,0,1,1,1,1,0,0,1,2,2,0,0,0,0,0,1,0,0,1,0,0,0,2,1,0,1,0,2,0,1,0,2,0,0,0,1,2,2,1,0,1,1,1,0,1,0,0,0,0,0,0,1,1,0,2,1,0,0,1,0,0,0,0,1,1,1,0,1,1,0,0,1,1,1,1,0,0,0,2,1,1,1,2,0,0,0,0,0,1,1,2,0,1,0,0,0,0,1,0,0,1,1,0,0,0,0,0,0,0,0,0,1,1,0,0,0,1,0,1,0,1,0,1,0,0,0,1,2,1,0,0,1,0,0,1,1,0,1,0,0,0,1,0,0,0,0,0,0,0,1,0,0,0,1,0,0,1,1,0,0,1,1,0,1,1,0,0,1,1,0,0,1,2,0,0,0,0,0,0,1,0,0,1,0,0,2
KL0661,0,0,0,1,1,2,1,0,1,2,1,0,0,0,0,1,2,1,1,0,0,1,1,2,0,0,0,1,0,0,1,1,1,0,2,0,1,1,1,1,1,1,0,1,1,0,0,0,1,1,0,1,1,0,0,0,0,0,1,1,1,1,0,0,1,1,0,1,1,1,2,0,0,0,0,0,1,1,1,1,0,0,1,1,0,2,2,0,0,0,0,0,1,0,1,0,0,0,0,0,1,1,0,0,1,1,1,1,0,1,0,1,0,1,1,0,1,0,0,0,0,0,0,1,0,2,1,0,1,0,1,0,1,2,0,1,0,0,0,0,0,1,1,0,0,2,1,1,2,1,0,2,0,0,0,1,1,0,0,0,1,2,0,1,0,0,0,0,0,0,0,2,0,1,1,0,0,0,0,0,0,0,0,1,1,1,1,1,1,0,2,1,0,1,0,0,1,0,0,0
KL0662,0,1,0,1,1,1,2,2,0,0,0,0,1,1,0,0,1,1,1,0,0,0,0,0,0,0,0,0,0,0,1,1,0,0,0,0,2,1,1,0,0,1,1,2,1,1,0,0,1,2,0,1,1,0,0,1,0,1,1,0,1,1,1,1,0,0,1,0,0,1,2,0,1,0,0,1,0,0,0,0,0,0,0,0,0,1,0,1,1,0,1,0,2,2,0,0,2,0,1,0,0,1,0,1,1,2,0,1,1,0,0,2,1,1,2,0,1,0,2,1,1,0,0,0,1,2,0,0,0,0,0,0,1,0,0,1,0,0,0,1,0,0,2,0,1,1,1,1,2,0,0,0,0,1,0,0,1,0,0,0,0,2,2,1,0,1,0,1,0,0,0,1,0,0,1,0,0,1,0,1,0,0,0,0,1,1,0,0,0,2,1,1,0,1,0,0,1,1,1,1
KL0663,2,0,0,1,0,2,2,1,0,0,0,1,2,0,1,0,0,1,2,0,0,2,0,2,0,0,1,0,1,0,0,0,1,1,1,1,1,1,2,1,0,0,0,0,1,1,0,0,0,0,0,1,0,1,0,1,0,1,0,1,1,0,0,0,0,0,1,1,0,1,1,0,0,0,0,1,0,1,0,1,0,0,0,0,0,0,0,2,0,0,1,0,1,1,0,1,0,2,0,0,0,0,0,1,0,1,0,0,0,1,0,1,0,1,0,1,1,0,0,0,1,0,0,0,0,0,0,2,1,1,0,0,0,0,0,1,0,1,0,1,0,1,0,0,1,1,0,2,1,0,1,1,0,1,1,0,0,0,0,0,1,0,0,1,2,0,0,0,1,0,0,1,0,1,1,0,1,0,0,0,0,0,2,0,0,0,1,0,0,0,0,0,0,2,0,0,1,1,1,0
KL0664,0,0,0,0,0,0,0,0,0,0,0,1,1,2,0,1,1,0,0,0,0,1,1,1,0,0,1,0,0,0,1,0,1,0,1,0,1,0,0,0,1,0,0,0,1,0,0,0,0,0,0,0,0,1,0,1,1,0,0,1,0,1,0,0,2,1,2,1,0,0,1,0,1,0,0,0,0,1,0,0,2,0,1,0,1,0,1,0,2,0,0,0,0,0,0,0,0,0,0,0,2,1,0,0,2,2,2,1,0,0,0,0,0,1,2,1,1,2,0,1,0,0,1,1,0,0,0,1,1,0,1,0,0,0,0,0,1,0,0,0,0,1,0,1,0,1,1,0,0,0,0,1,1,0,0,0,1,0,0,1,0,1,0,0,0,1,0,0,0,0,0,1,0,0,0,2,1,2,0,0,1,0,2,1,0,0,2,1,1,0,0,1,0,0,0,0,1,1,2,1
KL0665,0,0,0,0,1,2,1,0,0,0,2,0,1,1,0,1,0,1,2,0,0,1,1,0,0,0,1,0,0,0,1,0,0,0,0,0,2,1,0,0,0,0,0,0,0,2,0,0,1,1,0,1,0,1,0,0,0,0,0,1,0,0,0,0,0,0,1,1,1,0,1,0,0,0,0,0,1,1,1,0,1,0,1,1,1,1,1,0,0,0,1,0,1,0,1,0,0,0,0,0,1,0,1,0,0,0,0,0,0,1,0,0,1,0,2,0,1,2,0,2,2,0,0,0,0,1,0,1,1,2,2,1,1,0,0,0,1,0,0,0,0,0,1,1,0,1,0,0,1,0,0,0,2,0,0,0,1,0,0,0,1,0,0,1,0,0,1,2,1,0,0,1,0,1,1,0,0,1,0,0,0,0,2,0,0,0,1,0,1,0,0,0,0,1,0,0,2,1,0,0
KL0666,0,0,0,1,0,0,1,1,1,1,1,1,0,1,0,2,0,1,0,0,0,0,0,0,0,0,0,0,0,0,1,0,2,1,1,0,0,0,0,0,1,1,0,0,0,1,0,0,2,0,0,1,1,0,1,1,0,0,1,1,0,0,0,1,0,0,0,0,0,2,1,0,0,0,0,0,1,0,2,0,1,0,0,1,0,1,1,0,1,0,0,0,2,0,0,0,2,0,0,0,1,1,2,0,1,0,1,0,0,0,0,1,0,1,1,1,0,0,0,1,1,1,1,1,0,1,0,0,1,0,2,0,1,0,0,2,0,0,0,1,0,0,0,1,0,1,1,0,1,2,0,0,0,0,1,0,0,0,1,0,0,1,1,1,0,0,0,0,0,0,0,1,1,0,1,0,0,1,0,0,0,0,1,0,1,0,1,1,0,0,1,1,0,2,0,0,1,0,1,0
KL0667,1,0,0,1,0,1,1,2,0,1,0,1,2,0,0,1,1,1,2,1,0,2,0,0,0,0,1,0,0,0,0,0,1,0,1,0,0,0,1,1,0,2,0,1,0,1,0,0,0,0,0,2,0,0,0,1,0,0,1,1,0,1,0,0,1,0,2,1,0,1,1,0,0,0,1,0,0,1,2,0,0,0,1,0,0,1,0,0,1,1,1,0,0,1,1,0,0,0,0,0,0,0,1,2,1,0,1,1,0,1,1,0,0,1,0,1,2,1,1,2,0,0,1,0,0,0,1,0,0,1,2,0,2,0,1,1,1,0,0,1,0,0,0,0,1,0,1,1,1,1,0,0,0,0,0,0,1,0,0,0,1,0,0,2,0,0,0,0,0,1,0,1,0,0,2,2,0,1,0,0,1,0,2,1,0,0,1,0,0,0,0,0,1,0,0,1,2,0,1,1
KL0668,1,0,0,1,0,0,0,0,0,1,0,1,1,2,0,0,0,0,2,0,0,0,0,1,0,0,1,0,1,0,1,0,1,0,0,0,1,0,2,1,0,0,0,0,0,2,0,0,0,1,0,2,1,0,0,1,1,0,0,1,1,0,0,1,0,0,1,0,0,1,1,0,0,1,0,0,0,1,1,0,1,0,0,0,1,0,0,1,0,0,1,0,0,0,1,1,0,0,0,0,2,1,1,0,2,2,2,1,0,1,1,1,1,0,2,1,1,2,1,1,0,0,0,0,0,1,1,1,0,1,1,2,1,1,0,0,0,1,0,1,0,0,0,0,1,2,0,0,2,1,2,2,0,1,0,2,1,0,0,0,1,0,1,0,0,0,0,2,1,0,0,0,0,0,1,1,1,0,0,0,1,0,2,0,0,1,0,1,0,2,0,0,0,0,0,0,0,0,0,1
KL0669,0,0,0,0,0,1,0,2,0,0,1,0,2,2,0,2,1,0,2,1,0,0,0,1,0,0,1,0,0,0,2,0,1,0,0,0,2,0,1,1,0,1,0,2,1,2,0,0,1,0,0,1,0,0,0,1,1,1,2,0,0,1,0,0,1,0,0,2,0,1,0,0,1,0,0,0,0,1,1,0,0,0,1,0,1,0,0,0,0,0,0,0,1,1,1,1,1,0,0,1,0,0,0,1,0,1,0,0,0,1,0,1,1,0,1,1,0,1,0,1,1,0,2,0,0,0,0,1,1,0,1,0,0,0,1,1,0,0,0,0,0,0,0,1,1,0,0,1,0,0,1,1,1,1,0,1,1,0,0,0,0,1,1,2,0,1,0,1,0,1,1,0,0,0,1,0,0,0,0,0,1,0,1,0,0,0,0,1,1,0,0,1,0,2,0,0,1,0,2,0
KL0670,1,1,0,0,0,1,0,1,2,0,0,1,1,0,0,1,0,1,1,0,1,0,0,2,0,0,1,1,0,0,0,0,1,0,0,0,1,0,0,0,0,0,0,0,0,0,0,0,1,1,1,0,1,0,0,0,1,0,1,1,0,1,0,0,1,0,1,1,0,1,1,0,0,1,0,0,0,1,2,0,0,0,0,0,1,1,2,1,2,0,0,1,0,0,0,1,0,0,0,1,0,1,1,0,1,2,0,0,0,2,0,2,0,0,1,1,1,0,1,1,1,0,2,0,0,1,0,0,0,1,0,0,1,1,0,1,0,1,0,0,0,1,0,1,1,0,0,0,1,0,0,2,0,0,1,1,0,0,0,0,2,2,0,0,0,1,0,1,0,0,0,0,0,0,1,0,0,0,0,0,0,0,1,0,0,1,1,0,1,0,0,1,0,0,1,0,1,1,0,0
KL0671,1,0,0,1,0,2,2,2,0,0,0,1,0,1,0,0,0,2,0,0,0,0,1,0,0,0,0,0,0,0,1,0,1,0,0,0,1,0,2,1,0,0,1,1,0,1,0,0,1,1,0,1,0,0,0,1,1,0,2,2,1,0,0,0,0,0,1,1,0,1,0,0,0,0,0,0,1,1,0,0,0,0,0,0,0,0,0,1,1,0,1,1,0,1,0,0,0,0,1,0,0,0,1,1,1,0,0,1,0,0,0,0,0,0,1,0,1,1,0,1,0,0,0,0,0,2,0,0,1,2,2,0,2,0,0,1,1,0,0,0,0,1,0,1,0,2,0,1,0,0,0,2,0,0,0,0,0,0,0,1,0,1,0,0,0,0,0,1,1,2,0,1,0,0,0,1,0,0,0,1,0,0,1,0,2,2,0,0,0,0,0,2,0,2,0,0,1,0,2,0
KL0672,1,0,0,1,0,1,1,0,0,1,1,1,0,1,0,1,2,2,1,0,0,1,0,2,0,0,0,1,0,0,2,1,1,0,0,0,2,0,1,1,0,0,0,0,1,1,0,0,1,1,0,0,0,0,0,0,0,1,1,1,0,0,0,0,0,0,1,0,0,1,1,0,0,0,0,0,1,1,0,0,0,0,1,0,0,0,0,1,2,0,1,0,2,0,1,1,0,1,0,0,1,0,0,1,1,1,0,0,0,1,0,1,0,1,2,1,0,0,1,2,0,0,1,0,0,1,0,1,1,0,1,1,1,0,0,2,1,0,0,0,0,1,0,0,0,0,1,1,2,1,0,0,0,1,1,0,1,0,1,0,1,0,1,1,1,1,0,1,0,1,0,2,0,0,2,0,0,0,0,1,0,0,1,1,0,1,1,0,0,0,1,0,0,1,0,1,1,1,0,1
KL0673,0,0,0,1,0,0,0,1,0,0,1,0,1,0,0,2,0,1,1,0,0,0,2,1,0,0,1,0,1,0,1,0,1,0,0,0,1,0,1,0,0,1,0,1,0,0,0,0,0,0,0,1,0,0,0,0,0,0,1,0,1,0,0,0,1,0,0,1,0,0,2,0,0,1,1,0,0,0,1,1,0,0,1,0,0,1,0,1,0,0,1,1,0,0,0,0,0,0,0,1,0,2,0,0,2,2,1,1,0,1,0,0,1,0,1,1,0,0,0,0,0,0,1,0,0,2,1,0,1,1,1,1,1,0,1,1,0,1,0,1,0,1,1,0,2,0,0,1,2,0,1,0,0,1,0,1,0,0,0,0,0,0,0,1,2,1,0,1,0,0,0,0,1,1,1,2,0,0,1,0,1,1,2,0,1,0,2,0,0,0,0,0,0,0,0,0,2,0,1,0
KL0674,1,0,0,2,0,1,2,1,0,0,0,0,0,1,0,0,0,0,1,0,1,0,0,1,0,0,0,0,1,0,2,2,0,0,0,1,1,0,2,0,1,0,0,1,0,1,1,0,1,2,0,0,1,1,1,1,0,0,1,0,1,0,1,0,0,0,1,1,0,2,2,0,0,0,0,0,0,0,1,0,0,0,0,0,1,0,1,0,0,0,1,0,1,2,0,1,1,1,0,0,0,0,0,1,1,1,1,1,1,1,0,1,0,0,1,1,1,0,0,1,0,0,0,1,0,0,0,1,0,0,1,0,0,0,1,1,1,0,0,1,0,1,1,1,0,1,0,1,1,1,0,1,0,1,0,2,0,0,0,0,1,1,0,0,1,1,1,0,0,0,2,1,1,2,0,2,0,0,0,0,0,0,1,0,0,0,1,1,0,0,0,1,0,1,0,2,2,0,0,0
KL0675,0,0,1,1,0,0,0,1,1,0,2,2,2,0,0,1,2,0,2,0,1,0,0,2,0,0,1,0,0,1,1,1,1,0,1,0,1,0,0,0,0,0,1,0,0,1,0,1,1,1,0,1,0,1,0,0,0,0,2,1,0,0,0,1,1,0,0,0,1,0,0,0,0,1,0,1,0,0,0,0,0,1,0,2,0,0,1,1,1,0,2,0,2,1,0,0,0,1,0,0,0,1,1,0,1,1,0,0,0,1,0,0,0,1,0,1,1,0,1,0,0,0,0,0,0,0,0,1,1,1,1,1,1,1,0,1,0,0,0,0,1,2,0,0,0,1,1,1,2,1,1,1,0,1,0,1,0,0,0,1,0,0,0,1,2,0,0,1,0,0,0,1,0,0,0,1,0,1,0,0,0,0,1,0,0,0,1,1,0,1,1,0,0,0,0,2,0,1,0,0
KL0676,1,0,0,1,0,0,1,1,0,0,1,1,0,0,0,0,1,1,1,0,0,1,0,1,0,0,1,0,0,0,1,0,1,1,0,0,1,1,1,0,0,2,1,0,0,1,1,0,1,0,0,2,0,0,0,0,2,0,1,1,0,0,0,1,0,0,0,0,0,0,1,0,1,1,0,0,0,0,1,1,1,0,1,0,1,0,0,2,1,0,0,0,1,1,0,0,1,0,0,0,1,1,1,0,1,2,1,0,0,0,0,1,0,0,1,0,1,0,0,0,0,0,1,0,0,0,0,0,0,0,1,1,0,0,1,0,0,0,0,0,0,1,0,1,2,0,1,1,1,0,1,0,0,0,0,1,0,0,0,0,1,2,0,1,1,1,1,0,0,1,0,2,0,0,0,2,0,1,0,0,0,0,2,1,0,0,1,2,0,1,1,2,0,2,0,0,0,0,1,0
KL0677,2,0,0,2,0,2,0,2,0,0,1,1,1,0,0,2,1,0,0,1,0,0,0,2,0,0,0,1,1,1,1,0,1,0,1,0,0,0,1,0,0,0,0,0,0,1,0,0,1,0,1,0,1,0,0,0,0,0,2,0,0,0,0,1,1,0,0,0,1,1,0,0,1,0,0,1,0,0,0,1,0,0,0,0,1,0,0,1,0,1,1,0,0,0,0,1,1,0,0,0,1,1,0,0,1,1,0,0,0,1,0,2,0,0,2,1,1,0,1,0,0,0,1,0,0,1,2,1,1,0,1,0,1,0,0,1,1,1,0,0,0,1,1,1,0,2,0,1,2,2,0,0,0,0,0,1,0,0,0,0,1,1,0,0,1,2,0,1,0,0,1,0,1,0,1,2,0,0,0,1,1,0,0,0,0,0,1,1,0,0,0,0,0,1,1,0,1,0,2,0
KL0678,1,0,0,0,0,0,2,1,0,1,1,0,1,0,0,0,1,1,0,0,1,0,1,0,0,0,1,0,0,0,1,1,0,0,0,0,1,0,0,0,0,0,0,1,0,2,0,0,0,0,2,0,1,1,0,0,0,0,2,1,0,0,0,0,0,0,0,1,0,0,1,0,0,0,0,1,0,0,1,2,0,0,1,0,1,2,0,1,0,0,1,0,0,1,0,1,0,0,0,0,2,0,0,1,2,1,1,0,0,2,0,0,0,0,1,1,0,1,1,2,0,0,1,0,0,0,0,0,1,1,1,1,1,0,0,0,2,0,0,0,1,2,0,0,1,1,1,2,0,2,1,0,0,1,0,1,1,0,0,0,1,0,1,0,0,0,0,2,0,0,1,0,0,0,0,1,0,0,0,0,1,0,2,0,0,1,1,1,0,1,2,1,0,1,0,0,0,0,1,0
KL0679,2,0,0,1,0,2,0,1,0,0,1,1,0,1,0,2,2,0,2,0,0,1,1,1,1,0,1,0,0,0,2,0,2,0,1,0,2,0,0,0,0,0,0,1,0,1,0,0,1,1,0,2,0,0,0,2,0,1,1,0,1,0,0,1,0,0,2,1,1,1,2,0,0,0,0,0,0,1,1,1,0,0,0,0,0,2,1,1,2,0,1,0,0,1,0,1,0,1,1,1,1,0,0,1,1,0,1,1,0,1,0,1,0,1,0,1,0,0,1,1,1,0,0,0,0,0,0,0,0,1,0,0,1,0,0,2,0,0,0,0,0,2,0,1,0,1,1,1,0,1,0,1,0,1,1,1,0,2,0,1,0,0,0,1,0,2,0,2,0,0,0,1,0,0,1,1,0,1,0,0,2,0,0,0,0,0,0,2,0,0,1,1,0,2,0,0,2,1,0,2
KL0680,0,0,0,1,0,0,0,1,0,0,0,0,0,1,0,1,0,1,1,0,0,0,1,2,0,0,0,0,0,0,2,1,0,0,0,0,1,1,1,0,0,1,0,0,0,0,0,0,1,1,0,1,0,0,0,2,1,0,0,1,0,0,0,0,2,1,1,1,1,1,2,0,0,0,0,0,0,0,2,0,0,1,0,1,1,0,0,1,0,0,1,0,0,0,0,0,0,0,1,0,0,0,0,1,1,1,0,1,0,1,1,0,1,0,0,1,1,1,0,1,0,0,1,1,0,1,2,1,1,0,1,0,2,0,1,0,1,0,0,1,0,1,0,1,0,1,1,0,1,1,1,0,1,1,0,1,1,0,1,0,0,1,0,0,0,0,0,1,1,0,1,1,0,1,1,1,0,0,0,0,0,0,0,1,0,0,0,1,1,0,1,0,0,2,0,0,0,0,1,0
KL0681,1,0,0,1,0,1,1,1,0,1,0,1,0,0,0,0,0,1,1,0,1,1,1,0,0,0,1,0,1,1,1,1,1,1,1,1,0,0,1,0,0,0,1,0,0,1,0,0,1,1,0,1,0,0,0,2,1,0,1,0,1,0,0,0,1,0,1,1,0,0,1,1,0,1,0,1,1,0,0,1,0,0,1,0,0,0,1,1,0,0,0,1,0,2,0,0,0,0,0,0,0,0,0,1,1,1,1,1,0,0,0,2,1,1,0,1,1,1,0,1,1,1,1,0,0,1,0,0,0,1,2,2,0,0,0,2,1,1,0,1,0,2,0,1,1,1,0,1,1,0,0,0,0,0,0,0,1,0,0,0,1,0,1,0,2,1,1,2,1,0,0,1,0,2,1,0,0,0,0,0,0,0,1,0,0,2,0,1,0,0,1,1,0,2,1,0,0,0,0,0
KL0682,2,0,0,1,0,1,0,1,1,0,0,2,2,0,0,0,0,1,0,0,2,1,0,1,0,0,1,0,1,1,2,0,1,0,1,1,0,0,1,1,0,2,1,1,0,1,0,0,0,0,0,1,0,0,0,1,1,0,1,0,1,0,0,0,0,0,0,2,1,2,2,1,0,0,0,0,1,1,2,0,0,0,0,0,1,1,0,0,0,0,1,2,1,1,0,1,0,0,0,0,0,0,0,0,1,1,0,0,0,1,0,1,0,0,2,1,1,1,0,2,0,0,0,1,0,1,0,0,0,0,0,0,0,0,0,1,1,0,0,0,0,1,0,0,0,1,0,1,1,2,0,1,1,0,0,1,2,0,0,0,0,1,0,0,0,1,1,0,0,0,1,0,0,0,0,2,0,0,0,0,0,0,1,1,0,0,1,0,0,0,1,1,0,0,0,1,0,0,0,2
KL0683,1,0,0,1,0,1,1,1,1,0,0,0,1,1,1,0,0,1,0,0,0,1,1,0,0,0,1,0,1,0,2,0,1,0,1,0,1,0,1,0,0,1,0,2,1,2,0,0,0,0,0,0,1,0,0,0,0,0,0,0,0,0,0,1,0,0,0,1,0,1,0,0,0,0,0,0,0,0,1,0,1,0,0,0,1,0,1,2,1,0,0,0,1,1,0,0,0,0,0,0,1,0,1,0,1,0,0,0,0,0,0,1,1,0,0,1,1,0,0,1,0,1,0,0,0,0,0,1,0,0,2,1,1,0,0,0,2,1,0,0,0,1,0,1,0,1,1,1,1,0,2,0,0,0,0,0,2,1,0,0,2,0,1,1,2,0,0,1,0,1,1,2,0,0,0,1,0,1,1,0,0,0,0,1,0,1,0,1,0,1,0,1,0,1,0,0,1,0,0,0
KL0684,1,0,0,1,0,2,0,2,0,1,1,1,0,1,0,1,0,1,1,0,0,1,1,1,0,0,1,1,0,1,1,0,1,0,1,1,2,0,2,1,0,2,0,0,0,2,1,1,1,2,1,0,2,0,0,0,1,0,1,0,0,0,0,1,0,1,1,2,0,1,2,0,1,0,0,0,0,1,0,0,1,0,1,0,0,0,0,0,0,0,0,0,1,1,0,0,1,0,0,0,0,0,0,1,0,1,1,0,0,1,0,0,0,1,2,1,1,1,1,1,0,0,0,0,0,1,0,1,0,1,1,0,0,0,0,1,1,0,0,0,0,0,1,0,1,2,1,1,1,2,0,1,1,1,1,2,1,0,0,0,0,1,1,0,1,1,0,0,1,0,1,1,0,1,1,1,0,0,1,0,0,0,0,1,1,0,0,0,0,0,1,2,1,1,0,0,1,1,2,1
KL0685,2,0,0,1,0,0,1,1,0,0,1,1,2,0,1,1,2,1,1,0,0,1,1,1,0,0,2,2,0,1,2,0,1,1,1,0,0,0,0,0,0,1,0,1,1,0,0,2,1,1,0,2,0,1,0,1,0,0,1,0,1,0,0,1,0,0,1,2,0,1,1,1,0,1,1,1,0,1,1,0,1,0,0,0,0,1,0,2,1,0,1,0,0,1,0,1,1,0,0,0,2,0,1,0,1,2,0,0,1,2,0,0,0,1,0,0,1,1,0,2,1,0,1,0,1,0,1,1,1,0,2,1,0,0,0,0,0,0,0,0,0,2,1,0,1,1,1,0,1,1,0,1,0,1,0,1,2,0,0,0,0,2,0,0,1,0,0,1,0,0,0,1,0,0,0,0,0,0,0,0,0,1,2,0,0,0,1,2,0,1,1,1,0,1,0,1,1,0,1,1
KL0686,0,0,0,1,0,0,0,2,0,0,2,0,0,0,0,1,0,1,0,0,0,0,2,0,1,0,1,0,2,0,1,0,0,0,0,0,1,0,0,0,1,1,0,0,1,1,0,0,0,1,0,2,0,1,0,0,0,0,1,0,1,0,0,1,2,0,1,0,0,1,1,0,0,0,0,0,0,0,0,1,0,0,0,0,1,1,0,0,0,0,0,0,0,0,0,0,1,1,0,1,2,1,0,1,2,1,0,1,0,0,1,0,0,1,0,0,1,1,1,1,0,0,0,0,0,1,2,1,0,1,1,0,1,1,0,2,1,0,0,0,0,1,0,0,0,0,2,0,0,1,0,2,0,1,1,1,1,1,0,0,0,1,1,0,0,0,1,0,1,0,0,1,0,2,1,0,0,1,0,1,2,1,2,1,0,0,1,1,1,0,0,2,1,1,0,1,1,0,0,0
KL0687,1,0,0,2,0,1,0,1,0,0,0,2,2,0,0,0,1,0,0,0,0,0,1,1,0,0,2,0,2,0,2,0,1,0,1,0,2,0,2,1,0,1,1,1,0,2,0,0,0,1,0,0,1,1,0,1,1,0,2,0,0,0,0,0,0,0,1,1,0,1,1,0,0,0,0,1,0,0,2,0,1,0,1,0,1,0,1,1,0,0,1,0,1,1,1,1,1,0,0,0,1,1,1,1,0,0,0,0,1,1,0,1,0,0,1,1,2,1,0,1,0,0,1,0,0,2,1,2,0,0,1,0,0,0,0,1,1,0,0,0,0,1,1,1,0,1,0,1,1,0,0,0,1,0,1,2,1,0,0,0,0,1,1,0,0,0,0,1,1,0,0,1,0,2,1,1,0,0,0,1,0,0,1,0,0,1,1,1,0,1,0,0,0,2,0,1,0,0,1,1
KL0688,0,0,0,1,1,0,1,0,0,1,0,1,0,1,1,1,0,1,1,0,0,1,0,1,0,0,2,0,0,1,2,1,2,0,0,0,0,0,1,0,0,1,0,1,0,1,0,0,2,0,0,1,0,1,0,2,0,0,0,0,1,0,0,1,0,1,1,0,0,1,0,0,1,0,0,0,1,0,1,1,1,1,0,0,0,2,2,0,0,0,0,0,2,1,0,1,1,0,1,0,1,1,0,1,1,1,1,0,0,2,0,1,0,0,1,0,0,1,0,1,1,0,0,0,0,1,0,1,2,2,1,0,2,0,0,1,0,0,0,0,0,0,0,0,1,1,1,2,1,1,1,2,0,1,1,0,1,0,0,0,0,1,0,1,1,1,0,1,0,0,0,0,1,0,2,2,0,0,1,0,0,0,1,1,0,0,0,1,0,1,0,1,0,0,0,0,0,2,0,0
KL0689,0,0,0,0,0,1,2,1,2,0,1,0,1,1,0,2,0,0,0,0,0,1,0,1,0,0,0,1,0,0,1,1,0,0,0,0,1,1,0,0,0,1,0,0,0,2,0,0,0,0,0,0,0,1,0,0,0,0,1,1,0,1,0,0,0,0,1,1,0,0,1,0,0,0,0,0,1,1,2,0,0,0,1,0,2,1,0,2,2,0,1,0,0,0,1,1,0,0,0,1,1,1,2,0,1,0,0,0,1,1,0,1,0,1,1,0,0,2,0,1,0,0,0,0,0,0,1,0,1,0,1,0,1,0,0,2,1,0,1,1,0,1,0,0,0,1,1,1,2,0,1,0,0,1,1,0,0,0,0,0,1,0,1,0,0,0,0,1,0,0,0,0,0,0,1,1,0,0,0,0,0,0,1,0,1,2,0,0,0,1,1,0,0,1,0,0,0,1,0,1
KL0690,1,0,0,1,1,1,2,1,0,1,0,1,1,2,0,1,0,0,1,0,0,2,0,1,0,1,2,0,1,0,1,0,2,1,0,0,1,1,1,0,0,0,0,0,1,0,0,0,0,0,1,0,0,0,0,1,0,0,0,1,1,0,0,0,1,1,0,2,0,2,1,0,0,1,0,0,0,1,0,0,0,0,0,0,0,2,0,1,0,0,0,0,2,1,0,0,0,0,0,1,2,0,1,1,0,1,0,0,0,1,0,1,0,1,2,0,1,1,0,0,0,0,2,0,0,0,0,1,1,0,1,2,1,0,0,1,0,0,0,1,0,1,0,0,1,2,2,0,1,0,1,0,0,2,0,1,1,0,0,0,2,0,0,0,0,0,0,0,0,0,0,1,0,0,1,1,0,0,0,1,1,1,1,0,1,1,0,1,0,0,1,0,0,1,0,1,1,0,0,1
KL0691,1,0,0,0,0,1,1,2,0,0,1,1,0,0,0,0,0,1,1,1,1,1,0,0,0,1,1,0,1,0,0,0,1,0,1,0,1,1,2,0,0,1,1,0,0,1,0,0,1,1,0,1,1,1,1,1,0,0,0,0,1,0,0,0,2,1,0,2,0,0,0,0,2,0,1,0,0,1,2,2,0,0,0,0,0,0,0,1,0,0,0,0,0,0,0,0,0,0,1,0,0,0,0,1,0,0,1,0,0,2,0,0,0,1,0,1,0,0,0,1,0,0,0,0,0,2,0,2,1,0,2,0,1,0,0,2,1,1,0,0,0,2,1,0,1,0,0,1,0,2,0,0,0,1,0,0,1,0,0,0,0,1,0,1,0,0,0,0,0,0,1,1,0,0,0,1,0,1,0,0,0,0,1,0,0,1,0,1,0,0,0,2,0,0,0,0,0,1,2,0
KL0692,1,0,1,2,0,2,0,0,0,0,0,2,1,0,0,0,0,0,0,0,0,0,1,1,0,0,1,0,0,0,0,0,2,1,1,0,1,0,2,0,0,0,1,1,0,2,1,0,1,2,0,1,1,0,0,1,0,0,2,0,2,0,1,1,1,0,2,1,0,0,1,0,0,0,1,0,0,0,0,0,0,0,0,0,0,1,1,2,0,0,0,1,1,1,0,0,1,0,0,0,0,1,0,2,2,0,0,1,0,0,0,2,0,0,2,0,0,0,0,0,0,0,0,0,0,1,0,2,1,1,2,0,0,0,1,2,1,1,0,1,0,1,0,1,0,2,2,1,1,0,1,1,0,0,0,0,2,0,1,0,0,0,1,0,1,1,0,1,0,0,1,1,0,2,0,2,1,0,0,0,1,0,1,1,0,0,0,2,0,0,1,2,0,2,0,0,0,0,0,0
KL0693,0,1,0,1,0,1,0,1,0,1,1,0,1,1,0,2,0,2,1,0,0,2,1,0,0,1,1,0,1,0,1,1,0,0,1,0,1,0,1,0,0,0,0,1,0,1,1,0,0,1,1,0,1,0,0,1,0,0,0,0,0,2,0,0,0,0,0,0,1,1,0,0,1,0,0,1,0,1,0,0,0,0,0,0,0,0,0,1,0,0,0,0,0,0,0,0,0,0,0,0,0,1,0,0,1,1,1,0,0,1,0,0,0,0,1,1,1,0,0,0,0,0,1,0,0,1,0,1,0,1,1,0,2,0,0,0,0,0,0,1,1,2,1,1,0,0,0,2,0,1,0,0,1,0,1,0,1,0,1,0,0,0,0,1,0,1,0,0,0,1,0,0,0,0,1,0,2,0,1,0,1,0,1,0,0,1,1,1,1,0,0,0,0,1,0,0,1,0,0,0
KL0694,2,0,0,2,0,2,1,0,0,0,1,0,1,0,0,2,0,0,1,0,1,0,0,1,0,0,0,0,0,0,1,1,1,0,1,0,1,0,1,0,0,1,0,0,2,1,0,1,0,0,2,0,2,0,0,0,1,0,1,0,0,0,0,1,1,0,1,1,0,1,2,0,1,1,0,0,0,1,1,1,0,0,0,0,0,1,1,1,0,0,0,1,1,1,0,1,0,0,1,1,2,1,2,1,1,2,1,0,0,0,0,0,0,0,0,1,0,0,0,1,1,0,0,0,0,1,1,1,0,0,2,2,1,0,1,1,0,0,0,0,0,1,0,0,0,1,0,0,0,1,1,0,0,0,1,0,0,0,0,0,1,0,0,0,1,0,1,1,1,0,1,1,0,0,0,1,2,0,0,0,2,0,1,0,0,2,1,0,1,0,0,0,0,0,0,0,2,1,2,0
KL0695,2,0,0,2,1,2,1,1,0,0,1,1,0,0,0,1,0,0,2,0,0,0,1,1,0,0,1,0,0,0,1,0,1,0,0,0,2,0,0,0,0,1,1,1,1,0,0,2,0,0,1,0,0,1,0,2,0,0,0,1,0,1,0,0,1,0,1,0,1,1,2,0,0,0,1,0,1,1,2,0,0,1,0,0,0,1,0,0,0,0,0,0,0,1,1,0,1,0,0,0,0,0,1,1,0,1,0,0,1,1,0,1,0,0,1,0,1,0,0,0,0,0,1,0,1,0,0,2,0,0,1,0,1,1,2,1,0,0,0,0,0,1,1,0,0,0,1,1,0,2,0,0,0,1,0,1,1,1,0,1,0,2,0,1,0,0,0,0,0,0,0,2,0,0,0,0,0,0,0,0,0,1,2,2,0,1,0,1,0,1,1,1,0,2,0,0,1,2,0,0
KL0696,0,0,0,1,0,0,1,1,0,0,1,2,1,1,0,1,1,0,2,0,1,0,0,1,0,0,1,0,1,0,0,1,1,0,0,0,1,1,0,0,0,0,1,1,0,2,0,1,0,1,1,2,2,0,0,0,0,1,1,0,0,0,0,0,1,1,1,2,1,1,1,0,1,0,0,1,0,0,0,0,0,0,1,1,0,1,1,1,0,0,1,0,0,2,1,0,0,1,0,0,0,0,0,1,1,1,0,0,1,2,0,1,1,0,1,0,1,0,0,0,0,0,0,0,0,0,0,1,1,0,1,0,1,1,0,0,1,0,0,0,0,2,2,0,0,0,0,0,1,0,0,0,0,0,1,0,1,0,1,1,0,1,0,2,0,0,0,1,0,0,1,0,0,1,0,0,0,0,0,0,1,0,1,0,1,1,0,2,0,0,1,1,0,2,0,0,2,1,1,1
KL0697,0,0,0,1,0,0,0,1,0,0,0,0,1,0,0,1,0,0,1,0,0,0,2,0,0,0,1,0,1,0,0,0,0,0,0,0,0,1,1,0,0,1,0,2,0,0,0,1,0,1,0,1,1,0,0,0,0,0,1,0,0,1,0,1,1,1,1,1,0,1,0,0,0,1,0,1,0,0,1,1,0,0,0,0,1,1,0,2,1,1,1,0,0,2,0,2,0,1,0,1,1,1,1,2,0,1,0,0,0,0,0,1,1,0,1,0,0,1,0,1,1,0,0,0,0,1,0,1,2,0,1,0,1,0,0,1,0,1,0,0,0,1,0,1,0,1,0,0,0,1,1,0,0,0,0,0,2,0,0,1,0,0,1,0,1,1,0,0,0,0,1,1,0,1,1,1,0,1,0,0,0,1,2,1,1,1,0,0,0,0,1,0,0,1,0,0,1,0,1,0
KL0698,1,0,0,2,0,1,2,1,0,1,1,0,1,0,0,1,1,0,0,0,0,0,0,1,1,1,1,1,1,0,0,0,0,1,0,0,2,0,2,0,0,0,0,0,0,0,0,0,0,2,0,2,0,0,0,2,0,0,2,0,0,0,0,0,1,1,1,0,0,0,0,1,1,0,0,1,0,0,2,0,0,0,0,0,2,0,1,1,0,0,0,0,0,1,0,1,0,0,1,0,0,0,2,0,0,1,1,2,1,1,0,1,1,0,0,0,2,1,0,2,1,0,1,0,0,1,0,1,1,0,1,1,1,0,0,1,2,0,0,0,0,0,1,0,0,1,1,1,1,1,0,1,0,1,1,0,0,0,0,0,0,0,0,0,1,0,0,1,0,0,1,1,0,2,1,1,0,0,0,0,1,0,1,1,0,1,0,2,0,0,1,1,0,0,1,0,0,0,1,1
KL0699,0,1,0,1,0,1,1,1,0,0,1,2,1,1,0,1,0,1,1,0,0,2,1,1,0,0,0,1,0,0,1,1,1,0,0,0,2,1,0,1,0,0,0,1,0,0,0,0,0,1,1,0,1,0,0,1,2,0,0,0,0,1,0,0,0,0,0,1,1,0,1,0,1,0,1,0,0,1,0,1,0,0,0,1,0,1,0,0,1,0,0,1,1,0,1,0,0,0,1,0,2,2,1,0,2,1,0,0,0,1,0,1,1,1,2,0,1,1,0,1,0,0,2,0,0,0,0,0,1,1,0,1,1,0,0,1,1,0,0,0,0,0,1,1,1,0,0,1,2,1,0,0,0,1,0,1,0,0,1,0,0,0,1,2,0,0,0,0,0,1,1,0,1,0,1,0,0,1,0,0,0,0,2,1,1,0,0,0,0,0,0,1,0,1,1,1,0,0,1,0
KL0700,1,0,0,2,1,0,1,1,1,0,0,0,1,0,0,2,1,0,1,0,0,0,0,0,0,0,1,0,1,0,1,0,0,0,0,0,0,0,1,0,0,0,0,1,0,2,0,0,0,1,0,0,0,0,0,1,2,0,1,1,1,0,0,0,1,0,1,1,0,1,1,1,0,0,0,1,0,2,0,1,0,0,0,0,0,0,0,0,1,1,1,0,0,1,0,0,0,1,0,0,1,2,1,0,1,0,0,0,0,0,0,1,1,0,1,0,0,0,0,2,0,0,2,0,0,1,1,1,0,1,1,1,1,0,0,1,1,0,0,0,0,1,0,1,0,0,2,0,1,1,1,1,0,0,1,0,1,0,0,0,0,0,0,0,1,1,0,1,1,0,0,1,0,0,1,0,0,1,0,2,0,1,0,0,0,0,0,0,0,1,0,1,0,0,0,0,0,1,1,0
KL0701,0,0,0,0,0,0,1,2,0,1,1,1,0,0,0,2,1,0,1,1,0,2,0,0,0,0,1,0,0,0,1,0,0,1,1,0,1,0,0,0,0,1,0,1,0,2,0,0,1,1,1,2,1,0,0,2,1,0,1,1,0,2,0,0,1,0,1,2,1,0,2,1,0,0,0,0,0,1,0,0,0,0,0,1,0,1,0,1,1,0,0,0,1,2,2,1,0,0,0,0,1,1,0,0,0,2,0,1,0,1,0,0,0,1,1,1,1,1,0,2,0,0,1,0,0,1,0,0,0,1,0,1,1,0,1,0,0,0,1,1,0,1,0,1,0,0,0,0,2,2,1,1,1,1,0,1,1,0,0,1,0,1,1,1,1,1,0,1,0,0,1,1,0,1,1,1,0,0,1,0,0,0,1,0,1,0,1,0,0,0,0,0,0,0,0,0,0,1,0,0
KL0702,1,0,0,0,0,0,0,1,0,0,0,1,1,1,1,1,1,1,0,0,1,0,1,1,0,0,0,0,0,0,1,2,1,1,0,0,1,0,1,0,0,0,0,1,0,2,0,0,2,1,1,1,1,0,0,0,1,1,1,0,0,0,0,2,1,0,2,1,0,0,0,0,0,0,0,0,0,1,1,1,0,1,0,1,0,0,1,0,0,0,0,0,1,1,0,0,0,0,1,0,1,1,1,0,2,1,1,0,0,0,0,1,0,1,1,1,0,1,0,2,0,0,2,0,0,1,0,0,1,0,1,1,2,1,0,0,0,0,0,0,0,1,0,1,1,1,0,1,0,1,2,0,0,0,2,2,0,0,0,0,1,2,0,1,0,1,0,1,0,0,1,1,0,1,1,1,0,0,0,0,0,0,2,1,1,0,0,1,0,0,1,0,0,1,0,0,0,1,1,0
KL0703,1,1,0,1,0,1,1,1,0,1,1,0,0,1,0,1,1,0,1,0,0,0,0,1,0,0,1,0,0,1,0,0,1,0,0,1,0,0,2,0,0,0,0,0,1,1,0,1,1,0,0,1,2,0,0,1,0,0,1,0,1,0,0,0,0,0,0,0,0,0,1,0,0,0,0,1,0,2,1,0,0,0,0,1,0,1,0,1,1,0,1,0,1,2,0,0,0,0,0,1,1,1,0,1,0,2,2,1,0,1,0,2,0,0,2,0,1,2,0,1,0,0,1,1,0,0,1,1,0,0,2,0,0,1,0,0,0,1,0,0,0,1,1,0,1,0,1,1,0,1,0,1,0,1,0,0,1,0,0,0,0,0,0,1,1,0,0,0,1,0,0,0,0,0,0,0,0,1,0,0,0,0,1,0,0,0,0,1,0,0,1,0,0,1,0,0,1,1,1,0
KL0704,0,1,1,1,0,1,1,2,0,1,1,0,0,0,0,1,1,1,2,0,0,0,2,0,0,0,0,1,0,1,1,0,1,1,1,0,1,0,0,0,1,0,0,0,1,0,1,0,1,0,1,0,0,0,0,1,0,0,1,0,0,0,0,0,0,0,1,0,0,1,1,0,0,0,0,1,0,1,2,1,0,0,0,0,0,0,1,2,1,0,2,0,0,1,1,0,0,0,1,0,1,1,0,0,1,2,0,0,1,2,0,2,1,0,2,0,1,0,0,1,0,0,0,0,0,0,0,0,0,1,1,1,2,0,0,0,2,0,0,1,0,1,0,0,1,2,1,0,2,1,1,0,0,1,0,0,0,0,1,1,0,0,0,0,0,0,0,1,1,1,0,0,0,0,1,1,0,1,0,0,0,0,1,1,0,0,1,0,0,1,2,0,0,2,0,0,1,0,0,0
KL0705,2,0,0,1,0,1,1,2,0,0,1,1,2,0,0,0,0,1,0,0,0,1,0,1,0,0,0,0,0,0,2,1,0,0,1,1,1,0,1,1,0,1,0,2,0,1,1,0,0,1,2,1,1,0,0,1,2,1,0,0,0,1,0,1,0,0,1,0,0,1,2,0,1,0,0,0,0,2,1,0,1,0,0,0,0,1,1,1,0,0,0,1,2,0,0,1,1,0,0,1,0,0,1,1,1,0,0,1,1,1,0,0,0,0,2,0,2,0,1,0,1,0,1,0,0,2,0,1,0,1,0,0,1,0,0,1,0,1,0,0,0,0,0,1,1,0,1,1,2,1,1,0,0,1,0,2,1,0,0,1,1,0,1,2,1,1,1,1,0,0,0,0,1,0,1,0,0,1,0,0,0,1,0,2,0,1,1,2,1,1,0,2,0,1,0,0,1,0,1,1
KL0706,1,0,0,0,0,2,1,0,0,1,1,0,1,2,1,0,0,2,1,0,0,0,0,1,1,0,1,0,1,0,0,0,1,2,0,0,1,0,1,0,0,1,0,1,0,0,0,0,1,1,1,0,1,0,0,1,0,0,0,0,0,0,1,0,0,1,1,1,0,0,2,0,0,0,0,2,0,1,0,0,0,0,2,0,0,0,1,2,0,0,0,0,1,1,0,0,0,0,0,0,1,0,1,2,1,0,0,0,0,0,0,2,1,1,2,1,0,1,0,1,1,1,0,1,0,0,2,1,0,2,1,1,2,0,0,2,1,1,0,1,0,2,1,1,1,1,0,0,0,2,0,1,0,1,0,1,1,0,0,0,1,1,1,0,1,0,0,0,0,1,2,0,0,2,0,0,0,1,0,0,1,0,2,0,2,0,0,0,0,1,1,1,0,1,1,0,1,0,2,0
KL0707,0,0,0,1,0,2,1,2,1,0,0,1,2,0,0,0,1,1,1,1,0,1,2,2,0,0,1,0,0,0,0,0,1,1,2,0,0,0,2,0,0,0,0,1,1,1,0,0,0,1,1,1,1,1,0,2,0,0,1,0,1,0,1,0,1,1,1,1,1,1,1,0,0,1,1,0,0,1,0,0,0,1,0,0,0,0,1,1,0,0,2,0,0,1,1,0,0,0,1,0,1,0,1,1,1,2,0,1,0,2,0,1,0,0,1,0,0,1,0,1,0,0,1,0,0,1,0,2,0,0,0,0,1,0,0,2,0,0,0,0,1,1,0,1,1,0,1,1,1,1,0,1,0,0,0,0,1,0,0,1,1,0,1,2,0,1,0,0,0,1,0,2,0,0,1,1,0,0,1,0,2,1,0,0,0,0,0,0,0,1,0,1,0,2,1,0,1,0,1,0
KL0708,0,0,0,2,0,0,1,1,0,0,0,0,1,1,0,0,0,1,1,0,2,0,0,1,0,0,1,0,0,0,1,0,1,1,0,0,1,0,1,0,0,0,0,1,0,2,1,0,1,1,1,2,1,1,0,1,1,0,1,0,0,0,0,0,0,1,1,1,0,0,2,0,0,0,0,2,0,2,2,0,0,0,0,0,0,1,0,0,0,0,2,0,1,1,0,1,1,0,0,0,2,0,1,0,0,1,1,0,1,1,1,1,1,0,0,0,1,0,0,2,0,0,1,0,0,1,1,1,1,0,1,1,1,0,0,0,1,0,0,0,2,1,1,1,0,0,1,1,0,0,0,0,0,0,0,0,2,1,0,1,0,0,0,1,1,1,0,1,1,0,1,1,0,1,1,2,0,0,0,0,0,0,0,0,1,1,0,0,0,0,0,1,0,0,0,1,0,1,1,0
KL0709,1,0,0,2,0,1,0,1,0,1,1,0,1,0,0,0,0,1,1,0,0,1,0,2,0,1,0,0,1,0,0,0,0,1,0,0,2,0,2,0,0,1,1,1,0,1,1,1,1,1,2,2,1,0,0,1,0,0,0,0,1,0,1,0,0,1,1,1,0,2,1,0,0,1,0,0,0,2,2,0,0,0,0,0,0,1,0,0,0,0,1,0,1,0,0,0,0,0,0,0,2,1,0,1,1,1,0,0,0,1,0,0,0,0,1,0,0,1,0,2,0,0,1,1,0,1,0,2,1,2,1,1,2,1,0,1,2,1,1,1,0,1,0,0,1,0,1,1,0,0,0,0,0,1,1,1,0,0,0,1,1,0,0,0,1,0,0,1,0,0,2,1,0,0,1,0,1,1,0,0,0,0,2,0,0,1,2,0,0,1,0,1,0,1,0,0,0,0,0,0
KL0710,0,0,1,1,0,2,1,1,1,1,0,1,0,0,0,0,0,1,0,0,0,0,1,1,0,0,1,0,1,0,0,0,0,0,1,0,2,0,1,0,0,1,0,1,0,1,0,0,0,1,0,2,0,1,0,0,0,0,1,1,0,0,0,0,1,1,1,1,0,0,1,0,0,1,0,0,0,1,2,0,0,1,0,0,1,1,0,0,1,1,1,0,0,0,1,2,0,1,1,0,1,0,1,0,0,0,0,1,0,1,0,1,1,0,0,1,0,1,0,2,0,0,0,0,0,1,0,2,0,0,1,1,1,0,0,1,0,0,0,0,0,0,0,0,1,0,0,0,1,1,0,0,0,0,1,2,0,0,0,0,2,1,0,0,0,0,0,1,1,0,0,1,2,0,1,1,0,0,0,0,0,0,1,0,0,1,1,0,0,0,1,0,0,2,0,0,2,0,1,0
KL0711,0,0,0,1,0,2,1,1,0,0,1,1,2,0,0,2,1,0,2,0,0,1,1,1,0,0,2,1,0,0,2,2,1,1,0,1,1,0,0,0,0,1,0,1,0,2,1,0,2,0,0,0,1,0,0,1,0,0,0,1,0,0,0,1,1,0,0,1,1,0,1,1,1,0,0,0,0,0,1,2,1,1,1,1,1,0,0,2,1,0,1,0,1,0,1,0,1,0,0,0,0,0,0,0,2,2,0,0,0,0,0,0,0,1,0,0,1,0,0,2,1,0,0,0,0,1,0,1,1,0,1,0,0,0,0,0,0,0,0,0,0,2,2,1,1,1,0,0,2,1,0,1,1,0,2,0,0,0,0,1,1,0,1,0,2,0,1,0,0,0,1,2,0,1,0,2,0,1,0,0,1,1,1,0,0,1,1,0,0,1,1,1,1,2,1,0,1,1,0,1
KL0712,0,0,0,2,0,1,2,2,0,1,0,1,1,0,0,1,1,0,1,0,0,0,0,1,1,1,1,0,2,0,0,0,1,1,0,0,1,0,1,2,0,0,0,1,1,1,0,0,0,1,1,2,1,0,0,2,1,0,1,0,0,0,0,1,1,0,1,0,0,0,1,0,1,0,1,1,0,1,0,0,1,0,0,1,0,0,1,0,0,1,0,0,2,0,0,0,0,0,0,0,1,0,0,1,1,0,0,0,0,1,0,0,0,0,2,0,1,0,2,1,0,0,0,0,0,2,0,0,2,1,0,1,1,0,0,1,1,0,1,1,0,2,0,1,0,1,0,0,2,0,2,0,1,1,0,2,1,0,0,1,0,0,0,1,1,0,0,0,0,0,1,1,0,1,1,0,1,2,0,0,0,0,1,0,1,0,1,0,0,2,0,1,0,0,0,0,1,1,1,1
KL0713,0,0,0,1,0,2,2,2,0,0,0,1,0,0,0,0,0,0,0,0,0,1,0,1,0,1,1,0,0,0,0,0,1,1,1,0,1,0,0,0,0,2,0,1,0,1,1,0,0,1,0,2,0,2,0,0,1,0,1,0,1,0,0,1,2,1,0,1,0,0,1,0,0,1,0,0,1,1,0,2,1,0,0,0,0,1,0,1,0,0,0,0,2,2,0,0,1,0,0,0,2,1,2,1,1,2,1,0,0,1,0,0,0,0,1,1,0,0,0,1,0,0,0,1,0,0,1,2,1,0,0,0,1,0,0,1,2,0,0,2,0,2,2,1,0,1,0,1,1,0,1,2,1,0,0,1,2,0,0,0,1,0,0,1,0,0,0,0,0,0,0,2,0,2,1,1,0,1,0,1,0,0,1,0,0,1,0,1,1,1,1,0,0,2,0,1,2,1,1,0
KL0714,1,0,0,0,1,1,1,1,1,0,0,1,0,1,0,1,1,1,2,0,0,0,1,0,0,0,2,0,1,0,0,0,0,0,0,0,1,0,1,1,0,0,1,1,0,1,0,0,1,1,1,0,0,1,0,1,0,0,0,1,1,0,0,0,0,1,0,2,0,0,2,0,0,1,0,1,0,1,1,0,1,0,1,0,0,1,1,1,0,0,1,0,0,0,0,0,2,0,0,0,1,0,1,0,2,0,2,1,0,1,0,0,0,1,0,0,1,1,1,0,0,0,0,0,0,0,0,1,1,1,1,0,1,0,0,1,0,1,0,0,0,1,1,1,1,2,0,1,1,0,0,2,0,0,1,1,0,0,1,0,0,1,0,0,0,0,0,0,0,0,1,1,0,1,2,0,0,0,0,1,1,0,0,0,0,0,0,1,1,0,0,0,1,1,0,0,0,1,0,1
KL0715,1,1,1,1,0,1,1,0,0,0,0,1,2,0,0,0,1,0,1,0,1,1,0,1,0,0,1,0,1,0,1,1,1,0,0,0,0,1,0,0,0,1,0,0,0,0,0,0,1,0,1,2,2,0,0,1,0,0,1,0,0,0,1,1,1,1,0,0,0,1,1,0,1,0,1,0,0,1,1,0,1,0,0,0,1,0,0,0,0,0,1,1,1,1,0,1,0,0,0,0,0,1,1,2,1,1,0,0,0,1,0,2,0,1,1,0,2,2,0,2,0,0,1,1,0,1,0,0,0,0,2,2,0,1,0,1,0,0,1,0,0,1,1,1,0,0,1,0,2,1,0,2,0,0,0,0,1,1,1,0,0,0,1,0,1,0,0,0,0,0,0,0,0,0,0,0,0,0,0,0,0,0,1,1,0,2,0,0,0,0,1,0,0,0,0,1,0,2,1,1
KL0716,1,0,0,1,0,1,0,1,0,0,0,1,2,0,0,0,1,1,1,0,0,0,0,0,0,1,1,1,0,0,0,0,0,0,0,0,1,0,1,1,0,0,1,1,1,2,0,0,1,0,1,1,1,0,0,1,0,0,1,1,1,1,0,1,1,1,0,0,0,0,2,0,1,1,0,2,0,0,0,0,0,0,1,0,0,1,1,0,1,0,1,0,1,1,1,2,0,0,0,0,1,0,1,1,0,0,1,0,0,2,0,1,0,0,1,0,0,0,0,2,1,0,1,0,0,1,1,1,1,1,0,0,2,0,0,1,2,0,0,0,0,2,0,0,0,2,1,0,2,2,1,1,0,1,0,1,0,0,0,1,0,0,0,1,0,0,0,1,0,1,0,2,0,0,0,0,0,0,0,0,0,0,2,0,0,0,0,1,0,0,0,0,0,2,0,0,2,1,0,0
KL0717,1,0,0,1,1,1,1,1,0,0,1,0,1,1,0,0,0,2,0,1,1,1,1,0,0,0,1,0,1,0,1,0,2,0,1,0,1,0,1,0,0,0,0,0,0,1,0,0,0,1,1,1,1,0,0,0,0,0,0,0,0,0,0,1,0,0,0,0,1,0,2,0,0,0,0,1,0,1,1,0,0,1,0,0,1,0,0,0,0,0,1,0,0,0,0,0,0,0,0,0,2,0,0,1,1,1,1,0,0,0,0,1,0,2,1,0,2,0,2,1,0,0,1,0,0,0,0,1,1,1,2,0,1,0,0,1,1,1,1,0,0,2,0,0,0,0,0,1,0,0,0,0,0,1,0,2,0,1,0,0,0,1,0,0,0,1,0,0,0,1,1,0,1,0,1,2,0,1,0,0,0,0,1,0,1,1,0,1,0,0,1,0,0,0,0,0,0,1,2,0
KL0718,0,2,0,1,0,2,0,0,0,0,2,1,1,1,0,0,1,0,0,0,0,1,2,0,1,0,2,1,1,0,2,1,2,0,0,0,2,1,0,0,0,1,0,2,0,2,2,0,0,2,1,1,0,1,0,0,1,1,0,1,1,0,0,1,1,0,1,1,0,0,2,0,1,0,0,0,1,0,0,0,0,0,0,1,0,1,0,1,0,0,0,0,1,2,2,1,0,0,0,1,1,1,0,0,1,0,0,1,0,1,0,1,0,0,2,0,2,1,0,0,0,0,1,0,0,2,0,1,1,0,0,0,1,1,0,0,1,0,0,0,0,2,0,0,1,1,1,0,1,0,2,1,0,0,0,1,1,0,0,0,0,1,1,1,1,0,0,2,0,0,0,0,0,0,0,1,1,0,0,0,1,0,0,1,0,1,1,0,0,1,1,1,0,1,0,0,1,1,0,0
KL0719,1,0,0,1,0,0,2,0,0,0,0,1,0,0,0,1,0,0,0,0,1,1,0,1,0,1,0,0,0,0,1,2,2,0,1,0,2,1,1,0,0,1,0,0,1,0,0,0,0,2,0,2,2,0,1,1,0,1,1,0,1,0,0,0,0,0,0,1,1,0,2,0,0,0,0,2,0,0,1,0,0,0,1,0,2,2,0,1,0,1,1,0,1,1,0,0,0,0,0,0,1,1,0,0,2,1,1,1,0,2,0,2,0,0,2,2,0,1,0,0,0,0,0,1,0,1,1,0,1,0,0,0,2,0,0,1,2,1,1,1,0,1,0,2,1,1,0,0,1,0,0,1,0,0,0,1,0,0,0,1,0,0,1,1,0,1,1,1,1,1,0,2,0,1,0,0,1,0,0,1,0,0,2,0,1,0,0,1,0,1,1,0,0,1,0,1,1,0,1,0
KL0720,2,0,0,1,0,2,2,2,0,0,1,1,1,0,0,1,1,0,1,0,0,0,0,2,0,0,0,0,0,0,2,1,0,0,0,0,2,0,2,1,0,0,1,0,0,0,1,0,0,1,1,1,0,0,0,0,0,1,0,0,0,0,0,0,1,0,1,1,0,0,2,0,1,0,1,1,0,1,1,1,0,0,1,0,0,1,2,2,1,1,1,1,1,0,0,0,1,0,0,0,1,1,1,1,1,1,2,1,0,0,0,2,0,0,0,0,1,1,0,2,1,0,0,0,0,1,0,2,0,0,1,1,1,0,1,2,0,0,0,0,1,0,0,0,0,1,1,0,1,1,1,1,0,0,1,1,1,0,0,0,0,0,1,0,1,1,0,1,0,1,1,1,0,1,1,2,0,1,1,0,0,0,1,0,0,0,0,2,1,0,1,0,1,1,0,0,1,1,2,2
KL0721,1,0,1,1,0,0,1,0,0,0,1,1,1,1,0,1,0,1,1,0,0,0,0,1,0,0,1,0,2,0,1,2,0,0,0,0,0,2,1,0,0,1,0,1,0,1,0,0,1,2,1,0,0,0,0,0,1,0,0,0,1,1,0,0,0,2,2,1,0,1,2,0,0,0,0,0,1,1,1,0,0,1,0,0,0,0,1,0,1,0,0,0,1,1,0,0,1,0,0,0,1,0,1,1,0,2,0,1,0,1,0,0,0,1,0,1,2,0,0,1,0,0,0,1,0,1,0,1,0,0,1,0,1,0,1,1,0,0,0,0,0,1,1,2,0,0,0,0,2,0,1,1,0,1,1,0,0,0,0,0,0,1,1,1,0,1,0,0,0,0,1,1,0,1,1,0,0,0,0,0,0,0,2,2,1,1,1,0,0,1,0,1,0,1,0,0,0,1,1,1
KL0722,1,0,0,2,0,1,0,1,0,0,1,0,2,0,0,0,1,1,0,0,0,0,0,1,1,0,0,1,1,0,0,1,0,0,0,0,0,0,1,0,0,1,1,0,0,0,1,0,2,1,0,2,0,0,0,1,1,0,1,0,1,1,0,0,1,0,1,0,0,0,2,0,0,0,1,0,0,2,1,0,1,0,0,0,1,1,0,0,1,0,1,0,0,2,0,1,1,0,0,0,0,0,0,1,1,1,0,1,0,1,0,0,1,0,2,0,1,0,1,1,0,0,0,0,0,2,1,1,1,1,1,1,0,0,1,1,0,0,1,1,0,0,0,0,0,0,0,0,2,1,1,1,0,0,1,1,1,0,0,0,0,2,0,0,0,1,0,1,0,0,1,1,0,1,2,0,0,0,0,0,0,1,1,1,1,0,1,1,1,0,0,0,0,0,0,0,1,0,0,0
KL0723,1,0,0,0,0,1,1,1,0,1,1,0,0,0,0,2,0,1,1,0,0,0,1,1,0,0,2,0,1,0,2,1,1,1,2,0,0,0,1,1,0,0,0,1,0,2,0,0,1,1,0,1,0,0,0,1,0,0,0,0,1,1,0,0,1,1,1,1,0,1,1,0,2,0,0,1,0,0,1,0,0,0,1,0,0,2,0,0,0,0,0,0,1,0,0,0,0,0,2,0,1,0,1,2,2,2,1,0,0,1,0,0,0,0,1,1,1,0,1,1,1,0,0,0,0,0,1,1,0,1,2,1,2,0,0,0,1,1,0,0,0,1,2,0,0,0,0,1,2,1,0,1,1,2,2,1,0,0,0,0,1,0,0,0,1,0,0,1,0,0,1,1,0,0,0,0,1,1,0,0,0,0,1,0,0,0,0,0,0,1,0,1,0,1,0,1,0,1,1,1
KL0724,1,1,0,1,0,1,1,2,0,0,0,1,0,1,0,0,1,2,1,0,0,0,0,0,0,0,1,0,1,0,0,1,2,0,1,0,0,0,0,0,0,0,1,1,0,0,0,0,1,1,0,1,0,0,0,2,1,1,0,1,2,0,2,1,1,1,2,0,0,0,0,0,0,0,0,1,1,1,1,0,0,0,0,0,1,2,0,2,0,0,0,0,1,1,0,1,0,0,0,2,2,0,1,1,1,1,1,0,0,0,0,1,0,2,1,0,1,0,1,0,0,0,1,1,0,1,0,2,1,0,1,0,1,1,0,0,0,1,0,1,0,0,0,0,0,1,0,0,1,2,0,0,0,0,2,1,0,0,0,0,0,0,0,1,2,1,0,1,0,0,0,1,0,0,2,2,0,0,0,0,1,0,0,2,0,1,0,1,0,0,0,1,0,2,0,1,0,0,2,1
KL0725,1,0,0,1,0,1,1,2,0,0,0,1,2,0,0,1,1,0,0,1,1,0,0,2,0,0,1,0,1,0,1,1,1,1,0,0,1,1,0,0,0,1,0,1,0,2,0,0,0,1,1,1,2,1,0,2,1,0,2,1,0,0,0,0,1,1,0,1,2,0,2,0,1,0,0,0,0,2,2,0,0,0,0,0,0,2,0,0,1,0,0,2,1,0,0,1,0,1,0,0,1,1,1,1,1,0,1,1,0,1,1,0,0,0,0,1,2,0,1,0,0,0,0,0,0,1,1,1,0,1,1,1,2,0,0,0,1,1,1,1,0,1,0,0,1,1,1,0,0,1,0,1,0,0,1,0,2,1,0,1,0,1,1,1,1,2,1,0,0,0,0,0,0,1,2,1,0,1,0,0,1,1,1,1,0,0,1,0,0,1,0,0,1,2,0,1,0,0,0,0
KL0726,0,0,0,1,0,2,0,1,1,0,0,1,0,1,0,0,1,0,1,0,0,0,2,1,0,0,2,0,0,0,0,0,0,0,0,0,0,0,2,0,2,0,0,0,1,2,1,0,2,1,2,1,1,0,0,0,0,1,0,1,1,0,1,0,0,0,1,1,1,1,2,0,0,0,0,1,0,2,0,0,0,1,1,1,1,0,1,2,1,1,1,0,1,2,0,0,0,0,0,0,0,2,0,0,1,0,0,0,0,1,1,0,1,1,0,1,1,0,0,2,0,0,1,0,0,0,0,1,1,1,0,0,0,0,0,2,0,0,0,0,0,1,1,0,1,2,1,1,0,1,0,1,0,1,0,0,0,0,0,0,1,0,0,1,1,0,1,2,0,0,0,1,0,1,1,1,0,1,0,1,0,0,1,0,0,1,0,1,0,0,1,1,0,0,0,0,0,0,0,1
KL0727,0,0,0,1,0,0,1,1,0,0,1,2,0,0,0,0,1,0,1,1,0,0,0,1,0,0,0,0,2,0,0,0,0,0,1,0,1,0,0,0,0,2,0,1,2,0,1,0,0,1,0,2,0,1,0,1,1,0,2,1,0,0,0,0,2,0,1,1,0,1,1,0,1,0,0,0,0,0,0,0,0,0,1,0,2,1,1,1,0,1,2,0,1,1,0,0,0,0,0,0,1,1,2,0,0,1,0,1,0,1,0,1,0,1,2,0,1,1,2,2,0,0,0,1,0,0,0,2,1,1,2,0,2,1,0,2,0,1,0,1,0,1,0,1,0,0,0,2,1,1,1,0,0,1,0,2,2,1,0,0,1,0,1,0,1,0,0,2,1,0,1,1,0,0,0,0,0,0,0,0,1,0,1,0,1,1,1,0,1,1,1,0,0,2,0,0,0,0,2,0
KL0728,1,1,0,1,0,1,1,1,0,0,0,0,0,0,0,1,0,1,1,0,0,0,1,0,0,0,1,0,1,0,2,2,0,0,0,0,2,0,0,1,0,0,0,0,0,1,1,0,2,2,0,1,1,0,0,2,2,0,1,1,1,0,0,0,0,0,0,0,0,2,1,0,0,1,2,0,0,1,1,0,0,0,1,0,0,1,0,1,1,0,0,0,1,1,0,0,0,0,0,0,2,1,0,1,1,0,0,2,0,1,0,1,0,0,2,0,2,2,0,0,0,0,1,0,0,2,0,2,1,1,0,0,2,0,0,1,0,0,0,0,1,0,0,0,2,1,1,2,1,0,1,1,0,0,0,0,0,0,0,0,1,2,0,1,0,0,0,0,0,1,1,1,0,0,1,0,0,0,0,0,0,0,1,0,0,2,0,0,0,0,1,0,0,2,0,1,0,1,1,1
KL0729,0,0,0,0,0,1,1,0,0,0,0,0,1,1,1,0,0,1,2,1,0,1,0,2,0,0,0,1,0,0,1,0,0,0,1,0,1,0,2,0,0,1,0,1,0,2,0,0,0,2,0,1,0,1,0,0,1,0,0,1,1,0,0,1,0,1,0,0,0,1,2,0,1,0,1,1,0,1,1,0,0,0,2,0,0,0,2,1,1,0,1,0,1,0,0,0,2,0,1,0,2,0,1,1,1,0,1,1,0,1,0,1,0,1,1,1,1,0,0,2,0,0,1,0,0,0,1,0,1,0,1,1,1,2,0,1,0,1,0,0,0,2,2,1,0,0,1,1,1,1,1,0,0,0,1,0,1,0,0,0,1,0,0,0,0,1,0,0,0,0,0,0,0,0,0,2,0,0,0,0,0,0,1,0,0,1,0,0,0,0,1,0,0,2,0,1,0,1,1,0
KL0730,1,0,1,0,0,1,0,1,0,1,0,1,0,0,0,0,0,2,1,0,0,2,0,2,0,0,2,0,0,0,0,1,1,0,1,0,1,0,2,1,0,1,0,1,0,1,0,1,1,1,1,2,1,1,0,0,0,0,1,0,1,0,0,0,0,1,1,0,1,1,1,1,0,0,0,0,1,1,1,1,0,0,0,0,1,0,0,0,0,1,1,0,0,1,1,0,0,0,1,0,0,0,1,0,0,1,2,0,0,0,0,1,0,1,2,1,0,1,0,1,0,0,0,1,1,0,1,0,1,2,1,0,1,0,0,2,2,1,0,0,0,1,0,0,0,2,1,1,1,1,2,0,0,0,0,2,1,1,0,0,0,1,0,0,1,0,0,2,0,0,0,0,0,1,1,1,1,2,1,0,0,0,1,0,1,2,0,0,0,2,0,0,0,0,1,1,0,0,1,2
KL0731,0,1,0,0,0,2,2,0,0,0,1,0,1,1,0,0,0,0,2,0,0,0,0,0,1,1,1,0,0,0,0,0,1,1,0,0,1,0,2,0,0,0,0,1,1,1,1,1,0,1,1,1,1,0,0,1,2,0,0,0,0,2,0,2,0,0,0,1,0,0,1,1,0,0,0,1,0,0,0,0,0,0,0,0,0,0,0,1,1,0,2,0,1,0,0,1,1,0,0,0,1,0,1,0,1,1,0,0,0,1,0,1,0,0,1,1,1,0,0,0,0,0,1,0,0,0,0,1,0,1,1,0,1,0,0,1,1,0,0,0,0,2,0,0,1,2,1,1,2,1,0,0,0,0,1,0,1,0,0,1,1,1,1,0,1,0,0,1,0,0,0,1,0,2,0,0,0,0,0,0,0,0,2,1,1,1,0,1,0,0,0,2,0,2,0,0,2,0,0,0
KL0732,1,0,0,0,0,0,1,1,0,1,0,1,1,0,0,0,0,1,1,0,1,1,1,2,1,0,0,1,0,0,0,0,1,1,1,0,1,0,1,1,0,0,0,0,0,2,0,0,0,1,0,0,1,1,0,1,0,0,1,1,0,0,1,0,0,0,0,0,0,1,1,0,0,0,0,2,1,0,0,0,0,0,1,0,0,1,0,0,1,0,1,0,1,1,0,0,0,0,1,0,0,0,1,2,1,2,0,0,1,0,0,1,0,1,1,1,1,0,1,1,0,0,2,1,0,0,0,2,1,0,0,1,1,1,1,1,2,1,1,0,0,1,0,0,0,0,0,1,1,1,0,2,0,0,0,0,0,0,0,1,0,1,1,0,2,0,0,1,0,0,1,2,0,0,0,0,0,1,0,0,0,0,1,0,0,0,1,0,0,1,0,2,0,0,0,1,1,1,0,2
KL0733,0,0,0,0,0,1,1,2,0,0,0,2,1,1,0,0,1,2,0,0,1,1,0,1,1,0,1,0,0,0,0,0,2,0,1,1,0,0,0,1,0,0,0,1,0,2,1,1,0,1,1,1,0,0,0,0,1,0,0,1,1,1,1,0,0,2,0,1,0,1,0,0,0,0,0,0,1,2,0,1,0,0,0,0,0,0,1,0,0,1,2,0,1,0,0,0,0,0,0,0,0,0,1,0,2,1,2,1,1,0,0,0,1,0,1,1,0,0,2,1,0,0,0,0,0,1,0,1,1,1,0,1,1,0,1,1,0,0,0,0,0,2,0,1,1,2,0,0,0,0,1,2,0,1,0,1,0,1,0,0,1,0,0,1,1,2,0,0,0,0,1,1,0,0,1,1,1,0,0,1,0,0,0,0,1,0,1,1,1,0,1,1,0,2,1,1,0,1,2,0
KL0734,0,0,0,1,0,1,1,2,0,0,0,1,1,0,0,1,0,0,2,0,1,1,1,0,0,0,1,0,2,0,0,0,0,1,0,0,2,0,1,0,0,0,0,2,0,1,0,0,1,1,1,0,1,0,0,1,0,0,1,1,0,0,0,1,1,1,0,1,1,1,0,0,1,0,1,1,0,1,0,0,0,1,0,1,0,0,0,2,0,0,0,0,0,1,1,0,1,0,1,0,0,0,0,1,0,0,1,1,0,1,0,1,0,0,1,0,2,0,1,1,0,0,0,1,0,2,1,1,1,0,0,2,1,0,0,1,0,0,0,0,0,0,1,1,0,2,0,1,2,1,1,2,0,1,0,1,1,0,0,1,0,0,1,0,0,0,0,1,0,0,0,1,0,0,1,1,0,1,0,0,0,0,2,0,1,1,0,0,0,1,1,1,0,2,1,0,0,0,0,0
KL0735,0,0,0,1,0,1,2,1,1,0,2,1,1,1,0,0,1,0,1,1,0,0,0,1,0,1,2,0,0,1,1,0,0,1,0,0,2,0,2,1,0,0,1,0,1,2,0,0,0,1,0,1,2,1,0,1,0,0,0,1,1,1,0,0,0,0,2,0,0,1,1,0,1,2,0,0,0,2,2,0,0,0,0,1,0,0,0,2,0,0,0,1,2,0,0,0,0,1,0,0,0,0,0,1,2,1,0,0,0,1,0,1,0,0,2,0,1,1,0,0,0,0,0,1,0,1,0,1,1,0,0,1,2,0,0,2,0,0,0,0,0,1,0,1,0,0,0,2,0,1,0,1,1,0,0,1,2,0,2,1,0,0,0,1,1,0,1,1,0,0,0,1,0,1,0,1,1,0,0,1,1,1,1,1,0,1,2,1,1,1,0,1,0,1,0,0,1,0,0,0
KL0736,1,0,0,0,0,1,2,1,0,0,1,2,1,0,0,0,1,0,1,0,0,0,0,0,1,0,2,0,0,1,1,0,2,0,0,0,0,0,1,0,0,0,0,0,0,1,0,0,1,1,2,1,0,0,0,0,1,0,1,0,1,1,0,1,1,0,0,0,1,1,1,0,1,0,0,2,1,1,1,1,0,0,0,0,0,2,0,1,1,1,0,0,1,0,0,2,0,0,0,1,0,0,1,2,1,1,0,1,0,1,0,1,0,0,1,0,1,2,1,1,0,0,0,0,1,1,0,0,1,0,0,0,0,0,0,1,1,1,0,2,0,1,0,1,0,0,0,1,2,0,0,1,0,1,0,2,1,0,0,2,0,0,0,0,2,1,0,0,0,0,2,1,0,0,0,0,0,1,0,0,0,0,1,0,0,1,1,0,1,1,0,0,0,1,0,0,1,0,2,1
KL0737,0,0,0,1,2,0,1,0,0,1,1,0,1,0,0,1,1,1,0,0,0,1,1,0,0,0,1,0,0,0,1,0,2,0,1,0,1,0,2,0,0,0,0,0,0,2,0,1,1,1,1,2,0,2,0,0,1,0,1,2,2,1,1,1,0,1,1,1,1,2,2,0,1,0,1,0,0,2,1,0,0,0,2,0,0,0,1,2,0,0,1,1,0,0,1,1,0,1,0,1,2,0,0,1,1,1,1,1,0,0,1,2,1,1,1,1,0,0,0,2,1,0,1,0,0,2,1,1,0,0,2,1,2,1,0,1,0,0,0,0,0,2,1,1,1,2,0,0,1,1,0,2,1,1,1,1,1,0,0,0,0,2,0,0,0,0,0,1,1,1,1,2,0,2,1,1,0,0,0,0,1,0,1,0,1,0,1,1,1,0,0,1,0,0,0,0,1,0,1,1
KL0738,0,0,0,1,0,0,1,1,0,0,0,1,1,1,0,1,1,1,1,1,0,0,0,1,0,1,1,0,0,0,1,0,1,0,0,0,2,0,2,1,0,0,0,0,0,1,0,0,1,0,1,2,0,0,0,0,1,0,1,0,0,1,0,0,1,1,1,1,0,0,1,0,0,1,1,0,0,1,1,0,0,0,2,1,0,1,0,1,1,0,0,0,0,1,0,0,1,0,0,0,1,2,0,1,2,1,0,0,0,1,0,1,0,1,0,0,2,1,0,1,0,0,0,0,0,0,1,1,0,1,1,1,0,0,0,1,0,0,0,0,1,1,1,1,2,0,1,2,0,0,0,2,0,0,0,1,0,0,0,0,0,1,0,0,1,0,0,0,0,1,0,1,1,1,0,1,0,1,1,0,0,0,2,0,0,0,1,1,0,0,0,0,0,0,0,1,1,1,1,0
KL0739,0,0,0,1,1,1,2,0,0,1,2,0,0,0,0,0,1,1,1,0,0,1,0,1,0,0,0,1,1,0,1,0,1,0,0,0,0,0,1,0,0,1,0,1,0,0,1,0,2,0,0,1,2,0,0,2,0,0,1,0,0,0,0,1,1,0,1,2,0,2,2,0,1,0,0,1,0,1,1,0,1,0,0,0,0,1,1,0,1,0,2,1,1,0,0,0,0,0,1,0,0,0,0,1,0,2,2,0,0,1,1,0,0,1,2,2,1,1,0,2,0,0,1,0,0,1,0,1,0,1,1,0,1,0,1,1,1,0,0,1,0,0,0,0,0,1,0,0,1,1,0,1,1,0,0,1,1,0,0,0,0,1,0,0,1,0,0,1,0,1,0,1,0,0,0,2,1,1,0,0,0,0,1,0,1,1,1,1,0,1,0,1,1,2,0,0,1,1,0,2
KL0740,0,0,0,1,2,1,2,1,0,0,1,0,1,1,0,1,0,0,2,1,0,0,0,1,0,0,0,0,1,0,1,0,0,2,0,0,1,0,2,0,0,0,0,1,0,1,0,0,2,0,0,2,0,2,0,0,0,0,1,2,0,1,0,0,0,0,0,1,1,2,1,0,0,0,0,1,0,2,1,1,0,0,0,0,1,1,0,1,1,0,2,0,2,1,0,1,0,0,0,0,0,2,0,1,1,2,1,0,0,0,0,1,0,1,1,1,1,0,0,2,1,0,1,0,0,0,0,0,1,1,1,0,0,0,0,1,0,0,0,1,0,1,1,1,0,2,1,1,1,1,2,1,0,0,0,0,1,0,1,0,0,1,1,0,1,1,0,0,0,0,1,2,0,0,1,2,0,0,0,1,1,0,2,0,0,0,1,2,0,0,0,2,0,1,1,0,0,0,0,2
KL0741,0,0,0,2,0,1,1,0,0,0,0,2,0,0,0,1,0,1,0,0,0,1,0,1,0,0,2,0,0,0,1,0,1,1,0,0,1,0,2,0,1,1,0,1,1,0,0,1,1,1,0,0,2,1,0,2,1,0,1,0,1,0,0,0,0,0,0,1,0,0,1,0,0,1,0,2,0,2,1,0,0,0,0,0,0,1,1,1,1,0,1,0,1,0,0,0,0,0,0,0,0,0,1,0,1,1,1,0,1,1,0,1,0,0,2,0,1,1,0,2,1,0,1,0,0,1,0,0,0,1,1,0,2,0,0,1,2,0,0,0,0,0,1,0,0,1,2,2,0,1,0,0,1,0,0,1,0,0,1,0,1,0,1,1,1,0,0,0,0,0,0,1,0,1,1,0,0,1,0,0,0,0,0,1,0,0,1,0,1,1,1,1,0,1,0,0,2,1,1,0
KL0742,1,1,0,1,1,1,0,1,1,1,1,1,1,0,0,0,1,0,2,0,0,0,0,1,0,0,1,0,1,0,0,1,1,0,0,0,2,1,2,0,0,0,0,0,1,0,0,0,1,1,1,1,0,0,0,0,1,0,2,0,2,0,0,0,0,0,1,1,1,1,0,0,1,0,2,1,0,2,0,1,1,0,1,0,0,0,0,1,0,1,0,0,0,2,0,1,0,0,0,0,1,1,0,0,0,1,1,1,0,1,0,1,0,0,1,0,1,1,2,0,1,0,0,0,0,2,0,0,1,0,1,1,1,0,0,1,1,0,0,0,0,0,0,0,0,1,0,2,2,1,0,1,0,1,0,2,1,0,0,0,0,0,0,2,0,0,1,0,0,1,0,1,0,1,1,1,0,1,0,0,1,0,2,1,0,0,1,1,0,1,0,1,0,1,0,0,0,1,1,1
KL0743,1,0,0,1,1,1,1,1,0,0,1,0,1,0,0,1,1,1,1,0,1,0,0,1,0,0,2,0,1,0,2,0,0,0,1,0,2,0,1,0,0,0,0,1,0,0,0,0,1,2,1,0,0,1,0,1,0,1,1,0,1,0,0,1,1,0,1,1,0,0,0,1,0,0,0,0,0,0,0,1,0,0,0,0,1,1,0,1,0,0,1,0,1,2,1,0,0,2,0,0,0,0,1,0,0,2,0,1,0,1,0,0,0,1,1,0,1,0,1,0,0,0,0,0,1,0,1,1,0,0,1,1,2,0,0,2,0,0,1,1,0,0,0,2,0,0,0,0,2,1,1,1,0,1,1,1,0,0,0,0,1,0,1,0,0,0,0,1,0,0,0,1,0,0,0,2,0,0,0,0,1,0,1,0,1,2,0,2,0,0,0,1,0,1,0,0,0,0,2,0
KL0744,1,0,0,0,0,0,1,1,1,0,1,0,2,0,0,0,0,0,1,0,1,0,2,0,0,0,2,0,0,0,1,0,0,1,0,0,1,0,1,0,1,0,0,0,1,1,0,0,1,2,0,2,1,0,0,1,0,0,0,1,0,1,0,1,1,1,1,1,0,1,0,0,0,0,1,0,1,0,2,1,0,0,1,0,0,1,1,0,0,1,2,1,0,2,0,2,0,0,0,0,1,1,0,0,0,1,0,0,0,2,0,0,0,1,0,2,0,1,1,2,0,0,0,0,0,0,1,2,0,1,0,2,1,0,0,1,0,1,0,1,0,0,0,0,0,0,2,0,1,1,1,1,1,0,0,2,0,1,0,0,0,1,0,0,1,0,0,0,0,1,0,2,0,0,1,0,0,0,0,1,0,0,0,1,1,1,0,0,1,0,1,0,0,2,1,1,0,0,0,1
KL0745,0,0,0,0,1,1,2,0,0,1,0,0,0,0,0,1,0,0,0,0,0,1,0,0,0,0,2,0,1,0,2,0,1,0,0,0,0,0,0,0,0,0,1,1,0,1,0,1,1,0,0,0,1,0,0,1,1,0,0,0,0,0,0,0,1,0,0,0,0,2,2,1,1,0,0,0,0,2,1,0,0,0,0,0,1,0,1,0,1,1,1,0,1,0,0,2,0,1,0,0,0,0,1,1,1,1,0,1,0,0,0,1,0,0,1,0,0,1,0,2,0,1,1,0,0,1,0,0,0,0,0,0,1,0,0,0,0,0,0,2,0,0,0,0,0,1,2,1,1,1,1,0,0,1,0,1,1,0,0,0,1,0,1,0,2,0,1,0,0,1,0,2,1,1,1,0,1,2,0,1,1,0,2,0,1,1,1,1,1,1,0,0,0,1,0,0,1,0,1,0
KL0746,1,0,0,1,0,0,1,1,0,0,0,0,1,2,0,1,1,0,1,1,1,0,0,0,0,0,2,0,2,0,1,0,0,0,1,0,1,0,1,0,0,0,0,1,0,1,0,0,0,0,0,0,1,0,0,0,0,0,1,1,1,0,0,0,1,2,1,1,0,0,0,0,1,0,0,0,0,0,0,0,0,0,0,0,0,0,0,1,1,0,1,0,2,0,0,1,0,1,1,0,0,1,2,1,1,1,1,1,0,1,0,1,0,0,1,1,0,0,0,0,0,0,0,0,0,2,0,1,0,0,2,0,1,0,0,1,0,0,0,2,0,1,0,1,1,1,1,1,1,0,1,0,0,0,0,2,0,0,0,0,1,0,0,1,0,1,0,2,0,0,0,0,0,1,1,0,0,0,0,0,0,1,0,0,1,0,2,2,0,0,0,2,0,0,0,0,0,1,0,0
KL0747,0,0,0,0,0,0,1,0,0,0,1,1,1,0,0,2,1,0,2,0,0,0,0,0,1,1,1,0,0,0,0,0,2,1,0,0,0,1,0,2,0,0,0,0,0,1,1,0,1,2,0,2,0,0,0,0,1,0,1,1,0,0,0,1,1,0,0,0,0,0,1,0,0,2,1,0,0,1,1,1,1,0,0,0,0,0,0,1,0,0,0,0,0,1,0,0,0,0,0,0,1,1,0,0,2,2,1,0,0,2,0,2,0,1,0,0,1,1,0,2,1,0,1,0,0,0,2,0,2,0,1,0,2,0,1,0,0,1,0,0,0,0,2,0,1,1,1,0,0,0,0,1,0,0,0,0,1,1,0,2,2,1,0,1,1,0,1,0,0,0,0,1,0,0,1,1,0,0,0,0,1,0,1,0,1,1,2,1,2,1,1,1,0,0,1,1,1,2,1,1
KL0748,0,0,0,1,0,0,0,1,1,0,0,1,0,0,0,1,2,0,1,0,0,1,1,0,0,0,0,0,2,0,0,0,0,0,1,0,1,1,0,1,0,1,0,1,0,2,0,1,1,1,0,1,0,0,0,1,1,0,2,0,0,0,0,0,1,0,1,0,0,2,1,0,0,0,0,0,1,1,0,0,0,0,0,0,0,0,1,2,1,0,1,1,2,2,0,0,0,1,0,0,0,0,2,1,1,2,0,0,0,0,0,2,0,1,1,1,1,0,1,0,0,0,0,0,0,0,2,1,0,1,1,0,1,0,0,0,1,1,0,0,0,2,0,0,1,1,1,0,1,1,1,1,1,1,0,1,1,0,0,0,0,0,0,0,0,0,0,1,0,0,0,0,0,1,2,2,1,1,0,0,0,0,1,0,1,0,1,0,0,0,0,1,0,0,0,1,1,0,1,1
KL0749,0,0,0,0,0,0,2,1,1,0,2,0,2,0,0,0,0,1,1,0,0,0,2,0,0,0,2,0,0,0,1,0,1,0,1,0,1,0,2,0,0,1,1,1,0,0,0,0,0,1,0,1,1,1,0,1,0,1,1,1,0,1,0,1,1,0,1,1,2,0,1,0,0,0,1,1,0,1,1,0,0,0,0,0,1,0,0,1,1,0,0,0,2,0,0,0,1,0,0,0,0,0,1,1,1,1,1,1,0,0,0,2,0,0,0,0,0,0,1,1,0,1,1,0,1,2,0,1,0,1,1,1,1,0,0,1,1,0,0,0,1,0,0,1,0,0,1,1,2,2,0,0,1,1,1,0,1,0,0,0,0,1,0,0,0,0,1,0,0,0,1,1,0,0,1,1,0,0,0,0,1,0,2,0,0,1,0,1,0,1,0,1,0,1,0,1,0,1,0,1
KL0750,0,1,0,0,1,0,2,0,0,1,1,0,1,0,0,1,0,1,0,0,1,2,0,1,0,0,2,0,0,1,1,0,2,0,0,0,1,1,0,1,0,0,0,2,0,1,1,0,0,0,0,1,1,0,0,2,0,0,1,1,0,0,0,0,1,0,1,0,1,1,1,0,1,1,1,1,0,2,0,0,0,0,0,1,1,0,1,2,0,0,1,0,2,1,0,0,1,0,1,0,1,0,0,0,0,2,2,2,0,1,0,1,0,1,1,0,0,1,1,0,0,0,0,0,0,0,0,1,2,0,1,1,2,0,0,2,0,1,1,0,0,2,0,1,0,1,0,1,1,1,1,0,0,0,0,1,1,0,0,0,0,0,1,0,0,0,1,0,0,1,1,0,0,0,0,1,0,0,0,0,1,0,1,1,2,0,1,1,0,0,0,0,0,0,0,2,1,1,1,0
KL0751,1,0,0,0,0,1,1,1,0,0,0,2,1,0,0,0,0,1,1,0,0,0,0,0,0,0,0,0,1,0,1,1,1,1,1,0,1,0,1,1,0,0,0,1,0,1,0,0,1,1,0,0,0,1,0,1,1,0,1,0,1,0,0,0,0,0,2,0,0,0,2,0,1,1,1,0,0,2,1,0,0,0,0,1,0,0,1,1,0,0,2,1,2,0,1,1,0,0,0,0,2,0,1,2,0,1,2,0,0,0,0,0,0,0,2,0,1,2,0,2,1,0,1,0,0,0,1,2,1,0,2,0,2,0,0,2,1,1,0,1,0,2,0,1,0,1,1,1,1,1,0,2,0,1,0,0,2,0,0,1,1,1,1,0,1,0,0,1,0,0,2,1,0,1,2,0,0,0,0,1,0,1,2,0,0,0,1,1,0,0,0,1,1,1,0,0,0,1,1,1
KL0752,0,0,0,1,1,0,1,1,0,0,0,0,0,0,0,1,0,0,2,0,0,0,0,1,0,0,0,0,0,1,0,1,1,1,0,0,1,0,1,0,0,1,0,0,0,1,1,0,1,2,0,2,0,0,0,1,1,1,0,2,0,0,2,0,0,0,1,0,0,0,1,0,0,0,0,2,0,0,0,1,0,0,0,0,0,2,1,2,0,1,0,0,1,0,0,1,0,1,1,0,0,1,1,0,1,0,1,1,0,0,0,1,0,0,2,1,1,2,1,1,0,0,0,0,0,1,0,1,1,0,0,1,0,0,0,0,0,1,0,1,0,1,1,0,1,1,1,1,1,2,0,1,0,0,0,2,1,0,0,1,1,1,0,2,0,1,0,0,0,0,1,0,0,0,1,2,0,1,0,0,0,1,1,0,0,0,1,2,1,0,1,0,0,1,0,0,1,0,1,1
KL0753,0,0,0,1,0,2,2,2,0,2,1,2,0,1,0,0,0,0,1,1,0,1,0,1,0,0,1,0,0,0,1,0,0,0,0,0,1,0,1,0,0,0,0,1,0,1,1,1,0,1,0,0,0,0,0,1,0,0,1,0,0,0,0,0,1,0,0,0,0,0,1,0,0,0,0,0,0,1,0,0,0,1,0,1,1,1,0,1,0,0,1,0,0,0,0,1,0,0,0,0,0,2,2,0,2,1,0,0,0,0,0,1,0,1,2,0,0,1,0,1,1,0,1,0,0,2,0,2,1,2,1,0,1,0,0,2,0,1,0,0,0,2,1,1,1,1,2,0,1,2,1,0,0,1,0,0,1,1,0,0,0,1,0,0,1,0,0,0,0,0,1,2,0,0,0,2,0,1,0,0,0,2,1,0,0,1,1,0,0,0,1,1,0,0,0,2,0,1,0,1
KL0754,1,1,0,1,1,1,1,2,0,1,1,2,0,0,0,2,1,1,0,0,0,2,0,1,0,0,0,0,0,0,1,0,2,0,0,0,0,0,1,0,0,1,0,2,1,2,0,1,1,2,0,0,1,0,0,0,1,0,2,2,1,0,0,0,0,0,1,1,0,1,1,0,0,0,0,0,0,1,2,0,1,0,1,1,0,0,1,1,1,0,1,0,1,1,0,1,0,0,0,0,1,0,1,2,0,2,0,0,0,1,0,1,0,0,0,0,2,1,0,0,0,0,1,0,0,0,1,1,1,0,1,1,2,0,0,1,1,0,0,0,0,1,0,0,1,2,0,2,1,1,0,0,1,1,0,1,1,2,0,0,0,0,0,0,1,0,0,0,0,0,1,0,0,0,1,0,1,0,1,0,1,1,1,1,1,1,2,1,0,1,0,0,0,1,0,0,1,1,1,1
KL0755,1,1,1,1,1,0,1,1,0,0,0,1,0,0,0,0,2,2,1,0,0,0,1,1,0,0,2,0,2,0,1,1,2,0,1,0,0,0,2,0,0,1,1,0,0,1,0,0,1,1,1,1,1,0,0,0,1,0,1,0,0,0,0,0,0,1,0,2,0,1,1,0,0,1,0,1,0,2,1,1,1,0,0,0,0,0,1,2,0,0,1,1,1,2,0,0,1,0,1,0,1,0,2,0,1,0,1,0,0,1,0,2,0,0,0,0,1,0,0,2,0,0,0,1,0,0,0,1,0,0,0,2,1,0,1,1,1,1,0,0,1,1,0,0,0,1,1,0,1,0,0,1,0,0,1,1,0,1,0,1,1,1,0,1,0,1,1,0,1,0,0,0,0,1,1,2,0,1,0,0,0,1,1,1,0,1,0,1,0,0,0,0,0,2,1,0,0,1,1,1
KL0756,0,0,0,2,0,0,0,1,1,0,2,0,2,2,0,1,1,1,0,0,1,0,1,1,0,0,2,1,1,0,0,0,1,0,2,0,0,0,0,0,0,0,1,1,1,0,0,0,1,0,0,1,0,0,0,1,0,0,0,0,0,0,0,1,0,1,1,2,0,0,2,0,0,0,1,0,0,0,1,1,0,0,0,0,0,0,1,1,0,0,0,0,2,0,0,1,0,0,2,1,0,0,1,1,2,0,2,0,0,2,0,0,1,0,0,1,1,1,0,1,0,1,0,0,0,1,0,2,0,0,1,0,0,0,0,0,1,1,0,0,0,1,0,1,0,1,0,1,1,1,0,1,0,2,0,1,2,0,0,0,2,0,0,2,1,0,0,1,0,1,1,1,0,1,0,1,1,1,0,0,0,1,1,0,1,0,1,1,0,0,1,1,1,1,0,0,0,0,2,2
KL0757,1,0,0,2,1,0,2,1,0,1,1,1,1,0,0,0,0,0,1,1,0,0,1,0,0,0,1,0,2,1,1,0,1,0,1,0,0,1,2,0,0,0,0,0,0,2,1,0,0,1,0,2,0,0,0,1,1,1,1,0,0,0,0,0,1,1,1,1,0,1,1,0,0,1,1,0,0,1,1,0,1,1,1,0,0,1,0,2,0,0,1,0,1,1,0,0,0,0,0,0,0,0,0,1,1,1,0,0,0,0,0,1,0,0,2,1,1,2,0,0,0,0,1,1,0,2,1,2,1,0,0,1,2,0,0,1,1,1,0,0,0,1,0,1,0,1,1,0,1,1,0,0,0,0,1,1,2,0,0,1,1,0,0,1,1,0,1,0,1,1,1,0,0,1,1,1,0,1,0,0,0,1,2,1,0,0,1,0,0,0,1,1,0,1,0,0,1,1,1,0
KL0758,1,0,0,1,0,1,1,1,1,1,1,1,0,0,0,2,1,1,1,0,0,2,0,1,1,0,0,0,1,0,0,0,1,1,0,1,0,1,2,0,0,0,0,0,1,2,0,0,0,0,2,0,1,0,0,1,0,1,1,1,0,0,0,0,0,2,1,2,0,2,1,0,0,0,0,1,0,1,1,0,1,0,0,1,0,0,0,1,0,1,1,0,1,1,0,0,0,1,0,0,1,0,0,0,2,2,1,1,0,0,0,0,1,0,1,0,1,0,0,2,1,0,1,0,0,0,0,1,0,1,0,0,1,0,0,0,0,0,0,1,1,1,1,0,0,0,1,0,0,1,0,0,0,0,1,1,2,0,0,1,0,0,0,1,0,0,0,0,1,0,0,1,0,0,1,0,1,0,0,0,0,1,2,0,1,1,0,0,0,0,0,1,0,0,1,0,0,1,0,0
KL0759,1,0,0,0,0,2,0,1,0,0,0,1,1,0,0,1,0,1,1,0,0,1,1,1,0,0,0,1,1,0,1,0,2,1,0,0,1,0,1,0,0,1,1,1,1,2,1,1,0,0,1,1,2,0,0,1,1,0,1,0,1,0,1,0,0,0,1,0,0,1,0,0,0,0,2,2,0,1,1,1,0,0,0,0,0,1,1,2,0,1,0,1,1,2,0,1,0,0,0,0,1,0,1,2,2,1,0,1,1,0,1,1,0,2,0,1,2,0,1,2,1,0,0,1,0,1,0,1,1,1,2,0,1,0,1,1,1,1,0,0,0,1,0,2,0,1,1,1,0,2,1,1,0,1,1,2,1,2,1,1,0,1,0,1,0,0,1,1,1,0,1,0,0,1,2,1,0,1,0,0,1,0,0,1,1,1,0,0,0,0,0,1,0,1,0,0,1,0,1,0
KL0760,1,0,0,1,0,1,1,1,1,1,0,1,1,1,0,2,0,1,1,0,1,1,0,0,1,0,1,0,2,0,1,0,0,0,1,0,0,0,1,0,0,0,1,0,0,2,1,1,1,2,0,1,0,0,1,0,0,0,0,1,1,0,0,0,0,0,1,2,0,2,2,0,0,0,1,0,1,0,1,0,0,0,0,0,0,0,0,0,0,0,0,0,1,2,0,0,0,0,1,2,0,0,1,0,0,2,0,0,1,1,0,0,0,0,0,2,2,1,0,1,0,0,1,0,1,0,0,1,1,0,2,0,0,0,0,0,0,0,0,0,0,2,0,1,0,2,0,1,1,0,2,1,0,2,1,2,1,1,0,0,1,0,1,0,1,0,0,0,1,0,1,0,0,0,0,1,1,0,0,0,0,0,1,0,0,1,0,2,0,0,0,2,0,1,0,0,1,1,1,0
KL0761,1,0,0,1,2,0,2,2,1,1,2,1,2,1,0,0,1,0,0,1,1,1,0,0,0,0,1,2,1,0,2,2,2,0,1,1,0,0,0,1,0,1,0,0,0,1,0,0,1,2,1,1,2,1,0,1,0,0,2,1,0,0,0,0,0,0,0,0,1,0,0,0,1,1,1,1,1,2,1,2,0,0,1,0,0,2,0,0,0,0,0,0,1,1,0,0,0,0,0,0,1,1,1,1,1,1,1,0,0,1,0,1,0,1,1,0,1,0,1,1,0,1,0,1,0,0,0,0,0,1,1,2,1,0,0,1,0,0,0,0,0,0,0,0,0,2,1,0,0,0,0,1,0,0,1,0,0,0,1,0,0,0,0,0,1,1,2,1,1,0,0,1,0,1,1,0,0,0,0,0,0,0,2,0,0,1,0,0,1,0,1,1,0,1,0,1,1,1,1,1
KL0762,1,1,0,1,1,1,1,1,0,0,1,0,1,2,0,0,1,0,1,0,0,1,1,1,0,0,1,0,0,0,0,0,1,0,0,0,2,0,0,0,0,0,0,1,0,1,1,0,0,0,0,1,0,1,0,0,0,0,0,0,1,1,0,0,1,0,0,0,0,0,0,0,0,0,0,1,0,1,1,0,1,0,0,0,2,1,0,1,1,0,0,0,1,1,1,1,0,0,0,0,2,0,0,0,2,0,1,0,0,1,0,2,1,1,0,1,0,0,1,1,0,0,2,1,0,1,0,1,1,0,0,0,1,2,0,1,1,1,1,0,0,0,0,1,0,2,0,1,1,1,1,1,0,0,0,1,0,0,0,0,1,1,1,0,1,0,0,0,0,1,1,1,1,0,0,1,0,0,0,0,0,0,0,0,0,2,1,1,1,0,0,0,0,2,0,0,0,0,0,1
KL0763,1,0,0,1,0,0,1,1,0,0,1,1,1,0,0,1,1,1,1,2,0,2,0,0,0,0,0,0,2,0,2,0,0,0,2,1,1,1,2,0,0,1,1,0,1,0,0,0,1,1,0,0,0,0,0,0,1,0,1,1,0,0,0,0,1,0,1,0,0,1,0,0,2,0,1,0,0,2,1,0,0,2,1,0,0,1,1,0,0,0,1,0,1,1,0,0,1,0,0,0,1,0,1,1,0,1,0,1,0,0,1,0,0,0,1,1,1,0,0,2,1,1,1,0,0,1,1,1,1,2,1,0,1,1,0,1,1,0,0,0,0,2,0,0,1,0,0,1,0,1,2,2,0,0,1,2,0,0,0,0,0,1,0,0,0,1,0,0,0,0,1,2,0,0,1,0,0,1,0,0,0,1,1,0,1,1,0,1,1,0,0,0,0,1,0,1,0,0,1,1
KL0764,1,0,0,0,0,2,0,1,0,0,2,1,1,1,0,1,1,0,0,0,0,2,0,0,0,0,1,0,1,0,1,0,0,0,1,0,0,0,2,1,0,1,0,1,1,0,0,1,1,1,0,2,1,0,0,0,0,0,0,0,0,0,1,0,0,0,1,2,0,0,2,0,0,0,0,1,0,2,0,0,0,0,0,0,0,1,0,2,1,0,0,0,1,1,1,0,0,0,0,0,1,0,0,1,1,1,0,0,0,1,0,0,1,0,0,1,0,1,1,0,0,0,2,0,0,1,1,2,0,0,1,0,2,0,0,1,0,1,0,0,0,1,1,0,1,0,2,0,2,1,0,0,0,0,0,0,0,0,0,0,0,1,1,0,0,0,0,0,0,0,0,1,0,0,2,1,0,0,0,0,0,0,2,1,0,1,0,1,0,1,0,1,0,2,1,1,0,0,0,1
KL0765,2,0,0,1,0,1,0,0,0,0,1,0,1,0,0,1,0,1,1,0,1,1,1,1,0,0,1,0,0,0,0,0,2,0,1,0,2,0,2,0,0,1,0,1,0,1,0,0,1,2,0,0,0,0,0,2,1,0,0,1,0,0,1,0,0,0,1,1,0,1,0,0,0,0,0,1,0,0,2,0,0,0,1,0,0,0,0,1,1,1,0,0,1,2,1,1,0,0,2,0,1,1,1,1,1,1,1,0,0,0,0,2,0,1,1,0,1,1,0,1,1,0,0,0,0,0,1,1,0,1,1,1,0,0,0,0,2,0,0,0,0,2,0,1,0,1,0,1,1,1,0,1,0,1,0,1,0,0,0,0,0,1,0,1,0,0,1,2,0,0,1,0,0,0,1,1,0,0,0,1,2,1,1,0,0,1,0,1,0,1,0,1,0,1,0,0,0,0,1,0
KL0766,1,1,0,2,0,1,1,0,1,1,1,0,0,0,0,1,0,0,1,0,1,0,0,0,0,0,0,0,0,0,1,0,0,0,0,0,1,0,0,0,0,0,0,1,1,2,0,0,0,2,1,0,0,0,0,1,0,0,0,0,0,0,0,0,1,2,1,0,0,0,1,0,1,0,0,1,0,2,1,0,0,1,1,0,1,1,0,2,0,0,0,0,1,2,0,1,1,0,0,0,1,1,1,2,0,1,0,0,0,1,0,0,1,1,2,1,1,0,0,1,0,1,0,0,0,1,0,1,0,0,0,0,0,0,1,0,1,0,1,0,0,0,0,0,0,1,0,1,1,2,0,1,1,0,2,0,0,0,0,1,1,1,0,1,1,2,0,0,0,0,0,2,1,1,0,2,0,1,0,0,0,0,1,0,1,0,0,0,0,0,1,0,0,1,0,1,1,0,1,0
KL0767,1,0,0,1,0,1,1,2,0,0,1,0,1,0,0,0,1,0,0,0,1,1,1,0,0,0,1,0,0,0,2,0,1,0,2,0,1,0,0,0,0,0,1,0,0,1,1,0,0,0,0,0,2,0,0,2,1,0,0,0,0,0,0,0,0,1,2,0,0,0,1,0,1,1,0,1,0,2,1,0,1,0,0,0,1,1,0,0,1,0,0,0,0,1,0,0,1,0,0,1,0,0,0,2,2,1,0,0,0,1,0,1,0,1,2,0,0,0,1,0,1,0,1,0,0,1,1,1,1,0,0,0,0,1,0,1,0,0,0,1,0,2,0,0,1,1,0,0,0,2,0,0,0,0,0,0,0,0,0,0,0,1,1,1,2,0,0,0,1,1,1,0,0,1,1,1,0,0,1,1,2,0,0,1,2,1,1,2,0,0,1,0,0,0,0,0,1,0,2,0
KL0768,0,1,0,1,0,2,1,1,0,0,0,0,0,0,0,1,1,2,1,1,0,2,0,1,0,0,2,0,2,0,1,0,1,0,0,0,2,0,1,0,0,1,0,0,0,0,0,0,1,1,2,2,1,1,0,0,2,0,2,0,0,0,0,1,0,1,0,1,0,0,0,0,0,0,0,1,0,1,0,1,0,0,1,0,0,2,0,0,1,1,1,0,0,0,0,0,0,0,0,0,1,1,1,1,2,2,1,0,1,0,0,1,1,0,2,0,1,0,1,1,0,1,1,0,1,0,0,1,0,0,0,1,1,1,0,1,0,1,1,0,0,0,0,1,0,0,1,1,1,2,1,0,1,0,0,2,0,0,1,0,1,0,1,1,0,0,0,0,0,1,1,0,0,2,0,1,0,0,0,0,2,0,1,0,0,1,1,0,0,1,1,0,0,1,0,0,1,0,0,1
KL0769,0,0,0,0,0,1,1,2,1,0,1,2,1,0,0,0,1,1,1,0,0,1,1,1,0,0,1,0,1,0,0,1,0,0,0,0,0,0,0,0,0,1,0,0,0,2,1,0,0,0,1,1,0,1,0,1,0,0,1,1,0,0,0,1,1,1,2,1,2,0,0,0,0,0,0,2,2,1,1,0,0,0,1,0,0,1,0,1,0,1,1,1,0,1,1,1,0,0,1,0,0,0,1,0,1,1,1,0,1,0,1,1,1,1,0,0,1,0,0,0,0,1,0,0,0,0,0,0,0,0,1,0,2,0,0,1,1,0,0,0,0,0,0,2,2,1,1,1,0,0,1,1,0,0,0,1,0,0,0,0,1,1,0,0,0,0,0,1,0,0,2,1,1,2,0,2,1,0,0,0,0,0,1,0,1,0,1,0,1,0,0,0,0,1,0,0,0,1,0,2
KL0770,0,0,0,1,0,0,1,2,0,0,0,0,1,0,0,1,0,1,0,0,0,2,0,2,0,0,1,0,0,0,2,0,1,1,1,0,1,0,0,1,0,1,0,1,0,0,1,0,1,1,1,0,0,1,0,0,0,1,1,1,0,0,0,0,2,0,1,0,0,1,2,0,0,0,0,0,0,1,1,1,0,0,0,0,0,0,0,0,1,0,1,0,1,1,0,0,1,0,0,1,0,0,2,1,0,1,1,1,0,0,0,2,0,0,2,0,1,0,2,1,1,0,0,0,0,0,0,1,0,1,1,0,1,0,1,1,0,0,0,2,0,1,0,0,2,0,1,1,1,2,0,1,0,0,1,2,1,0,1,1,0,0,1,1,1,0,0,2,0,1,1,0,0,2,1,0,1,0,1,0,1,0,1,0,1,1,0,1,0,0,0,0,0,0,0,0,1,1,0,1
KL0771,0,1,1,1,0,0,1,2,0,1,1,0,1,1,0,1,0,1,1,0,2,1,0,0,0,0,0,0,1,0,1,0,1,0,2,0,1,1,2,1,0,0,0,0,1,2,0,1,1,1,0,0,0,1,0,0,1,0,0,0,0,0,0,0,2,1,0,2,1,1,1,0,0,0,0,0,0,1,1,0,1,0,1,0,1,1,1,1,0,0,2,1,1,1,0,0,0,0,0,0,0,0,0,2,1,1,0,0,0,1,0,1,0,0,1,2,2,0,0,0,0,0,0,0,0,1,0,0,1,0,1,1,1,1,0,1,2,0,1,0,0,1,1,0,0,1,0,1,0,0,0,1,1,1,0,1,0,0,1,0,1,0,0,0,1,2,0,1,0,0,0,0,0,2,2,0,1,2,0,0,2,0,0,1,1,0,1,1,0,0,0,0,0,0,0,0,2,0,0,0
KL0772,2,0,0,1,0,0,1,0,0,0,0,0,0,0,0,1,0,1,0,0,0,2,0,0,0,0,1,1,1,0,2,0,0,0,0,0,1,0,1,0,0,1,1,0,1,1,0,1,0,1,0,0,2,1,0,1,0,0,0,0,1,0,0,1,0,0,0,0,1,0,0,0,0,1,1,1,0,1,0,1,1,1,0,0,0,0,1,0,0,0,1,0,0,2,0,1,0,0,0,0,1,0,0,1,1,1,1,0,0,1,0,1,0,0,1,1,1,0,0,0,1,0,0,1,0,1,2,0,0,0,2,1,1,0,0,0,0,0,0,0,0,2,0,0,1,1,2,1,0,1,0,2,0,0,0,0,0,0,0,1,0,1,0,1,1,0,0,0,0,0,0,0,0,0,1,1,0,1,0,1,0,1,1,1,1,1,0,1,1,1,1,0,0,2,0,0,0,0,1,0
KL0773,1,0,0,1,0,1,1,2,0,1,0,0,1,1,0,0,1,1,0,0,0,2,2,1,1,0,1,1,1,0,0,2,0,0,1,0,0,0,1,1,1,1,0,1,0,1,2,0,1,1,0,1,0,0,0,1,0,0,1,0,1,0,0,2,0,1,1,1,0,2,1,0,1,1,1,0,0,0,1,0,0,0,0,0,1,1,0,0,0,0,0,0,2,1,0,0,0,0,0,1,1,1,0,1,2,2,2,0,0,2,0,0,1,1,2,0,1,0,0,1,1,0,1,0,0,0,1,1,1,1,2,1,2,0,0,1,1,0,0,1,1,1,0,0,1,1,0,1,0,1,0,0,0,0,0,2,2,0,0,0,0,1,0,1,1,0,0,1,0,0,1,0,0,0,1,1,1,0,0,0,1,1,2,0,0,0,0,1,1,0,0,0,0,1,1,0,1,1,0,0
KL0774,0,0,0,2,0,1,0,1,0,0,0,0,1,1,0,2,0,1,1,0,0,0,0,1,0,0,1,0,1,0,2,2,0,0,1,0,1,0,0,0,0,0,0,0,1,1,0,1,1,1,1,1,0,0,0,1,0,0,0,0,0,0,0,1,2,1,0,0,1,1,1,0,0,0,0,1,0,0,2,0,0,0,1,0,1,1,0,1,0,0,0,0,2,0,1,2,2,0,0,0,0,1,1,1,0,1,1,0,0,1,0,1,0,0,0,0,0,2,1,1,0,0,1,0,0,1,0,1,1,2,1,0,2,0,1,1,0,0,0,1,0,2,0,0,1,0,0,0,0,0,0,0,1,0,1,0,1,0,0,1,0,0,0,0,0,0,0,0,0,0,0,2,0,2,1,1,0,1,0,1,0,1,0,0,1,1,0,2,0,0,1,1,0,1,0,1,1,0,0,1
KL0775,0,0,0,0,1,1,0,1,0,0,1,0,2,0,1,0,0,1,0,0,1,0,0,0,0,0,1,0,1,0,0,0,2,0,0,0,0,0,0,0,0,1,0,1,0,1,0,0,1,1,1,0,0,0,1,1,1,0,0,1,0,0,0,1,1,0,0,1,1,1,1,0,1,0,0,1,0,2,0,0,0,0,0,0,0,0,0,0,1,0,1,0,0,0,0,1,0,0,1,0,1,0,1,0,1,0,1,1,0,2,0,1,0,1,1,1,0,0,1,0,1,0,0,0,0,1,0,1,0,0,0,0,0,0,0,1,0,0,0,0,0,1,1,1,0,1,0,0,0,1,2,1,0,1,0,2,2,0,2,1,0,0,0,2,2,1,1,1,1,0,2,1,0,1,1,1,1,0,0,0,1,0,1,0,0,2,1,2,0,1,1,0,0,2,0,0,0,1,2,1
KL0776,0,1,0,0,0,2,1,0,0,0,1,1,1,2,0,1,2,1,0,0,0,0,1,0,0,0,1,0,0,0,0,0,1,0,0,0,0,1,0,0,0,0,0,1,0,0,0,0,0,0,0,0,0,0,1,0,0,2,0,1,1,0,0,0,1,1,1,0,0,0,1,0,0,0,1,0,1,2,0,2,0,0,0,1,0,1,0,1,1,0,2,1,1,1,0,1,1,0,0,2,0,0,1,2,1,1,2,1,0,1,0,2,1,0,1,1,1,0,1,0,0,0,0,0,0,0,0,2,0,1,2,0,0,0,0,1,0,0,1,0,0,2,1,1,0,1,0,1,2,0,1,1,0,1,1,1,2,0,0,0,0,1,0,0,0,0,0,1,0,0,1,0,0,0,1,1,0,0,0,0,1,0,0,0,0,0,0,1,0,0,0,0,1,1,0,0,1,0,2,0
KL0777,0,0,0,1,0,1,1,1,0,0,1,0,0,1,0,1,1,0,1,0,0,1,1,0,0,0,0,0,0,0,0,0,0,1,0,0,1,0,2,1,0,0,1,1,0,1,0,0,0,0,0,0,0,1,0,0,0,1,0,0,0,0,0,0,0,0,1,1,0,1,2,0,1,0,1,2,0,1,1,1,0,0,1,0,1,2,0,1,0,0,1,0,0,1,0,1,0,0,0,0,0,1,0,1,1,1,0,0,0,0,0,0,0,1,0,2,1,1,0,1,0,0,1,0,0,2,0,1,0,0,2,2,0,0,0,1,0,0,1,2,0,0,0,1,0,1,0,0,1,1,2,1,0,0,0,1,1,0,0,0,1,0,0,0,1,0,0,2,1,1,0,1,0,0,0,2,1,0,0,0,0,0,0,1,1,0,0,1,0,0,0,2,0,0,0,0,0,0,0,0
KL0778,1,0,0,1,1,1,2,1,0,1,0,0,0,0,0,0,1,0,0,0,0,1,0,1,0,0,1,1,0,0,1,0,1,0,0,0,1,0,1,1,1,0,0,0,1,2,0,0,0,2,0,2,0,0,1,1,0,0,0,1,1,1,1,0,0,1,1,0,1,0,1,0,0,0,0,1,1,0,1,0,0,1,0,0,0,2,1,1,1,1,1,0,0,0,0,0,1,0,2,1,1,0,1,1,1,0,1,1,0,0,0,2,0,1,1,0,0,0,0,0,0,0,0,1,0,0,0,2,1,0,1,0,1,0,0,2,0,0,0,1,0,1,1,1,0,0,0,0,0,1,2,1,1,0,1,0,1,1,2,0,0,1,1,1,1,1,1,1,0,0,1,0,0,1,0,1,1,0,0,0,1,0,0,0,0,0,0,1,0,0,1,0,0,1,1,0,2,0,0,0
KL0779,0,0,0,1,0,0,2,1,0,1,0,1,1,1,1,1,0,1,1,0,0,0,1,1,0,0,1,0,1,0,2,1,2,0,0,0,1,0,1,0,0,0,0,2,0,1,1,0,0,2,1,1,2,0,0,1,0,0,0,0,0,1,0,0,0,1,0,0,1,0,1,0,0,2,0,0,0,1,1,1,0,2,1,0,1,2,1,2,0,1,1,0,2,1,0,0,0,1,1,0,0,2,0,1,2,1,0,1,0,1,0,2,1,0,1,1,1,0,1,1,1,0,1,0,0,1,0,0,0,0,1,0,1,0,0,0,0,1,0,0,0,0,0,0,0,1,1,0,0,1,0,2,0,0,2,1,1,0,0,1,0,0,2,1,0,0,0,1,0,0,0,0,0,1,1,1,0,0,0,0,0,0,1,0,0,2,0,2,0,0,0,1,0,0,0,0,1,1,1,0
KL0780,1,1,0,0,0,0,1,1,2,0,1,0,1,1,0,0,1,2,1,0,1,0,1,1,0,1,1,0,0,0,2,1,0,0,0,0,1,1,1,0,0,0,0,1,0,0,1,0,1,0,0,1,0,0,0,1,1,0,1,1,0,0,0,0,0,0,0,1,0,1,0,0,0,1,1,1,0,0,1,0,0,0,0,0,1,0,2,1,0,0,1,0,2,1,1,1,1,0,0,0,0,1,0,1,1,0,0,0,0,1,1,1,0,1,0,0,0,0,0,2,0,0,0,0,0,1,0,2,1,0,2,0,1,0,0,1,0,0,0,1,0,2,0,0,0,1,1,0,0,0,1,0,1,0,0,1,1,1,0,1,1,2,0,0,0,0,0,0,0,0,0,1,0,0,1,1,0,1,0,0,1,1,1,0,1,0,1,2,1,0,1,0,0,1,0,0,0,0,0,1
KL0781,0,1,0,2,0,0,1,0,0,1,2,0,1,1,0,1,1,1,1,0,0,0,1,1,0,1,0,0,1,0,1,1,0,0,0,0,1,1,1,0,0,0,0,0,0,1,0,0,0,0,1,1,1,0,0,0,0,0,0,1,0,1,0,0,2,0,0,1,2,1,2,0,0,0,1,1,1,1,1,0,0,1,0,1,1,0,0,0,0,0,1,0,2,0,0,0,1,0,0,0,2,0,1,1,0,1,1,1,0,0,0,0,0,1,2,2,2,1,1,1,1,0,1,0,0,0,1,1,0,0,2,0,0,0,1,1,0,0,0,1,0,0,0,0,0,1,1,1,1,1,0,1,0,1,0,0,2,0,1,0,0,1,0,0,0,0,0,2,0,0,1,0,0,0,1,1,0,1,0,0,0,0,2,0,0,0,1,1,1,0,0,2,0,2,0,0,0,0,1,2
KL0782,0,0,0,2,0,1,1,1,0,0,1,1,1,0,0,1,1,1,1,0,0,2,0,1,0,0,0,1,0,0,2,1,0,0,0,0,0,0,1,0,1,1,1,1,0,2,0,0,0,0,0,2,1,1,0,1,2,0,1,0,0,0,0,2,0,0,0,1,0,2,0,1,1,0,1,1,0,1,1,1,0,0,0,0,0,1,0,2,1,0,1,1,1,0,1,1,0,0,1,0,1,1,1,1,1,0,1,0,0,1,0,0,1,1,2,0,0,1,0,1,0,0,0,0,0,1,0,0,0,0,0,0,1,0,1,1,2,1,0,0,0,0,1,1,0,1,0,1,1,1,0,2,1,0,1,1,0,0,1,0,0,1,0,0,1,0,0,0,0,0,0,1,1,2,0,0,0,1,0,0,0,0,2,0,1,0,0,1,0,0,1,1,0,1,0,0,0,1,0,0
KL0783,0,0,0,0,0,0,0,0,0,0,0,1,1,0,0,0,1,0,2,0,0,0,0,0,0,0,1,1,1,0,1,0,2,0,1,0,0,0,0,1,0,0,1,2,0,0,0,1,1,1,1,1,1,0,0,0,0,0,0,1,1,0,0,0,0,2,1,0,0,0,0,0,0,0,1,1,0,2,0,0,0,0,0,0,1,0,1,0,0,0,0,0,2,2,0,0,0,0,1,0,1,1,0,1,1,2,0,1,1,2,0,1,1,1,1,0,0,0,1,2,1,0,1,0,1,0,0,2,1,0,1,1,1,0,0,0,0,0,1,1,0,2,0,1,1,0,1,2,2,0,1,0,1,0,1,0,1,1,0,1,0,1,1,0,1,0,0,0,1,0,0,2,0,1,1,1,0,0,0,0,1,1,1,1,0,0,0,1,0,0,0,2,0,1,0,0,1,2,1,0
KL0784,0,0,0,1,1,1,1,2,0,1,0,0,0,0,0,1,1,1,2,0,1,0,0,0,0,0,2,0,1,0,1,0,1,0,0,1,2,0,1,0,0,0,0,1,0,2,2,1,2,1,0,1,0,1,0,1,1,0,1,1,1,0,1,1,2,0,1,0,1,1,1,0,0,0,1,1,0,0,2,0,0,1,2,0,0,2,0,1,0,0,1,0,0,2,0,0,0,0,0,0,1,0,0,0,1,1,0,0,1,1,0,0,0,1,1,0,0,1,1,2,0,0,2,0,0,0,1,2,2,1,1,0,1,0,0,2,0,0,0,0,0,2,1,0,0,1,0,1,2,1,0,1,0,1,1,2,0,0,0,1,1,1,0,0,1,1,0,1,1,0,2,1,0,0,1,1,0,1,0,0,0,0,1,0,2,1,1,1,0,0,0,0,0,1,0,0,1,0,2,0
KL0785,1,0,1,0,1,1,1,0,1,1,1,0,0,1,0,0,1,0,2,1,0,0,1,1,0,0,0,1,1,0,1,1,1,0,1,0,1,0,0,0,0,0,0,1,0,2,0,0,0,1,0,1,0,0,0,2,1,1,2,1,1,0,1,0,0,0,0,0,0,1,1,0,0,1,0,0,0,1,0,0,0,1,0,1,0,1,0,0,0,0,0,0,1,1,0,0,0,0,0,0,1,0,1,1,1,1,0,0,0,1,0,0,0,0,1,0,0,0,1,1,0,0,0,0,1,0,0,1,1,0,1,1,1,0,0,1,0,2,0,0,0,2,0,0,1,0,1,1,1,1,0,1,0,0,0,1,0,1,0,1,0,2,0,1,1,1,0,1,0,0,1,0,0,0,1,2,0,0,1,0,1,1,1,0,2,1,2,1,0,2,1,1,0,2,0,0,0,1,1,2
KL0786,1,1,0,1,0,0,2,2,0,0,1,0,1,0,0,0,1,1,2,1,0,1,0,0,1,0,1,0,1,0,1,1,1,0,0,0,2,0,0,0,0,0,1,0,0,1,1,0,2,1,0,0,1,0,0,1,0,0,1,1,1,1,0,1,0,2,0,0,0,1,2,0,0,2,1,0,0,2,1,1,0,0,0,1,1,0,1,2,0,0,2,0,1,2,1,0,0,0,0,0,2,0,2,2,1,0,0,1,0,1,0,2,0,0,1,1,2,0,0,1,1,0,0,0,0,0,1,0,0,2,1,0,1,0,0,2,1,1,0,2,0,0,0,0,0,1,0,1,1,0,1,0,1,0,0,1,1,0,0,0,0,1,1,1,0,0,0,2,1,1,0,1,0,0,1,1,0,1,0,0,1,0,1,0,2,1,1,0,1,0,0,0,0,2,0,0,0,0,0,0
KL0787,0,0,0,2,0,0,1,1,1,1,0,0,2,2,0,2,1,0,0,0,1,2,0,0,0,2,0,0,0,0,0,0,1,0,0,0,0,1,1,0,0,0,1,0,1,1,0,1,0,1,0,0,0,1,0,1,0,0,1,0,0,0,0,1,0,1,1,0,1,0,2,1,0,0,0,0,2,1,2,0,0,0,0,0,0,0,0,1,0,0,0,0,2,0,0,0,0,0,1,1,2,0,1,2,0,1,0,0,0,1,1,0,0,0,0,0,1,0,0,0,0,0,0,0,1,1,0,0,1,2,2,1,1,0,0,1,0,0,0,1,0,1,1,1,0,1,0,2,2,1,0,2,0,0,1,0,1,0,0,0,0,1,1,1,1,1,0,1,0,0,1,0,0,0,1,2,0,0,0,0,0,0,0,0,1,1,1,1,0,1,1,0,0,1,1,1,1,1,0,1
KL0788,2,0,0,1,1,1,1,0,0,0,2,1,0,0,0,1,0,1,1,0,0,0,0,1,0,0,1,0,0,0,2,1,1,0,0,0,2,0,2,0,0,0,0,1,1,0,0,0,2,2,1,1,0,0,0,1,0,0,1,0,1,1,0,0,1,0,0,0,0,1,0,1,0,1,0,1,0,1,0,0,0,1,2,0,0,0,0,0,0,0,1,0,2,1,1,1,1,0,0,0,1,0,1,2,1,0,1,0,0,1,0,1,0,1,1,1,0,0,0,2,0,0,1,0,0,0,0,0,1,1,1,2,0,0,1,1,0,1,1,1,0,1,1,0,0,2,1,0,2,0,0,2,0,0,0,1,1,0,0,0,2,0,0,0,1,0,0,1,0,0,0,0,0,0,2,2,0,0,0,1,1,0,1,0,0,1,1,1,0,1,0,0,0,0,0,0,1,2,1,1
KL0789,1,0,0,1,0,1,1,0,0,1,0,1,2,2,0,0,1,0,2,1,1,1,0,2,0,0,0,0,1,0,1,0,1,0,1,0,2,0,2,0,0,0,0,1,0,1,1,0,1,0,1,1,1,0,0,0,0,1,1,0,0,0,0,0,0,0,0,0,0,2,1,0,0,0,0,1,1,2,0,0,1,0,0,0,0,0,0,2,0,0,2,1,0,0,1,0,1,0,0,0,1,0,1,1,1,2,1,0,0,1,0,2,0,1,1,0,1,1,0,0,0,0,1,0,0,0,0,1,2,1,1,1,2,1,0,2,1,1,0,0,0,0,0,0,2,1,1,1,0,2,0,1,0,0,0,0,2,0,0,0,0,1,0,2,1,0,0,1,0,0,0,1,0,2,0,1,0,0,0,1,1,0,1,1,0,0,1,1,0,0,1,0,0,1,0,0,1,1,0,1
KL0790,0,0,0,2,1,1,1,1,1,1,1,0,1,1,0,1,2,0,0,1,0,1,0,0,1,0,0,0,0,0,1,0,0,0,0,0,0,1,2,1,1,0,0,1,1,1,0,0,1,0,0,1,0,0,0,1,0,0,1,1,0,0,0,1,1,0,1,2,0,1,1,0,1,1,1,1,0,1,0,2,0,1,0,1,0,0,1,2,0,0,1,0,1,0,0,1,1,1,0,1,1,0,1,2,1,1,0,1,0,2,0,1,0,0,1,0,2,1,0,2,0,0,0,0,0,0,1,1,2,0,2,0,1,0,0,1,0,0,1,0,0,1,0,0,1,2,0,1,0,0,1,2,1,0,1,0,0,0,0,1,1,0,0,0,1,0,1,1,0,0,2,0,0,0,0,1,1,1,0,0,0,0,1,0,0,0,2,1,0,0,0,0,0,2,0,1,0,0,0,0
KL0791,1,1,0,1,0,2,1,2,0,0,1,0,0,1,0,1,0,1,0,0,1,0,0,1,0,0,1,0,1,0,0,0,1,0,0,1,0,0,0,0,0,0,0,1,0,1,0,0,0,1,0,1,2,0,0,1,1,1,1,1,0,1,0,1,1,0,1,1,0,2,1,0,1,0,1,1,0,2,1,0,0,0,1,0,0,1,1,0,0,1,1,0,0,1,0,0,0,0,1,0,2,0,0,2,1,2,1,0,0,0,2,0,1,2,0,0,0,1,2,0,0,0,2,0,0,1,1,1,1,0,2,0,1,0,0,0,0,0,0,0,0,1,0,0,0,0,0,0,1,0,1,0,1,0,0,0,0,0,1,0,0,1,0,1,1,1,0,1,0,1,0,2,0,0,1,1,0,0,0,0,2,1,1,0,1,0,0,0,1,0,0,1,0,1,0,1,0,1,0,0
KL0792,0,0,0,1,2,2,1,0,0,0,0,1,1,0,0,1,1,1,1,0,1,1,1,0,0,2,1,0,0,0,0,0,1,1,1,0,0,0,1,2,0,0,0,2,0,1,0,0,1,0,0,1,2,1,0,1,1,0,1,1,0,0,0,0,0,1,0,2,1,0,1,0,0,0,1,0,1,1,0,0,0,1,0,0,1,1,1,2,1,0,1,0,2,1,0,0,0,0,1,0,0,0,0,0,1,1,1,0,0,0,1,1,0,1,0,0,0,0,1,1,0,0,1,0,0,0,0,1,1,1,1,1,1,0,0,1,2,0,0,1,0,2,1,0,1,1,0,1,0,1,0,1,0,0,1,0,0,0,0,0,0,1,0,0,0,0,0,2,0,0,1,0,0,0,2,1,0,2,0,0,0,0,1,0,0,0,1,0,0,0,0,1,0,1,0,0,1,1,1,1
KL0793,0,0,0,1,0,1,1,1,0,1,2,0,0,0,0,1,0,0,1,1,1,0,0,0,0,0,1,1,2,0,1,1,1,0,1,0,0,0,0,0,0,0,0,1,0,1,0,0,1,1,0,1,1,2,0,1,1,0,2,1,0,1,0,1,1,0,0,2,0,0,1,0,0,1,0,0,0,2,2,0,1,1,0,0,0,0,1,0,1,1,2,0,1,1,0,0,0,0,0,0,0,0,1,2,0,1,1,1,1,0,0,1,1,1,1,1,0,0,0,2,0,0,1,1,0,0,0,1,1,0,1,2,1,0,0,1,1,1,1,0,0,1,1,0,0,1,0,1,0,2,0,0,0,0,1,1,1,0,0,0,0,0,0,2,0,1,0,1,0,0,0,1,0,1,2,1,0,0,0,0,0,1,1,0,2,0,1,1,0,0,1,0,0,1,0,0,2,1,1,0
KL0794,1,0,1,1,0,1,1,0,0,0,2,0,0,1,0,1,1,1,0,0,0,0,1,2,1,1,1,0,0,0,0,0,2,0,1,0,0,0,1,0,0,0,1,0,0,0,0,1,1,2,0,2,1,0,0,2,0,0,2,1,0,0,0,0,2,0,0,2,0,0,0,0,0,1,1,0,1,1,1,0,0,0,1,0,0,0,0,0,1,0,1,1,1,2,1,0,0,0,1,0,2,0,2,1,1,1,1,0,0,1,0,1,0,0,1,0,2,0,0,1,0,0,1,0,0,1,0,1,2,0,1,1,0,0,0,0,0,0,0,1,0,1,0,0,1,0,0,0,2,1,0,1,0,0,1,0,0,1,1,1,0,1,0,1,1,1,0,1,0,0,0,1,1,0,1,1,1,0,1,0,1,0,1,0,1,0,0,1,0,0,1,0,0,2,0,0,1,0,0,0
KL0795,1,0,1,1,1,2,2,1,0,0,0,2,1,0,1,0,1,1,1,0,0,2,1,2,1,0,0,0,0,0,2,0,1,0,1,0,0,0,1,1,0,1,0,1,0,1,0,1,2,0,0,1,0,1,1,1,0,0,0,1,1,0,0,0,1,1,1,1,0,1,1,0,1,1,0,0,0,1,1,1,1,0,2,0,0,0,0,1,0,1,1,1,1,2,0,1,0,0,0,0,0,0,0,0,0,0,1,0,0,2,0,0,0,0,1,0,1,1,0,1,0,0,0,0,0,0,0,0,0,0,1,1,1,0,0,0,2,1,0,0,0,2,0,0,0,1,2,0,0,1,0,1,0,1,0,1,1,0,1,0,0,1,0,0,1,1,0,0,0,0,0,0,2,0,1,2,0,0,1,0,0,0,0,0,0,0,1,1,0,0,0,0,0,1,0,0,0,2,0,1
KL0796,1,0,1,1,0,1,1,2,0,1,0,0,1,0,0,0,1,0,1,1,0,1,0,1,0,1,1,1,1,0,1,0,2,0,0,1,1,1,2,0,0,0,0,1,0,1,2,0,1,0,0,2,1,1,0,1,0,0,1,0,0,0,0,0,2,0,0,2,1,1,2,0,0,0,0,1,0,0,1,0,0,0,0,0,1,1,1,1,0,0,2,1,0,0,0,0,1,0,0,0,1,1,0,1,1,0,0,1,0,1,0,1,0,0,1,1,2,1,1,1,0,0,2,0,0,1,1,1,0,0,1,0,2,0,1,1,1,1,0,0,0,0,0,0,1,0,0,1,1,0,0,1,0,2,0,0,1,1,0,0,0,0,0,1,0,1,0,1,1,1,1,1,1,0,0,1,1,1,0,0,0,0,1,0,2,1,1,1,0,1,1,1,0,0,0,1,1,0,2,0
KL0797,1,0,0,2,0,1,1,2,0,0,0,1,2,0,0,0,0,0,2,0,0,0,0,1,0,0,1,0,0,0,1,0,1,0,0,0,1,0,2,0,1,1,0,1,0,0,0,1,1,1,0,2,0,0,0,1,0,0,1,0,0,1,0,0,1,0,0,1,0,0,0,1,0,0,1,0,0,2,1,0,0,0,0,1,0,1,2,1,0,0,0,0,1,0,0,1,0,0,0,0,1,0,0,0,2,0,1,1,0,1,0,1,1,0,1,1,0,2,0,0,1,0,2,0,0,2,2,2,0,0,1,1,0,0,0,0,0,0,1,0,0,0,1,0,0,1,2,1,1,2,0,0,1,1,1,0,0,0,0,0,0,0,1,0,1,0,0,1,0,0,0,0,0,1,2,1,0,1,0,0,0,0,2,1,0,0,0,1,0,0,1,0,0,2,0,0,1,0,1,1
KL0798,0,0,0,1,0,1,1,2,0,0,0,1,0,1,0,1,1,0,0,0,0,1,0,2,0,1,1,0,0,0,0,1,0,0,0,0,1,0,1,1,0,2,0,0,0,1,2,0,1,2,0,1,1,0,1,0,0,1,1,0,1,0,1,1,0,1,1,0,0,1,2,0,1,1,2,2,1,1,0,1,0,0,0,0,0,1,0,1,0,0,0,0,0,2,0,0,0,0,0,0,1,0,2,1,1,2,0,0,0,1,0,1,0,2,1,2,0,0,0,1,1,0,1,0,0,1,0,1,0,1,2,0,2,0,0,1,2,0,0,0,0,1,0,0,1,0,2,0,2,2,2,1,0,0,0,1,2,1,0,0,2,0,0,0,0,0,0,1,1,0,1,1,0,0,1,1,0,0,0,0,1,1,1,0,0,1,0,0,0,1,0,0,0,2,0,0,1,1,1,1
KL0799,0,0,0,0,0,1,0,1,0,2,2,1,1,0,0,0,2,0,2,0,0,0,0,1,1,1,0,0,1,0,0,1,1,0,0,0,1,0,2,1,0,0,0,1,1,1,0,0,1,2,2,1,0,0,1,0,1,0,1,0,1,0,0,0,1,0,0,1,0,1,0,0,0,0,1,0,0,0,0,0,0,1,0,0,0,1,0,1,0,0,1,0,0,0,2,0,1,0,0,1,0,1,0,1,1,1,1,2,0,0,0,0,0,1,1,1,1,0,0,1,0,0,0,0,0,0,0,1,2,0,1,0,2,0,0,1,1,1,0,0,0,1,0,0,1,1,0,0,1,1,1,0,0,0,0,1,1,0,0,0,1,0,1,0,1,1,0,1,0,0,1,1,0,0,0,2,1,1,0,0,0,0,1,2,1,0,1,0,0,0,0,2,0,1,0,0,1,0,0,1
KL0800,1,0,1,1,0,0,1,1,0,0,0,1,1,0,0,0,0,1,1,1,1,1,0,2,1,0,0,0,0,1,1,0,1,0,0,0,2,0,1,0,0,1,0,0,1,1,0,0,1,0,0,2,1,1,0,2,1,0,1,0,0,1,0,0,0,0,0,1,0,2,0,0,0,0,0,0,0,0,0,0,1,0,2,0,0,1,1,0,0,0,1,0,0,1,0,0,0,0,0,0,1,1,1,1,1,1,0,0,0,1,1,0,0,1,1,0,1,0,1,1,1,0,0,0,0,1,0,0,0,1,0,1,0,0,0,2,1,1,0,0,0,2,1,1,2,1,2,0,1,1,0,2,1,0,1,2,0,0,0,1,0,0,0,0,2,0,0,0,0,0,0,1,0,0,1,0,1,0,0,0,0,0,2,0,1,1,1,0,0,0,0,1,0,1,0,0,0,0,1,1
KL0801,1,1,0,2,0,1,2,1,0,1,1,0,1,2,0,1,0,0,2,0,0,2,0,1,1,0,0,0,0,0,1,0,0,0,1,0,1,0,2,0,0,0,0,0,0,0,1,0,0,1,0,2,2,1,1,1,0,0,0,0,0,0,0,1,0,0,2,0,0,0,1,0,0,1,1,0,0,1,1,0,0,0,0,0,1,0,2,0,0,0,1,0,0,0,1,0,0,0,0,1,1,1,1,1,2,2,1,0,0,0,0,0,1,0,1,0,0,1,1,0,0,1,0,0,0,1,0,2,0,0,2,1,1,0,2,0,2,0,0,0,1,1,0,1,0,2,2,0,1,1,1,1,1,0,2,0,0,0,1,0,1,0,0,0,1,1,0,1,0,0,0,0,0,1,2,1,1,1,0,0,0,0,0,1,0,0,1,0,0,0,1,0,0,0,0,0,1,0,1,1
KL0802,1,0,0,1,1,1,1,1,0,0,0,1,2,0,0,1,0,0,2,0,0,1,0,0,0,0,1,0,0,0,1,0,0,0,1,0,0,0,0,1,0,0,0,1,1,0,0,0,0,2,1,0,1,1,0,2,2,0,0,0,1,0,0,2,1,0,0,1,1,0,2,0,0,0,1,0,0,1,0,0,0,0,0,1,0,0,1,2,1,1,1,0,0,0,0,0,0,0,0,0,0,0,0,0,0,1,0,0,0,0,0,1,0,0,1,2,1,0,1,2,2,0,0,0,0,1,0,2,0,1,1,0,1,0,0,0,0,0,0,0,0,2,0,0,0,1,0,1,2,1,1,0,0,0,0,1,0,0,0,0,0,0,1,0,0,0,0,1,0,1,1,1,0,1,1,2,0,0,1,0,1,1,1,1,0,0,1,0,1,1,0,0,0,1,0,0,0,0,1,1
KL0803,1,1,1,1,0,2,1,2,1,0,1,1,1,0,0,0,2,1,0,0,0,0,0,0,0,0,2,0,0,0,1,0,1,0,0,0,0,0,1,0,0,2,0,1,0,1,0,0,1,0,0,1,1,0,0,0,0,0,2,1,0,0,0,0,1,1,1,0,1,0,1,0,0,1,1,1,1,1,0,1,0,0,1,0,0,1,0,1,0,0,1,0,0,0,0,0,1,1,0,0,1,0,0,0,1,1,1,0,0,2,0,1,1,1,1,0,0,1,1,1,1,0,1,0,0,0,1,1,0,1,1,1,1,0,0,0,0,1,1,0,0,1,0,0,1,1,0,0,0,0,1,0,1,0,0,1,2,2,0,1,2,1,0,0,0,1,0,1,1,0,2,0,0,2,1,0,2,0,0,0,1,0,0,1,2,0,0,1,0,0,0,1,0,2,1,0,0,2,1,0
KL0804,1,0,0,1,1,1,1,1,0,1,0,0,1,0,0,1,1,0,0,0,0,0,0,2,0,0,1,0,1,0,0,0,0,0,0,0,0,0,1,0,0,0,0,1,0,0,1,0,1,0,0,1,1,0,0,1,0,0,2,1,1,2,0,0,0,0,1,0,0,0,2,0,0,1,0,1,0,0,0,0,0,0,1,0,2,1,2,1,0,0,1,0,2,1,0,1,0,1,0,0,0,0,1,1,1,1,0,0,0,1,1,0,0,0,0,1,2,1,1,2,0,0,1,0,0,0,0,1,0,0,0,0,1,0,0,1,1,2,1,1,0,2,1,0,0,2,0,1,0,0,0,0,0,0,1,0,1,0,0,0,0,0,1,1,0,0,0,1,0,0,2,1,0,0,0,1,0,0,0,1,0,0,0,0,0,0,0,1,0,0,0,0,0,0,0,1,0,0,1,0
KL0805,1,0,1,0,0,2,0,1,1,0,1,2,2,1,0,0,1,1,1,0,0,0,1,0,1,0,2,1,0,0,1,1,0,0,0,0,0,1,0,0,0,1,0,1,0,1,0,0,1,1,1,1,0,1,1,1,0,0,0,1,0,0,0,0,0,0,0,1,0,1,0,0,0,0,0,1,0,1,1,0,1,0,0,0,0,1,0,1,0,0,1,0,1,1,0,1,1,0,0,0,1,1,1,1,2,0,0,0,0,1,0,0,0,1,1,0,0,1,0,2,0,0,0,0,0,0,0,0,0,1,1,0,2,0,0,0,2,0,0,2,0,0,1,1,0,2,2,0,0,0,0,2,0,1,1,1,2,0,0,0,0,0,0,0,2,0,0,2,0,1,0,2,1,1,1,0,0,0,0,1,0,1,0,1,1,1,1,1,1,0,1,1,0,1,0,0,0,1,1,1
KL0806,0,0,0,0,1,0,0,1,0,0,1,1,0,1,0,1,2,1,0,0,0,0,0,1,1,0,2,0,1,0,1,0,0,1,0,1,1,0,0,1,0,0,0,0,1,0,0,1,0,0,1,1,1,0,0,0,1,0,2,0,0,0,1,0,0,0,1,1,0,0,1,0,0,0,0,0,0,0,1,0,0,0,2,0,0,0,0,1,1,1,0,1,0,2,0,1,0,0,1,0,0,1,0,2,0,0,0,0,0,1,0,1,0,0,2,0,1,0,0,0,0,0,1,1,0,0,0,2,2,0,1,0,2,1,0,0,0,0,0,0,0,1,0,1,0,1,0,1,2,1,0,1,1,1,0,1,1,0,0,1,0,0,0,1,1,0,0,1,0,0,0,2,0,1,2,2,0,0,0,0,0,0,0,0,1,2,2,1,1,1,1,1,1,2,1,1,0,0,0,0
KL0807,0,0,1,1,0,0,1,1,1,0,0,1,2,1,0,0,1,1,0,1,1,1,1,1,0,0,1,0,0,0,0,0,2,0,0,0,1,0,0,0,0,1,0,1,0,2,1,0,1,0,1,1,1,1,0,1,2,0,0,0,0,0,0,0,1,1,1,1,0,0,1,1,1,0,0,1,1,1,0,0,0,0,0,0,0,1,0,1,0,0,0,0,0,2,0,0,2,0,0,0,1,1,1,2,2,0,1,0,0,0,0,1,0,2,1,0,0,0,1,0,1,0,1,0,0,1,1,1,0,0,1,1,1,0,0,0,0,0,0,0,0,1,0,0,1,0,0,0,1,1,1,0,0,0,1,1,1,1,0,0,1,0,2,0,1,0,0,1,0,1,0,1,0,0,2,0,0,1,0,0,0,0,1,0,1,0,1,2,0,0,0,0,0,2,0,0,0,1,0,0
KL0808,1,1,0,0,1,2,0,1,1,0,1,0,2,1,0,0,0,2,1,0,0,1,1,1,0,1,2,1,0,0,2,1,1,0,2,0,0,1,2,0,0,1,0,0,0,2,0,0,0,0,0,1,0,2,0,1,0,0,1,1,0,0,0,0,0,1,2,1,0,0,1,0,0,1,1,0,0,2,0,1,0,1,0,0,0,0,0,1,2,0,0,0,2,0,0,1,1,0,0,0,1,0,2,0,1,0,1,0,0,2,1,0,0,1,0,0,1,1,0,0,1,0,1,1,0,1,0,0,0,0,1,1,2,0,0,1,1,0,0,0,0,0,0,1,0,1,2,1,1,1,2,2,0,1,0,1,2,1,0,0,1,0,0,0,0,0,1,0,0,1,1,0,1,1,1,1,0,0,0,0,0,0,2,0,1,0,0,1,0,1,1,0,0,2,0,0,1,1,2,1
KL0809,1,0,0,1,0,1,1,1,0,0,0,1,1,0,1,0,1,1,1,0,0,0,1,1,0,1,0,0,1,0,1,0,2,0,0,0,1,0,2,0,1,1,0,0,0,2,1,0,1,1,0,2,0,0,0,2,1,0,0,1,1,0,0,0,2,2,1,0,0,1,1,0,0,1,0,1,0,2,2,0,0,0,1,0,0,1,0,1,0,1,1,0,1,2,1,1,1,0,1,0,1,1,0,0,2,0,1,0,0,0,0,1,0,1,1,0,1,1,0,0,0,0,0,0,0,2,0,0,2,0,1,0,0,0,0,1,0,0,0,0,0,2,0,0,0,1,1,1,0,1,0,0,1,0,0,0,1,1,0,0,1,0,0,1,0,1,0,1,1,1,1,0,0,0,2,1,1,1,0,1,0,0,1,1,0,0,1,1,0,1,0,1,0,1,0,0,1,1,0,0
KL0810,0,0,0,0,0,0,0,2,0,1,0,2,2,0,0,1,0,2,1,0,0,1,1,1,1,0,2,1,2,0,1,2,1,0,0,0,0,1,1,1,0,0,0,1,1,2,0,1,0,2,2,0,1,0,0,2,0,0,2,0,1,0,0,0,0,1,1,0,0,0,1,0,1,0,0,0,1,1,0,0,0,0,0,0,0,0,1,0,2,0,2,0,0,0,1,2,0,0,1,0,2,0,0,0,2,1,0,0,0,1,1,0,0,1,2,0,1,0,1,1,0,0,0,0,0,1,0,1,0,1,1,0,1,0,0,2,1,1,0,0,0,0,0,0,0,2,0,1,0,0,1,0,0,0,0,1,1,1,1,0,0,1,0,1,0,0,0,0,1,1,0,1,0,0,1,1,0,0,1,0,0,1,0,0,1,0,0,2,1,0,1,1,0,1,0,0,0,0,0,1
KL0811,1,0,1,1,1,0,1,1,1,0,1,1,0,2,0,0,2,1,2,0,0,0,1,0,1,0,1,0,1,0,2,1,1,0,0,1,2,0,2,1,0,0,0,0,0,2,0,0,1,1,0,1,1,0,1,2,0,0,1,0,0,0,0,1,0,0,1,0,1,0,0,0,0,0,1,0,0,1,0,0,0,0,0,0,1,1,2,1,0,0,0,1,1,2,1,2,0,1,0,0,1,1,1,1,1,1,1,0,0,1,0,1,0,1,2,0,2,2,0,0,0,0,0,1,0,1,0,0,0,0,0,1,0,0,0,1,0,0,0,0,0,1,0,0,0,1,0,0,1,1,0,1,0,0,1,1,2,0,0,1,1,0,0,0,0,0,0,1,0,0,0,2,0,0,0,1,0,0,0,0,0,0,2,0,2,1,1,1,0,0,0,2,0,2,0,0,1,0,0,0
KL0812,1,0,1,0,0,1,1,2,0,0,0,0,0,0,0,0,1,1,1,0,0,1,0,1,0,0,1,0,1,0,0,0,2,0,0,0,2,1,1,1,0,1,1,0,0,1,0,1,1,1,0,2,1,0,0,0,2,0,1,0,0,0,0,0,1,1,1,1,1,0,2,0,0,0,0,1,0,1,2,0,0,0,0,0,0,0,1,0,0,0,1,1,1,2,0,1,1,0,0,0,1,0,0,0,0,1,0,0,0,2,0,1,0,0,1,0,0,1,1,1,0,0,1,0,0,1,0,2,1,1,1,0,2,1,1,1,0,1,0,0,0,2,0,0,0,0,1,0,2,0,1,0,0,1,0,0,0,2,0,2,0,0,0,0,0,0,1,1,0,0,2,1,0,1,1,2,0,1,0,0,2,1,0,1,1,0,1,1,0,0,1,0,0,0,0,0,0,1,0,1
KL0813,0,1,0,1,0,1,1,1,0,0,1,0,0,0,0,0,2,0,1,1,0,0,0,1,0,1,1,0,1,0,0,0,0,1,1,0,1,0,1,1,0,1,0,1,0,1,0,0,2,1,0,1,1,0,0,0,1,0,0,2,0,0,0,0,1,1,0,1,0,0,1,0,0,0,1,0,0,2,2,0,0,0,1,0,0,2,0,0,0,0,0,1,0,2,0,0,1,0,0,0,1,1,1,1,2,1,0,0,0,0,0,0,0,0,2,1,2,1,0,1,0,0,2,0,0,1,1,1,0,0,2,1,1,0,0,1,0,0,1,0,0,2,1,0,0,0,0,1,1,1,0,1,1,0,1,0,1,0,0,0,0,0,0,1,0,1,0,2,0,0,2,0,0,0,0,1,1,0,0,1,0,2,1,0,2,1,1,0,0,1,0,1,0,2,1,0,1,0,0,0
KL0814,0,0,0,1,1,0,1,2,0,0,0,1,1,0,0,1,1,1,0,0,0,1,0,0,0,1,1,0,1,0,2,1,2,1,1,0,1,0,1,0,0,0,0,1,1,2,0,0,1,0,1,1,2,0,0,0,0,0,1,2,0,0,0,1,1,0,0,1,0,0,1,1,0,1,1,0,0,2,1,1,0,0,0,1,0,0,1,1,0,1,1,0,2,0,0,0,0,1,0,1,1,0,0,1,1,1,0,0,0,0,1,1,0,1,0,1,2,2,1,0,0,0,0,0,1,0,1,1,0,1,1,1,1,0,0,0,0,1,0,0,0,1,0,0,0,1,0,1,0,1,1,0,1,0,0,2,1,1,1,1,1,1,1,1,2,0,0,0,0,0,0,1,0,0,1,0,1,0,0,0,1,0,2,0,0,1,0,0,0,1,1,1,0,0,0,1,0,0,0,0
KL0815,2,0,0,1,0,2,0,0,1,0,1,1,1,0,0,2,1,0,1,0,1,1,0,2,0,0,1,0,1,0,1,0,1,0,0,0,2,0,1,1,1,0,0,0,1,1,0,0,1,2,1,0,1,0,1,0,1,0,1,0,1,0,0,2,2,0,1,2,0,2,0,0,0,0,0,0,0,1,2,0,0,0,1,0,0,0,1,1,2,1,1,1,0,0,0,0,0,0,1,0,1,1,1,1,1,1,1,1,0,0,0,1,0,0,1,1,1,0,1,1,0,0,1,0,0,0,1,0,0,1,0,1,1,0,0,1,1,1,1,0,0,2,0,0,1,1,0,0,0,2,0,0,0,1,0,1,1,0,0,0,0,1,0,0,0,0,1,1,0,0,0,0,0,0,0,1,0,0,0,0,2,0,1,0,1,1,0,2,0,2,0,0,0,2,0,1,1,1,0,2
KL0816,1,0,0,1,0,1,1,1,0,1,1,1,2,0,0,0,2,0,0,0,0,0,0,1,0,0,1,0,1,0,1,1,2,0,1,0,0,0,1,0,0,0,0,0,0,1,0,0,1,0,0,2,0,0,0,1,0,0,1,1,1,0,0,1,0,0,2,2,0,1,2,0,1,1,1,0,0,2,1,1,1,0,0,0,0,1,0,1,0,0,0,1,0,1,0,1,0,1,0,0,1,0,2,2,1,1,0,0,0,1,0,1,0,2,1,1,2,0,0,0,0,1,1,0,0,0,0,1,0,2,0,1,1,0,0,1,1,1,0,0,0,1,0,0,1,1,1,2,2,1,1,1,1,0,0,1,2,0,1,2,1,1,0,1,1,0,0,1,0,0,0,1,0,1,0,2,0,1,0,0,0,0,0,0,0,1,0,1,0,1,1,1,0,1,0,0,0,2,1,1
KL0817,0,0,0,1,0,0,2,0,0,1,0,1,2,1,0,0,1,0,1,0,0,0,0,1,0,0,1,0,0,0,1,0,1,0,0,0,0,0,1,0,0,1,0,1,0,0,1,0,0,1,0,1,0,1,0,1,0,0,0,0,0,2,0,0,0,0,0,1,0,1,1,0,0,1,1,0,0,0,0,0,1,0,1,1,0,1,0,0,0,0,0,0,1,0,0,0,0,0,0,0,1,0,0,0,1,0,0,0,0,0,0,1,0,0,1,1,0,1,0,2,0,1,1,1,0,1,0,2,1,0,0,0,2,0,0,0,1,0,0,1,0,1,0,1,0,0,1,0,2,2,1,1,0,1,0,2,1,0,0,0,1,0,0,1,1,0,0,0,1,1,0,1,0,2,1,0,1,0,0,0,0,0,1,1,1,0,0,2,0,0,0,1,1,2,0,0,1,0,1,1
KL0818,0,0,0,0,2,1,0,1,1,0,0,1,1,1,0,1,0,1,1,0,1,1,0,1,1,0,2,0,0,0,2,0,0,1,1,0,1,1,2,0,0,2,1,0,1,0,1,0,1,0,1,2,2,0,1,2,0,0,1,0,0,0,0,1,1,1,0,2,0,0,1,0,2,2,0,1,1,0,2,0,0,1,0,0,0,2,2,1,1,0,0,2,1,1,1,0,0,0,0,0,0,0,0,1,1,0,1,0,0,0,1,0,0,2,1,1,0,2,1,1,0,0,0,0,0,0,0,2,0,0,0,0,1,0,0,1,0,0,0,0,0,0,0,1,1,1,1,0,0,1,2,0,0,1,0,0,1,0,0,0,0,0,0,0,0,1,1,0,1,1,0,0,0,2,0,1,0,0,0,0,0,0,1,0,1,1,1,0,0,0,1,0,0,1,0,0,1,0,1,1
KL0819,1,0,0,1,0,1,1,1,0,0,0,2,1,1,1,2,0,0,1,1,0,1,0,1,0,0,0,0,0,1,0,0,0,1,1,1,0,0,2,0,0,0,1,0,1,1,0,0,2,0,0,1,1,0,0,1,0,0,1,0,1,0,0,0,0,0,1,0,0,1,2,0,0,0,0,0,1,0,0,0,0,0,1,0,0,0,0,1,0,0,0,0,0,1,0,0,1,1,0,0,0,1,0,0,1,1,1,0,0,1,0,0,1,1,2,1,0,1,0,2,0,0,0,1,0,0,0,0,1,1,2,1,2,1,1,1,1,0,0,0,0,1,0,0,0,0,1,0,0,2,1,0,0,0,0,1,0,1,0,0,0,0,0,0,0,1,0,1,2,0,1,1,1,0,0,0,0,1,0,1,2,0,1,1,1,0,0,1,1,1,1,0,0,0,0,0,1,0,0,0
KL0820,1,0,1,2,1,0,0,1,0,0,1,1,0,0,0,1,0,1,1,1,0,1,0,0,0,0,1,0,0,0,0,0,0,0,0,0,1,0,1,0,0,1,0,1,0,0,1,1,1,0,1,1,0,0,0,1,0,0,0,0,0,0,0,1,1,0,1,0,1,1,0,0,0,1,1,1,0,1,1,0,1,1,0,0,1,0,0,1,0,2,0,0,1,1,0,1,0,0,1,0,0,2,1,0,2,2,0,0,1,2,0,1,0,1,2,0,1,1,0,0,0,0,1,1,0,1,1,1,0,2,0,1,1,0,0,2,0,0,0,0,0,1,1,0,0,1,0,0,1,2,1,0,1,0,1,1,0,0,0,0,0,0,0,2,1,0,0,0,0,0,0,0,0,2,0,0,1,1,1,1,1,0,1,0,1,0,0,1,0,1,0,0,1,0,0,0,1,0,2,1
KL0821,1,0,0,1,0,0,1,2,0,0,0,0,0,0,0,0,1,1,2,0,1,2,1,0,0,0,1,1,0,0,2,0,2,1,0,0,2,0,0,1,0,2,0,0,1,1,0,0,2,0,0,1,2,0,1,2,0,0,0,0,0,0,0,0,1,1,0,1,0,1,0,0,0,0,1,0,0,2,0,0,0,0,0,1,0,0,0,1,0,0,1,0,1,1,1,0,1,0,0,0,0,0,2,1,0,1,0,0,0,1,0,0,1,0,1,1,0,1,1,0,0,0,1,0,0,0,0,2,1,0,0,0,0,0,0,1,0,0,0,0,0,2,0,0,0,1,0,1,1,1,0,0,1,0,0,1,2,0,0,0,0,1,0,0,1,1,0,0,0,0,0,1,0,0,2,2,0,2,1,0,1,0,2,0,1,0,0,1,0,1,0,2,0,1,0,0,0,1,1,0
KL0822,2,0,0,0,0,2,1,1,0,1,1,0,1,1,0,1,1,1,1,0,0,0,0,1,0,0,1,1,1,0,0,1,2,0,0,0,0,0,0,0,0,0,0,1,0,1,0,0,2,1,1,1,0,0,0,1,1,0,0,0,0,0,1,0,0,0,1,1,0,1,1,0,1,0,0,0,0,1,0,0,1,0,0,1,0,1,0,1,0,0,1,0,0,0,1,0,1,1,0,0,2,0,1,1,1,1,0,1,0,1,0,0,0,0,0,1,1,0,0,0,1,0,1,0,1,1,0,1,1,1,0,2,1,0,1,1,0,1,0,0,0,1,0,0,1,1,2,1,0,1,1,0,0,0,0,0,0,1,1,1,0,0,1,1,1,0,0,1,0,0,0,1,0,0,1,0,1,0,0,1,0,0,1,1,1,0,1,0,1,0,0,2,0,1,1,0,0,0,1,0
KL0823,1,0,0,1,0,0,1,1,1,0,1,0,0,0,0,1,2,1,0,0,0,1,0,2,0,0,0,0,1,0,2,0,1,0,0,0,0,0,0,0,0,0,0,1,0,1,0,0,2,1,0,2,1,0,0,1,0,0,1,1,0,0,0,0,1,1,0,1,0,2,0,0,0,0,1,1,0,1,2,0,0,0,0,0,0,1,1,2,1,0,2,0,1,1,0,1,0,0,0,0,2,1,1,0,0,1,1,0,0,1,0,0,0,0,1,0,1,0,1,0,0,0,1,0,0,0,0,1,0,1,1,1,0,0,1,0,0,0,0,0,0,1,1,0,0,0,0,0,1,2,0,1,0,0,0,1,0,1,0,0,0,1,2,0,2,0,0,1,0,1,0,1,1,0,1,0,0,0,1,0,2,0,0,1,0,0,1,1,0,0,0,1,0,1,0,1,1,0,1,1
KL0824,1,0,1,2,1,0,1,1,0,0,0,1,1,1,0,0,0,0,1,0,0,0,0,0,0,1,2,0,0,0,1,0,1,0,0,0,1,0,1,0,0,1,0,2,0,1,0,0,0,0,1,1,0,1,0,1,0,0,0,1,0,1,1,0,0,1,0,0,0,0,1,1,0,0,0,0,0,0,1,1,1,0,0,1,0,2,0,0,0,0,0,0,2,1,0,0,1,0,1,0,0,0,0,1,1,1,1,0,0,1,0,0,0,1,1,1,0,1,0,1,1,0,1,0,0,1,0,0,2,0,1,0,1,0,0,2,0,1,0,0,0,1,1,1,0,0,0,1,1,0,2,0,0,0,0,1,2,0,0,0,1,1,0,2,1,1,0,0,0,0,1,0,0,1,1,0,0,0,0,0,0,0,1,0,1,1,0,1,0,0,0,1,0,0,1,0,0,0,0,0
KL0825,0,1,0,1,0,0,1,2,0,0,0,1,0,1,0,1,0,1,1,0,1,2,0,0,0,0,0,0,0,0,1,0,0,0,1,0,1,0,2,0,0,1,0,1,0,1,0,0,0,1,0,2,2,0,0,1,1,0,1,1,0,1,0,0,0,0,1,0,0,1,1,0,0,0,0,1,0,2,1,0,1,0,1,0,0,0,0,0,1,0,0,0,0,1,0,1,2,0,1,0,0,1,1,2,1,1,1,0,0,0,0,0,0,1,0,1,1,0,1,2,0,1,1,0,0,1,0,0,1,1,0,0,1,1,0,0,0,0,1,2,0,2,1,0,0,2,0,1,0,1,2,0,0,1,0,0,2,0,0,1,1,0,1,1,0,0,0,1,1,0,0,2,1,0,1,2,0,0,0,0,1,0,1,1,0,1,0,0,0,1,0,1,0,1,0,0,1,0,0,0
KL0826,0,0,0,1,1,1,0,0,0,0,1,1,1,0,0,0,0,1,1,0,0,0,1,0,1,0,1,0,2,0,2,0,1,0,2,1,1,0,2,0,0,0,1,0,0,1,0,1,0,0,1,1,1,0,0,0,0,1,0,1,0,0,0,0,2,0,1,0,0,1,1,0,0,0,0,1,1,1,0,1,0,0,2,1,1,1,0,2,0,0,2,0,0,1,1,1,2,0,0,0,0,0,1,1,1,1,0,1,0,1,0,1,2,1,0,1,0,1,0,1,0,0,2,0,1,0,1,1,0,2,1,1,1,0,0,1,0,0,1,0,0,1,0,0,0,1,2,1,1,1,1,1,0,0,0,1,2,0,0,1,0,1,0,0,0,1,0,0,0,0,0,1,1,0,0,1,0,1,0,0,0,0,2,1,0,1,1,1,1,1,1,1,0,0,1,0,0,1,1,0
KL0827,0,0,0,1,0,0,0,1,0,1,1,1,1,0,0,0,0,0,0,0,1,1,0,1,0,0,2,0,0,0,0,0,2,0,0,0,2,1,2,0,0,0,1,1,1,2,1,0,0,2,0,1,1,0,0,0,0,1,0,1,1,0,1,0,0,1,1,2,0,0,0,0,0,0,1,0,1,0,1,0,0,0,0,0,1,0,0,1,0,0,0,0,0,1,1,0,0,0,1,0,0,0,1,0,0,0,1,1,1,1,0,1,0,1,0,1,1,0,1,1,0,0,0,0,0,1,0,2,2,1,2,1,0,0,0,0,1,0,0,1,0,2,0,0,1,1,1,0,0,0,0,0,0,0,0,1,1,0,0,0,0,0,1,0,0,0,0,0,0,1,0,0,0,1,0,0,0,1,1,1,0,1,1,0,0,0,1,0,0,0,0,0,0,1,0,0,1,1,1,0
KL0828,0,1,0,0,0,2,1,2,0,0,0,1,1,1,0,1,2,0,1,1,0,1,0,1,0,0,1,0,0,1,1,0,1,1,0,0,2,0,0,1,0,0,0,1,0,0,0,0,1,2,0,1,2,0,0,1,0,0,0,0,2,0,0,1,0,1,0,1,0,1,0,0,0,1,1,0,1,1,0,0,1,1,1,0,0,0,1,1,1,0,1,0,1,1,0,1,0,1,0,0,0,1,0,1,1,1,1,0,1,2,0,0,2,1,1,0,1,0,0,1,0,0,2,0,0,0,0,0,0,0,0,1,0,0,1,1,0,1,0,0,0,1,0,1,0,1,0,0,2,0,0,1,1,1,0,1,0,0,1,0,0,0,0,0,1,0,0,1,0,0,1,1,0,0,2,1,0,0,0,0,0,0,0,0,0,1,0,1,0,0,0,0,0,2,0,0,1,1,0,0
KL0829,1,0,0,0,1,1,2,2,1,1,2,1,0,2,0,1,0,1,0,0,0,0,1,2,0,0,1,1,0,0,0,0,0,0,1,0,2,0,1,0,0,1,1,1,0,1,0,0,1,0,1,1,0,0,0,2,1,0,0,0,1,1,0,0,2,0,2,1,0,0,0,0,1,1,1,0,1,1,2,0,0,0,0,0,1,1,1,1,1,0,2,0,0,1,0,1,0,0,0,0,1,1,0,2,1,2,0,0,0,1,0,1,0,1,0,2,1,1,0,1,0,0,0,0,0,1,1,1,0,0,0,1,1,0,0,1,1,0,0,0,0,1,1,1,0,1,2,1,2,1,1,1,0,0,2,0,2,1,0,0,0,0,1,0,0,0,1,1,1,0,2,0,0,0,1,2,0,1,0,0,0,1,1,0,0,0,1,0,1,0,1,0,0,1,0,0,1,1,0,0
KL0830,0,1,0,2,0,2,0,1,0,0,0,1,1,0,0,0,1,1,0,0,0,0,0,0,0,0,1,0,0,0,0,1,2,0,0,0,2,0,1,0,0,0,1,1,0,2,0,0,0,1,0,2,1,1,0,0,0,0,0,0,1,1,0,0,0,1,1,0,0,2,1,0,2,0,0,1,0,0,2,1,0,0,0,0,0,0,1,1,0,1,0,1,1,0,0,0,0,0,0,0,0,1,0,0,1,0,1,0,0,2,0,1,0,1,2,0,0,0,0,2,0,0,0,0,0,1,0,0,1,1,1,0,0,0,0,0,1,0,0,0,0,1,1,0,1,0,0,1,0,0,0,0,0,0,1,1,0,0,0,0,0,1,1,1,1,0,0,0,0,0,2,1,0,0,2,0,0,1,0,0,0,0,2,0,1,2,0,1,0,0,1,0,0,1,0,0,0,0,0,0
KL0831,0,0,0,1,0,1,0,0,0,2,0,0,0,0,1,0,1,1,1,0,0,1,1,1,0,0,1,0,2,0,0,0,1,1,0,0,1,0,2,0,0,0,0,1,0,1,0,0,1,1,0,0,0,0,0,1,0,0,1,0,0,0,0,0,1,1,0,1,0,1,1,0,1,0,0,0,0,1,2,1,0,0,0,1,1,0,1,0,0,1,1,0,0,1,0,2,1,0,0,0,0,1,0,0,1,0,0,0,0,1,0,1,1,0,1,0,0,1,1,0,0,0,0,0,0,1,1,1,1,1,2,0,1,1,0,1,2,0,0,0,0,1,1,0,1,0,1,2,1,1,1,1,1,0,0,0,2,0,0,0,1,0,1,0,0,0,0,2,0,0,1,1,0,0,0,0,0,0,1,1,1,0,0,0,0,1,1,1,1,1,0,2,0,1,0,0,2,1,2,2
KL0832,0,1,0,2,0,0,2,0,0,0,0,1,1,0,0,1,0,0,1,0,0,1,0,1,0,0,2,0,0,0,0,0,0,0,1,0,1,0,0,1,0,0,0,2,0,2,0,0,1,1,0,1,0,0,0,0,1,0,1,1,1,0,0,0,0,1,2,0,0,1,0,0,0,0,0,1,0,0,1,0,0,0,1,0,0,0,0,1,1,0,1,1,1,1,0,0,0,0,0,0,1,0,1,0,0,1,2,0,0,2,0,1,1,1,0,0,0,2,0,2,0,0,1,0,0,1,0,0,2,1,1,0,0,0,0,1,1,0,0,0,0,0,0,0,0,2,0,1,1,1,0,1,0,1,2,0,1,0,0,0,0,0,0,1,1,1,2,1,1,1,0,0,0,1,0,1,0,0,0,0,0,0,1,0,0,1,0,2,1,0,1,0,0,0,0,1,1,1,0,0
KL0833,0,0,0,1,0,0,1,1,0,0,1,0,1,0,0,1,1,1,1,0,0,0,0,1,0,0,1,0,2,0,1,0,0,1,1,0,0,1,0,0,0,0,0,1,0,0,0,1,1,1,0,2,2,0,1,1,1,0,0,0,1,0,0,0,0,0,0,0,0,2,1,0,0,0,0,0,0,2,1,1,0,0,0,0,0,1,0,1,0,0,1,0,1,1,1,1,0,0,1,0,2,0,0,1,1,2,0,1,0,1,1,2,0,1,1,1,2,1,0,1,0,0,1,1,0,1,0,0,1,1,1,1,1,0,0,0,0,0,1,0,1,1,0,0,0,1,1,0,1,0,1,2,0,0,0,0,0,0,0,0,0,0,0,1,1,0,0,2,0,0,1,0,0,1,0,2,0,0,0,0,0,0,1,0,1,0,0,0,0,0,1,1,1,1,0,0,2,0,0,2
KL0834,1,0,0,1,0,0,1,0,0,2,1,0,0,1,0,2,1,0,2,0,0,2,1,0,0,0,1,1,1,0,0,1,1,0,0,0,1,0,1,0,0,1,0,1,0,0,1,1,0,2,0,0,0,0,0,0,1,0,2,1,1,0,0,0,1,1,0,0,0,1,2,0,1,0,1,0,0,2,2,0,0,0,1,2,1,0,1,2,1,0,1,0,2,1,0,0,0,0,0,1,2,0,1,1,0,1,0,0,0,0,1,0,0,1,0,1,0,0,0,1,0,0,1,0,0,2,1,1,1,1,1,0,1,1,2,2,0,0,0,0,0,2,0,1,0,2,1,0,1,1,1,1,0,1,0,0,0,0,1,0,0,0,0,0,0,1,0,0,0,0,0,0,0,1,1,1,0,1,0,0,0,0,2,0,1,0,1,0,0,0,1,1,0,1,0,0,1,2,1,0
KL0835,2,0,0,1,0,0,1,0,0,0,0,0,0,0,0,0,2,2,1,0,0,1,1,0,0,0,0,1,0,0,0,0,1,0,0,0,1,0,1,1,0,1,0,1,0,1,0,0,2,1,0,1,1,1,0,0,0,0,1,2,2,0,0,0,0,0,0,1,0,1,0,1,0,0,0,0,1,1,0,0,0,0,0,0,0,0,1,0,0,0,1,0,1,1,0,0,0,1,1,0,0,0,0,1,2,2,0,0,0,0,0,1,0,0,2,0,2,1,0,2,0,0,1,1,0,0,0,1,0,0,2,0,2,0,0,2,1,0,1,1,0,1,0,0,0,2,0,1,1,0,1,0,0,0,0,0,1,0,0,1,1,0,0,1,1,0,0,0,0,0,2,1,0,2,1,2,0,1,2,0,0,0,2,1,0,1,2,0,1,0,1,0,0,1,1,0,0,1,2,0
KL0836,0,0,0,1,1,1,1,1,0,0,1,0,0,1,0,0,0,0,0,0,0,0,0,0,0,0,0,0,1,0,0,0,0,0,1,0,1,0,1,2,0,2,0,2,1,2,0,0,2,0,0,2,2,0,1,2,1,0,1,1,0,0,0,0,1,0,1,1,1,0,1,0,1,0,0,1,0,1,0,0,0,0,0,0,0,2,1,0,0,0,0,0,1,1,0,1,2,0,0,0,0,1,1,0,2,1,1,0,0,1,0,1,0,0,2,2,1,0,1,1,0,1,1,0,0,0,0,1,2,1,1,0,1,0,0,1,0,0,0,0,0,2,0,2,1,1,0,1,2,1,0,1,1,0,1,2,1,0,0,1,0,2,1,0,1,1,1,1,0,0,0,0,0,1,1,0,0,0,0,0,0,0,1,0,0,0,0,1,0,0,2,1,0,1,0,0,2,0,2,0
KL0837,0,0,0,2,0,0,1,0,0,0,0,0,1,1,0,1,1,1,1,1,1,0,1,0,0,0,0,0,0,0,0,0,1,0,0,0,2,1,1,1,0,2,0,0,0,1,0,0,1,1,0,1,0,0,0,1,0,0,1,0,0,0,0,1,0,1,0,0,0,1,1,0,2,0,0,1,0,1,0,1,0,0,1,0,0,1,0,0,0,0,0,0,1,1,1,0,0,1,0,0,0,0,2,1,2,2,1,1,0,1,0,1,0,1,1,0,1,0,0,2,0,0,0,0,0,0,0,1,0,0,2,0,2,0,0,0,0,0,1,0,0,1,1,1,0,2,0,0,1,1,0,0,1,1,0,1,1,0,0,1,0,1,0,0,0,0,0,1,0,0,2,1,0,1,2,0,0,1,0,0,1,0,1,0,1,1,2,1,0,0,0,0,0,1,0,0,0,0,2,0
KL0838,0,1,1,0,0,0,1,2,0,1,1,0,1,1,0,2,1,0,1,0,0,1,0,0,0,0,1,0,1,0,2,0,2,0,0,1,2,0,1,0,0,1,0,0,0,1,0,0,1,0,0,1,0,0,0,2,0,0,0,1,1,0,0,0,1,1,1,2,1,0,0,0,1,0,1,0,1,0,1,1,0,0,1,1,0,1,0,0,0,0,0,0,1,1,0,0,1,0,0,0,0,0,0,2,1,0,1,1,1,1,0,1,1,0,2,2,1,0,0,0,1,0,1,0,0,2,1,0,1,0,1,0,0,0,0,0,0,1,0,0,0,1,1,1,0,1,1,0,2,0,0,1,0,0,0,0,0,0,0,0,1,2,0,2,2,0,0,0,0,0,2,0,0,2,0,0,0,0,0,0,0,0,2,0,1,1,2,1,0,0,0,2,0,1,1,0,0,2,0,0
KL0839,0,0,0,1,0,0,1,1,0,0,0,0,2,0,0,1,0,0,1,0,0,1,0,1,1,0,0,1,0,1,1,1,1,0,0,0,2,0,2,0,0,1,0,0,0,1,0,1,2,2,0,1,2,0,0,1,0,0,0,0,1,1,0,0,0,0,2,2,0,0,0,1,0,0,0,1,0,0,1,0,0,1,0,0,0,1,1,1,0,0,0,1,1,1,0,0,0,0,1,0,1,0,1,0,0,0,0,0,0,0,0,2,0,1,2,2,1,1,0,0,1,0,2,0,0,0,1,1,1,0,1,0,1,0,0,1,2,0,0,1,0,2,1,2,2,0,2,1,0,1,0,1,1,0,0,1,0,0,0,2,1,1,1,0,1,2,1,1,0,0,0,0,0,0,2,0,1,0,0,0,1,1,1,1,1,0,1,2,1,0,0,2,0,1,0,0,0,0,0,2
KL0840,1,0,0,1,0,0,2,1,0,1,1,0,0,0,0,1,1,2,1,0,1,0,0,0,1,1,1,0,0,0,1,0,1,1,0,0,1,0,1,0,0,1,0,2,0,1,0,0,2,2,0,0,0,2,0,0,1,1,1,0,0,0,1,1,0,0,0,1,0,2,1,0,0,1,0,0,1,2,1,1,0,1,0,0,0,0,1,0,0,1,1,0,0,2,0,1,0,0,0,1,1,2,0,2,1,1,1,0,0,1,0,0,0,0,1,0,1,1,0,2,0,0,0,0,0,0,0,2,1,1,0,0,1,0,0,1,0,1,0,1,0,2,0,1,0,1,0,2,0,2,0,1,1,0,0,1,1,0,1,2,0,1,0,1,1,0,1,0,0,1,1,1,0,0,0,0,1,1,1,0,1,0,0,0,0,1,0,2,0,1,0,1,0,2,1,0,1,0,2,0
KL0841,0,0,0,1,0,2,1,1,0,1,1,1,0,0,1,1,1,1,1,0,0,1,1,2,0,0,0,0,0,0,1,1,1,0,0,0,1,1,0,1,0,0,0,0,0,1,0,0,1,0,0,2,0,0,0,1,0,0,1,0,1,0,0,0,2,0,0,1,0,1,2,0,0,0,0,0,0,2,1,1,1,0,0,0,2,0,0,1,0,1,0,0,0,1,0,0,0,1,1,0,2,1,0,1,2,1,0,1,0,0,0,0,0,1,0,1,1,1,1,2,0,0,0,0,0,1,0,0,1,0,1,0,2,1,0,1,0,0,0,0,0,2,0,1,0,2,2,0,1,0,0,0,0,0,0,0,2,0,0,1,0,1,0,0,1,0,0,0,0,0,1,1,0,1,0,1,1,0,0,1,0,0,1,0,0,1,1,0,0,0,2,0,0,0,0,1,0,1,2,0
KL0842,1,0,0,1,0,0,1,0,0,1,0,0,1,0,0,1,0,0,0,0,0,1,1,0,0,0,1,1,0,0,1,0,0,0,0,0,0,1,2,0,0,2,1,0,1,1,0,2,1,0,0,2,1,1,0,1,2,0,0,0,0,0,0,0,0,1,0,0,1,1,1,0,0,0,0,0,1,1,0,1,0,0,0,0,1,1,0,1,0,0,0,1,0,1,0,1,0,0,0,0,0,0,1,1,1,0,0,0,0,0,0,1,0,1,1,1,1,1,1,1,0,0,1,0,0,1,0,1,1,1,0,1,1,0,0,1,2,0,0,0,0,0,0,1,0,1,0,0,0,1,0,0,0,1,1,2,2,1,0,0,0,0,1,1,0,0,0,0,0,0,0,1,0,1,0,2,0,1,0,0,0,0,0,1,0,0,0,0,0,0,0,0,0,1,0,0,1,1,1,2
KL0843,0,0,0,2,0,0,1,1,0,0,1,1,1,0,0,1,0,2,1,1,1,0,0,0,0,1,1,0,0,0,0,0,1,0,0,0,1,0,1,1,0,0,1,1,1,0,0,0,0,1,1,2,0,1,1,0,1,0,0,1,0,0,0,1,0,0,0,0,0,1,0,0,0,1,0,1,2,2,0,1,0,0,0,0,2,1,1,1,0,0,0,0,0,1,0,0,1,0,0,0,1,1,1,1,1,1,2,1,0,2,0,1,1,1,1,0,1,0,0,1,0,0,1,1,0,1,0,2,1,1,0,1,1,0,0,0,1,0,0,0,0,1,0,1,0,1,1,0,1,1,0,0,0,0,0,1,0,1,0,0,0,0,0,1,1,0,0,1,1,0,2,1,0,0,1,1,0,0,1,0,2,0,1,0,1,0,0,0,0,0,0,0,0,1,0,0,1,1,0,0
KL0844,1,0,0,1,0,1,0,1,0,1,0,2,0,2,0,1,0,1,0,0,0,0,0,1,0,0,0,0,1,0,1,0,1,1,1,1,1,0,0,0,0,1,0,2,2,1,1,1,2,1,0,1,1,0,0,0,0,0,1,1,0,0,0,1,0,1,0,0,1,2,0,0,0,0,0,0,0,2,1,1,0,0,1,0,1,0,0,1,0,0,1,0,0,2,0,1,0,1,0,0,2,1,0,0,1,0,1,0,0,0,0,1,0,1,1,1,2,0,0,0,0,0,0,1,0,1,0,1,0,0,1,0,0,0,0,0,0,0,0,0,0,1,0,1,1,0,1,0,2,0,0,0,0,1,0,1,2,0,0,1,1,1,0,0,0,0,1,0,1,0,0,0,0,0,1,1,0,0,0,0,0,0,1,0,0,1,1,0,0,1,1,1,0,2,0,1,0,1,0,1
KL0845,0,0,0,2,0,1,1,1,0,0,0,1,1,0,0,1,0,1,0,0,0,1,0,0,0,0,0,1,1,0,2,1,0,0,0,0,2,0,1,0,0,0,0,1,0,2,0,0,1,1,0,1,2,1,0,1,0,0,0,1,2,0,0,1,0,0,2,0,0,2,1,0,0,0,0,0,0,1,1,0,0,0,0,0,1,1,0,1,1,0,2,0,1,0,0,0,0,1,0,0,1,1,0,1,0,0,1,1,0,1,0,1,0,0,1,1,0,2,0,2,0,1,0,0,0,2,1,2,0,0,0,1,0,0,0,2,0,1,0,0,0,0,0,2,0,1,0,1,0,0,0,1,0,0,0,1,1,0,0,0,0,0,2,0,0,0,0,0,1,1,0,0,0,0,1,1,0,0,0,1,0,0,2,0,0,0,0,0,0,0,1,0,0,1,0,0,1,1,1,1
KL0846,1,0,0,0,0,0,2,1,0,1,0,1,0,1,0,2,1,1,2,0,0,2,1,0,0,0,2,0,0,0,1,2,0,0,1,0,1,1,1,0,0,0,1,0,1,0,0,0,2,2,0,1,0,0,0,0,1,0,0,0,1,0,0,1,2,2,0,0,0,2,1,0,0,0,0,1,1,1,0,0,0,0,0,1,0,0,1,1,0,0,1,1,2,1,0,0,1,0,1,0,0,1,0,0,2,1,1,0,1,0,0,2,1,0,1,1,0,1,0,0,0,0,1,0,0,0,0,1,0,1,0,2,1,0,1,0,0,0,0,0,0,0,0,0,0,0,1,1,1,2,1,2,1,2,0,1,0,0,0,1,0,1,1,1,1,1,1,1,0,0,1,0,0,0,0,1,0,0,0,2,0,0,1,2,1,1,0,1,0,0,0,0,0,0,0,0,0,0,1,0
KL0847,1,0,0,0,0,2,1,2,0,1,1,2,1,0,0,1,1,1,0,1,0,2,0,0,0,0,0,0,0,1,1,1,1,0,1,1,0,1,0,0,0,0,0,0,0,1,0,1,1,0,0,0,1,0,0,0,0,0,0,2,1,0,0,0,1,1,1,0,1,1,1,0,0,1,0,1,0,0,1,0,0,1,0,0,0,1,1,1,2,0,0,0,1,0,0,0,0,0,1,1,1,0,0,2,2,1,0,2,0,0,0,1,0,1,1,1,0,0,0,2,0,0,1,0,0,2,0,1,1,1,1,0,1,0,0,2,1,0,0,0,0,2,0,1,1,0,0,0,0,0,0,0,0,2,0,0,1,0,0,1,0,1,0,1,0,0,0,1,1,1,1,1,0,0,2,0,0,1,0,0,2,0,1,0,1,1,0,0,0,0,1,1,0,0,0,0,0,1,1,2
KL0848,0,1,0,2,0,1,1,2,0,0,0,0,0,1,0,0,0,0,1,0,0,0,2,2,0,0,0,0,0,0,1,0,2,0,0,0,2,0,0,0,0,1,0,0,1,0,0,0,0,1,1,2,0,1,0,1,0,0,1,1,1,1,0,0,0,1,1,2,0,1,1,1,0,0,0,1,1,0,1,0,0,0,0,0,1,0,0,0,1,0,0,0,1,2,0,1,0,0,0,0,0,1,0,1,2,2,1,1,0,2,1,1,0,0,1,0,0,1,1,1,0,0,1,0,0,2,0,0,1,0,0,0,1,0,0,1,2,0,0,0,0,1,1,1,0,1,1,1,0,1,0,0,1,1,1,1,0,1,1,1,1,0,1,1,0,1,0,1,0,0,1,0,0,1,1,0,0,0,0,1,0,2,0,0,0,1,0,2,0,0,0,0,1,2,0,0,1,0,0,0
KL0849,1,0,0,1,0,1,1,0,0,0,0,1,1,1,1,0,0,1,1,0,1,1,1,0,0,2,2,0,1,1,1,0,0,0,0,0,2,1,2,0,0,2,1,2,0,1,0,1,0,1,2,1,2,1,1,1,1,0,1,1,1,0,0,2,0,1,0,1,0,0,1,1,0,0,0,0,0,2,1,1,0,0,0,0,1,0,0,1,1,0,0,0,2,1,1,0,1,0,0,0,2,0,2,2,2,2,1,1,0,1,0,1,0,2,2,1,0,0,0,0,1,0,0,1,0,1,1,1,1,0,0,1,2,0,0,1,0,0,0,2,0,2,1,0,0,1,0,1,1,0,0,0,1,0,0,0,1,2,0,0,0,0,0,1,1,0,0,1,0,0,1,1,0,0,1,0,0,0,0,0,0,0,0,0,0,1,0,1,0,0,0,1,0,1,0,0,0,1,2,0
KL0850,1,0,0,2,0,1,1,0,0,0,0,1,1,1,0,1,1,1,1,0,1,1,1,1,0,0,2,0,1,0,1,0,1,0,0,0,1,0,2,0,0,1,1,0,1,0,0,0,1,1,0,1,1,1,1,0,0,1,1,2,0,0,0,0,0,1,0,2,1,0,1,0,1,0,0,1,0,1,0,1,0,0,2,0,1,0,0,1,1,0,1,0,0,1,0,1,0,0,0,0,1,0,0,1,1,1,1,1,0,1,0,0,0,2,1,0,1,1,1,1,0,0,2,0,0,1,0,2,0,0,1,1,0,1,0,1,2,0,0,0,0,0,1,0,0,2,1,1,0,1,0,1,0,1,1,1,1,1,0,0,0,1,0,1,0,0,0,1,1,1,0,0,0,0,2,0,1,0,0,1,1,0,1,0,1,1,1,1,0,0,1,2,0,2,0,1,0,0,0,0
KL0851,1,0,1,0,0,1,1,1,0,0,1,0,0,1,0,0,1,1,0,0,0,1,1,2,0,0,1,0,0,1,1,1,0,0,0,0,0,0,0,1,0,1,1,1,0,2,1,1,0,2,0,1,1,0,0,0,1,0,1,0,1,0,0,0,0,1,0,0,0,1,1,0,0,1,0,1,0,1,0,0,0,1,0,0,0,0,0,1,0,0,1,0,1,0,0,1,0,0,0,0,1,2,1,0,1,1,1,1,0,2,0,1,1,1,0,1,0,2,0,2,1,0,0,0,1,1,0,2,1,1,0,1,1,0,0,1,1,0,0,0,0,0,2,1,1,0,0,0,0,0,0,0,0,0,0,0,1,0,0,1,0,0,1,0,1,0,0,0,0,0,0,0,1,0,2,1,0,1,0,1,0,0,1,0,0,0,0,1,0,0,0,0,0,1,0,0,0,1,0,0
KL0852,2,0,0,0,0,0,1,0,0,0,1,0,0,0,0,1,1,1,0,1,0,2,0,2,0,0,0,0,1,0,1,0,1,0,1,1,1,0,0,1,0,1,0,1,1,1,0,0,0,0,0,2,0,0,0,2,1,1,1,1,1,0,0,0,0,1,0,0,0,1,2,1,1,1,0,0,0,0,0,1,0,0,2,1,0,1,0,2,0,1,1,0,0,2,0,0,1,0,1,0,1,0,0,0,0,1,1,0,1,1,0,0,0,1,2,1,1,0,0,1,0,0,0,0,0,0,1,1,0,1,0,0,1,1,0,0,1,1,1,0,0,1,0,1,0,2,2,0,0,1,0,2,1,0,1,1,1,0,0,0,1,0,1,2,1,1,0,1,2,0,1,0,0,0,0,2,0,1,0,0,0,0,2,1,0,2,0,1,0,0,1,0,0,0,0,0,0,1,0,0
KL0853,1,0,0,0,0,1,1,1,0,1,1,0,2,1,0,0,2,0,2,0,0,1,0,2,0,0,1,0,0,0,1,1,1,0,0,0,1,0,1,1,0,1,0,1,0,0,0,0,0,0,1,2,1,0,1,1,0,0,2,0,0,0,0,1,1,0,1,1,0,0,0,0,0,0,0,1,1,2,1,0,1,0,0,1,0,0,0,1,1,0,0,0,0,0,0,0,0,0,0,0,1,1,1,1,1,1,1,0,0,1,0,0,0,0,0,1,1,1,0,2,0,0,0,1,0,2,0,2,1,1,1,0,1,1,1,2,0,1,0,0,0,1,1,0,2,2,0,1,1,1,0,0,1,2,0,1,1,0,0,1,1,0,1,2,0,1,0,1,0,0,2,0,0,1,1,2,1,1,0,0,0,0,1,0,1,0,0,1,0,0,2,0,0,1,1,0,1,1,0,1
KL0854,0,0,1,1,0,0,1,0,1,1,1,0,1,1,0,2,1,0,1,0,0,0,2,0,0,0,1,0,1,0,1,0,1,0,1,0,2,0,0,0,0,0,0,0,2,2,0,1,0,0,0,0,0,1,0,1,0,0,2,1,0,0,0,0,0,1,1,2,1,0,1,0,0,0,1,0,0,0,0,1,1,0,0,0,2,0,0,2,0,0,1,0,1,1,0,0,0,0,1,0,2,0,1,0,2,1,0,0,0,1,1,1,0,0,1,1,1,1,1,2,0,0,0,1,0,0,0,0,0,1,2,0,0,0,0,0,2,1,0,0,0,2,0,0,1,1,1,0,2,1,0,1,0,1,0,0,0,0,0,0,1,0,2,1,1,1,0,1,1,1,0,0,0,0,0,2,0,0,0,0,1,0,0,0,1,0,1,0,0,0,1,0,0,0,0,0,1,1,1,0
KL0855,1,0,0,2,0,1,2,1,0,0,0,0,0,1,1,0,1,0,0,0,0,1,2,0,1,0,1,0,2,0,0,0,1,0,0,0,1,0,1,0,1,1,0,2,0,1,1,1,0,0,0,1,0,0,0,1,1,0,1,1,1,0,0,0,0,0,1,0,0,2,1,0,0,1,1,1,0,1,1,1,1,0,0,0,1,1,0,1,1,0,0,0,1,2,0,2,0,0,0,0,1,0,0,1,1,0,1,1,0,0,0,0,1,1,1,2,2,0,1,0,0,0,1,1,0,0,0,1,0,1,1,0,0,0,0,0,1,0,0,0,0,1,1,1,0,1,1,2,0,0,1,0,0,1,0,1,1,0,0,2,2,1,1,2,1,1,1,1,0,1,0,1,0,0,0,1,0,0,0,0,0,0,2,0,0,1,1,1,0,2,1,1,1,1,0,0,1,1,0,1
KL0856,0,0,0,1,0,1,0,1,1,0,1,1,0,0,0,0,0,0,1,0,0,1,0,1,0,0,1,0,0,0,1,0,0,1,1,0,2,0,1,1,0,0,0,0,0,1,0,0,2,0,1,0,0,0,0,0,0,0,0,0,2,0,0,0,0,1,1,1,1,0,0,0,0,0,0,1,0,0,1,1,0,0,0,0,1,0,1,1,0,0,2,0,1,1,1,0,0,0,1,1,2,0,2,0,1,0,0,1,1,1,1,0,0,1,1,0,0,0,0,1,0,0,0,0,0,1,0,1,0,1,0,1,1,1,1,0,1,0,0,1,0,2,0,0,1,0,0,1,2,2,1,0,0,1,1,0,0,0,0,1,0,0,0,1,0,0,0,1,1,0,1,1,0,1,0,0,0,1,1,0,0,0,1,0,2,2,0,0,0,0,1,1,0,2,0,0,1,1,1,0
KL0857,1,0,2,1,0,0,2,0,0,0,1,0,1,0,0,2,0,1,2,0,1,1,2,0,0,0,1,0,0,0,1,0,1,0,0,0,1,1,0,0,0,0,0,1,0,1,0,0,2,0,0,1,2,0,0,0,0,0,1,0,0,0,0,0,1,0,0,0,0,1,1,0,0,0,0,0,0,2,1,1,1,0,0,0,1,1,2,1,1,0,1,0,2,2,0,0,0,0,0,0,1,0,1,0,0,2,1,0,0,1,1,1,1,0,1,1,2,1,0,2,0,0,1,1,0,0,1,0,1,0,1,0,0,0,0,1,2,0,0,0,0,1,1,0,1,0,1,0,2,1,0,1,0,0,1,1,2,1,1,0,0,0,0,1,1,1,1,1,0,0,1,0,0,1,2,1,0,0,0,0,0,0,1,0,0,0,1,0,0,0,1,1,0,0,0,0,1,0,2,0
KL0858,2,0,0,1,0,1,0,1,1,0,1,1,0,0,0,1,0,0,1,0,1,2,0,2,0,0,1,0,1,0,1,0,2,1,0,0,1,0,1,0,0,1,0,0,0,1,1,0,1,1,1,1,0,1,1,2,0,0,0,1,1,1,0,0,0,0,0,1,0,1,1,0,0,1,1,0,0,1,1,1,0,0,0,0,0,0,2,0,0,0,0,0,1,1,1,0,1,0,0,0,2,0,1,0,0,0,0,0,1,0,0,2,0,0,0,2,0,0,0,1,0,0,1,0,0,0,1,2,0,0,1,0,1,0,0,1,1,1,0,1,0,1,1,0,0,0,0,0,1,0,2,1,0,0,0,1,1,0,0,1,1,1,1,0,0,0,0,0,1,0,1,1,0,0,1,0,1,0,0,0,1,0,2,0,0,1,0,2,1,0,0,1,0,2,0,0,2,2,2,0
KL0859,0,0,0,0,0,1,1,1,0,0,0,0,2,1,0,1,1,1,1,0,1,2,0,2,0,0,1,0,1,0,1,0,2,1,0,1,0,0,1,0,0,1,1,0,0,1,0,1,0,1,2,1,1,0,0,0,1,0,1,1,1,0,0,0,0,0,2,0,0,2,1,0,0,0,0,0,0,1,1,0,1,2,1,0,0,1,1,1,0,0,0,0,0,1,0,0,0,0,0,0,0,0,0,0,1,1,1,0,0,1,0,2,0,0,1,1,2,0,1,1,1,0,2,1,0,0,0,2,0,1,0,0,0,1,1,0,1,1,0,0,0,0,0,0,0,0,1,0,2,2,1,1,0,0,0,1,1,0,0,0,0,1,0,1,1,1,0,0,0,1,0,0,1,1,2,2,1,1,0,0,0,0,2,0,0,1,1,1,0,1,1,1,0,1,0,0,1,1,0,2
KL0860,0,1,0,1,0,1,0,1,0,0,1,0,1,1,1,1,0,0,0,0,0,1,0,1,1,0,1,1,1,0,0,1,0,0,1,1,1,0,0,1,0,0,0,0,0,1,0,0,0,1,0,0,2,1,0,0,1,0,1,0,1,0,0,0,1,0,0,0,0,1,0,0,0,0,0,2,0,1,0,1,0,0,1,1,1,2,0,0,1,0,0,0,0,0,0,0,1,1,1,0,0,0,0,2,0,1,0,0,0,2,0,0,1,0,1,0,1,0,0,1,0,1,0,0,0,0,1,2,0,0,1,1,2,0,0,1,0,1,0,0,1,0,0,0,1,0,1,1,1,1,0,0,0,0,0,1,0,0,0,0,0,0,0,1,1,0,1,0,0,1,2,2,0,1,1,1,0,0,0,0,0,1,0,1,1,1,1,1,1,1,0,0,0,2,0,0,0,0,2,0
KL0861,1,0,0,2,0,1,2,0,2,0,1,1,1,1,0,0,1,0,1,1,0,1,0,2,1,0,1,0,1,0,0,1,0,0,0,0,2,0,2,0,0,1,0,1,1,1,0,0,1,0,1,1,1,0,0,1,0,0,0,1,1,0,0,0,1,1,0,0,0,0,1,0,1,0,0,0,1,1,0,1,0,0,1,1,1,0,1,2,1,0,1,0,1,1,0,1,0,0,0,1,1,1,0,0,0,2,1,1,0,2,0,1,0,0,1,1,1,2,1,1,1,0,1,0,0,1,2,0,0,1,0,0,0,1,0,2,0,1,0,0,1,1,1,1,0,2,0,0,1,1,0,0,0,0,1,1,1,0,0,0,0,0,1,0,1,0,0,1,0,0,0,1,0,0,1,2,0,0,0,0,0,0,1,0,0,1,0,0,0,1,0,1,0,1,0,0,0,1,0,1
KL0862,1,0,0,1,0,1,1,1,0,1,0,0,1,0,0,2,1,1,0,0,0,1,0,1,0,0,1,0,0,0,1,0,1,1,0,0,0,0,0,1,0,1,0,0,0,0,0,0,1,0,0,2,0,0,0,1,0,0,1,0,0,0,0,0,0,0,1,0,1,2,2,0,0,0,0,2,0,2,0,0,0,0,0,1,1,0,0,1,0,0,0,1,1,1,0,1,1,0,0,0,2,0,1,1,2,1,0,1,0,2,0,0,0,0,1,0,1,1,0,2,0,0,0,0,0,2,0,2,1,1,1,0,1,0,0,2,1,0,1,1,1,2,0,0,0,0,1,1,1,1,1,1,0,0,1,0,0,0,0,0,0,0,1,1,1,1,0,1,1,0,0,0,0,0,0,0,0,1,0,0,1,0,0,0,0,2,1,2,0,0,0,1,0,0,0,0,0,0,1,0
KL0863,0,0,0,1,0,1,1,0,0,0,2,2,1,0,0,1,2,1,1,0,1,1,0,0,0,0,0,0,1,0,1,0,2,0,0,0,1,0,0,0,0,1,0,0,2,1,0,0,1,1,0,2,1,0,0,0,1,0,1,1,0,0,0,0,0,0,1,1,1,2,2,0,0,0,1,0,0,0,0,0,0,0,0,0,0,0,1,1,1,0,0,0,2,1,0,0,0,0,0,0,1,0,1,1,1,1,1,0,1,1,0,1,1,1,1,1,2,0,0,0,1,0,2,0,0,1,0,1,0,1,0,0,2,0,0,0,0,0,0,2,1,1,0,0,1,1,1,1,1,1,0,1,1,1,0,0,1,0,1,1,2,0,0,0,0,0,0,1,0,1,1,2,0,1,0,1,0,0,0,0,0,1,1,0,0,1,1,1,1,0,1,0,0,1,0,0,1,0,0,2
KL0864,0,0,0,1,0,1,2,0,0,0,0,1,2,1,0,1,1,1,1,0,0,0,0,0,0,0,2,0,1,1,2,1,2,0,0,0,1,0,1,0,0,0,0,1,0,2,0,0,0,0,0,0,1,0,1,1,1,0,1,0,0,0,0,0,2,0,1,2,0,1,1,0,0,2,0,1,0,1,2,0,1,1,0,0,1,1,0,2,0,1,0,0,1,0,0,0,0,1,0,0,0,1,1,0,0,1,0,0,0,2,0,0,0,1,0,1,1,1,0,0,1,0,1,0,0,0,0,1,2,1,2,0,1,1,0,0,1,1,0,0,0,1,0,1,0,0,1,0,0,0,0,1,0,0,0,2,0,0,0,0,0,2,1,0,1,0,0,1,1,0,0,0,0,0,0,2,0,1,0,1,1,0,2,0,0,0,2,2,0,1,1,0,0,2,0,1,1,0,1,0
KL0865,1,0,0,0,1,1,1,2,0,1,1,0,2,1,0,1,1,1,1,0,2,1,0,2,1,1,1,0,0,0,1,0,1,0,0,0,2,1,0,1,0,1,0,1,0,1,0,1,1,1,1,0,1,0,1,1,1,0,0,0,0,0,1,0,1,0,1,1,0,1,0,0,0,0,0,0,1,2,0,1,0,0,0,0,0,0,0,1,0,0,0,0,1,1,0,1,0,0,0,0,1,1,2,1,1,0,0,0,0,1,0,0,0,1,2,0,0,1,0,1,1,1,1,0,0,1,0,0,1,1,1,2,0,0,1,2,0,0,0,0,0,1,1,0,2,0,2,1,2,1,0,2,0,1,0,1,2,0,1,1,0,2,2,1,2,0,0,0,1,0,0,0,0,0,0,1,0,0,0,1,0,0,2,0,0,1,0,0,0,1,1,1,0,1,0,0,0,1,1,2
KL0866,0,0,0,2,0,1,1,2,0,0,0,1,1,0,0,0,0,1,0,0,0,1,1,1,0,1,1,0,0,0,1,0,1,1,0,0,1,0,2,0,0,0,0,1,1,2,0,0,0,1,0,1,0,0,0,0,1,0,1,1,0,0,0,1,1,0,2,1,0,0,0,0,0,0,0,1,0,1,0,0,0,1,1,0,0,1,0,1,0,1,2,0,0,2,0,0,0,0,2,0,0,0,1,0,1,0,0,2,0,1,0,2,0,0,1,0,0,1,0,1,0,0,2,0,0,0,0,1,1,2,2,0,0,0,0,0,0,1,0,1,0,1,0,1,0,0,0,1,1,1,0,2,0,0,0,0,1,0,0,0,0,2,0,0,0,0,1,0,0,0,2,1,0,1,0,1,0,0,0,0,1,0,2,0,1,1,2,2,0,0,2,1,1,1,0,0,0,1,1,0
KL0867,2,0,0,2,1,1,1,0,1,1,1,1,0,0,0,1,1,0,1,0,0,0,0,0,0,0,1,1,0,0,1,1,1,0,0,0,2,1,1,0,0,0,0,0,1,1,0,1,1,0,0,2,1,1,0,1,1,0,1,0,2,0,0,0,0,0,1,0,0,1,0,0,0,0,0,1,0,1,1,2,0,0,0,1,0,1,2,1,0,0,1,0,1,1,0,1,0,1,0,0,2,1,1,1,1,1,1,0,0,0,0,2,0,2,1,0,1,1,0,1,0,1,0,0,0,0,1,1,0,1,1,0,1,0,0,1,0,0,0,1,1,0,0,1,0,1,1,1,0,1,0,1,0,2,1,0,2,0,0,0,0,2,1,2,1,1,0,0,0,0,0,0,0,1,0,1,0,0,0,0,0,0,0,1,1,1,0,2,0,0,0,0,0,2,0,0,0,0,1,0
KL0868,1,0,1,2,0,1,1,1,0,0,0,1,0,0,0,1,0,1,2,1,0,1,1,0,0,0,0,1,0,1,1,0,1,0,1,0,1,0,2,2,0,0,0,1,1,1,0,0,1,1,1,0,0,1,0,1,0,1,1,1,1,0,0,1,0,1,0,1,0,0,0,1,0,0,0,0,1,2,2,0,0,0,0,0,1,0,0,2,0,1,1,1,1,1,0,0,1,0,1,1,1,1,0,0,2,1,0,1,0,1,0,0,1,0,1,0,2,0,0,2,0,0,0,0,0,1,0,1,0,1,0,2,0,0,0,0,0,1,0,1,0,2,0,1,0,0,0,2,0,1,0,1,0,1,1,1,0,1,0,0,0,0,0,0,0,0,1,0,1,0,1,1,0,0,1,1,0,0,0,0,1,0,2,0,1,0,0,0,0,2,0,1,0,1,0,0,1,1,0,1
KL0869,1,1,0,0,0,1,0,0,0,0,0,1,0,0,0,0,2,0,1,0,0,1,1,0,0,0,2,0,1,0,1,0,1,0,0,0,0,0,1,0,0,0,0,1,0,0,0,0,0,1,0,2,0,0,0,0,0,0,0,2,0,1,0,1,1,0,0,1,0,0,1,0,0,0,1,0,0,1,0,0,0,0,0,0,0,2,0,1,1,0,0,0,0,1,0,0,0,1,1,0,0,0,1,1,0,0,0,1,0,1,0,1,0,1,1,0,1,1,0,1,0,0,1,0,0,1,0,2,0,0,0,0,1,1,0,1,0,0,1,0,0,1,0,0,1,1,2,1,0,1,0,1,0,0,2,0,0,0,0,0,0,0,0,0,1,1,1,0,0,0,0,1,0,0,1,1,1,0,0,0,0,0,2,0,1,1,1,1,0,1,1,0,1,2,0,0,1,1,0,0
KL0870,0,0,0,0,0,1,2,1,0,0,1,1,2,0,0,1,0,1,2,0,0,1,1,1,0,0,2,0,0,0,1,0,1,0,0,0,1,0,2,0,1,0,1,1,0,1,2,0,2,0,0,1,0,0,0,0,0,0,0,0,0,0,0,1,0,1,2,1,0,0,0,0,0,0,0,0,0,2,1,0,0,0,0,0,1,1,0,0,1,0,0,0,1,0,0,0,1,0,0,0,0,0,0,2,0,1,1,0,0,1,0,0,0,1,1,0,1,1,0,2,0,0,0,1,0,2,1,0,2,0,1,1,1,1,0,0,0,0,0,0,0,1,0,0,0,0,1,0,1,1,0,0,0,0,1,1,1,1,0,1,0,1,1,1,1,1,1,1,0,0,1,1,0,1,1,2,0,0,0,0,1,0,0,0,0,0,0,2,0,1,0,1,0,1,0,1,0,0,1,0
KL0871,0,0,0,1,0,1,1,0,1,0,0,1,0,0,0,0,0,0,0,0,0,1,0,0,0,0,2,1,0,0,1,0,1,1,0,1,1,0,1,0,0,0,0,1,0,1,0,1,1,1,0,1,0,0,0,1,0,0,2,1,0,1,0,1,0,1,0,0,2,1,1,0,0,0,1,0,0,0,2,1,0,0,1,0,0,1,0,2,1,0,1,1,2,2,0,1,1,0,1,1,1,0,1,1,0,2,1,1,0,1,1,2,0,0,1,0,2,1,1,1,0,0,1,0,1,1,0,0,1,0,0,0,1,0,1,0,1,1,0,1,1,2,1,0,0,0,0,0,1,0,1,0,1,1,0,1,1,1,0,0,0,0,0,2,1,2,0,1,0,0,0,0,0,1,2,2,0,0,0,0,0,0,0,0,0,1,0,0,0,1,0,0,0,0,0,0,0,2,1,0
KL0872,1,0,0,1,0,2,2,0,0,1,0,2,2,0,0,1,1,1,0,0,0,1,0,0,0,0,1,1,1,0,0,0,0,0,0,0,2,0,1,0,0,0,0,0,0,0,0,1,0,0,0,2,2,0,0,1,0,0,0,0,1,0,0,0,0,1,1,0,0,2,1,0,1,0,0,0,0,2,2,0,1,1,0,0,0,0,1,0,0,0,1,0,2,0,0,0,0,0,0,0,0,0,2,0,1,0,1,1,0,1,0,2,0,1,0,1,0,0,1,1,0,0,1,0,0,2,0,1,1,2,1,0,0,0,0,1,0,1,0,0,0,1,0,0,0,2,0,1,0,2,0,1,1,1,1,0,0,1,0,1,0,0,1,0,0,1,0,1,0,1,0,0,1,0,1,1,0,2,0,0,0,0,2,1,0,1,1,2,0,0,1,1,1,0,0,0,0,1,0,1
KL0873,1,0,0,0,0,1,2,0,0,0,1,1,2,2,0,0,0,1,2,0,0,1,0,1,1,0,2,1,0,0,1,0,2,0,0,0,1,0,0,2,0,1,0,1,0,1,1,0,1,0,0,1,0,0,0,1,0,0,2,1,1,0,0,0,0,0,0,0,1,1,1,1,0,0,0,1,1,1,1,0,0,0,0,0,0,1,1,1,0,0,2,0,1,1,1,1,2,0,1,0,2,0,1,0,0,2,0,0,0,1,1,0,0,0,1,2,1,1,0,1,1,0,0,0,1,0,0,2,1,1,1,2,0,0,1,1,1,0,0,1,1,2,0,1,0,2,1,1,2,1,0,1,0,1,1,0,1,0,0,0,0,0,1,0,1,0,1,1,1,0,0,0,0,0,1,0,1,1,0,0,1,0,1,0,2,1,0,0,0,0,0,1,0,2,0,1,0,0,2,1
KL0874,0,0,0,0,1,2,1,1,0,0,0,2,1,0,0,1,0,1,1,1,0,1,0,0,0,0,1,0,1,0,1,1,2,0,0,0,0,1,1,0,0,2,0,2,1,1,0,1,1,1,1,1,1,0,0,2,1,0,0,0,0,1,0,1,0,0,0,0,2,1,0,0,0,0,1,1,0,0,0,1,0,0,0,0,1,1,1,1,0,0,0,0,1,1,1,1,1,0,0,0,0,1,1,1,0,2,2,0,0,1,0,0,0,0,2,0,0,1,0,2,0,1,1,0,0,1,0,1,2,1,0,0,2,0,0,1,0,0,0,0,0,1,0,1,0,0,0,0,0,0,1,0,0,1,2,1,1,0,0,1,0,0,0,1,0,1,0,0,0,1,1,1,0,1,1,0,0,1,0,0,0,0,0,0,0,0,0,1,0,0,0,0,1,2,0,0,0,0,1,0
KL0875,0,2,0,1,0,1,0,2,0,0,1,1,1,1,1,0,1,0,0,0,0,1,0,1,0,0,2,0,0,0,1,0,1,0,0,1,1,2,0,0,0,1,0,2,0,1,0,0,1,2,0,0,0,1,0,0,1,0,1,0,0,0,0,0,1,0,1,1,0,1,1,0,1,0,2,0,0,0,0,0,0,0,0,1,1,1,1,0,0,0,1,1,1,1,1,0,1,0,0,2,1,1,0,0,2,2,0,1,0,1,0,1,0,1,1,0,1,1,1,1,0,1,0,0,0,0,1,0,0,2,0,1,0,0,0,2,0,0,0,0,0,1,0,0,1,0,1,1,2,0,0,0,1,1,2,1,2,1,0,0,1,1,0,0,1,0,1,1,0,0,0,1,0,1,1,1,0,0,0,1,0,0,0,0,1,1,1,2,0,1,0,1,0,1,0,0,0,0,1,1
KL0876,1,0,1,1,0,2,0,1,0,0,0,1,2,0,0,2,1,1,0,0,0,1,0,1,0,0,1,0,1,0,0,0,1,0,0,0,0,0,0,0,0,1,0,1,0,1,0,1,1,0,1,1,2,0,0,1,0,0,1,2,1,0,0,2,1,0,0,0,1,1,1,1,0,0,0,0,0,1,0,0,0,0,0,1,1,0,1,1,0,0,1,0,1,0,0,1,0,0,0,0,1,0,1,1,2,1,0,0,0,1,0,1,0,0,0,0,0,2,0,1,0,1,0,0,0,1,0,1,1,1,2,1,1,0,0,2,0,1,0,0,0,2,0,0,0,2,1,1,1,1,1,1,1,0,0,1,2,0,0,0,0,0,0,1,1,1,0,0,0,1,1,1,2,0,0,2,0,0,0,0,0,0,2,0,0,0,1,1,0,0,0,1,2,1,0,0,1,0,1,1
KL0877,0,0,0,0,0,1,2,2,0,0,0,1,2,0,0,1,0,0,1,0,0,0,1,1,0,0,1,0,0,1,0,1,0,1,0,0,1,0,1,0,0,0,0,1,1,1,0,0,1,0,0,0,1,0,0,0,0,0,0,0,1,0,0,0,1,0,1,2,0,0,1,0,1,0,0,1,1,1,2,1,0,0,0,1,0,2,1,2,0,0,1,0,1,1,0,1,1,0,0,0,2,0,1,1,1,2,1,0,1,0,0,1,1,0,2,0,0,0,0,0,0,0,1,1,0,1,0,0,0,1,2,1,0,0,0,0,0,1,0,1,2,2,0,0,0,1,1,2,1,0,1,1,0,0,0,0,2,0,0,0,0,2,0,1,1,0,0,1,1,1,1,1,0,0,2,1,1,1,0,0,0,1,0,0,1,0,1,0,0,0,1,0,1,2,0,1,0,0,0,2
KL0878,1,0,0,1,1,0,0,2,1,0,0,0,0,0,0,1,0,1,1,0,0,2,2,1,1,0,0,0,0,0,1,1,1,0,1,0,0,0,0,0,0,0,0,2,0,1,0,0,0,0,0,2,0,0,0,0,0,0,0,1,0,1,1,0,0,0,2,1,0,1,2,0,0,0,0,2,1,0,0,0,0,0,0,0,0,0,0,1,0,0,2,0,1,1,0,1,0,0,1,0,1,1,0,0,1,0,1,0,0,0,0,2,0,0,1,2,2,0,0,0,1,0,1,0,1,0,1,1,0,0,2,0,0,0,1,0,0,1,0,1,0,2,1,1,0,1,2,0,0,2,0,0,0,0,0,1,1,0,0,1,1,1,0,0,0,1,1,2,0,0,1,2,0,0,1,1,0,0,0,0,0,0,0,0,0,1,0,1,0,0,0,1,0,1,0,0,2,0,1,1
KL0879,0,0,0,2,0,1,0,2,0,0,0,2,0,0,0,0,1,2,1,0,1,2,2,1,0,0,2,0,1,0,0,1,1,0,0,0,1,0,0,1,0,0,0,0,1,0,0,0,1,2,0,0,1,0,0,1,2,0,1,0,0,0,0,0,1,0,1,0,1,1,1,0,0,0,1,1,1,1,2,1,0,0,0,1,1,0,0,0,1,0,1,1,2,1,0,1,0,1,1,1,0,1,0,0,1,1,0,0,0,2,0,0,0,1,1,0,0,0,2,1,0,0,1,0,1,1,0,0,0,0,1,1,1,0,0,1,0,1,0,0,0,0,2,0,0,0,0,0,1,0,0,2,0,0,0,0,0,0,0,1,0,0,0,1,2,0,0,1,1,1,0,1,0,0,1,0,1,0,0,0,0,1,2,0,1,1,0,2,1,1,0,2,0,0,0,0,1,1,0,1
KL0880,1,0,0,0,0,1,1,0,0,0,0,1,0,0,0,1,1,1,0,0,1,0,1,0,0,0,0,1,0,0,2,2,1,0,1,1,1,1,0,1,0,0,0,0,0,2,1,1,0,0,1,2,0,0,0,1,0,0,2,1,0,1,0,0,1,0,1,0,2,1,1,0,0,0,0,0,1,1,1,0,0,1,0,0,1,1,1,2,0,0,1,1,1,1,0,1,1,0,0,0,1,0,1,2,1,0,1,2,0,1,0,0,1,2,0,1,0,0,0,1,0,0,0,1,0,0,0,0,0,1,0,0,1,1,0,0,1,0,0,0,0,1,0,1,0,1,1,1,1,1,1,1,0,0,0,2,0,1,0,0,0,1,1,1,1,0,0,2,0,1,1,2,0,0,0,1,0,2,0,1,1,0,1,0,0,0,0,1,0,1,1,1,0,0,0,0,1,1,1,1
KL0881,1,1,0,0,0,1,1,0,0,0,0,0,0,1,2,2,0,0,0,0,0,0,0,0,0,0,1,0,1,0,1,0,0,0,0,0,0,0,0,0,0,1,0,0,0,1,0,0,0,1,0,1,1,0,0,0,1,0,2,0,0,0,0,0,1,1,1,1,0,0,1,0,0,0,0,0,0,2,1,0,1,1,0,0,1,1,0,2,0,0,1,0,1,0,1,1,2,0,0,0,0,0,1,2,1,2,1,0,0,0,1,1,0,1,0,1,1,1,1,1,1,0,0,0,0,1,1,1,0,2,1,0,1,0,0,1,1,1,0,0,0,1,0,1,0,1,0,0,2,0,1,0,0,0,0,1,0,2,0,0,0,0,0,0,1,1,0,1,0,0,0,2,0,0,2,0,1,0,0,0,0,0,1,1,1,1,0,1,0,0,0,0,0,2,0,0,0,1,1,2
KL0882,1,0,0,1,1,1,1,1,0,0,0,1,1,2,0,1,1,1,0,0,0,0,0,0,0,0,0,0,0,0,0,0,2,1,1,0,2,0,2,1,1,0,0,1,0,1,1,0,1,0,1,1,0,1,0,2,1,0,1,0,1,0,0,0,1,0,1,1,0,1,0,0,0,0,1,0,0,2,0,0,0,0,1,0,1,1,2,0,1,0,1,0,2,0,0,0,1,0,1,1,2,0,0,1,1,1,0,0,0,2,0,0,0,0,1,1,1,2,0,0,0,1,0,0,0,0,1,1,2,0,1,0,0,0,0,0,1,0,0,0,0,1,1,0,1,0,0,1,0,0,0,0,0,0,1,1,0,0,0,0,1,1,1,1,2,1,0,0,0,0,0,0,1,1,2,1,0,1,0,0,0,0,0,0,0,0,0,0,0,0,0,0,0,0,0,0,1,1,0,2
KL0883,1,1,0,1,1,0,0,1,1,0,0,0,0,1,0,1,0,0,1,0,0,1,0,0,0,0,0,1,1,0,1,0,1,0,0,0,0,0,1,1,0,1,1,0,0,2,0,1,0,1,0,2,1,1,0,1,1,0,2,1,0,0,0,1,0,0,2,1,0,0,0,0,0,0,1,0,0,0,1,1,0,1,1,0,0,1,0,0,1,0,0,0,0,1,0,0,0,0,1,0,0,1,2,1,1,1,0,0,0,1,1,1,0,1,1,2,2,2,1,2,0,1,1,1,0,2,0,1,0,0,0,0,1,1,0,1,0,0,0,0,0,0,1,1,0,1,1,0,1,0,0,2,0,0,0,0,0,0,0,1,1,1,0,1,1,0,0,0,2,0,0,2,0,0,1,2,0,0,0,0,0,0,2,0,1,0,0,0,0,0,0,2,0,2,0,0,1,0,0,0
KL0884,1,0,0,2,0,1,1,1,0,0,0,0,1,0,0,0,1,0,1,0,0,1,0,1,0,0,1,0,0,0,1,0,1,0,1,0,1,1,1,0,0,1,0,1,0,0,1,0,2,0,0,1,1,0,1,0,0,0,0,0,0,1,0,1,1,0,0,1,0,1,1,0,1,1,0,0,0,2,1,2,0,0,1,0,0,1,1,1,0,0,1,1,1,1,0,0,0,1,0,0,0,1,0,0,1,2,0,0,0,1,0,0,0,2,2,1,1,0,0,2,0,0,0,0,0,0,0,1,0,0,1,0,0,1,0,0,1,0,0,0,0,2,0,0,0,1,1,0,0,2,2,0,1,0,0,1,2,0,0,0,2,1,0,0,1,0,0,0,0,0,0,1,1,0,1,1,0,2,0,0,0,0,1,0,1,0,1,1,0,0,1,0,0,1,0,0,0,1,0,1
KL0885,0,0,0,2,1,1,2,2,0,0,1,1,1,1,0,1,1,1,1,0,1,2,0,0,0,0,1,0,0,0,1,0,0,0,2,0,1,0,1,0,0,0,0,0,0,2,1,1,0,2,0,0,0,0,0,1,0,1,0,0,1,1,0,0,0,0,1,0,0,0,1,0,0,0,0,0,0,2,1,0,1,0,0,0,2,0,0,1,1,0,0,0,1,1,0,0,1,0,0,0,0,0,0,1,1,1,0,0,0,0,0,0,0,0,0,0,1,1,0,1,0,0,0,0,1,1,0,2,1,1,1,0,1,0,0,2,1,1,1,0,0,2,2,0,0,1,1,1,0,1,1,1,0,0,2,1,1,0,0,1,0,0,0,1,2,0,1,1,0,1,1,1,0,0,0,2,1,0,0,0,0,0,1,0,1,1,0,1,0,0,0,0,0,0,0,0,0,1,1,0
KL0886,1,0,0,1,0,0,2,2,0,1,0,0,2,1,0,2,1,0,0,1,1,1,1,0,0,0,1,0,1,0,0,0,2,0,0,0,1,0,0,0,1,1,0,1,1,1,0,0,0,1,0,0,1,1,1,0,1,1,0,1,0,0,0,0,0,0,0,1,0,1,0,0,1,0,0,0,1,1,1,0,0,0,0,1,0,2,0,1,0,1,2,1,0,1,0,0,1,0,0,1,2,1,1,2,0,2,2,0,1,1,0,0,1,0,0,1,1,2,1,2,0,0,1,1,0,0,1,1,0,0,0,0,0,1,0,0,0,0,0,1,0,0,0,1,0,0,1,1,1,1,0,1,0,1,0,2,2,0,0,0,0,0,0,1,1,1,0,1,2,0,1,2,1,1,0,0,0,1,0,0,0,0,1,0,1,0,0,1,2,0,2,0,0,2,0,0,0,1,1,0
KL0887,1,1,0,1,1,0,2,1,0,0,0,0,1,0,0,1,0,1,2,0,0,2,0,2,0,0,1,0,0,0,1,0,1,0,1,0,2,0,0,1,0,1,0,0,0,0,1,1,0,1,1,1,0,0,0,0,1,0,0,1,0,0,0,0,0,1,2,1,2,1,0,0,0,0,0,0,1,2,0,1,0,0,0,1,0,0,1,2,0,0,1,0,2,1,0,0,0,0,0,1,0,1,2,0,2,1,0,0,0,1,0,1,0,0,1,1,1,1,0,1,0,0,2,0,0,1,0,0,0,1,1,0,2,0,0,1,0,2,0,2,0,1,0,1,1,0,0,1,0,0,0,2,0,0,2,2,1,1,0,0,2,1,1,0,1,0,0,0,0,0,0,1,0,0,1,1,0,0,0,0,1,0,0,0,0,0,0,1,0,2,1,0,0,1,0,0,0,2,1,0
KL0888,1,0,0,1,0,1,1,2,1,0,0,2,2,0,0,0,1,0,0,0,0,1,0,0,0,0,1,0,1,0,1,0,1,0,0,0,1,0,1,0,0,0,0,0,0,1,0,1,1,2,1,1,1,0,0,0,0,0,2,2,0,0,0,0,0,0,1,0,0,2,0,0,0,0,0,1,0,2,1,0,0,1,0,1,0,1,1,2,1,0,0,0,1,1,0,1,1,0,0,0,0,1,1,1,2,1,0,1,0,0,0,1,1,0,0,0,1,0,0,2,0,1,0,0,0,2,0,1,2,1,1,1,1,0,0,0,0,1,0,0,0,1,1,0,1,1,0,0,0,0,1,1,0,0,0,1,1,1,0,0,0,0,1,0,1,0,1,2,0,0,0,1,0,1,1,0,0,1,0,1,0,0,1,1,0,1,1,1,1,0,0,1,0,1,0,1,1,1,1,1
KL0889,0,0,0,0,2,0,2,2,0,0,1,2,0,0,0,1,0,1,0,0,0,0,1,2,0,0,0,0,1,0,1,0,1,0,0,1,1,1,0,0,0,0,1,1,0,0,0,0,1,0,0,0,1,1,0,1,1,0,1,1,1,0,0,0,0,1,1,1,0,0,1,0,0,0,2,0,1,0,0,0,0,0,0,0,0,0,0,0,1,0,1,1,2,0,0,1,0,0,0,0,0,1,1,1,1,1,1,1,0,0,0,1,1,1,2,1,1,0,0,0,0,0,0,0,0,0,0,2,1,2,0,1,0,0,1,1,0,0,0,0,0,0,0,0,0,0,0,0,1,0,2,1,0,0,2,0,2,1,0,0,1,0,0,0,1,0,0,2,0,1,0,2,0,1,0,0,0,1,0,1,0,0,1,0,0,0,1,2,0,0,1,0,0,0,0,0,1,0,1,0
KL0890,0,0,0,2,0,1,2,0,0,0,0,1,0,1,0,1,2,1,1,0,0,1,0,0,0,0,1,0,0,0,1,0,1,0,0,0,2,0,0,1,1,0,0,0,1,1,0,0,0,0,0,1,0,0,0,2,1,0,1,1,1,0,0,0,1,0,0,2,0,1,2,0,1,0,0,1,1,1,1,0,0,0,0,0,1,1,1,1,0,0,1,1,1,2,0,1,1,0,0,0,1,0,1,1,0,1,1,0,0,1,0,1,1,0,2,1,1,1,0,2,1,0,2,0,0,0,1,1,1,0,0,1,0,0,0,1,0,0,0,1,0,1,0,1,0,1,2,1,0,1,1,2,0,0,0,0,0,0,0,0,1,1,1,0,1,2,1,1,1,0,0,0,0,0,1,0,1,1,0,1,0,0,0,1,1,0,0,1,0,0,0,0,0,1,0,0,0,1,2,1
KL0891,0,0,0,1,0,2,2,1,0,1,0,1,0,0,0,2,1,2,0,1,0,0,0,1,1,0,1,0,0,0,1,1,1,1,1,0,1,1,2,0,0,1,0,1,0,2,0,2,0,1,0,2,0,1,0,1,0,0,0,1,0,0,0,1,0,1,2,1,0,0,2,0,0,1,2,1,0,0,0,1,1,0,1,1,1,1,0,0,0,0,1,1,1,1,0,0,0,0,1,0,0,0,2,0,0,1,1,1,1,1,0,1,0,0,1,1,1,0,0,2,0,0,1,0,0,0,2,0,0,0,2,0,1,0,0,1,1,1,0,0,0,2,0,0,0,2,1,0,2,0,1,1,0,0,2,1,0,0,0,2,0,0,0,1,0,0,0,2,0,1,0,2,1,0,1,0,0,0,0,0,0,0,0,0,1,2,0,1,0,1,1,0,1,1,0,0,1,1,1,0
KL0892,1,0,0,1,0,1,1,2,0,0,0,1,2,0,0,1,1,0,1,0,1,1,0,1,0,0,0,0,1,0,0,0,1,0,0,0,2,1,1,1,0,1,0,0,0,1,0,1,0,0,0,0,0,0,0,0,0,0,0,0,0,0,0,1,0,1,0,0,0,0,1,0,0,0,2,0,0,2,1,0,0,0,0,0,1,2,0,0,0,0,2,0,1,1,0,0,1,0,0,0,1,1,1,1,0,1,1,1,0,1,0,1,0,2,1,1,0,1,1,2,1,0,1,0,0,1,1,0,0,1,1,0,0,0,0,0,0,0,0,0,0,1,0,1,2,1,0,0,0,2,0,0,0,0,0,1,1,1,0,1,0,0,0,0,1,0,0,1,1,0,0,0,0,0,2,1,1,1,0,0,0,0,1,0,0,0,0,1,0,0,2,0,0,0,0,0,1,0,1,1
KL0893,0,0,0,2,1,2,1,1,0,0,0,0,0,0,0,2,0,0,0,1,0,1,1,0,0,0,1,0,1,0,1,0,1,0,1,0,2,0,0,0,0,0,0,1,0,2,0,0,0,0,2,1,0,2,0,2,1,0,1,1,0,0,1,0,1,0,0,2,0,0,2,0,0,0,0,2,0,1,0,1,0,0,0,1,0,0,1,1,1,0,0,1,0,0,0,0,0,1,0,0,2,1,0,1,0,1,1,0,0,1,0,0,0,0,1,1,2,2,1,1,1,1,0,0,0,0,0,2,1,1,0,0,0,0,0,1,0,0,0,0,0,0,1,1,0,0,1,2,0,1,0,1,0,0,0,0,1,0,0,0,1,1,0,1,0,1,0,0,0,1,1,0,1,0,0,1,1,0,0,1,0,0,2,0,1,2,0,2,0,0,0,0,0,0,0,0,0,0,1,0
KL0894,0,1,1,0,0,0,2,2,0,0,1,0,1,1,0,2,1,0,1,0,0,1,0,0,1,0,0,0,0,1,1,0,0,0,1,0,2,0,1,0,0,1,0,1,0,0,1,0,0,2,0,1,2,0,0,1,0,0,1,2,0,1,0,0,0,0,0,0,1,1,2,0,0,1,0,1,0,0,1,1,0,0,1,0,1,0,0,0,0,0,0,0,2,1,0,0,1,0,0,0,1,1,2,1,0,1,2,0,1,1,0,2,0,1,1,0,1,0,1,1,0,0,1,1,0,0,1,0,1,0,1,1,1,1,0,2,1,2,0,0,1,1,1,1,0,1,0,1,1,2,0,2,0,1,1,1,1,0,0,0,0,0,0,0,1,1,0,1,0,0,0,0,0,0,1,2,0,0,1,0,1,1,2,0,0,0,2,0,0,0,0,0,0,2,0,0,0,0,1,0
KL0895,1,0,0,2,0,2,1,1,0,1,0,1,0,1,0,0,1,1,0,0,1,0,1,1,0,0,1,0,1,0,0,1,1,1,2,0,1,1,2,1,0,2,0,1,1,1,0,1,1,0,0,2,1,0,0,0,1,0,1,1,0,0,0,1,0,1,1,0,0,1,1,0,0,1,0,1,0,0,0,0,0,0,0,0,1,1,0,0,0,0,1,0,1,0,0,0,1,0,0,0,1,1,0,1,0,0,0,1,0,1,0,1,0,0,1,0,1,0,0,0,0,0,0,0,0,1,1,1,1,0,1,1,1,0,0,1,0,0,0,0,0,1,0,1,1,1,0,1,2,0,2,0,0,1,1,0,0,1,0,0,0,0,0,1,0,1,0,0,1,0,2,1,0,0,0,1,0,1,0,1,0,0,0,0,0,0,0,2,0,0,0,1,0,2,1,0,1,1,1,0
KL0896,1,1,0,0,1,1,1,1,0,1,1,0,2,0,1,0,0,2,1,0,0,1,0,2,0,0,0,0,1,0,1,1,1,0,0,0,1,0,1,0,0,1,0,0,0,0,1,0,1,1,0,1,0,0,1,1,0,0,0,0,1,0,0,1,1,1,1,1,0,1,2,0,0,0,0,0,1,0,2,1,0,0,1,0,1,0,0,0,0,0,1,0,1,0,1,0,0,0,0,0,0,0,0,1,0,2,1,0,1,1,1,0,0,2,0,0,0,1,1,0,0,0,1,0,0,0,0,0,2,0,2,1,1,0,0,2,0,1,1,0,0,1,1,1,2,0,1,0,1,0,0,0,0,0,1,1,0,0,0,0,0,0,1,0,0,0,0,1,0,0,0,1,0,1,0,0,0,1,0,0,1,0,1,0,2,2,2,0,0,0,0,1,0,0,1,0,1,1,1,1
KL0897,0,0,0,1,1,1,2,0,1,1,1,0,0,0,0,0,0,1,0,0,0,1,0,0,1,0,0,0,1,0,1,0,0,0,2,0,0,0,2,1,0,1,0,1,0,2,1,1,1,1,1,0,0,1,0,2,2,0,1,0,0,0,0,0,1,0,0,1,0,1,2,1,1,0,0,0,1,1,1,1,1,0,1,1,1,0,1,1,2,0,1,1,1,1,1,1,0,0,0,0,0,1,1,2,2,1,1,0,0,1,0,0,0,0,2,2,1,0,1,0,0,0,1,0,0,2,0,1,1,1,0,0,0,1,0,2,1,1,0,1,0,0,1,1,0,1,1,1,2,0,0,1,0,0,1,0,2,0,0,0,0,1,0,1,0,1,1,0,1,0,1,1,0,1,0,0,0,1,0,1,0,1,2,0,1,1,1,1,1,1,1,0,0,0,0,2,0,2,2,0
KL0898,2,0,0,1,0,0,1,0,0,1,1,2,1,0,0,0,1,0,0,0,0,1,0,0,0,0,1,0,1,0,1,0,1,0,0,0,2,0,0,0,0,0,0,0,0,1,0,1,2,2,0,1,0,0,0,1,0,0,0,0,0,0,0,0,0,1,2,0,1,0,1,0,1,0,2,0,0,1,2,1,0,1,0,0,0,1,1,0,0,0,0,1,1,0,0,0,0,0,1,0,0,0,0,1,2,0,1,0,0,0,0,1,0,2,2,0,1,1,1,1,0,0,0,0,0,2,0,1,1,1,1,0,1,0,1,1,0,1,0,1,0,0,0,2,0,1,0,0,1,0,1,1,1,0,0,1,0,0,0,1,0,0,0,0,1,0,0,1,1,0,1,2,0,0,1,2,0,0,0,0,0,0,1,0,1,2,2,0,0,1,1,0,0,0,0,1,0,0,1,0
KL0899,0,0,0,1,0,0,0,0,0,0,0,1,2,1,0,2,1,1,2,0,2,1,0,0,0,0,1,0,0,0,1,0,1,0,0,1,0,0,2,1,1,0,0,1,0,2,1,0,1,0,0,0,0,0,1,1,0,0,1,1,1,0,0,1,1,1,1,2,0,0,2,1,0,0,0,1,0,0,0,1,1,0,0,0,0,0,0,1,0,0,1,1,1,0,0,2,0,0,0,0,0,1,1,1,1,0,0,0,2,0,0,0,1,1,1,0,2,0,1,1,0,1,1,0,0,1,0,1,1,2,0,1,1,0,0,1,0,0,0,1,0,2,0,0,0,0,0,0,1,0,0,0,0,1,1,0,0,0,0,0,0,1,0,1,1,0,0,1,1,1,2,1,0,0,1,1,0,0,1,0,0,0,0,1,1,0,1,0,0,1,0,0,0,1,1,0,1,1,0,0
KL0900,1,0,0,0,1,0,1,1,0,0,1,1,0,1,0,1,2,1,0,0,0,1,0,1,0,0,0,0,1,0,2,0,0,0,1,0,1,0,1,0,1,0,1,0,0,0,0,0,0,0,2,2,0,0,0,2,0,0,1,0,0,0,0,0,1,0,1,2,0,0,0,1,0,0,1,1,0,0,0,0,0,0,0,1,1,0,0,1,0,0,0,0,1,1,0,1,1,0,0,0,1,0,1,1,0,2,1,0,0,1,0,1,1,0,1,0,1,0,1,1,0,0,0,0,0,1,0,1,0,0,1,0,1,0,0,1,0,1,0,0,0,1,0,0,0,1,1,0,1,1,0,1,1,0,1,1,0,0,0,0,0,0,1,1,1,1,1,0,0,0,0,1,0,0,1,2,1,1,1,0,0,1,0,1,1,1,1,2,0,0,1,1,0,1,0,0,0,0,1,1
KL0901,2,0,0,2,0,2,2,2,1,0,1,2,1,1,1,1,2,2,2,0,1,2,1,2,0,1,2,2,2,0,2,2,2,1,1,2,2,1,2,1,0,0,0,1,0,1,2,0,2,2,1,2,1,1,1,1,0,1,1,0,2,1,0,0,1,2,2,1,1,2,1,1,1,1,0,0,1,0,1,1,2,0,1,1,0,0,1,0,0,0,2,0,0,0,0,0,0,1,1,1,0,0,0,0,0,0,0,1,0,0,0,0,2,2,0,0,1,0,0,0,1,0,1,1,0,1,1,1,0,0,0,1,2,0,2,0,2,0,0,2,1,0,0,2,0,1,1,0,1,0,1,0,0,0,0,2,2,0,2,0,2,0,1,1,1,0,1,0,1,1,0,1,1,1,0,0,0,0,0,1,0,1,0,0,1,0,1,1,0,0,1,2,0,1,0,1,0,0,0,2
KL0902,0,2,2,2,0,2,2,1,1,1,2,1,2,2,0,1,1,0,2,1,0,0,0,1,0,1,2,1,0,0,2,2,1,0,2,1,2,0,1,0,1,1,1,1,2,1,1,2,1,0,1,0,2,1,1,2,1,2,2,0,1,1,0,0,1,2,2,1,0,2,0,1,1,0,0,0,1,1,0,0,0,1,1,0,1,0,0,1,0,0,1,0,0,0,0,1,0,1,2,1,0,0,0,0,1,1,1,1,0,0,1,0,2,0,0,0,0,0,1,1,0,0,0,0,2,0,1,1,0,2,0,2,1,2,1,1,1,2,1,0,1,0,1,2,0,2,2,1,0,0,1,0,1,0,1,0,2,0,1,0,0,0,1,1,0,0,1,2,1,0,1,0,0,0,0,0,1,1,0,1,0,1,1,1,0,0,0,0,0,2,2,1,0,1,0,0,0,0,0,1
KL0903,1,0,1,2,1,2,1,2,1,0,1,1,2,1,0,1,0,2,1,1,2,2,2,1,1,1,1,0,1,1,1,0,1,1,1,0,0,1,1,0,1,1,0,2,1,2,2,1,2,2,1,0,2,1,1,2,0,1,0,0,0,0,1,2,1,1,2,1,1,1,0,1,0,1,0,0,0,0,1,0,1,0,1,0,1,0,1,0,0,0,2,0,0,1,2,0,0,1,1,1,1,0,2,0,0,1,2,1,0,1,1,1,1,0,0,0,1,0,1,1,0,0,0,0,1,0,0,0,1,1,1,0,0,1,1,1,1,2,0,2,0,0,0,1,1,0,1,1,2,1,1,0,0,0,1,0,1,0,2,0,0,0,0,0,0,0,0,0,2,1,0,0,0,0,0,0,1,2,2,0,0,0,1,1,1,0,0,0,0,1,1,1,0,0,0,1,0,0,0,0
KL0904,0,0,1,2,0,2,2,1,0,1,0,2,1,1,0,1,1,1,2,1,1,2,1,1,2,1,2,2,2,0,2,0,2,2,2,1,1,1,2,0,0,1,1,1,2,2,2,2,2,2,1,2,2,1,0,1,1,1,2,2,0,1,1,2,2,1,1,1,1,0,0,0,1,0,1,2,1,1,0,0,1,0,1,0,1,0,0,0,0,0,1,0,0,0,2,2,0,1,1,0,1,0,2,0,1,0,0,0,0,0,1,0,0,1,0,0,0,0,1,0,1,0,1,0,1,0,0,0,1,0,0,0,0,0,1,1,0,1,0,1,0,0,0,0,1,1,1,1,2,0,2,1,0,1,0,2,1,1,1,0,0,0,1,0,1,0,1,1,1,0,0,0,0,0,0,0,0,0,0,1,0,2,0,1,0,0,1,2,1,1,0,2,0,0,1,1,0,1,1,0
KL0905,1,1,1,2,1,2,2,1,1,2,2,0,2,2,2,2,2,1,0,1,1,1,1,0,1,0,1,0,0,0,0,2,1,1,1,0,2,1,2,1,0,0,1,1,0,2,2,1,2,1,0,2,0,1,1,2,1,0,0,0,0,1,0,1,1,1,0,2,0,2,1,1,1,1,0,2,0,1,1,1,1,2,1,0,2,1,0,0,1,0,0,0,0,0,0,0,0,0,1,0,0,1,2,0,0,0,2,1,0,0,2,0,2,0,0,1,0,1,0,0,1,0,0,1,0,1,0,0,0,1,0,2,2,0,2,1,0,1,0,2,0,0,2,0,1,1,2,1,2,0,1,1,0,0,0,1,1,1,0,0,1,0,1,0,1,0,1,1,2,1,0,2,1,1,1,0,0,1,0,0,1,1,2,0,0,0,1,0,1,0,0,1,0,1,1,1,1,1,0,0
KL0906,1,1,2,2,1,2,2,1,0,2,1,2,1,1,2,2,1,1,2,2,1,2,0,2,0,0,2,0,1,1,2,0,2,1,0,1,1,1,2,2,0,0,2,2,1,2,2,1,1,1,0,0,1,1,1,1,0,1,2,2,1,2,0,2,1,1,1,1,2,2,0,0,0,1,2,1,0,1,0,2,1,1,1,0,1,0,1,0,0,1,0,0,0,1,1,0,0,1,2,0,0,0,1,0,0,0,1,1,0,0,2,1,2,1,0,2,1,1,0,1,1,0,2,2,1,2,2,1,0,0,0,1,0,0,2,1,1,1,1,2,0,1,0,0,0,1,0,1,2,0,1,1,0,1,1,0,1,0,1,0,1,0,1,1,2,0,1,1,1,0,0,0,0,0,0,1,1,1,1,1,0,0,1,0,1,0,1,1,0,1,0,1,0,1,2,1,1,0,0,1
KL0907,0,0,1,0,1,1,1,0,1,1,0,0,2,0,1,1,0,2,2,0,0,1,2,2,2,0,2,0,1,1,1,1,2,1,1,1,1,1,2,1,2,2,1,1,2,2,2,0,1,1,0,2,1,0,1,1,0,2,0,1,1,1,0,1,1,0,1,1,0,1,1,0,0,0,1,0,0,2,1,1,1,0,0,0,1,1,2,0,0,1,0,1,0,1,0,0,0,1,1,1,0,0,2,1,2,1,1,0,0,0,0,1,0,1,1,0,2,0,2,0,0,1,0,0,0,2,0,0,0,1,0,1,2,1,1,0,0,1,1,0,0,1,1,2,1,1,2,1,1,0,1,0,0,1,1,1,2,1,2,0,0,0,0,0,2,0,1,0,0,0,0,0,1,1,0,0,0,1,1,0,0,0,1,1,0,0,2,0,0,1,1,0,0,0,2,0,0,0,0,0
KL0908,0,0,0,1,2,1,2,2,1,1,1,1,2,2,1,1,0,1,2,1,2,2,1,0,0,1,1,0,2,0,1,0,2,1,0,1,2,0,2,1,1,0,0,0,2,2,0,0,1,1,2,1,1,0,0,2,2,1,0,1,0,1,2,2,1,1,2,1,2,2,0,2,0,1,0,2,1,0,1,0,2,1,1,1,1,0,1,1,1,0,1,0,0,1,0,0,0,0,0,2,1,0,1,0,0,1,1,0,0,0,0,1,1,2,1,1,0,1,2,0,1,1,1,0,1,2,0,0,0,1,0,1,1,1,0,0,0,1,1,2,0,0,2,0,0,1,1,0,1,0,1,0,1,1,2,1,2,0,1,0,1,0,1,2,1,1,1,2,1,2,0,1,0,0,0,0,0,2,1,1,1,1,2,0,0,0,1,0,2,0,1,2,0,0,1,1,0,1,0,1
KL0909,2,0,1,2,1,1,2,0,0,2,1,1,2,0,1,1,2,1,2,0,1,2,1,1,1,1,1,0,1,1,2,2,2,2,0,1,1,1,2,0,1,2,1,0,1,2,1,2,2,0,1,2,0,0,2,0,0,1,1,2,1,1,2,1,0,1,1,0,1,2,2,1,0,0,0,0,2,2,0,1,1,0,2,1,1,1,1,0,0,0,0,0,0,1,1,0,0,0,0,0,0,0,1,0,0,0,1,1,0,0,0,0,0,1,0,0,2,0,2,0,0,0,0,0,0,0,0,0,1,0,2,0,2,0,1,0,1,1,1,0,1,0,0,0,0,0,1,2,1,0,2,0,0,0,1,2,2,1,1,0,1,0,0,1,0,0,1,0,0,0,0,0,0,1,0,0,1,2,1,1,0,0,0,0,1,0,1,1,1,0,0,2,1,0,1,1,1,1,0,1
KL0910,0,1,1,2,1,0,2,2,1,1,2,0,1,1,1,1,0,2,2,1,0,1,0,1,2,2,2,1,0,1,2,0,2,0,2,0,1,0,1,2,0,1,0,2,0,2,1,1,1,1,1,1,2,1,1,0,1,1,1,1,0,1,1,1,0,1,1,1,1,1,0,1,2,0,0,0,0,2,0,1,0,0,0,1,1,0,0,0,0,0,0,0,0,2,0,0,0,1,1,1,1,0,2,1,0,0,1,1,0,0,1,2,0,1,0,0,1,1,2,0,1,0,1,0,1,1,0,0,0,0,1,1,0,1,2,1,2,1,1,1,1,0,0,1,0,0,0,1,0,0,1,1,0,0,0,1,1,0,1,0,0,0,2,1,1,1,0,0,0,2,0,2,0,0,0,0,1,1,2,0,1,0,0,1,0,0,0,0,0,1,1,0,1,0,0,2,0,1,0,1
KL0911,1,2,1,2,0,1,1,2,0,0,2,1,2,1,1,0,1,1,1,1,1,2,1,1,0,1,2,2,1,0,2,2,2,0,2,1,1,0,2,0,1,1,0,1,0,2,1,1,2,0,1,0,1,0,0,2,1,1,2,2,1,2,1,0,2,1,2,0,1,1,0,0,0,0,0,1,0,0,1,0,0,0,1,1,0,1,0,0,0,0,0,1,0,0,0,0,0,0,0,1,2,0,1,0,1,0,0,1,0,0,1,0,1,1,0,1,0,0,0,0,1,0,0,1,0,1,0,0,0,1,1,0,2,2,0,1,1,0,1,1,1,0,2,0,0,1,1,0,0,0,1,0,2,0,0,1,1,0,1,0,1,2,1,0,0,0,1,1,0,0,0,0,0,1,0,1,0,1,2,0,0,1,0,0,0,0,1,2,0,0,1,1,0,0,1,2,1,1,0,1
KL0912,1,2,1,1,2,1,2,2,2,1,1,2,2,1,0,1,0,2,2,2,1,1,0,1,1,0,2,1,2,1,2,1,2,0,2,2,1,0,0,2,0,1,1,2,1,1,0,0,2,0,0,2,1,2,0,2,2,0,1,1,0,1,2,2,0,1,2,1,0,1,1,0,1,1,1,0,0,1,2,0,2,0,0,0,1,1,0,0,0,0,0,0,0,1,1,0,0,1,0,1,1,0,1,0,0,0,1,1,0,0,0,1,2,1,0,0,1,0,0,2,2,0,1,1,1,1,1,0,0,0,0,1,0,1,0,1,1,0,0,1,1,1,1,2,0,2,2,1,1,0,1,0,1,1,0,1,1,0,2,0,0,0,0,0,1,2,0,0,0,1,0,0,1,2,1,1,0,1,1,0,1,0,0,0,0,0,0,1,1,1,1,0,0,0,2,1,0,1,0,0
KL0913,1,0,1,1,1,1,0,1,0,2,0,2,1,0,0,1,0,1,1,1,1,0,1,1,0,0,2,1,2,0,0,1,0,0,1,0,1,1,2,2,0,2,2,2,1,2,2,0,1,0,1,2,1,0,1,1,1,1,2,1,0,1,1,2,0,2,1,1,0,1,1,1,0,0,1,1,0,0,0,0,2,0,0,0,0,1,0,1,0,0,1,0,0,1,0,0,0,0,0,0,0,1,1,2,0,0,0,1,0,1,1,0,1,1,0,0,0,0,1,0,1,0,0,0,1,1,1,0,1,0,0,1,1,0,0,0,0,1,0,2,1,1,0,0,0,0,1,0,0,0,1,0,0,2,0,1,1,0,0,0,2,0,0,1,1,2,2,1,1,2,0,0,1,0,1,0,1,1,0,0,0,0,2,0,1,0,0,1,0,1,0,2,0,0,0,2,0,1,0,1
KL0914,1,1,0,1,0,2,2,1,0,1,1,2,2,0,1,1,1,2,2,1,1,1,2,2,0,1,2,1,0,2,1,1,1,0,1,1,2,0,1,0,0,0,0,2,0,2,1,0,1,1,1,1,2,0,1,1,1,1,1,0,1,0,2,1,1,0,1,1,0,2,0,1,0,2,0,1,1,1,1,1,1,0,1,0,1,0,1,0,0,1,0,2,0,1,2,0,0,1,1,0,0,1,1,0,1,0,0,1,0,0,0,1,0,2,0,1,1,1,1,1,0,0,0,1,1,0,0,0,0,1,1,0,0,0,1,0,1,1,0,0,0,0,1,1,0,1,0,1,1,0,1,0,0,0,0,1,1,1,2,1,2,0,0,0,2,0,1,1,2,0,0,0,0,0,0,0,2,1,2,1,0,1,1,0,1,0,0,2,1,1,0,1,0,0,1,1,2,0,0,0
KL0915,0,1,0,2,0,2,2,2,2,2,1,1,0,2,1,2,2,1,1,0,1,2,1,0,1,1,1,1,1,0,1,1,2,1,0,1,2,1,2,1,1,1,0,1,0,1,2,1,1,1,0,1,1,2,0,1,2,0,2,1,1,0,1,1,0,0,1,1,1,2,0,1,1,1,0,0,0,1,1,0,1,1,1,1,1,1,0,1,0,0,0,1,0,1,1,0,0,1,0,0,0,0,1,1,2,0,0,1,0,0,0,1,0,1,0,0,2,1,1,0,0,1,1,2,1,0,1,1,2,1,2,2,0,0,1,1,0,1,1,1,0,1,0,1,2,0,0,2,2,1,2,0,0,1,2,1,2,0,1,0,1,2,1,1,1,1,2,1,0,1,0,1,0,1,1,0,0,1,0,0,1,0,2,0,1,0,0,2,0,2,1,0,0,0,0,2,0,0,0,1
KL0916,2,0,1,1,0,2,2,1,0,0,1,1,2,1,2,2,2,2,0,0,1,2,0,1,0,0,2,2,1,0,1,2,2,2,1,0,2,0,1,1,0,0,1,0,1,2,1,1,2,2,2,1,1,1,0,1,2,0,2,1,1,1,2,1,1,1,1,1,2,0,0,2,0,1,1,0,1,0,0,0,1,1,1,0,2,0,0,0,0,0,1,1,0,0,2,0,0,1,1,2,1,1,0,1,0,1,2,0,0,0,0,1,2,0,0,0,2,1,0,0,1,0,0,0,1,0,0,0,1,1,0,0,0,1,0,1,2,1,1,1,1,1,1,1,0,1,1,1,0,0,2,1,0,0,0,2,2,0,1,0,1,2,1,0,2,1,1,1,2,0,0,0,2,0,1,0,0,0,0,0,0,1,1,0,1,0,1,1,2,1,0,1,1,0,0,1,1,0,0,1
KL0917,1,0,1,1,1,2,2,1,0,1,0,2,2,0,1,0,2,2,1,0,2,1,1,2,0,1,2,1,1,0,2,1,1,1,0,0,1,0,1,1,0,0,0,0,1,1,2,1,0,2,1,1,2,0,1,2,2,1,1,1,0,1,0,0,2,0,1,1,2,2,0,0,1,1,0,0,0,2,0,0,0,0,0,1,1,0,0,0,1,0,1,0,0,1,0,1,1,0,1,0,0,0,0,0,1,2,1,1,1,0,0,2,1,1,0,0,2,0,0,0,1,0,0,0,0,1,0,0,0,1,0,1,1,0,1,0,1,0,0,0,0,0,1,1,1,0,1,1,0,0,2,1,0,0,0,1,1,1,1,0,1,0,0,0,0,0,1,0,0,1,0,0,1,0,2,0,0,0,0,1,1,0,1,0,0,0,0,1,1,1,1,1,0,1,0,1,1,1,0,2
KL0918,0,1,0,2,0,2,2,1,0,0,1,1,1,1,1,2,2,2,1,1,2,1,2,1,0,0,2,1,2,1,1,1,1,1,0,1,1,2,1,2,1,2,0,2,2,1,1,1,0,0,1,1,1,0,1,2,2,1,2,1,1,0,1,1,1,0,1,1,1,2,1,2,1,1,0,0,0,1,1,0,0,0,0,0,0,1,2,0,0,0,0,0,0,1,0,1,1,0,1,1,0,1,0,1,0,1,2,1,0,0,1,2,2,1,1,0,0,0,1,0,0,0,1,1,1,1,0,0,1,0,0,1,2,0,2,0,1,0,2,1,1,1,1,1,1,0,1,0,1,0,2,1,0,0,1,0,1,0,1,0,1,0,1,1,1,2,0,1,1,1,0,1,1,0,1,0,2,2,1,0,0,1,0,1,0,0,0,1,1,1,0,1,0,1,2,1,1,1,0,2
KL0919,0,1,1,1,1,0,1,1,1,0,2,1,1,1,2,1,1,0,2,1,0,1,1,1,1,1,2,1,1,0,2,1,0,0,0,1,2,1,2,2,1,2,0,1,1,2,0,0,1,1,2,2,2,1,0,1,1,2,1,2,0,2,2,1,0,1,0,1,2,1,1,1,1,1,0,0,0,1,0,1,1,0,2,1,1,1,1,0,0,0,1,0,0,1,1,0,0,1,2,0,0,1,0,0,0,0,2,1,1,0,1,1,2,2,0,1,0,1,0,1,1,0,1,1,0,0,0,1,0,2,0,1,1,0,0,2,2,0,2,0,0,0,0,1,0,0,1,0,1,0,1,0,1,1,1,1,1,0,1,0,2,0,0,2,0,1,1,0,1,1,1,1,0,0,0,0,1,0,1,1,0,1,2,0,0,0,1,2,0,0,0,0,0,0,0,2,0,2,0,0
KL0920,1,0,2,1,0,2,0,1,0,0,1,2,2,2,1,1,1,0,2,0,1,0,2,0,0,0,1,2,0,2,2,0,2,1,0,1,2,2,1,1,0,1,1,0,1,2,1,1,1,0,1,0,1,2,1,2,0,1,2,1,0,0,2,1,1,1,1,0,2,2,0,0,0,1,0,2,1,2,1,0,2,1,1,2,1,0,1,0,0,0,0,1,0,0,0,1,0,0,0,2,0,0,1,1,0,0,1,0,1,0,0,1,0,1,1,0,1,0,0,0,1,1,1,0,0,0,0,0,0,0,0,1,1,1,1,0,1,1,0,2,0,0,1,0,0,1,1,2,1,0,1,0,0,0,0,0,0,0,1,0,0,0,1,1,0,0,2,1,0,1,1,2,0,1,0,1,1,1,0,0,0,1,1,0,0,0,1,1,1,0,0,1,0,0,0,1,1,0,1,0
KL0921,1,1,0,1,1,1,2,2,0,1,2,2,2,2,1,1,2,2,1,0,1,2,1,2,0,0,2,1,1,1,1,0,2,2,2,0,1,1,2,1,1,2,0,1,0,1,0,0,1,1,1,0,1,2,1,2,0,0,0,1,0,0,1,2,1,1,1,0,1,2,1,0,1,0,0,0,1,1,1,0,0,0,2,1,2,0,1,0,0,0,0,1,1,1,0,1,0,0,2,1,0,1,1,1,1,0,2,1,0,0,1,0,1,1,0,2,0,0,1,2,1,0,0,0,1,1,0,0,1,1,1,2,1,0,1,1,2,1,1,0,0,0,0,1,0,1,0,2,1,0,0,0,1,1,0,0,2,0,0,0,1,1,1,1,1,1,0,0,1,1,0,0,0,0,2,0,1,1,2,1,0,0,1,0,1,1,0,0,1,1,1,1,0,0,1,0,2,2,1,0
KL0922,2,1,0,2,1,2,1,1,1,1,0,2,1,0,2,2,1,2,2,0,2,2,1,1,0,1,2,1,1,0,2,2,1,1,2,2,1,2,2,2,0,0,1,1,1,1,2,2,1,1,1,1,1,0,1,2,2,1,2,1,2,0,0,0,2,1,2,0,0,2,1,1,1,1,1,1,1,1,1,0,1,0,0,1,2,1,2,0,0,0,1,1,1,1,0,0,1,2,1,1,1,1,0,1,0,0,1,0,0,1,0,0,0,0,0,0,0,1,0,0,0,0,0,1,1,2,0,0,2,1,0,0,1,1,0,1,0,0,1,0,1,0,1,0,1,0,2,1,1,0,1,0,0,0,1,0,2,2,0,0,1,0,1,0,1,1,1,0,1,1,0,1,0,1,0,0,0,2,2,2,1,1,1,0,0,0,1,2,1,1,1,1,0,0,1,0,0,0,1,0
KL0923,1,1,0,1,1,1,2,1,0,0,2,1,2,1,1,1,1,1,0,0,0,1,1,1,1,1,2,1,1,1,1,0,1,0,0,0,1,0,1,0,1,0,2,1,1,2,1,0,2,1,0,2,2,0,2,2,0,0,1,2,0,1,1,1,2,1,2,1,0,0,0,1,2,0,0,1,1,0,0,0,0,0,1,0,0,0,1,0,0,0,0,1,0,0,2,0,0,1,0,1,0,0,1,0,0,1,0,0,1,1,2,2,1,1,0,1,0,0,0,1,0,0,0,1,1,0,1,0,2,2,1,0,0,0,1,1,1,2,2,1,0,0,1,0,0,1,1,1,1,0,1,1,1,0,2,1,2,0,0,0,1,1,1,0,2,0,1,0,1,1,1,1,1,0,0,0,1,1,1,0,0,1,0,0,0,0,0,2,1,2,0,0,0,0,1,1,0,2,0,1
KL0924,2,0,2,2,1,1,1,1,1,2,1,1,1,2,2,1,1,2,1,1,0,1,1,2,1,1,2,1,1,0,2,2,1,1,1,2,1,0,2,2,0,0,0,0,0,1,1,1,1,1,1,2,1,1,1,2,1,2,2,2,1,1,0,2,2,1,2,2,1,2,2,0,0,0,0,0,0,1,1,0,1,0,2,1,0,0,1,0,0,0,0,1,1,0,0,0,0,1,1,1,0,1,1,1,1,1,0,0,0,0,1,1,2,0,0,0,1,0,1,0,0,0,1,1,1,0,1,0,0,2,0,1,2,1,0,1,2,0,0,1,0,0,1,1,0,1,1,1,1,0,0,0,0,0,0,1,1,0,1,0,2,0,0,0,1,1,1,0,0,0,0,1,0,0,0,0,1,0,0,0,0,1,0,0,0,0,2,0,0,0,1,2,0,0,0,1,0,0,1,1
KL0925,0,1,0,2,1,2,2,2,0,0,1,1,0,0,1,2,0,2,2,0,1,2,1,2,0,0,2,0,0,0,1,1,2,0,1,1,1,1,1,0,2,1,1,2,2,2,1,1,0,0,2,1,2,1,1,2,1,1,1,0,2,0,1,0,1,2,1,1,2,2,0,1,0,1,0,1,2,0,0,0,1,1,0,0,0,2,1,0,1,0,2,1,1,0,1,0,0,1,0,1,0,2,1,0,1,0,2,0,0,1,0,0,1,1,0,1,2,0,0,1,1,1,0,1,1,1,0,0,2,1,1,1,2,0,1,1,1,1,1,1,1,0,0,0,0,0,0,1,1,0,2,0,0,0,0,1,1,1,1,0,1,0,0,0,0,0,1,1,2,1,0,1,0,1,1,0,0,1,1,2,0,0,1,0,0,1,1,2,1,0,1,1,0,1,0,1,1,1,0,0
KL0926,1,1,0,0,0,1,1,1,2,0,1,2,2,1,1,2,2,1,2,1,2,2,2,2,1,1,2,1,1,1,2,1,1,0,0,1,2,2,1,1,1,1,0,0,1,0,0,1,2,1,1,1,1,0,0,2,1,1,0,2,1,2,1,1,1,1,2,2,0,2,0,0,1,1,0,2,0,1,0,1,1,1,1,1,1,2,0,0,0,0,1,0,1,0,0,0,0,1,1,1,0,0,0,1,0,0,0,1,0,1,1,0,2,0,0,0,0,1,1,0,1,0,1,1,1,0,1,0,1,1,1,0,0,0,1,1,2,1,2,2,1,0,2,0,0,1,1,1,1,0,2,0,1,0,0,0,1,0,1,0,1,1,1,1,1,1,1,0,1,0,1,1,0,0,1,0,0,2,1,0,0,2,1,0,0,0,0,2,1,0,1,0,0,0,1,1,1,0,1,1
KL0927,2,0,1,2,2,0,2,1,2,1,1,1,1,2,1,1,2,0,2,0,0,1,1,2,1,1,2,1,2,0,1,0,2,1,0,0,1,2,2,1,2,0,0,1,1,2,1,2,0,1,0,1,1,0,2,1,0,2,1,2,0,1,1,1,1,2,1,2,0,2,1,0,0,1,1,1,2,0,1,1,1,0,1,0,1,0,0,0,0,0,0,1,0,1,1,0,0,1,0,0,1,0,0,1,1,0,0,0,0,0,0,2,2,1,0,0,0,1,1,1,0,0,0,2,2,0,0,0,1,1,0,1,1,1,1,1,0,2,0,1,0,2,1,0,0,1,1,1,0,0,0,1,0,0,0,1,1,0,0,0,1,0,2,1,0,0,1,1,2,1,1,2,2,1,0,0,0,2,0,1,0,1,0,0,2,0,1,1,0,1,0,0,0,0,1,0,2,1,1,1
KL0928,2,0,2,1,0,1,2,2,1,1,0,2,2,0,0,2,0,2,2,1,2,0,2,1,0,1,2,1,0,0,1,1,1,1,1,1,0,0,0,1,1,1,0,1,2,2,0,1,2,2,1,1,1,1,1,2,2,1,1,0,1,2,1,0,2,1,1,2,2,2,0,1,0,1,0,1,0,0,1,1,0,0,2,2,0,0,1,1,0,1,1,0,0,0,2,0,0,1,1,0,0,1,2,2,0,0,1,0,0,0,1,0,1,1,0,0,0,0,1,0,2,1,0,1,0,0,1,0,0,0,0,1,1,2,2,2,2,1,0,0,0,0,1,0,1,0,2,2,2,0,1,1,0,0,1,1,2,0,2,0,0,1,0,0,1,0,1,1,1,2,0,0,1,1,0,0,1,1,0,2,0,1,1,0,1,0,1,1,1,1,1,0,1,2,0,0,1,0,1,0
KL0929,1,1,1,1,2,1,2,1,1,1,2,2,2,0,2,2,1,1,1,1,2,1,1,1,1,0,1,0,0,0,1,1,1,0,1,1,0,1,1,0,0,2,0,2,0,1,1,1,0,0,0,2,2,2,0,1,1,0,1,1,0,2,1,0,0,0,0,2,1,2,0,0,0,1,0,1,0,1,1,0,1,0,1,0,0,1,1,0,0,0,0,1,0,1,1,0,0,2,0,1,1,0,1,0,1,0,0,1,0,0,1,1,1,0,0,1,1,1,1,0,0,0,0,0,0,1,0,0,0,1,0,2,2,0,0,2,1,0,1,1,1,0,1,1,1,1,1,1,1,0,1,1,0,0,1,0,0,0,2,0,0,1,1,1,1,1,1,1,0,1,0,0,1,1,1,0,1,2,1,1,0,1,2,0,2,1,1,1,0,0,0,1,0,0,0,1,1,0,0,0
KL0930,1,1,1,2,1,2,0,1,1,0,1,2,1,1,1,2,0,2,2,0,1,1,2,1,1,1,2,1,1,1,0,1,1,1,1,1,0,0,2,2,0,1,2,2,2,2,1,2,0,2,1,1,2,0,0,1,1,0,0,1,2,2,2,1,2,2,0,0,0,2,0,1,2,1,1,1,2,1,0,0,1,1,1,0,0,1,1,0,0,0,0,0,0,0,0,0,1,0,0,0,0,0,0,0,1,0,1,2,0,0,0,1,1,1,1,0,1,1,1,0,1,0,0,1,0,0,0,0,0,0,0,1,1,0,1,1,1,2,1,2,0,1,1,0,0,0,2,2,2,0,0,1,1,0,0,1,0,0,1,0,2,1,0,0,0,0,1,0,1,1,1,1,0,1,0,0,1,0,0,1,0,0,0,0,0,0,1,1,2,1,1,0,0,1,0,0,0,2,0,0
KL0931,2,2,1,1,0,2,2,2,0,0,1,1,2,0,1,1,1,1,1,0,1,1,0,0,0,0,2,0,0,1,1,1,1,1,1,0,1,1,2,1,1,0,1,1,1,2,2,2,2,2,1,2,2,1,0,1,1,1,1,2,1,1,1,1,2,1,0,1,0,1,1,0,0,1,1,0,1,1,1,0,1,0,2,1,2,1,0,0,1,0,0,1,0,1,0,0,0,1,0,0,0,0,1,0,0,0,2,1,0,0,0,0,1,2,0,1,1,2,0,0,0,0,1,1,0,2,2,0,1,2,0,1,2,1,1,1,1,0,1,2,1,0,2,0,0,0,2,0,2,0,2,0,0,1,0,1,1,0,2,0,1,2,2,1,1,1,0,1,0,0,2,0,0,0,1,1,0,0,1,1,1,0,0,0,0,0,1,1,1,2,1,1,0,0,0,1,0,0,0,1
KL0932,1,1,2,2,1,1,1,1,0,1,1,2,2,2,1,1,0,1,2,1,1,2,1,2,1,1,1,1,1,0,1,0,1,1,1,2,0,2,1,2,0,1,0,2,2,2,1,1,2,2,2,1,0,2,0,1,1,1,0,2,0,0,1,1,1,2,1,2,1,1,0,0,2,2,2,2,0,1,0,0,1,0,1,1,1,1,1,1,0,1,1,0,0,0,0,0,1,1,1,2,0,0,2,0,0,0,1,2,0,1,0,1,1,1,0,0,1,0,2,0,0,1,1,0,0,1,0,0,1,0,0,0,2,0,0,0,2,1,1,0,0,1,2,0,0,0,2,1,0,0,1,0,0,0,1,0,1,0,2,0,1,1,0,0,2,1,0,1,2,1,2,0,0,0,0,0,0,0,0,0,1,1,0,0,0,0,1,0,0,0,0,2,0,0,1,0,1,1,1,0
KL0933,2,0,2,2,1,0,2,2,0,2,1,2,2,0,1,1,2,1,1,1,1,2,1,0,0,1,2,2,1,0,2,1,2,0,2,0,2,1,1,1,1,1,0,1,1,1,1,0,1,2,1,1,2,1,0,0,2,0,1,1,1,1,0,1,1,1,1,1,2,2,1,0,0,2,0,0,0,1,1,0,0,1,1,0,0,1,1,0,0,0,0,0,0,1,2,0,0,2,0,1,0,0,2,1,0,1,2,0,0,0,1,1,1,1,0,0,1,0,1,0,0,0,1,0,1,2,0,1,0,0,1,0,0,0,0,1,2,1,1,1,0,0,0,0,1,1,0,2,1,0,1,0,0,0,0,0,1,0,1,0,0,0,0,0,2,0,1,2,1,1,0,2,1,2,0,0,0,1,0,0,0,0,0,0,2,1,1,2,1,0,0,1,1,1,0,1,0,1,1,0
KL0934,2,1,0,2,1,1,2,2,1,1,0,2,2,1,1,2,2,2,1,1,0,1,1,1,0,1,2,0,1,1,0,1,1,1,1,1,1,0,1,0,1,2,0,1,1,1,2,2,1,2,2,1,2,1,2,2,1,2,0,0,1,1,1,0,1,1,1,1,1,2,0,0,1,1,0,1,1,1,0,1,1,1,1,1,2,0,0,0,0,0,1,0,1,1,1,0,1,0,0,0,1,0,1,2,0,0,1,1,0,1,0,2,1,1,0,0,2,0,0,1,1,0,1,0,0,0,0,1,1,1,0,1,1,1,1,2,0,2,2,1,0,0,2,0,0,1,1,0,0,0,1,0,0,0,0,1,0,0,0,0,0,0,0,0,1,1,0,2,1,1,0,1,1,0,1,0,1,1,0,0,0,0,0,0,0,0,2,1,2,0,1,0,0,1,0,0,1,1,1,2
KL0935,0,1,0,1,0,2,2,1,1,1,0,1,2,0,1,0,0,2,1,1,2,2,0,2,0,2,2,1,1,0,1,0,2,1,1,1,2,1,1,2,2,1,1,2,0,2,1,1,2,2,2,1,2,0,0,1,0,0,1,0,1,1,0,1,2,1,0,0,1,1,1,0,1,1,0,1,1,0,0,0,2,0,2,1,2,0,1,0,0,0,1,1,0,0,0,0,0,2,1,0,0,1,1,0,2,2,1,0,0,2,1,0,1,1,0,0,1,0,1,1,1,0,0,0,1,0,0,0,0,0,1,0,1,0,1,1,2,1,0,1,0,1,1,1,0,2,0,2,1,0,1,1,0,1,0,1,1,0,1,0,1,1,0,0,2,2,2,0,0,0,1,1,1,0,0,0,1,2,0,0,0,0,0,0,0,0,0,0,1,1,1,0,0,1,0,2,0,1,0,1
KL0936,1,1,1,2,2,2,1,1,1,1,2,2,2,2,1,2,2,2,2,1,1,2,1,0,0,1,2,2,1,1,1,2,0,1,1,0,2,0,2,1,2,1,0,0,1,2,0,2,2,1,1,1,0,1,1,1,1,1,2,2,1,1,1,2,0,2,2,1,1,2,2,1,2,1,1,2,0,2,0,1,1,1,1,0,1,1,1,0,0,0,1,0,0,0,1,0,1,0,1,0,0,0,2,0,0,1,1,1,0,1,0,0,1,1,0,2,1,1,1,1,0,0,0,1,0,0,0,0,2,1,1,2,1,2,1,1,2,2,0,1,0,0,2,0,0,0,1,1,0,1,1,1,0,0,0,1,1,0,1,0,0,0,1,0,2,1,0,0,1,0,0,2,1,0,0,0,0,1,0,1,0,1,0,0,1,0,2,1,1,0,1,1,1,0,1,1,1,1,0,0
KL0937,0,1,0,1,2,2,1,2,1,0,1,1,2,1,0,1,0,2,1,1,1,1,2,0,1,1,2,1,2,1,1,0,1,1,2,0,2,1,1,2,1,1,2,0,1,2,1,1,2,0,1,2,2,2,0,1,0,0,1,2,1,2,1,0,1,1,1,1,2,2,0,1,1,1,0,1,1,0,1,1,1,1,0,2,1,1,0,0,0,1,0,0,0,1,1,0,0,0,0,1,1,0,1,1,1,0,2,1,0,0,1,0,0,1,0,1,2,0,0,1,2,0,1,2,0,0,1,0,1,2,1,1,1,1,0,0,1,2,1,1,0,0,1,0,1,1,1,1,1,0,0,0,1,1,1,1,2,0,2,0,1,1,1,0,1,1,0,0,1,2,0,1,0,0,1,0,1,1,1,1,1,2,1,0,1,0,1,0,0,0,1,1,0,1,0,1,1,2,0,1
KL0938,0,0,0,0,2,1,2,1,0,1,1,1,2,0,1,2,1,1,1,1,0,1,0,2,1,2,2,1,1,1,2,1,0,0,0,1,1,1,1,0,1,0,0,0,0,2,1,0,1,1,1,1,1,1,0,2,0,2,1,2,0,0,1,1,0,1,1,2,2,1,0,0,0,0,0,0,1,2,1,0,0,1,1,0,1,2,0,0,0,1,1,0,0,1,0,0,0,0,0,1,0,0,0,0,0,1,2,1,0,0,1,2,2,0,0,0,1,1,2,1,1,0,1,2,1,1,0,0,0,2,0,1,1,0,2,1,1,2,1,0,0,0,0,1,0,1,2,2,1,0,1,0,0,0,1,0,2,1,0,0,1,0,0,0,0,1,0,0,1,2,1,0,0,0,0,0,0,2,0,1,0,0,0,0,1,0,1,0,0,1,0,2,0,0,0,1,1,1,1,0
KL0939,0,1,0,2,0,1,2,2,0,0,1,0,2,0,1,1,1,1,2,1,1,1,1,0,1,0,1,1,2,1,1,1,0,1,0,1,2,0,1,0,1,1,0,0,0,1,2,2,2,2,1,2,1,0,1,1,1,2,1,1,1,1,1,0,1,0,1,1,1,1,1,1,0,0,0,2,0,1,0,1,0,1,0,0,2,0,2,0,0,0,0,0,0,1,1,1,0,2,1,1,0,1,1,0,1,0,1,0,0,1,2,0,2,0,1,0,2,0,0,0,0,0,0,1,1,2,0,0,2,0,0,1,1,1,0,1,1,2,1,1,1,0,1,0,1,2,2,0,0,0,1,0,1,0,2,0,1,0,2,0,1,0,0,1,1,0,0,1,1,1,1,1,0,0,0,0,0,0,2,0,0,2,1,1,0,0,2,1,0,0,1,1,0,1,2,2,0,2,1,2
KL0940,1,0,0,2,1,1,1,1,2,2,1,2,2,1,0,1,0,2,1,1,2,1,1,2,2,1,1,1,0,0,1,2,0,2,1,0,1,1,1,1,1,2,0,1,0,2,2,2,0,2,1,2,2,1,0,2,1,1,1,0,1,1,2,1,0,1,2,0,1,1,0,0,1,1,0,2,0,1,1,0,1,0,1,1,2,1,1,0,0,0,1,0,1,1,0,0,0,0,1,1,1,0,1,0,1,0,1,0,0,0,0,0,1,1,0,0,0,0,2,1,0,0,1,1,0,0,0,1,0,1,0,1,2,1,0,0,1,1,0,0,0,0,0,0,0,0,1,0,1,0,2,0,0,0,0,0,1,1,0,0,1,1,1,0,0,1,0,1,0,0,0,0,0,1,1,0,0,0,0,1,1,1,2,0,0,0,2,2,0,0,2,1,1,0,0,2,1,0,0,1
KL0941,2,1,1,1,1,1,2,2,1,2,2,2,2,1,0,2,1,2,2,0,0,1,2,1,1,2,2,0,2,0,1,2,2,0,1,0,2,2,2,1,0,1,1,1,1,2,0,0,2,1,0,1,1,2,0,2,2,1,2,1,1,0,1,0,2,1,2,2,2,1,0,1,0,2,0,0,0,0,0,0,0,0,0,2,1,1,0,0,0,0,1,0,0,0,0,0,0,2,1,0,1,0,0,1,1,1,0,1,0,0,0,1,2,2,0,0,1,0,2,0,1,0,1,2,0,0,0,0,0,1,0,1,1,0,1,0,1,1,2,1,0,0,2,1,0,1,1,0,0,0,1,0,0,0,1,0,0,1,1,0,1,0,1,0,1,1,0,0,2,0,0,1,1,0,0,0,0,1,1,2,0,1,1,0,1,0,2,0,1,1,0,1,1,0,1,1,1,1,1,1
KL0942,1,1,1,1,1,1,2,2,0,2,0,1,2,2,2,1,2,1,0,1,1,2,1,2,0,0,2,2,0,0,1,1,2,2,2,1,2,1,2,0,1,2,1,2,0,2,2,0,2,2,0,1,2,2,0,2,2,0,1,1,0,0,2,0,1,1,2,2,1,2,0,1,0,1,0,0,0,2,1,0,1,0,1,0,2,2,0,0,0,0,0,1,0,0,0,0,1,1,1,0,1,1,2,0,0,1,1,0,0,0,1,1,0,1,0,0,1,0,1,1,0,0,0,0,0,1,0,1,2,0,0,2,1,0,0,2,0,2,0,2,0,1,2,0,0,0,2,1,1,0,1,0,0,0,0,1,0,0,2,0,1,0,1,0,0,1,1,0,0,0,0,1,1,1,0,0,1,0,1,1,0,0,1,1,2,0,2,2,0,0,1,1,0,1,0,2,1,0,0,1
KL0943,1,2,0,2,0,1,2,2,0,1,1,2,1,2,0,2,1,2,0,0,1,1,0,1,0,1,0,1,0,0,0,2,2,1,0,1,2,1,0,0,0,2,2,2,2,1,1,0,0,1,1,1,2,0,0,1,0,1,2,0,0,1,1,2,1,2,1,1,2,2,0,1,1,1,0,1,1,1,0,0,1,0,2,0,1,0,1,0,1,0,2,0,0,0,1,0,0,0,0,1,1,0,1,1,0,2,1,1,0,0,0,1,0,0,0,1,1,1,2,0,1,0,1,1,0,0,0,0,2,1,0,2,1,1,1,1,0,2,0,1,1,0,1,1,0,0,1,1,0,0,1,0,1,0,1,2,1,0,0,0,1,0,1,1,2,0,1,0,2,1,0,0,1,0,2,1,0,1,1,0,0,0,0,1,0,0,2,0,1,1,0,1,0,0,0,1,0,1,0,1
KL0944,2,1,0,2,1,1,2,1,1,2,0,0,2,1,1,0,1,1,1,1,1,0,2,2,1,1,2,2,1,1,2,1,2,0,0,1,0,1,2,1,1,0,0,1,0,2,2,1,2,1,2,2,2,0,1,2,1,0,1,0,2,0,0,1,0,0,1,1,2,2,1,1,1,0,1,1,2,1,0,0,0,1,1,1,0,1,2,0,0,1,0,0,0,0,1,0,0,1,0,0,1,0,1,0,1,1,1,0,0,0,2,1,1,0,0,1,1,0,1,0,1,0,1,1,0,0,0,0,0,0,0,0,0,1,2,0,2,1,1,1,0,0,1,2,0,0,1,0,2,0,2,1,0,0,0,1,1,0,2,0,1,0,1,1,0,1,0,0,0,1,1,1,0,0,0,0,1,1,0,0,0,0,0,0,0,0,2,0,0,1,1,0,0,1,1,1,0,1,0,1
KL0945,0,0,0,1,1,2,2,0,1,2,1,1,1,2,2,1,2,1,2,0,1,0,2,2,1,1,2,1,2,1,0,0,2,1,1,0,1,0,2,1,0,1,2,0,1,2,1,0,1,1,1,1,1,1,1,2,0,1,1,1,0,1,0,2,1,1,1,2,0,2,0,1,1,2,0,1,0,2,0,1,2,0,2,1,0,0,0,0,0,0,0,0,0,1,1,0,0,1,0,0,0,1,2,2,0,0,0,0,0,0,0,1,1,0,0,0,0,0,1,1,2,0,0,0,1,0,0,0,0,1,1,1,0,1,1,2,1,1,0,2,0,0,0,1,0,1,1,2,1,0,1,1,0,0,0,0,0,0,2,0,1,1,1,1,1,1,0,2,1,1,0,0,0,0,0,0,0,1,1,0,0,0,1,0,0,0,0,2,0,1,1,2,1,0,1,0,0,1,0,1
KL0946,2,0,1,0,0,0,2,1,1,0,1,1,2,0,0,1,1,2,2,1,0,0,1,1,0,1,2,1,2,1,2,1,2,1,1,1,0,0,2,1,0,1,0,0,1,2,0,0,2,1,0,2,1,1,0,2,1,0,0,1,0,1,1,1,2,1,1,1,1,1,1,0,1,1,0,2,0,2,0,0,1,0,2,1,1,2,1,1,0,0,0,1,1,0,0,2,0,0,0,1,0,0,2,1,0,0,0,0,0,0,1,0,0,1,0,1,1,0,0,0,2,0,0,0,1,0,0,0,0,1,0,1,1,1,1,2,2,1,2,0,1,0,1,0,1,0,1,2,1,0,0,0,1,0,1,1,1,1,1,0,2,1,1,1,0,1,0,0,1,1,1,0,0,2,0,0,1,1,1,2,1,1,1,0,0,0,1,1,1,1,2,1,1,1,0,2,1,0,0,1
KL0947,1,1,0,2,1,2,2,2,0,2,1,1,1,0,1,1,1,2,1,0,0,1,2,0,1,2,2,0,2,0,1,1,1,1,0,0,2,1,1,2,1,1,0,1,1,2,1,1,1,2,0,1,2,1,0,1,2,0,1,1,1,1,0,0,2,1,1,0,1,2,1,1,0,1,0,0,0,0,0,0,1,0,1,0,0,1,2,0,0,0,0,0,0,0,0,0,0,0,0,0,0,1,2,1,0,0,0,0,0,1,0,1,1,1,0,0,0,0,2,1,0,1,0,1,0,1,1,1,0,1,1,1,0,1,2,0,1,1,1,0,0,0,0,1,0,0,1,2,1,0,1,0,0,0,0,1,1,0,1,1,0,1,1,0,1,0,1,1,2,0,1,1,1,0,0,0,0,1,1,1,0,1,1,0,1,1,0,2,1,1,0,0,0,1,0,1,0,1,0,2
KL0948,1,1,2,1,1,1,1,2,1,2,1,0,2,0,2,1,2,2,2,1,1,0,2,1,0,1,1,1,1,1,2,1,2,0,1,0,2,0,2,0,0,1,1,2,2,2,1,1,0,1,0,2,1,2,1,1,2,1,0,0,1,1,1,0,1,2,0,1,1,1,0,1,0,0,0,1,1,1,1,1,1,0,1,1,1,0,1,0,0,0,1,1,0,0,0,0,0,0,0,2,1,0,0,0,0,1,1,0,0,0,0,1,0,1,0,1,0,0,0,0,2,0,1,0,0,0,1,1,1,0,1,1,2,0,1,0,1,0,0,1,2,0,1,0,0,1,2,1,1,0,2,0,1,0,0,0,1,0,1,1,2,1,0,1,0,0,0,1,0,0,0,0,0,1,0,0,1,0,0,1,0,1,1,0,1,0,1,0,0,1,2,1,0,1,1,0,0,1,1,0
KL0949,1,0,1,1,0,0,1,1,0,2,1,1,0,2,2,2,1,1,1,1,0,1,0,1,2,2,1,0,1,1,0,2,2,2,1,1,2,0,2,1,0,0,0,2,0,2,2,0,1,1,0,1,0,1,1,2,1,0,0,1,0,1,1,0,0,1,2,2,2,2,1,1,0,1,0,1,0,2,0,1,1,0,1,0,1,2,0,0,0,0,0,0,0,1,1,0,1,1,0,2,0,0,2,0,0,0,0,0,0,0,1,0,1,2,0,1,0,1,1,0,0,0,1,0,0,0,2,0,0,1,0,1,2,1,0,1,1,1,0,1,1,1,1,2,0,1,1,2,2,0,2,0,0,0,0,1,2,1,0,0,1,0,0,1,0,0,0,1,0,1,1,1,0,2,0,0,1,0,1,0,0,0,1,1,0,0,1,1,0,2,0,0,0,0,0,0,0,2,0,2
KL0950,1,1,1,2,1,1,1,1,1,1,1,1,2,0,0,0,1,2,0,0,1,0,1,0,2,1,2,1,1,1,2,0,2,2,1,1,2,2,1,0,1,1,0,1,1,2,1,1,2,2,1,1,2,2,0,2,1,0,0,2,0,0,0,1,2,0,1,1,1,1,1,0,1,2,0,1,0,0,0,0,1,1,0,0,1,0,1,0,0,0,1,0,1,1,0,0,0,1,0,1,0,0,1,0,1,0,1,2,0,0,0,1,1,2,0,0,2,0,0,0,1,0,0,1,0,1,1,0,0,2,0,2,1,0,0,1,1,2,2,1,0,0,0,0,0,0,0,0,1,0,2,1,0,1,1,1,0,1,2,0,1,0,0,0,0,0,0,0,0,1,0,1,0,0,1,0,1,2,1,0,1,1,0,0,0,1,0,0,1,0,1,0,0,0,1,0,0,1,1,1
KL0951,1,0,1,2,0,2,2,2,0,0,2,2,1,2,0,2,2,2,1,1,2,1,2,1,1,2,1,1,0,0,2,2,1,0,0,1,1,1,1,1,1,1,0,2,0,2,2,2,1,2,1,1,1,1,0,1,1,0,1,1,0,0,1,1,1,1,1,1,1,2,1,2,0,1,0,1,0,1,0,0,1,0,0,1,1,0,2,0,0,1,2,0,0,1,2,1,1,0,1,1,0,0,0,0,0,1,1,1,0,0,1,0,1,0,0,0,0,1,0,1,0,0,1,0,2,1,1,0,0,2,0,0,0,1,0,2,2,1,0,0,0,0,2,0,0,0,1,2,0,0,0,0,1,1,1,1,0,0,1,0,0,0,1,0,1,0,0,0,2,0,0,0,0,0,0,0,0,1,1,1,1,0,1,1,1,1,0,2,1,1,0,1,0,0,0,0,0,2,1,1
KL0952,2,2,1,1,1,2,1,2,1,0,0,1,2,1,1,1,1,0,2,0,2,2,1,1,1,0,1,2,2,0,1,1,2,0,1,1,2,1,1,1,1,1,1,1,0,1,0,2,1,1,1,2,1,2,0,2,1,0,1,0,0,1,1,1,0,1,1,0,0,1,0,0,1,1,0,1,1,1,0,0,2,0,2,1,0,0,1,0,0,0,1,0,0,1,2,0,0,1,1,1,0,1,1,1,0,0,2,1,1,0,1,0,1,1,0,0,2,1,0,0,0,0,1,1,0,1,0,2,0,1,0,2,0,1,0,1,0,1,1,1,1,0,0,1,0,0,0,1,1,0,2,2,1,0,1,0,1,0,1,0,1,0,1,1,2,0,0,1,2,1,0,1,0,1,0,0,0,0,1,2,0,1,1,0,0,0,0,2,0,1,1,2,0,0,0,1,0,0,0,0
KL0953,1,1,0,1,0,2,2,2,2,0,1,2,1,1,0,2,2,2,2,2,2,2,2,1,0,1,1,2,1,1,1,2,1,0,2,1,2,1,0,1,0,1,1,1,1,2,0,0,2,0,2,1,1,0,0,2,1,1,1,1,0,1,0,1,1,0,2,0,1,2,1,1,1,0,0,1,1,2,2,0,0,1,1,1,2,1,1,0,1,0,1,0,0,0,2,0,0,1,0,1,1,0,0,0,0,0,0,1,0,0,0,1,1,2,0,0,1,0,1,1,0,0,0,0,2,0,0,0,1,2,1,0,1,0,1,1,1,0,1,0,1,1,1,0,0,1,1,1,2,2,1,0,0,0,0,0,0,0,1,0,1,0,0,2,0,0,1,1,1,2,0,2,0,0,1,0,0,1,0,1,0,2,1,0,1,0,2,0,0,1,0,2,1,0,0,0,0,0,0,2
KL0954,1,0,1,2,1,2,2,0,0,1,2,0,1,1,1,1,0,2,2,1,1,1,1,2,1,0,2,2,0,1,2,1,2,1,1,2,2,0,2,2,2,1,2,2,2,2,1,1,1,2,1,0,2,1,1,0,2,0,2,1,0,0,0,1,2,2,1,1,2,2,2,1,0,1,0,1,0,1,1,1,1,0,1,1,2,2,2,0,0,0,0,0,0,1,1,0,0,1,1,1,0,0,1,1,0,0,1,1,0,0,1,0,0,1,0,0,1,0,1,1,1,0,0,1,0,0,0,0,0,2,0,1,1,2,0,0,1,0,1,0,0,1,2,0,1,0,2,1,1,0,2,1,0,0,1,0,1,1,1,0,1,0,0,2,0,1,1,0,1,0,0,0,0,2,0,0,0,1,0,1,0,1,2,1,0,0,0,0,0,1,1,0,1,0,0,0,2,1,0,1
KL0955,0,0,0,2,2,1,2,2,0,0,0,1,2,2,1,1,1,1,1,1,1,1,0,1,1,1,2,1,1,1,2,1,2,0,1,2,2,1,1,2,1,0,1,0,1,2,1,1,2,0,0,2,2,1,0,2,0,1,2,0,0,1,2,2,1,1,2,1,0,2,0,0,0,1,0,2,1,1,1,2,2,1,1,0,0,2,2,0,0,1,1,0,0,1,0,1,0,0,1,1,0,1,2,1,1,2,1,0,0,1,0,0,0,0,0,0,1,1,1,0,1,1,1,0,1,1,0,1,1,1,0,1,0,0,1,2,1,1,0,1,0,0,0,0,0,2,1,1,0,0,2,0,1,1,1,1,0,0,1,1,2,1,1,1,2,1,1,0,1,1,0,0,0,1,1,0,0,0,0,1,2,1,1,0,2,0,0,1,2,0,0,0,0,0,0,1,1,1,0,1
KL0956,2,1,1,2,0,2,2,2,0,0,2,2,1,1,2,0,1,1,2,1,0,1,0,0,2,0,2,0,1,1,1,2,2,2,0,0,2,1,2,1,2,2,1,1,0,1,0,2,2,1,0,0,1,2,2,1,2,2,1,2,0,1,0,0,1,0,2,1,0,1,1,0,1,0,0,2,0,1,0,1,2,0,0,0,0,1,2,0,0,2,1,0,0,1,0,0,0,0,1,1,0,1,0,0,0,0,0,0,0,1,0,0,1,2,0,0,2,0,1,0,0,0,0,0,1,0,0,0,1,1,1,0,1,1,1,0,1,1,1,1,1,2,0,0,0,0,2,1,0,0,0,0,0,2,1,1,2,0,2,0,1,0,1,1,0,1,1,1,2,0,0,0,1,1,1,0,0,0,0,0,0,0,0,0,0,0,1,0,1,0,0,1,0,1,0,0,1,0,1,0
KL0957,1,0,0,1,1,1,2,2,0,2,0,1,1,0,0,2,0,1,0,1,2,1,0,1,1,1,2,2,2,0,1,0,0,1,0,0,1,1,1,1,2,2,0,1,1,2,2,0,1,1,1,1,0,1,0,2,1,2,0,0,1,1,0,1,1,1,0,1,1,2,2,0,1,1,0,1,2,1,1,0,1,0,2,0,1,0,0,1,1,0,0,0,0,2,1,0,0,2,0,1,0,0,2,0,0,0,1,1,0,0,0,2,2,1,0,1,2,0,1,1,0,0,2,1,1,2,0,0,0,1,1,0,2,0,0,0,1,1,1,0,0,1,2,0,0,2,0,0,0,0,2,0,1,1,1,0,1,0,1,0,1,0,0,1,2,1,1,0,2,0,0,1,1,2,0,0,1,2,0,0,0,0,0,0,1,0,0,2,0,1,1,0,1,0,1,0,0,1,0,1
KL0958,1,0,2,1,0,2,2,0,1,1,1,1,1,0,1,1,1,0,2,1,1,1,1,0,0,1,2,1,1,0,2,2,1,2,0,0,1,1,1,1,1,1,1,1,1,2,0,0,2,2,0,2,1,1,1,2,1,1,1,1,2,0,1,1,1,2,1,1,1,2,0,0,2,1,2,1,0,1,1,1,2,1,1,0,0,0,0,0,0,1,0,0,0,0,0,0,1,1,0,1,0,1,1,2,0,1,2,2,0,1,0,1,0,1,0,0,0,0,0,0,1,0,1,0,1,0,0,0,0,0,0,2,1,2,0,1,1,1,2,0,1,0,0,1,0,1,1,0,0,0,1,0,1,0,0,0,0,1,1,0,1,0,0,0,2,0,1,0,1,0,0,1,1,0,1,0,2,2,0,1,0,1,0,1,1,1,1,0,1,1,0,1,0,0,0,1,0,1,0,1
KL0959,1,0,1,2,0,1,2,1,2,1,1,0,1,0,0,2,0,0,2,0,2,1,2,2,0,0,2,1,2,1,1,0,1,1,0,1,2,2,0,0,0,0,0,2,1,1,2,1,2,1,2,1,1,1,2,0,2,1,0,1,2,1,0,0,1,1,2,1,1,2,1,0,0,0,2,1,1,2,0,0,2,0,2,1,1,1,1,0,0,1,0,0,0,2,1,0,1,0,2,0,1,0,1,1,0,1,0,1,0,0,1,0,1,2,0,1,2,0,1,0,1,0,1,1,1,0,0,0,1,1,0,1,1,1,0,1,1,1,1,1,1,0,1,1,1,1,0,0,1,0,2,0,0,1,1,0,2,1,0,0,2,1,0,0,0,0,1,1,1,0,0,1,2,1,1,0,0,1,1,0,2,1,1,0,1,0,0,2,0,2,1,2,0,0,0,1,0,0,0,1
KL0960,0,2,1,1,1,0,2,1,1,2,1,1,1,0,0,2,1,2,2,1,1,2,1,2,2,1,2,0,1,0,1,1,0,2,1,1,2,2,1,0,0,1,0,2,0,2,0,2,0,2,1,2,2,1,1,2,1,1,1,1,1,1,1,1,0,1,1,1,1,2,0,1,1,1,0,1,1,2,1,0,1,0,1,0,2,0,1,0,1,0,0,0,1,1,1,1,1,1,1,1,1,0,0,1,0,0,1,0,0,0,0,1,1,0,0,1,0,1,1,2,0,0,1,2,0,0,0,1,0,2,0,0,2,1,1,1,1,1,1,1,0,0,2,1,0,0,1,0,1,0,1,0,1,0,0,0,2,0,0,0,1,1,1,1,2,0,2,0,1,2,0,1,0,0,0,0,0,0,1,1,0,0,0,0,0,0,0,0,2,1,1,1,0,0,1,1,0,1,0,0
KL0961,1,1,0,2,1,1,2,2,1,1,2,1,2,0,1,2,2,1,0,0,1,1,1,1,0,1,1,0,1,0,2,0,1,1,0,1,2,1,2,0,0,2,2,1,2,1,1,1,1,1,2,1,2,2,1,2,2,0,2,2,1,0,0,0,2,1,2,1,2,2,0,1,0,1,0,2,1,0,1,1,2,0,1,1,2,0,1,0,0,0,0,0,0,0,1,0,0,1,1,1,0,0,1,0,0,0,1,1,0,0,0,0,0,1,1,0,2,0,2,0,0,0,0,1,1,0,1,0,0,1,0,0,1,1,2,0,1,1,1,1,1,0,0,0,1,1,2,0,0,1,2,0,2,1,1,1,1,0,1,1,1,0,0,1,0,0,1,1,2,1,0,2,0,1,1,0,1,0,0,0,1,1,2,1,1,0,0,2,0,0,1,1,0,0,1,2,0,0,0,1
KL0962,0,0,1,1,0,2,1,1,1,1,2,1,2,0,1,1,1,1,1,1,1,1,1,2,1,0,1,1,1,0,1,2,1,0,1,1,1,0,2,1,1,2,1,1,2,2,0,1,2,1,0,1,2,0,0,0,1,2,1,1,2,0,0,2,2,1,1,2,1,1,0,0,1,1,0,0,0,2,1,0,1,0,1,0,0,0,2,0,0,1,0,0,0,0,1,0,0,1,0,1,0,1,1,1,0,0,1,1,0,1,0,1,1,2,0,0,1,1,1,1,0,1,0,0,1,0,0,0,1,2,0,2,1,0,0,2,1,1,0,1,0,0,1,0,1,0,1,1,1,0,2,0,1,2,0,1,1,1,2,0,1,0,0,1,0,0,2,1,0,0,1,0,1,2,2,0,0,1,0,1,0,2,0,0,1,0,2,1,2,0,1,1,0,0,1,1,1,0,1,1
KL0963,1,0,0,2,1,2,2,2,0,1,2,1,2,1,2,1,2,1,2,1,1,2,1,2,1,1,2,2,0,1,2,2,0,2,1,2,2,0,1,0,0,2,1,0,1,2,2,2,1,2,0,1,1,0,1,1,1,1,1,2,1,0,2,1,1,0,0,2,1,0,1,1,1,1,0,0,0,2,0,1,0,1,2,0,2,1,0,0,0,0,1,1,0,2,1,0,0,0,2,1,1,1,2,1,0,0,2,1,0,0,1,1,1,1,0,0,1,0,1,0,0,0,0,0,1,0,0,1,0,2,1,0,1,1,1,2,1,1,0,1,0,0,0,1,2,0,2,0,1,0,1,0,0,1,1,1,0,0,1,0,0,0,0,1,1,0,1,1,0,1,0,0,0,1,0,0,1,0,0,1,0,1,0,0,0,0,1,0,0,2,1,0,1,0,1,1,0,2,0,1
KL0964,1,0,1,2,1,2,2,1,2,1,2,2,2,1,2,1,1,2,1,0,0,1,2,2,0,1,2,2,2,1,2,1,1,1,2,0,1,0,2,1,1,0,1,0,0,1,0,0,2,1,1,2,0,1,0,2,0,0,1,1,1,0,1,2,0,0,2,1,0,2,1,2,1,1,0,1,0,0,1,0,2,1,0,1,2,0,0,0,0,0,1,0,0,1,0,1,0,2,0,0,0,1,0,0,1,0,1,1,1,0,2,0,2,1,1,0,0,0,2,1,1,1,0,0,0,0,0,1,1,0,0,2,1,1,0,0,2,1,0,0,0,1,0,1,1,0,1,0,0,1,0,1,0,1,1,2,0,1,1,0,1,0,1,1,0,0,0,0,0,0,0,0,1,1,1,0,0,2,0,0,0,1,1,1,1,0,1,2,1,1,1,0,1,1,0,0,0,1,0,0
KL0965,1,0,2,2,2,2,2,1,1,1,0,2,1,1,0,2,1,1,2,0,1,1,2,1,1,0,1,2,0,0,1,0,1,1,2,1,1,0,2,1,0,2,0,0,1,2,2,2,2,0,2,1,1,0,1,2,0,2,1,1,1,0,1,1,2,1,1,1,1,2,0,1,2,1,0,0,0,1,0,0,0,0,1,1,0,0,1,0,1,0,0,1,0,1,2,1,1,1,1,1,0,1,0,0,1,1,0,0,0,0,0,1,2,1,0,0,1,0,0,0,0,0,0,1,0,0,0,0,0,1,0,1,1,1,2,1,0,1,0,1,0,0,1,0,0,0,2,1,0,0,1,0,1,0,1,2,0,1,0,0,1,0,2,0,1,2,2,0,1,0,1,1,1,0,0,0,0,1,2,1,1,1,1,1,2,0,1,0,1,2,1,1,1,0,1,0,0,1,0,0
KL0966,1,1,0,2,0,2,0,2,1,1,2,1,1,2,0,1,2,1,2,0,0,2,2,2,0,0,1,1,1,1,1,1,1,2,1,0,1,0,1,0,0,0,1,1,1,1,1,2,1,1,1,1,2,0,1,1,1,0,1,1,2,1,0,1,0,1,1,2,1,2,0,0,0,2,0,0,2,1,0,1,2,0,1,0,0,0,1,0,1,0,0,0,1,1,0,1,0,1,0,1,0,0,2,2,0,0,1,1,0,0,1,0,1,1,0,0,0,0,0,0,0,0,1,1,0,1,1,0,0,0,0,0,1,0,1,2,1,1,1,0,0,0,1,0,0,0,0,2,1,0,1,0,1,1,0,1,1,1,2,0,1,1,2,0,0,0,1,0,2,0,0,0,0,0,0,0,0,0,1,1,0,1,0,0,1,0,2,1,1,1,2,1,0,0,0,0,0,0,0,0
KL0967,0,1,0,2,0,1,1,2,1,1,1,2,1,1,0,2,1,2,2,0,1,1,1,1,0,0,1,0,1,0,2,0,2,0,1,2,2,0,2,0,2,2,1,1,1,0,0,0,2,2,0,1,1,2,0,1,1,0,1,0,0,2,1,1,1,2,2,1,1,1,1,0,1,0,0,0,1,1,0,0,0,0,1,1,0,1,1,1,0,0,1,0,0,0,1,0,0,1,1,0,0,1,2,0,0,0,1,1,0,0,0,1,1,1,0,0,1,0,1,0,0,0,1,1,1,0,2,0,2,0,0,1,1,0,1,0,2,2,0,0,0,0,1,0,0,2,0,2,0,1,2,1,0,1,1,1,2,0,0,0,1,1,1,0,0,1,0,1,1,0,0,0,1,1,0,0,0,0,1,1,0,0,1,0,0,1,1,2,1,0,0,2,0,0,1,1,0,0,0,1
KL0968,1,1,2,0,2,2,2,2,1,1,2,2,2,2,1,0,2,1,1,1,1,1,2,0,0,1,1,0,1,1,2,1,2,1,0,1,1,1,1,0,0,2,1,2,1,1,1,1,2,1,0,2,0,0,0,2,2,2,0,0,1,0,0,1,2,1,1,1,1,1,0,2,0,0,1,1,0,1,1,0,0,1,2,1,0,0,0,0,0,0,0,1,1,1,0,0,0,0,2,1,2,0,2,0,0,0,2,0,0,0,0,1,1,0,0,1,0,1,0,0,1,1,0,0,0,0,0,0,0,1,0,0,1,1,1,1,0,2,1,1,1,0,1,2,1,1,1,1,0,1,1,0,1,0,0,2,0,2,1,0,1,1,1,1,1,0,1,0,1,0,0,0,0,1,1,1,0,1,2,1,0,1,0,0,1,0,2,1,1,1,1,1,0,2,1,1,0,2,0,1
KL0969,2,0,1,2,0,1,1,2,0,2,1,1,2,1,1,0,1,2,2,0,2,1,1,2,0,2,2,2,1,1,0,0,2,1,1,0,0,1,2,1,1,2,1,2,1,2,0,1,1,0,0,1,1,0,2,2,2,2,0,2,1,1,1,1,0,2,1,1,1,2,1,1,1,1,0,1,1,1,0,1,0,1,2,1,1,1,1,0,1,0,0,0,0,0,0,0,0,0,0,1,0,1,1,0,0,0,0,1,1,0,0,2,1,0,0,0,1,0,1,0,0,0,1,1,1,1,1,1,1,1,1,0,1,1,1,1,1,0,2,1,2,0,1,2,1,1,1,0,1,0,2,1,0,0,1,0,1,0,1,0,0,1,2,0,0,1,1,1,1,0,0,1,1,0,1,1,2,0,1,1,0,0,2,0,0,0,1,1,0,1,1,1,0,0,1,1,0,0,0,0
KL0970,2,1,1,2,0,2,1,2,1,1,2,2,2,0,2,2,1,2,2,1,1,0,2,2,1,2,2,1,2,1,2,1,2,2,2,0,2,1,1,1,2,1,1,1,2,2,2,0,2,1,0,1,2,1,0,2,1,0,2,1,1,2,0,1,1,1,0,0,1,2,0,1,0,2,0,1,0,0,0,0,2,1,2,0,2,0,1,0,0,0,2,0,0,1,1,0,0,1,1,0,1,0,0,0,0,0,0,0,1,0,0,0,1,1,0,1,0,0,2,0,1,0,0,2,1,0,0,0,1,0,0,0,1,0,1,1,1,2,2,1,1,1,1,0,1,1,0,1,0,0,2,0,0,0,1,1,1,1,0,1,1,1,0,1,1,0,0,0,2,1,1,0,1,2,2,0,0,1,1,1,1,0,0,0,1,1,1,0,1,1,1,0,0,0,1,1,1,0,1,1
KL0971,0,1,1,1,2,2,2,1,0,1,1,2,2,1,0,2,0,2,1,1,2,1,2,2,1,0,1,0,0,1,2,1,1,2,0,1,2,2,2,0,0,0,1,2,1,2,1,1,1,1,1,1,2,2,0,2,0,0,1,1,0,2,1,2,1,0,1,2,1,1,0,1,0,1,0,1,0,1,0,1,1,1,1,0,0,0,2,0,0,0,1,0,1,0,0,0,0,2,0,1,0,1,0,1,0,1,0,1,0,0,0,0,0,1,0,0,1,0,2,1,1,0,0,1,2,0,0,0,1,1,1,0,2,1,2,1,1,2,1,2,1,1,1,0,0,0,0,0,0,0,0,0,1,0,0,0,1,0,1,0,1,0,1,0,1,0,1,2,2,0,2,0,0,0,1,0,0,2,1,0,1,0,1,0,0,0,2,1,2,1,0,1,0,0,0,2,0,0,1,1
KL0972,2,2,1,2,1,1,1,2,1,2,2,2,1,0,1,1,0,1,1,0,2,1,2,2,1,1,2,0,0,1,1,1,1,0,2,0,1,0,2,2,0,2,0,0,0,1,2,2,2,0,0,0,1,0,0,0,2,2,1,2,1,1,1,0,2,2,1,1,0,2,0,1,0,0,1,0,0,2,0,1,1,1,2,1,0,1,1,0,0,0,1,0,0,0,0,0,0,0,0,0,0,0,1,2,1,1,1,2,0,0,0,0,1,1,0,0,1,0,2,0,1,0,1,2,1,1,1,0,1,2,0,2,1,1,1,1,2,0,2,1,1,0,0,1,1,2,0,0,2,0,2,0,1,2,0,1,0,1,1,0,0,0,2,0,2,0,0,1,1,1,0,0,1,1,0,0,0,1,1,0,0,0,0,0,0,1,0,1,0,0,2,2,0,1,2,1,0,2,0,1
KL0973,1,1,0,2,1,2,2,1,2,2,2,1,1,1,1,2,1,2,2,1,1,2,2,2,0,0,1,1,0,1,2,2,1,2,2,2,1,1,2,1,1,0,0,1,1,2,1,0,0,2,1,2,1,1,1,2,2,1,1,2,0,1,0,0,1,0,2,0,1,2,0,1,1,2,1,1,0,1,0,0,2,0,2,1,0,1,1,0,0,0,0,1,0,1,1,0,0,1,1,0,0,0,2,0,0,1,1,0,0,0,0,0,2,1,0,0,2,0,1,1,0,0,0,1,1,1,0,0,1,0,1,1,1,1,2,0,1,0,0,0,0,0,0,0,0,1,0,1,0,0,1,1,2,1,0,2,0,0,2,0,0,0,0,0,0,0,0,0,0,0,0,1,0,0,0,0,1,1,2,1,0,1,1,0,0,0,0,2,2,0,1,1,0,0,0,2,0,1,0,2
KL0974,2,0,0,2,1,2,1,2,1,0,0,1,2,1,0,2,1,1,2,1,0,2,0,0,1,1,1,0,2,0,1,1,0,1,1,0,1,1,2,2,1,1,1,1,2,2,1,1,1,0,1,2,0,1,0,1,2,1,1,1,0,1,1,1,1,0,1,0,2,0,0,0,0,1,0,2,1,0,1,0,0,1,0,0,0,1,0,0,0,0,0,1,1,1,1,0,0,0,0,2,0,0,1,2,0,1,0,1,1,1,1,0,2,1,0,0,1,1,2,1,0,1,0,0,2,0,2,0,0,0,0,1,0,0,0,0,0,0,0,0,0,0,1,0,0,1,0,0,1,0,0,0,1,1,0,2,0,0,1,0,0,1,0,0,2,0,0,0,0,0,0,1,0,1,1,1,1,1,2,0,0,1,1,0,1,1,0,0,0,1,1,1,0,1,0,0,0,1,1,1
KL0975,1,1,0,1,1,1,1,1,0,1,0,1,2,1,0,2,2,1,1,1,2,2,2,2,0,1,1,1,2,0,2,1,0,1,2,0,2,0,2,1,1,2,1,2,1,2,0,0,1,1,0,1,1,1,0,0,1,0,2,1,0,1,1,2,1,2,0,1,2,2,1,2,1,0,0,2,0,0,0,0,0,1,2,1,0,1,1,0,1,0,0,0,0,1,1,0,0,1,1,2,0,0,0,0,1,0,2,1,0,1,0,1,1,0,0,0,1,0,1,0,0,0,0,0,0,1,0,0,2,1,1,0,1,0,2,1,1,0,0,0,1,1,2,1,1,0,1,0,1,0,0,0,1,0,1,1,0,0,1,0,2,0,1,0,2,0,1,0,0,0,0,2,1,0,1,0,1,0,0,0,0,1,1,1,0,0,1,1,0,1,2,1,0,0,0,0,0,0,0,0
KL0976,2,1,0,1,1,2,2,2,1,1,0,1,1,0,1,1,1,0,2,2,2,1,2,1,0,2,1,1,1,0,1,0,1,1,2,2,1,0,0,1,0,2,1,1,1,2,1,1,1,0,0,1,2,2,0,2,0,1,0,2,2,2,1,2,1,2,1,1,1,1,0,1,1,1,0,2,0,2,0,1,2,0,0,1,1,1,1,0,0,1,1,0,0,0,0,1,0,1,0,2,0,0,1,0,0,1,0,1,1,0,1,1,1,0,0,0,1,1,0,1,1,0,0,1,0,0,0,0,1,1,0,1,0,1,0,1,1,1,0,1,0,1,0,1,0,0,1,0,2,0,1,1,1,0,1,1,1,0,2,0,2,0,0,1,2,0,1,0,0,0,0,1,0,1,0,0,0,2,2,0,0,0,0,0,0,0,0,2,0,0,0,1,0,0,2,2,1,1,1,1
KL0977,2,2,0,1,0,1,2,1,0,1,0,2,2,0,1,2,1,1,2,0,1,1,2,1,1,1,2,1,1,2,1,1,1,1,1,0,2,0,1,0,1,0,0,1,0,2,0,1,2,2,1,2,1,0,0,2,1,2,0,1,1,1,1,1,1,1,2,1,0,2,2,0,1,0,0,0,0,1,0,0,1,2,0,1,1,0,0,1,0,0,0,0,0,0,0,1,0,2,1,1,0,1,1,0,1,0,0,2,0,0,1,1,1,0,0,0,2,0,2,0,0,1,0,0,1,0,0,0,0,2,1,1,1,0,1,0,2,1,1,1,0,0,1,0,0,0,2,2,1,0,1,0,0,0,0,2,1,0,2,0,0,0,1,1,1,1,1,1,0,0,0,0,0,0,0,0,1,2,0,1,2,1,1,0,2,0,0,1,1,1,1,1,0,0,0,1,2,1,1,2
KL0978,2,0,1,0,0,0,2,1,2,1,2,2,2,0,0,2,1,1,1,0,1,0,1,2,1,0,1,1,0,0,2,2,0,2,1,1,1,0,1,2,0,0,2,2,1,2,2,1,2,2,1,1,2,2,0,2,2,0,2,1,1,2,1,2,0,2,0,0,1,1,1,0,0,0,0,1,1,0,1,1,0,0,0,1,1,0,0,0,0,0,0,0,1,0,0,0,1,2,0,2,0,0,1,1,0,1,0,2,1,0,0,0,1,1,0,1,2,1,0,0,0,0,0,0,1,0,1,0,1,1,1,1,1,0,1,1,0,0,2,1,0,0,1,0,0,1,1,1,2,0,0,1,0,0,1,0,0,0,0,0,1,0,1,0,0,1,1,0,1,0,0,1,1,1,1,0,0,1,1,0,0,0,1,1,0,1,1,0,1,1,0,1,0,0,2,2,1,0,1,1
KL0979,1,0,1,2,0,1,1,0,1,0,2,1,1,2,1,1,1,1,2,0,2,2,2,0,0,1,2,0,0,1,2,2,2,1,1,1,2,1,2,0,0,2,1,2,1,2,1,0,2,2,0,1,2,2,0,1,1,1,2,1,2,1,1,1,1,1,1,2,1,2,0,0,0,1,1,2,0,0,0,1,0,0,0,0,1,2,1,0,0,0,0,0,0,1,1,0,1,0,2,2,0,0,2,1,1,0,1,0,0,0,1,2,1,1,0,2,0,0,0,0,1,0,1,0,1,0,1,1,1,2,0,1,0,0,0,2,2,1,1,1,0,0,0,1,0,0,1,1,1,0,0,0,0,0,0,1,1,0,0,0,0,0,0,0,0,0,0,1,1,1,0,1,1,1,0,0,1,1,0,1,1,0,1,0,1,0,1,1,0,1,0,1,1,0,1,0,0,2,1,2
KL0980,2,2,1,1,0,2,2,0,0,1,1,0,2,2,1,1,2,1,2,1,1,2,1,0,1,1,2,1,1,0,2,1,2,1,1,0,2,0,1,1,0,2,0,0,1,2,0,0,1,0,0,2,1,1,1,1,1,1,2,1,2,1,0,1,1,0,0,1,0,2,0,1,2,2,0,1,0,2,0,1,2,0,0,2,2,1,0,0,1,0,0,0,0,0,2,1,0,1,1,1,0,0,2,1,0,0,2,1,0,0,0,0,1,0,0,0,2,0,1,0,1,0,2,0,1,2,1,0,2,1,0,2,2,0,1,0,1,1,0,1,1,0,1,1,1,1,1,2,1,0,2,1,0,1,1,0,1,0,1,1,0,0,2,0,0,1,1,0,0,0,0,0,0,0,0,0,0,2,0,0,1,0,1,1,1,0,1,2,0,1,1,1,0,0,0,1,0,1,1,1
KL0981,1,0,1,1,2,0,2,1,1,1,1,1,2,1,0,1,1,2,1,1,1,0,1,1,1,0,1,0,0,1,2,1,2,0,0,0,1,0,1,1,2,1,1,0,1,1,1,0,2,1,0,2,2,0,0,0,2,0,2,1,0,1,1,1,2,2,0,1,0,2,0,1,0,0,1,0,0,1,2,1,1,0,1,2,1,1,0,0,1,1,0,1,0,1,1,1,0,1,0,1,0,0,1,2,0,0,0,1,0,0,2,0,1,2,1,1,0,1,1,0,0,0,1,1,0,1,0,1,0,0,1,1,0,1,1,1,0,1,1,0,0,0,1,1,0,0,0,1,2,1,1,0,0,1,0,1,1,0,0,0,0,0,1,2,1,1,1,0,2,0,0,0,1,2,0,0,0,1,0,0,2,0,2,0,0,0,0,0,1,0,1,2,0,1,1,1,0,0,0,1
KL0982,1,1,0,0,0,2,0,1,1,0,0,2,2,1,1,2,1,2,2,1,1,1,1,2,0,1,2,1,2,1,1,0,1,1,1,1,2,2,2,1,0,2,2,2,1,2,1,0,2,1,2,1,2,1,1,2,1,0,1,1,0,1,0,1,1,0,1,1,0,1,0,0,1,0,0,1,0,0,1,0,2,0,1,1,0,0,1,0,1,0,1,1,0,1,1,0,2,0,0,1,0,0,0,0,1,0,1,0,0,0,1,0,1,1,0,1,1,1,0,0,0,0,0,1,0,0,1,0,1,1,1,1,2,1,0,2,0,1,1,0,0,0,2,0,2,0,1,0,1,0,0,0,1,1,1,1,2,0,1,0,2,1,2,0,2,1,1,0,1,0,0,2,0,0,2,1,0,2,1,0,0,1,1,0,1,1,2,0,0,2,1,1,2,1,0,0,2,1,0,1
KL0983,2,1,0,2,0,1,1,1,1,0,1,2,2,1,0,2,0,2,2,0,1,1,1,1,0,1,2,1,1,0,1,0,1,1,0,1,2,2,1,0,1,2,1,0,0,2,1,1,1,1,1,2,1,1,0,2,2,0,1,1,1,2,1,0,0,1,1,2,0,0,1,2,0,0,1,0,1,2,0,0,2,1,1,1,1,0,2,0,1,0,2,0,0,1,0,1,0,1,0,2,0,0,1,0,1,0,0,1,0,1,0,2,0,1,1,1,1,1,0,0,0,0,0,1,1,0,0,2,0,1,1,1,1,0,2,2,1,1,2,1,1,0,2,0,2,0,1,0,0,1,1,0,1,0,1,0,1,0,2,0,1,0,0,2,1,0,0,0,0,1,1,0,1,2,0,0,1,1,1,2,0,1,0,1,1,1,2,1,1,2,1,0,0,1,1,1,0,0,0,1
KL0984,0,1,2,1,1,1,2,0,1,2,0,2,1,1,0,2,2,1,1,0,1,1,1,2,1,0,1,0,2,1,1,2,1,0,0,2,1,2,1,0,0,0,0,2,1,2,0,2,2,2,2,2,1,1,1,1,2,2,1,2,2,1,0,2,0,1,1,1,2,1,0,0,1,2,1,2,0,2,1,0,2,2,0,0,0,1,1,0,1,0,0,0,0,1,1,0,0,1,1,0,0,0,0,0,1,0,2,0,0,0,0,0,0,1,1,0,0,1,1,0,1,1,1,1,0,0,0,1,0,0,1,0,2,0,1,1,1,1,1,1,0,0,0,2,0,2,1,1,2,0,0,0,0,1,1,1,0,0,0,0,1,2,1,1,0,0,0,0,0,1,0,2,0,0,1,0,2,1,2,0,0,1,0,0,1,1,0,0,0,0,0,0,0,0,0,0,1,2,1,0
KL0985,1,1,0,2,0,2,2,1,0,1,1,2,2,2,1,2,1,1,1,0,1,1,0,2,0,2,2,0,1,1,2,0,2,0,0,1,1,0,2,0,0,1,2,1,1,2,2,0,2,0,0,2,1,0,1,2,2,1,1,1,1,0,1,1,1,2,1,1,1,2,1,2,1,1,0,1,0,2,0,1,0,2,1,1,0,1,1,0,0,1,0,1,0,2,0,0,0,2,2,0,0,0,0,0,1,0,1,2,0,0,0,2,0,1,0,1,2,0,1,0,0,0,0,0,0,1,0,0,0,2,0,0,0,0,1,1,1,1,1,0,0,1,1,1,0,0,2,0,0,0,1,1,0,1,0,0,1,0,0,0,1,0,1,0,1,2,1,1,0,0,1,0,0,0,1,2,0,1,2,0,1,2,0,0,0,0,2,1,0,0,0,2,0,0,0,1,0,2,1,0
KL0986,1,2,0,1,2,2,2,1,0,1,0,1,1,1,1,1,1,1,2,1,2,1,1,1,0,1,0,0,0,1,0,2,2,1,0,1,0,2,1,1,1,0,0,1,1,2,1,0,1,2,1,1,2,1,1,2,1,1,1,0,0,1,0,0,2,2,1,2,2,1,1,0,0,2,0,1,0,1,1,0,1,0,1,0,0,0,0,0,0,0,0,1,0,2,1,0,0,0,2,0,0,0,0,0,0,0,0,0,0,1,2,0,2,2,0,0,1,0,1,0,0,1,0,1,2,0,1,0,0,0,1,1,2,1,2,1,1,2,0,1,0,0,0,1,0,1,2,0,2,0,2,0,0,0,1,1,0,0,0,0,1,1,0,0,0,0,0,0,1,1,0,0,2,0,0,0,0,1,0,1,0,1,1,0,0,1,0,1,0,1,0,2,0,0,1,1,1,0,1,1
KL0987,1,2,0,2,0,1,2,2,1,2,1,1,0,1,1,1,1,2,2,1,0,1,1,0,1,1,1,1,1,1,1,0,1,1,0,2,1,1,2,1,0,0,0,1,2,1,2,2,1,0,1,0,0,0,0,1,1,1,2,1,0,0,0,2,2,2,2,1,1,2,0,0,1,1,1,2,0,1,1,0,1,0,1,0,0,1,0,0,0,0,1,1,0,1,0,0,1,1,0,0,1,0,1,0,1,0,1,0,0,0,0,1,2,1,0,0,2,0,1,0,0,0,0,0,0,0,2,0,1,1,0,1,1,0,1,1,0,2,1,1,1,0,1,1,0,0,1,0,2,0,1,0,0,0,1,1,1,0,2,0,1,0,1,0,1,1,0,0,2,2,0,1,1,0,0,0,1,1,0,1,1,0,0,0,1,0,0,1,2,0,2,0,0,0,0,2,0,0,0,1
KL0988,0,0,0,0,0,2,2,0,2,0,1,1,1,0,1,1,0,2,2,0,1,1,0,0,1,0,1,2,2,0,1,2,1,0,2,1,0,1,2,1,0,1,1,2,1,2,0,1,2,1,1,1,1,2,1,2,0,2,1,0,1,0,1,1,1,0,2,1,1,1,0,0,0,2,0,2,0,1,0,1,2,1,2,1,1,0,1,0,0,0,0,0,1,2,1,1,0,2,2,0,0,1,0,0,0,0,1,1,0,1,0,1,1,2,0,0,1,1,1,0,1,0,0,2,1,1,1,0,1,1,1,1,2,0,1,1,1,0,0,1,0,0,1,1,0,0,1,2,2,1,2,1,1,0,1,1,1,1,1,0,1,1,1,0,1,2,2,0,1,2,0,1,0,1,0,0,1,0,1,0,2,0,0,0,1,0,2,1,2,0,0,1,0,0,1,0,1,1,2,1
KL0989,2,0,1,1,1,2,0,2,1,2,1,2,0,1,0,1,0,2,2,1,1,2,2,1,0,1,0,2,1,0,2,1,1,1,0,0,2,2,2,1,1,2,1,1,2,2,0,1,1,1,1,1,0,0,1,2,2,1,2,1,1,1,1,0,1,1,1,1,1,2,0,0,0,1,0,0,0,0,1,0,0,0,1,0,1,1,2,1,1,0,0,0,0,1,0,1,1,1,2,1,1,1,1,0,1,0,1,1,0,1,1,0,2,0,0,0,1,1,2,1,0,0,1,0,0,0,0,0,1,1,1,1,1,1,2,0,1,1,1,0,0,1,2,1,0,1,1,2,2,0,0,0,0,2,1,1,1,1,2,0,1,0,1,0,1,1,1,1,2,1,0,0,1,1,1,0,0,2,0,1,1,0,0,0,0,0,1,1,1,0,0,0,0,0,1,0,0,0,0,0
KL0990,1,2,2,2,0,2,2,1,1,1,1,2,2,0,0,0,1,1,1,0,2,1,2,0,0,1,2,1,1,2,2,2,1,0,1,1,1,0,2,0,1,0,1,0,1,2,0,0,2,1,0,1,2,1,1,1,1,0,1,1,2,1,0,2,1,2,1,0,1,2,1,0,0,0,0,2,1,1,1,0,1,1,0,1,2,2,0,0,0,0,0,1,0,1,1,1,0,1,2,0,0,0,1,1,0,1,1,0,0,0,1,1,1,1,0,0,1,0,1,1,0,0,1,0,1,0,1,0,0,2,0,0,1,0,0,1,1,0,0,2,0,0,1,1,0,1,2,0,1,0,1,0,0,1,1,0,1,0,0,0,0,1,0,2,1,1,1,0,1,0,0,1,1,0,0,0,0,1,1,0,0,1,0,0,1,0,1,1,1,2,0,0,0,0,1,2,0,1,0,2
KL0991,1,2,0,2,2,2,2,2,1,2,1,2,2,0,1,2,1,1,2,1,2,2,1,2,0,1,2,0,1,0,2,2,1,1,1,0,2,0,2,1,2,1,0,0,0,1,1,0,1,1,1,1,0,0,0,0,2,1,1,1,1,1,2,2,0,0,1,1,1,1,1,0,1,2,0,1,2,1,1,2,1,1,1,0,0,0,1,0,0,0,0,0,0,1,1,0,1,1,1,0,0,0,1,0,1,2,1,2,0,0,0,1,2,2,0,0,1,2,1,0,1,1,0,0,0,1,1,0,1,1,1,2,0,2,1,0,1,1,2,2,1,0,1,1,0,1,1,1,1,0,1,0,1,0,0,0,1,0,1,0,0,0,1,0,0,1,2,1,1,0,0,1,1,0,0,0,1,1,0,0,1,0,0,0,1,1,1,1,0,2,0,1,0,0,0,2,0,0,0,0
KL0992,1,0,1,1,1,2,1,1,1,1,0,1,2,1,1,2,2,1,2,0,2,1,2,2,0,0,2,2,2,0,1,0,1,1,2,0,2,1,2,1,1,1,0,1,0,2,1,2,1,2,1,1,0,1,0,2,0,0,2,1,1,1,0,0,2,0,1,1,1,0,0,2,0,2,1,1,0,1,0,0,1,0,0,0,1,1,1,0,1,0,1,1,1,1,1,0,0,2,1,0,0,0,0,0,0,2,2,1,0,0,0,1,0,2,0,0,1,1,0,0,0,0,0,1,2,0,0,0,0,0,1,2,1,0,1,1,1,1,1,1,1,1,2,0,0,1,1,1,1,0,1,0,0,0,0,1,1,0,2,0,1,0,0,0,0,2,0,0,2,1,0,1,1,1,0,1,1,2,1,1,1,1,1,0,0,0,1,1,0,0,0,0,0,0,0,1,0,1,0,0
KL0993,2,0,1,1,1,2,2,1,1,1,1,1,2,0,1,2,2,1,1,0,2,1,2,2,0,2,1,1,2,1,2,1,1,0,2,0,0,0,2,1,0,2,1,0,2,1,0,2,2,1,0,1,1,0,1,1,1,1,2,1,2,0,1,1,2,2,2,1,0,2,1,1,0,0,0,2,0,1,0,0,0,0,1,0,1,1,0,0,1,0,0,1,0,0,1,1,0,1,0,1,0,0,2,0,0,0,1,0,0,0,0,2,1,0,1,0,1,0,1,1,0,1,0,1,0,0,1,0,2,1,0,0,0,0,1,0,1,1,0,0,1,0,2,0,0,1,1,0,0,0,2,0,0,1,1,1,0,1,1,0,1,0,0,1,0,1,1,0,2,2,0,1,1,2,0,0,1,0,0,0,0,1,1,0,1,0,1,2,0,0,1,1,1,1,1,0,0,1,1,0
KL0994,0,2,0,2,1,2,1,0,2,1,1,2,2,1,0,1,2,2,0,0,1,1,2,2,0,1,2,0,2,2,2,1,1,1,1,0,2,0,2,2,2,2,2,1,1,2,2,1,0,2,2,2,2,0,0,2,1,1,2,2,0,1,1,2,1,1,1,2,1,1,0,2,0,1,0,2,1,1,0,0,1,0,2,2,1,0,2,0,0,0,1,0,0,1,0,0,0,1,1,1,0,0,2,0,1,0,1,0,0,0,2,0,1,1,0,0,1,0,1,0,0,0,1,0,1,1,0,0,0,2,1,1,2,0,2,1,2,0,1,1,1,0,0,1,1,1,1,1,0,0,0,0,0,0,1,0,1,0,1,0,2,0,0,1,1,1,0,0,0,1,0,1,1,0,0,0,1,0,2,1,0,1,1,0,0,2,0,1,0,1,0,1,0,0,0,2,1,0,0,0
KL0995,2,0,0,0,0,1,2,0,1,1,0,0,1,2,1,1,2,2,2,1,1,1,1,2,1,1,2,1,1,1,1,2,0,1,1,0,1,1,1,1,1,2,1,1,1,2,1,2,1,2,1,2,0,2,0,1,1,1,2,1,2,0,1,0,0,0,1,0,1,1,0,0,2,0,0,0,0,2,2,1,2,2,2,1,0,1,0,0,0,0,0,0,0,1,1,1,0,0,2,0,1,0,0,0,0,0,2,0,0,1,0,0,1,1,0,1,1,0,1,0,1,1,0,0,1,0,0,2,0,1,0,1,2,0,0,2,2,1,0,2,0,0,1,1,0,0,2,0,2,0,0,0,0,1,0,1,0,1,2,1,0,0,1,1,1,0,1,1,0,1,0,0,0,0,1,0,2,1,2,0,0,0,1,0,0,0,1,2,0,0,1,0,1,2,1,1,0,1,2,0
KL0996,0,0,1,2,0,1,2,1,0,1,1,1,2,2,0,1,2,2,2,0,1,2,0,1,1,0,2,0,1,0,1,0,1,2,2,0,2,1,1,0,2,2,1,0,1,1,1,1,2,2,1,2,0,0,0,1,0,0,1,1,0,1,1,0,2,2,1,1,0,2,0,0,1,1,0,2,0,2,1,1,1,1,0,2,2,0,2,0,0,0,0,0,0,0,1,0,0,2,1,1,0,0,1,0,1,1,0,0,0,1,1,0,0,2,0,1,0,0,2,0,1,0,0,0,0,0,1,0,0,1,2,2,1,1,1,0,0,1,2,2,0,0,1,1,1,0,2,2,1,0,1,0,0,0,1,2,2,0,0,0,1,0,1,0,2,1,1,0,0,1,0,0,0,0,0,1,0,1,0,1,0,0,0,1,2,0,2,1,0,0,1,2,0,0,0,1,1,1,1,0
KL0997,2,1,1,1,0,2,1,1,1,1,2,2,1,1,1,2,1,1,2,0,0,1,1,1,0,1,1,2,1,0,1,1,2,1,2,0,1,0,1,1,1,1,1,2,1,1,0,1,1,1,1,2,2,1,1,1,1,1,2,2,1,0,0,1,0,1,2,0,1,2,0,0,2,2,0,1,1,2,0,1,0,0,1,1,2,1,0,1,1,0,1,0,0,1,0,0,0,0,1,1,0,0,1,1,1,1,1,0,0,0,0,0,1,1,0,1,1,0,1,1,0,1,1,1,1,0,1,0,1,2,1,1,2,1,0,1,1,1,1,1,1,1,2,1,0,1,0,2,2,0,1,1,0,2,1,2,1,1,2,0,1,1,0,0,1,0,1,1,1,2,0,1,0,1,0,0,0,0,1,1,1,0,2,0,2,1,0,1,0,0,0,0,0,0,0,0,0,2,1,1
KL0998,1,1,2,2,0,1,1,1,0,1,1,2,1,1,1,1,1,1,1,0,2,2,2,1,1,1,2,1,2,0,2,1,2,1,2,0,2,0,2,1,0,0,0,2,0,2,0,1,1,2,1,1,1,1,0,2,1,0,1,2,1,2,0,1,0,1,0,2,0,2,1,0,0,1,0,0,0,0,1,0,0,0,2,1,0,0,1,0,0,0,1,0,0,0,2,1,0,0,2,0,0,0,0,0,0,1,2,2,0,1,1,1,2,0,0,0,1,1,1,1,0,0,1,2,2,0,0,0,0,1,1,2,2,1,1,1,0,1,0,1,0,0,0,1,0,1,1,1,1,0,0,0,0,0,1,0,1,1,1,0,1,0,0,1,0,0,1,1,0,1,0,1,0,0,0,0,1,1,1,1,0,1,1,1,1,0,0,1,0,2,0,1,1,0,0,1,0,2,1,1
KL0999,0,0,2,2,1,2,2,2,0,0,1,0,2,0,2,2,2,2,1,0,1,2,0,2,0,0,2,2,1,0,1,1,1,0,0,0,2,1,1,0,0,2,0,0,2,2,2,1,1,2,1,1,2,2,1,2,1,0,2,0,1,0,1,0,1,1,1,2,0,2,0,0,1,1,0,1,0,2,2,1,1,0,0,0,0,0,1,0,0,0,0,1,0,0,0,0,0,1,0,1,0,0,1,0,1,0,0,0,0,1,0,2,1,1,0,0,1,0,2,1,0,1,1,1,0,1,0,0,2,0,0,1,0,0,1,1,1,1,0,1,1,0,0,0,0,0,2,1,1,0,0,1,1,0,0,0,1,1,1,0,0,1,0,0,1,0,0,1,1,2,0,1,1,0,1,0,2,0,1,1,1,0,0,0,0,0,0,2,0,1,1,1,0,1,1,1,1,1,1,2
KL1000,0,0,1,1,0,2,2,2,1,1,2,2,1,1,0,2,1,2,1,1,1,2,1,2,1,0,0,2,0,1,1,2,2,0,2,1,2,0,2,1,0,2,0,1,0,2,1,1,2,1,1,2,0,0,1,2,2,2,2,2,1,2,1,1,1,1,1,1,2,1,1,1,2,0,0,0,1,0,0,0,2,0,0,1,0,0,2,0,0,1,0,0,1,0,1,0,0,2,1,1,0,0,1,0,1,0,1,1,1,1,1,1,2,0,0,1,1,1,1,0,1,0,1,1,0,1,1,0,0,0,0,2,1,0,1,1,0,1,1,1,0,1,1,0,1,1,1,1,0,0,0,0,2,1,1,0,2,1,2,0,0,0,1,1,0,1,1,1,2,0,0,1,0,2,0,0,0,1,0,0,0,1,2,0,0,0,1,0,1,1,1,2,0,0,0,2,0,1,1,0
KL1001,2,1,1,1,1,2,2,0,0,2,1,1,1,1,0,0,2,2,1,0,1,1,1,1,1,1,2,2,0,1,2,0,1,1,1,1,1,1,0,1,0,2,0,1,0,1,0,2,1,1,1,1,0,0,2,2,1,0,2,1,1,1,0,2,2,2,2,2,2,1,1,0,0,0,0,0,1,2,0,0,0,0,0,0,1,1,0,0,0,2,0,0,0,0,1,2,1,2,1,1,0,0,1,0,0,1,2,1,0,0,1,0,1,2,0,0,2,0,1,1,0,0,0,0,1,1,0,0,0,1,0,2,0,1,1,1,2,1,1,2,2,1,2,1,2,0,0,0,1,0,1,1,0,0,0,1,2,1,1,0,0,0,2,1,1,0,1,2,1,0,0,0,0,0,1,0,0,1,0,0,1,1,2,0,0,0,1,1,1,0,1,1,0,1,1,1,1,1,0,2
KL1002,2,1,1,2,0,2,2,1,1,2,2,0,2,2,1,1,2,2,2,0,1,2,2,1,1,2,1,1,1,0,2,2,1,2,2,1,2,0,2,0,1,1,1,1,1,2,1,1,2,1,1,2,2,0,1,1,1,1,1,1,1,0,1,1,1,0,2,0,1,2,1,0,1,1,0,1,1,1,0,0,2,1,1,1,1,1,2,0,0,1,0,0,1,0,1,0,0,0,1,0,0,0,1,0,1,0,2,1,0,0,2,1,1,1,0,0,1,1,0,0,0,1,0,2,0,1,1,0,0,1,1,2,1,0,0,0,1,2,1,1,0,0,2,1,1,0,2,1,1,0,2,1,0,1,0,1,1,0,0,0,1,1,1,1,0,0,0,1,0,0,0,2,0,1,1,0,0,1,0,0,1,1,1,1,1,0,0,2,1,0,0,1,0,1,0,1,0,0,1,1
KL1003,0,1,1,2,0,2,2,2,1,1,2,2,2,2,1,1,0,2,2,0,2,0,2,0,1,1,2,1,1,0,2,0,1,1,0,0,1,0,1,1,1,0,0,1,1,2,0,1,1,2,1,1,2,2,0,0,0,1,0,2,1,0,0,2,0,2,0,2,0,0,1,0,0,1,0,1,0,1,1,0,0,0,0,0,2,1,0,0,0,0,0,1,0,0,1,0,0,1,1,0,0,0,0,0,2,1,0,1,0,0,0,1,1,1,1,1,2,0,1,0,1,0,1,2,0,0,0,0,0,2,1,1,0,0,1,1,2,1,0,1,0,1,1,1,1,0,1,0,1,0,0,0,1,0,1,0,0,1,0,0,1,0,0,0,1,2,0,1,2,2,0,0,2,1,1,0,0,1,1,1,1,0,1,0,1,0,1,0,0,1,0,0,2,0,1,1,1,2,0,2
KL1004,1,0,1,2,2,0,2,1,0,1,2,1,1,1,2,2,1,2,0,1,1,1,1,0,1,0,2,2,1,0,2,0,2,0,1,0,1,1,2,1,0,0,0,2,2,2,1,1,2,2,1,2,1,1,0,1,0,0,1,1,2,1,2,1,1,2,1,2,1,2,0,1,1,2,1,0,0,1,2,0,1,0,0,1,1,0,1,0,1,1,0,0,0,1,2,1,1,0,1,0,1,0,0,0,0,0,2,1,0,0,1,0,1,1,0,0,0,0,2,0,0,0,0,1,1,0,0,0,1,0,1,1,1,0,0,0,2,1,1,1,0,0,1,0,0,0,2,1,2,1,1,1,0,0,1,1,1,1,0,0,0,0,1,0,1,1,0,0,0,1,0,2,1,1,0,0,0,0,2,1,0,1,0,0,1,0,1,0,1,1,1,0,0,1,1,2,0,1,1,1
KL1005,1,1,2,2,2,2,2,2,1,2,1,1,2,1,0,0,2,2,1,0,2,1,1,0,2,0,2,0,1,0,2,1,2,0,1,0,2,1,1,1,0,2,2,1,2,1,0,0,0,2,0,2,2,2,0,1,1,0,1,0,2,1,2,0,1,0,1,1,1,1,0,1,0,2,1,1,2,1,0,1,1,0,1,1,0,1,0,0,0,0,0,0,0,1,2,0,0,2,2,0,0,0,1,1,1,0,1,0,0,0,1,0,1,1,0,0,0,1,1,0,1,0,0,2,2,1,1,0,0,1,1,0,0,0,1,0,1,1,0,0,0,0,0,0,1,0,1,0,1,1,1,0,1,0,0,1,1,0,1,1,1,1,1,0,1,1,1,0,0,0,0,1,1,0,0,0,0,1,0,1,0,0,0,0,1,0,1,1,0,1,1,1,0,0,0,0,1,0,1,1
KL1006,2,0,1,1,0,2,1,1,0,0,2,1,2,0,0,1,1,2,2,1,0,0,1,2,0,1,2,0,2,1,2,0,1,0,1,1,2,0,1,2,0,1,1,1,1,2,1,1,1,1,1,1,2,2,0,2,1,0,0,1,1,1,2,1,2,1,1,1,1,1,1,2,0,1,0,2,0,1,0,0,0,0,1,1,1,1,2,0,0,1,0,0,0,1,0,0,0,1,0,0,0,0,0,1,0,2,2,2,0,0,0,2,0,2,0,1,0,1,1,0,0,1,1,1,0,1,1,0,2,2,0,1,0,2,1,0,1,0,1,1,1,0,1,0,1,1,2,2,0,0,1,0,1,1,2,1,1,0,1,0,2,1,1,0,1,0,0,0,1,2,0,2,0,1,1,0,0,2,1,1,0,0,1,2,0,1,0,1,0,0,0,2,0,1,1,1,0,2,0,1
KL1007,1,1,1,2,2,2,2,2,1,2,0,0,1,2,1,1,2,0,1,0,2,1,2,2,0,1,2,1,1,1,1,2,2,0,2,1,1,0,1,0,0,0,1,2,0,2,0,1,0,1,1,2,0,1,2,1,0,1,1,1,0,0,2,1,1,1,2,1,0,2,1,1,1,1,0,2,1,0,1,0,2,1,1,0,1,2,0,0,0,1,0,0,1,0,0,0,0,0,2,1,1,0,0,1,0,1,1,1,0,1,0,1,1,1,0,0,1,1,2,1,2,0,0,0,2,0,1,0,2,0,0,2,2,1,1,1,1,1,1,1,0,0,0,1,0,1,0,2,0,0,1,0,0,0,2,1,0,0,0,0,1,0,0,1,1,0,0,1,0,1,0,2,0,2,0,0,0,2,0,1,2,1,0,1,1,0,2,0,0,0,2,2,0,0,1,2,1,0,0,0
KL1008,0,0,1,2,1,1,2,2,1,0,1,1,2,1,2,1,2,1,1,1,0,2,0,1,0,1,2,0,1,1,2,0,2,1,1,1,2,2,2,2,1,1,1,2,1,1,1,0,2,1,0,2,1,1,2,1,2,0,1,1,1,0,0,0,2,1,1,1,1,2,0,1,1,2,0,0,0,0,1,1,1,0,0,1,0,0,2,0,0,0,0,0,0,1,2,0,0,1,0,0,0,2,1,0,0,1,1,1,0,0,1,1,1,1,0,1,1,0,1,0,1,0,0,0,2,2,0,0,0,0,1,1,1,1,1,2,0,2,0,2,2,0,2,1,0,0,1,2,2,2,2,0,0,1,0,0,2,0,1,0,1,0,1,0,1,1,1,0,2,1,0,1,1,1,0,0,1,2,0,1,1,0,1,1,0,0,2,2,1,0,0,1,0,1,0,1,0,0,0,0
KL1009,1,1,1,2,0,1,0,1,1,1,1,1,2,0,0,1,1,2,1,1,1,1,1,2,1,1,2,0,1,2,2,2,2,1,0,2,0,0,1,1,0,2,1,2,0,2,1,1,1,2,0,1,1,0,2,1,2,0,2,1,1,0,1,0,1,2,2,2,1,0,0,0,2,0,0,0,1,1,2,0,1,0,1,1,1,0,2,0,1,0,1,0,0,1,1,1,0,1,0,1,0,0,1,1,0,0,0,1,0,0,0,1,1,2,0,2,1,0,2,0,1,0,1,0,0,1,2,0,0,0,1,0,0,1,2,1,2,1,1,1,1,1,0,0,0,2,2,2,1,1,1,1,1,1,1,2,1,0,1,0,0,0,2,1,0,0,0,0,2,1,2,1,0,0,0,0,0,1,0,1,0,1,0,0,1,0,1,1,0,2,1,0,0,0,2,1,0,1,0,0
KL1010,1,1,2,1,1,2,2,1,1,1,0,1,2,0,1,2,2,2,1,0,2,1,2,1,0,1,2,2,1,0,2,1,1,1,1,1,2,1,1,0,1,2,1,2,2,2,2,0,2,1,1,2,1,0,1,1,2,0,0,2,2,0,1,1,0,2,1,0,1,2,1,1,2,0,1,1,0,1,1,1,1,0,1,0,0,1,0,0,0,0,0,0,0,2,2,0,0,1,0,1,0,0,1,0,0,1,1,0,0,0,1,1,0,1,0,0,1,1,1,1,1,1,1,0,1,1,0,0,0,1,1,2,1,1,2,1,1,1,0,1,1,1,1,1,1,0,1,1,1,0,1,0,0,0,0,1,2,0,2,0,2,1,0,2,0,0,2,0,1,1,0,0,0,1,0,0,1,0,1,0,0,1,0,1,0,2,0,2,0,1,2,0,0,0,0,1,0,0,0,0
KL1011,1,0,0,1,1,1,2,2,2,2,1,1,2,0,0,1,1,2,0,0,1,2,1,1,1,0,1,0,1,1,2,2,2,1,1,0,1,2,2,0,0,1,2,1,1,2,1,0,1,1,1,2,0,2,0,2,0,1,1,1,0,2,2,1,1,0,0,1,1,2,0,1,0,2,0,1,0,1,0,0,1,1,1,1,2,1,1,1,0,0,0,0,1,1,0,0,0,1,0,1,0,1,0,0,0,2,1,1,0,1,1,0,1,2,1,0,2,0,1,1,1,0,0,0,1,2,0,1,0,2,0,0,2,0,1,2,2,2,2,0,0,1,1,1,1,0,2,1,1,0,2,0,0,0,1,0,1,0,1,0,2,0,1,0,1,1,0,0,2,2,0,1,0,0,0,1,0,0,1,0,1,1,0,0,1,1,1,1,1,1,0,2,0,0,1,1,0,0,0,2
KL1012,2,0,1,2,0,2,2,2,0,1,2,1,2,0,2,1,1,2,0,0,1,2,1,2,2,1,1,1,0,1,1,1,0,1,2,0,2,1,2,1,0,1,0,0,0,2,2,1,1,2,1,2,2,2,1,1,1,0,1,2,1,0,1,1,0,0,2,1,1,1,0,1,1,1,0,2,1,2,1,1,2,0,0,0,2,0,1,0,1,0,0,0,0,1,0,1,1,0,1,1,0,1,1,0,0,2,0,1,0,0,0,1,1,0,0,0,0,1,0,0,2,0,0,1,1,1,1,0,1,2,0,1,1,0,1,2,2,1,0,2,1,0,0,1,1,0,0,1,1,0,1,0,2,0,1,0,2,1,0,0,1,0,2,2,1,1,0,0,2,1,0,0,0,0,0,1,0,1,2,0,1,0,0,0,0,0,0,2,1,0,1,2,0,0,0,1,0,0,1,1
KL1013,1,0,0,2,0,2,2,2,0,1,0,1,1,1,1,2,1,1,2,0,0,2,1,1,0,1,1,1,2,2,1,0,2,0,1,1,2,1,2,0,0,1,0,1,2,1,0,0,1,1,1,2,2,2,0,1,2,1,2,1,1,2,0,1,0,1,0,1,2,1,0,2,0,1,0,2,0,1,0,0,1,2,1,0,1,1,1,0,0,0,0,1,0,0,0,0,0,1,2,0,0,1,1,0,0,0,1,0,0,0,1,1,1,0,1,2,0,0,0,0,1,0,1,1,1,0,0,0,0,0,0,1,1,1,2,0,1,0,0,0,1,2,1,0,1,0,0,1,0,0,2,0,2,2,0,0,1,1,1,0,0,1,0,1,2,1,1,0,2,1,0,1,1,1,0,0,2,2,2,1,0,0,0,1,1,0,1,0,0,0,1,2,1,0,1,2,0,1,1,0
KL1014,1,1,1,1,2,0,1,1,2,1,1,2,1,1,1,1,2,2,2,1,0,0,1,2,1,1,2,1,0,0,1,2,1,0,0,1,2,1,1,1,0,2,1,1,1,1,0,0,1,2,1,2,1,1,0,2,0,1,1,1,2,2,1,2,2,1,2,1,0,2,0,1,0,1,0,2,0,2,0,0,1,0,1,2,1,0,1,0,0,0,0,1,1,1,2,0,0,0,1,1,0,1,1,0,1,1,0,1,0,0,1,1,1,0,0,0,0,0,0,0,1,0,0,1,0,0,0,1,1,2,1,0,2,1,1,1,0,1,0,1,1,1,0,1,2,1,1,1,1,0,1,1,0,1,1,0,1,2,0,1,1,0,0,0,0,0,1,0,2,1,1,0,0,0,1,0,0,1,1,1,0,1,1,0,0,0,1,1,1,1,2,2,1,1,0,0,1,0,0,0
KL1015,0,0,1,1,1,2,2,0,0,1,0,2,2,0,1,1,1,0,1,0,1,2,1,0,1,0,1,1,1,0,2,0,1,1,2,1,1,0,2,1,0,0,2,0,1,2,2,1,1,0,0,1,0,2,0,1,1,1,0,1,0,0,0,1,1,1,2,1,1,1,0,0,1,1,0,2,0,1,0,0,1,1,1,1,1,1,1,0,0,0,0,0,0,1,1,0,1,1,1,0,0,1,2,0,0,1,1,1,0,0,0,0,1,0,0,0,1,0,0,0,0,0,1,0,0,0,1,0,1,1,0,2,0,0,1,1,0,2,1,2,1,0,1,1,0,0,0,1,1,0,0,1,1,1,1,1,1,0,1,0,1,0,0,0,1,0,0,1,0,0,0,1,1,0,0,0,0,2,2,1,0,1,1,0,2,0,1,2,1,0,1,0,0,1,0,1,0,0,0,0
KL1016,0,0,1,0,1,2,2,2,1,2,2,1,2,2,0,1,2,1,2,1,1,1,2,2,0,2,2,0,2,1,1,2,1,0,1,1,2,1,1,2,0,0,0,1,2,2,0,0,0,1,1,0,2,2,1,2,2,1,2,1,1,1,2,1,2,1,2,0,1,1,1,0,0,1,0,1,1,0,1,1,1,0,0,1,0,0,1,0,0,0,1,1,0,1,0,0,0,0,2,1,0,0,1,1,0,0,1,2,0,1,0,0,1,2,1,0,1,1,1,0,1,0,0,0,0,1,0,0,2,1,1,0,0,0,0,1,2,1,0,0,1,0,1,0,0,2,1,1,0,0,1,0,1,0,1,1,0,0,1,1,0,1,0,0,0,0,0,1,1,0,0,1,1,1,0,1,1,1,0,0,0,0,0,0,0,0,1,0,2,1,2,2,0,0,1,1,1,0,0,0
KL1017,1,0,1,1,1,0,2,2,0,0,2,1,0,1,1,2,1,2,2,2,2,1,1,2,1,1,1,0,0,0,1,1,1,1,1,0,1,0,2,1,1,0,0,1,0,2,0,0,1,2,0,1,2,2,0,2,0,2,1,2,1,2,1,1,0,0,1,1,1,1,1,1,0,2,0,2,1,1,2,1,0,1,1,0,1,1,0,0,0,0,0,0,0,1,2,0,1,1,1,0,1,0,0,0,0,0,0,1,1,0,1,0,1,1,1,1,1,0,0,1,0,0,0,0,1,0,2,0,2,1,0,1,1,1,1,0,1,1,1,1,0,0,0,1,0,1,1,1,0,0,1,0,0,0,1,0,1,1,0,0,1,0,0,0,2,1,2,1,2,1,1,0,1,1,0,0,2,1,0,0,0,0,0,1,1,0,1,0,1,1,0,0,0,0,2,2,1,2,0,0
KL1018,1,1,0,1,2,1,1,1,1,2,1,2,2,1,0,1,1,1,1,1,0,1,1,2,1,0,2,1,1,0,1,2,2,2,1,0,2,1,2,1,1,1,0,2,0,2,0,1,0,1,1,2,1,1,0,2,1,1,2,2,1,1,2,1,0,1,1,0,1,2,1,0,2,0,0,0,0,1,1,0,1,1,2,1,1,1,1,0,0,1,0,0,0,1,0,0,0,1,2,0,1,1,0,1,0,1,2,2,0,0,1,0,1,2,0,1,1,1,0,1,0,0,1,0,1,0,1,0,1,0,0,2,2,2,1,2,1,2,1,0,0,1,0,0,0,1,1,0,1,2,1,0,0,0,2,1,0,0,1,0,1,0,1,0,1,0,1,1,1,0,0,1,1,0,0,1,0,2,1,1,0,0,1,0,1,1,0,1,1,1,2,1,0,1,1,1,0,0,1,2
KL1019,0,0,1,2,0,0,2,2,0,1,2,0,2,0,2,2,1,2,2,2,1,0,2,1,1,0,2,1,0,1,1,1,2,0,1,1,0,2,2,0,1,1,0,0,0,2,1,1,1,2,2,2,1,1,0,2,2,1,1,2,1,2,0,0,0,2,1,1,1,2,0,0,0,1,1,0,0,0,1,1,0,0,2,2,2,2,1,0,1,0,0,1,0,0,0,1,0,1,1,0,0,1,1,1,0,0,1,0,0,0,0,0,1,1,1,0,2,1,1,0,0,0,1,0,1,1,0,0,1,1,1,0,1,0,0,2,0,1,0,1,1,1,1,0,0,0,1,1,0,0,1,1,0,1,0,1,1,1,0,0,2,0,0,1,2,2,1,0,1,1,0,2,0,0,0,0,1,0,2,1,0,0,1,0,1,1,0,1,0,2,1,0,0,1,1,1,1,0,0,1
KL1020,0,1,1,2,1,1,1,1,0,1,1,1,2,0,2,1,1,1,1,0,1,2,0,1,0,0,1,0,1,1,1,2,2,1,1,1,2,0,2,1,1,2,0,1,1,2,0,0,1,1,1,1,2,0,1,2,1,1,2,1,0,1,0,1,2,1,0,1,1,1,1,1,1,2,1,1,1,1,0,0,1,1,2,1,1,0,0,0,1,0,1,0,1,0,0,0,0,1,0,1,1,1,1,2,0,1,0,0,0,0,0,2,0,1,0,1,0,1,1,1,1,0,1,0,0,0,2,0,1,2,0,1,2,0,1,1,1,2,1,1,0,0,0,0,0,0,1,1,0,0,1,0,0,0,0,1,2,1,2,0,1,1,0,1,2,1,2,2,1,1,0,1,0,2,0,0,0,1,0,0,0,0,0,0,0,0,0,0,2,0,2,2,0,1,0,2,1,0,1,0
KL1021,0,1,0,2,0,1,1,2,2,1,2,1,2,0,0,2,1,1,2,1,1,2,0,1,1,0,2,1,1,1,2,1,2,0,1,1,2,2,2,1,1,0,1,0,1,2,0,1,1,1,1,1,1,1,0,0,1,0,1,1,0,0,0,1,1,1,0,1,2,1,1,1,1,1,0,1,1,2,0,0,1,1,1,1,1,0,0,0,1,0,0,0,0,1,1,0,0,1,1,0,0,0,2,0,2,0,2,1,0,0,2,2,2,0,0,0,1,1,0,0,1,0,1,0,0,1,1,0,0,1,0,1,0,0,0,0,1,1,0,2,1,1,0,0,1,1,2,1,2,1,0,0,0,1,2,2,0,1,2,0,0,1,0,0,1,0,1,1,2,0,0,1,1,1,0,0,0,1,0,1,2,2,1,0,1,0,2,1,1,0,0,0,0,0,1,1,1,2,1,0
KL1022,1,0,1,2,0,2,2,2,1,0,2,1,2,1,0,2,0,2,2,0,2,2,0,1,1,1,2,2,2,1,1,2,1,1,2,1,2,0,1,1,1,1,2,1,1,1,2,0,0,1,2,2,2,1,1,0,1,0,2,0,1,2,1,0,0,1,2,1,1,2,1,0,1,1,1,1,0,2,1,1,1,1,2,1,2,1,2,0,0,0,0,0,1,1,0,0,1,1,0,1,0,0,1,2,0,1,0,1,0,0,0,1,1,1,1,0,2,0,1,0,1,0,0,1,0,0,0,0,1,0,1,0,2,0,1,0,1,0,2,1,0,0,2,0,1,1,0,0,1,0,1,1,0,0,2,0,0,1,1,0,2,1,0,1,1,1,2,0,1,0,0,0,0,2,1,0,0,0,2,0,1,0,0,0,2,1,1,1,0,1,2,1,1,0,1,2,0,2,0,0
KL1023,2,0,1,2,0,2,1,1,1,0,0,0,2,0,0,1,1,1,0,0,1,1,0,1,1,0,2,0,0,1,2,1,1,1,2,0,2,1,2,0,1,1,1,2,1,1,1,2,2,2,2,1,2,1,1,2,0,0,0,0,0,2,1,1,1,2,1,2,2,2,0,2,1,1,0,1,2,1,0,0,1,1,0,1,2,1,1,0,0,0,0,0,0,1,0,2,0,1,1,2,0,1,1,1,0,0,1,0,0,1,0,1,1,1,0,0,1,0,1,1,1,2,0,0,1,0,0,0,0,1,1,1,2,0,1,2,2,2,1,2,0,0,2,0,2,0,1,2,0,0,1,0,0,0,0,0,1,0,1,0,0,1,1,2,2,0,1,0,2,1,0,2,1,0,1,0,1,0,1,1,0,1,1,0,0,0,0,1,0,0,1,1,1,0,0,0,1,2,0,2
KL1024,1,1,0,2,0,0,1,1,1,0,1,1,2,2,1,1,2,2,1,0,2,1,2,0,0,0,1,1,1,0,2,2,2,1,0,0,1,1,1,0,1,1,1,1,1,1,1,1,1,2,0,1,1,1,0,2,2,0,1,1,0,0,0,2,1,1,1,2,1,2,0,1,1,0,1,1,1,1,1,1,0,1,1,1,1,1,1,1,0,0,0,0,0,1,0,0,0,0,1,1,1,0,1,0,1,1,1,1,0,0,0,0,0,1,0,0,2,1,0,1,1,0,1,0,1,1,0,0,1,2,0,1,1,0,0,2,0,0,1,1,0,1,1,2,1,1,0,0,1,0,1,0,0,1,0,1,1,1,0,0,1,0,2,0,0,1,1,0,1,0,0,1,0,2,1,0,1,0,2,0,0,1,1,1,0,0,1,1,0,2,1,1,1,0,0,1,1,0,0,0
KL1025,1,0,0,2,1,0,0,2,1,0,1,1,1,1,1,1,2,2,1,2,0,1,1,0,0,1,1,2,2,0,2,1,2,1,0,1,0,0,2,1,2,0,1,0,1,2,1,0,1,1,1,1,0,1,0,1,0,0,1,0,1,1,2,1,2,2,2,1,1,1,2,1,1,1,0,2,0,1,1,0,2,1,1,1,0,2,0,1,0,1,1,0,0,1,0,0,1,0,1,0,1,0,0,1,0,0,2,1,0,0,1,1,1,1,0,0,1,1,2,1,0,0,0,1,2,1,0,0,1,2,0,2,2,0,1,1,1,1,1,1,0,0,1,1,0,1,1,1,0,0,1,0,1,1,0,0,1,0,2,0,0,0,1,0,1,1,1,1,2,0,0,1,0,1,0,0,0,0,1,1,0,0,2,1,0,0,2,1,1,0,1,2,1,1,1,1,0,2,1,0
KL1026,1,1,1,1,0,1,2,0,2,0,0,1,2,1,0,2,1,2,2,0,1,1,2,2,0,0,1,1,0,0,1,1,1,1,0,1,2,2,2,0,0,1,0,1,0,2,1,2,2,1,2,2,1,1,0,0,1,1,0,1,0,0,0,2,1,1,2,1,1,1,0,1,0,0,0,0,1,0,0,1,1,0,1,1,1,0,0,0,1,0,0,0,0,2,1,1,1,0,1,1,1,0,1,0,0,0,1,1,0,0,1,1,1,2,0,1,1,0,1,1,0,1,0,0,0,0,1,0,2,1,1,2,1,1,1,1,0,2,2,1,1,1,1,0,1,0,1,1,1,0,2,0,1,0,1,0,1,0,1,1,0,0,0,2,1,1,1,1,2,0,0,1,0,0,0,1,1,1,1,0,2,1,2,0,1,0,1,0,1,0,1,2,0,1,0,0,1,1,0,1
KL1027,1,1,1,2,1,2,1,2,0,2,1,1,0,2,0,2,1,1,1,2,2,1,2,0,1,1,2,2,0,0,1,1,2,1,1,1,1,0,2,1,1,1,2,1,0,2,1,1,0,2,2,2,1,2,1,1,1,0,2,1,1,1,0,1,1,1,2,1,2,1,1,1,0,1,1,0,1,0,2,0,0,2,1,1,1,0,0,1,0,1,1,0,0,0,0,0,0,1,1,1,1,0,1,0,1,1,1,1,0,0,1,1,2,1,0,0,0,0,1,0,1,1,1,1,1,0,0,0,1,2,1,1,1,0,1,1,2,2,1,2,1,0,2,1,1,0,2,1,1,1,2,1,0,0,1,0,0,0,0,0,1,1,0,0,1,0,1,1,0,1,0,1,1,0,1,0,1,2,1,0,0,0,0,0,0,0,1,0,0,1,0,0,1,0,1,0,0,1,0,0
KL1028,1,1,1,2,2,2,2,2,1,0,2,0,2,0,1,2,1,1,2,0,2,0,2,0,0,0,2,2,1,1,2,2,2,1,0,1,2,1,2,0,1,0,0,0,0,1,1,1,1,1,0,1,1,2,2,0,2,1,0,2,1,1,1,0,2,2,1,0,1,2,2,0,1,0,0,0,1,2,0,0,1,0,2,0,2,0,1,0,0,0,1,1,0,1,0,0,0,0,0,0,0,0,2,0,0,0,0,0,0,0,0,2,2,2,1,1,0,0,1,0,0,0,0,1,0,1,0,0,0,2,1,1,1,0,1,0,2,1,1,1,0,0,1,1,1,0,0,1,0,1,1,0,1,1,1,0,0,0,0,0,1,0,0,1,1,1,1,1,1,1,1,0,0,1,0,0,0,0,1,1,1,1,0,2,1,0,0,1,0,1,1,0,1,0,1,2,0,1,0,0
KL1029,2,1,1,2,1,0,1,2,1,1,1,0,2,1,0,1,2,1,2,1,0,2,1,1,0,1,1,1,1,0,2,1,1,2,0,1,1,0,2,0,2,0,0,1,1,2,1,0,0,2,0,1,1,2,1,2,2,1,2,0,0,1,1,1,1,1,2,1,1,1,1,0,0,1,0,1,1,2,0,0,1,0,2,2,1,0,1,0,0,0,1,0,1,0,1,0,1,1,0,0,2,0,1,1,0,0,0,0,0,0,0,0,1,0,0,0,1,0,0,0,0,0,1,0,1,1,0,0,0,1,1,2,0,0,2,2,0,1,0,0,0,0,1,0,0,0,2,0,1,0,1,0,0,1,0,0,0,1,2,0,2,0,0,0,2,0,2,2,0,0,1,0,0,1,0,0,2,1,1,1,0,1,1,0,0,0,1,0,1,2,0,1,2,0,0,0,1,1,0,1
KL1030,2,0,2,1,0,2,2,2,1,1,1,1,1,0,0,2,2,1,1,0,0,0,1,0,1,2,2,1,1,1,1,0,1,1,1,1,2,1,1,2,2,2,0,1,1,2,1,1,2,1,2,2,0,0,0,2,1,2,1,2,1,0,0,2,2,0,1,1,0,2,1,1,0,0,0,0,0,0,2,1,1,1,0,0,1,2,0,0,1,1,1,1,0,1,1,1,0,2,0,2,0,0,1,0,0,0,0,0,0,0,1,1,2,1,1,1,0,1,1,1,0,0,1,0,2,1,1,0,0,0,1,2,0,0,1,1,0,0,0,0,1,0,1,0,0,0,2,1,0,0,1,0,0,0,0,2,0,0,2,0,0,0,1,0,0,0,1,0,2,1,1,1,0,1,0,0,0,2,1,1,0,2,0,0,1,0,0,0,1,0,1,0,0,0,0,1,1,1,0,0
KL1031,0,0,0,1,0,1,2,2,1,1,2,0,2,1,1,1,1,1,2,1,2,2,1,2,1,1,2,1,1,1,2,1,1,0,1,0,1,0,1,1,1,1,0,1,1,2,1,0,2,1,1,1,1,0,1,2,1,2,0,0,1,0,0,2,1,2,2,2,2,1,1,0,1,2,1,1,0,1,1,0,1,1,0,0,0,1,0,0,0,0,0,1,0,1,2,1,1,1,1,1,0,1,2,0,0,0,1,1,0,0,1,1,1,1,0,0,1,0,0,0,0,0,0,1,0,0,0,0,0,1,1,1,2,1,2,1,0,1,1,2,1,0,1,1,1,0,1,1,1,0,1,1,0,1,0,1,2,1,0,0,2,0,0,1,1,0,1,0,1,1,1,2,0,1,0,0,0,2,1,0,0,0,1,0,1,0,1,1,1,0,0,0,1,0,1,1,0,1,0,2
KL1032,2,1,0,2,1,0,1,2,1,1,2,2,2,2,2,2,1,1,1,1,2,0,2,2,1,1,1,1,1,0,2,1,1,1,1,2,2,1,1,1,2,0,0,2,2,1,2,2,2,1,1,2,1,0,2,1,1,1,2,0,0,1,1,1,1,1,1,2,2,2,1,1,1,0,0,2,0,0,0,0,1,0,1,0,0,0,2,0,0,1,1,1,0,1,2,0,0,1,1,1,1,0,0,1,0,1,2,2,0,0,0,1,1,2,0,0,1,0,0,1,0,0,1,1,1,1,1,0,1,1,0,2,2,1,2,0,1,2,0,1,0,0,1,0,0,0,1,0,1,0,1,1,2,0,1,1,2,0,0,0,1,0,1,0,2,1,1,1,1,1,0,0,1,1,1,0,1,0,0,0,1,2,1,0,1,0,0,2,1,1,0,0,0,1,2,1,0,1,0,0
KL1033,2,1,0,1,0,2,2,1,2,0,2,2,2,0,2,2,1,1,1,0,2,0,2,1,1,1,1,0,0,0,1,1,1,0,0,0,1,0,1,0,1,2,1,1,1,2,0,1,2,1,0,0,1,1,0,2,0,0,1,1,1,0,1,2,0,0,2,1,0,2,1,1,2,1,0,0,0,2,1,0,0,0,0,1,2,1,1,0,0,0,0,2,0,0,0,0,1,0,1,0,0,0,1,1,1,1,1,2,0,0,0,0,1,0,0,0,1,1,1,0,1,0,0,1,0,0,0,1,0,2,1,0,0,2,1,0,0,1,1,0,0,0,1,1,0,0,0,2,0,1,2,0,0,0,0,1,2,1,1,0,2,1,1,1,0,0,0,0,1,0,1,0,2,1,0,0,1,1,0,1,1,1,1,0,0,0,1,1,1,1,1,1,0,0,0,1,1,0,2,1
KL1034,1,1,1,1,1,2,2,2,2,0,0,2,1,0,2,2,1,1,1,0,1,2,0,1,1,1,1,1,1,0,2,0,2,0,1,2,2,1,0,0,1,2,0,1,0,1,1,1,1,2,1,1,1,1,1,1,2,0,1,1,2,1,0,1,0,0,0,2,1,1,0,2,1,1,0,1,0,1,0,0,1,0,1,1,1,1,2,0,1,1,1,0,0,0,1,1,0,0,1,1,1,1,2,0,0,0,2,2,0,0,1,0,1,1,1,0,0,0,0,0,0,0,1,1,0,1,1,0,1,1,0,1,1,0,2,2,1,1,2,1,1,0,0,0,0,0,2,0,0,0,1,0,1,1,1,1,2,0,1,0,1,0,0,1,1,2,0,0,1,1,0,1,0,1,0,0,1,1,0,2,0,2,0,1,1,1,0,2,0,2,1,0,0,1,1,1,1,0,0,0
KL1035,1,1,2,2,2,1,2,0,0,1,2,1,1,1,1,1,1,2,1,0,0,2,1,2,0,1,0,1,2,1,2,1,2,1,1,0,1,2,1,0,0,1,1,1,2,2,1,1,0,1,0,1,2,1,1,1,1,1,1,2,2,1,0,0,2,2,1,2,2,1,0,1,0,1,0,2,0,2,1,0,1,1,2,0,0,0,2,0,0,1,0,0,0,0,2,0,1,1,0,1,0,0,0,0,0,1,0,0,0,0,1,1,0,2,0,0,0,0,1,0,0,0,2,1,0,1,0,0,1,1,0,1,1,0,1,1,0,2,0,0,0,0,0,0,0,1,1,0,1,0,1,0,1,0,1,1,0,0,2,0,1,0,1,0,1,0,1,1,1,2,0,0,1,1,0,1,0,2,2,1,1,2,1,1,0,0,2,0,0,0,1,0,0,0,1,0,1,1,0,0
KL1036,1,2,1,0,2,2,2,0,1,2,0,1,1,0,0,1,1,1,1,1,1,1,2,0,0,0,1,2,2,0,1,2,1,0,1,1,2,0,2,1,1,1,1,0,1,2,1,0,1,2,1,0,1,0,0,1,1,1,1,2,0,1,0,1,0,1,0,0,1,1,0,0,2,1,1,0,1,2,1,0,2,1,2,2,0,0,2,0,0,0,2,1,0,0,1,0,0,1,2,1,0,0,2,1,0,0,1,2,0,0,0,0,1,1,0,1,0,0,1,0,1,0,0,1,0,0,0,0,0,0,1,1,1,0,2,2,0,1,2,1,1,1,1,0,0,1,1,0,1,0,0,0,1,0,1,0,2,0,1,0,0,0,1,1,2,0,1,1,2,0,0,2,1,1,0,0,0,1,0,1,2,1,1,1,1,0,1,1,0,1,2,1,0,1,1,2,0,1,0,1
KL1037,0,1,1,2,2,2,2,1,1,2,1,2,2,0,1,1,2,2,1,1,2,1,1,1,1,1,2,0,2,0,2,1,1,2,2,1,2,1,1,2,0,1,1,1,0,2,1,0,1,2,1,1,1,1,2,2,1,1,1,1,0,1,2,0,1,1,2,2,1,2,2,0,1,0,0,2,1,0,1,0,1,0,1,2,0,0,2,0,1,0,0,0,0,0,1,0,1,1,2,1,0,0,0,2,1,0,0,1,0,0,1,1,1,1,0,1,2,0,0,1,0,0,1,0,0,0,0,0,0,1,0,1,1,1,2,0,2,0,1,0,1,0,1,0,0,0,1,2,1,0,0,0,2,0,0,0,1,0,0,0,0,0,0,0,2,0,1,1,1,1,0,1,1,1,0,0,1,0,2,0,0,2,0,0,1,0,2,1,1,1,0,1,0,0,2,1,1,1,2,1
KL1038,1,1,2,1,0,0,2,2,0,1,1,2,1,0,0,0,2,1,1,0,0,0,0,1,1,2,2,1,2,1,2,2,2,2,2,0,1,0,2,0,1,2,0,2,1,2,2,0,0,2,0,2,1,0,0,2,0,1,2,0,1,0,1,1,0,2,1,1,1,2,0,0,2,1,1,0,0,2,1,1,2,0,1,0,2,1,1,1,0,0,0,0,0,2,1,0,1,2,2,2,0,1,1,1,0,0,1,1,0,0,1,0,0,0,1,0,1,0,1,0,2,1,1,0,1,0,0,0,0,0,1,1,0,1,0,0,0,1,1,1,0,0,2,0,0,1,1,0,0,0,1,0,1,0,1,1,0,0,1,0,1,1,2,2,1,0,1,0,2,0,0,2,0,0,0,0,0,1,0,1,1,1,0,0,1,1,1,2,1,1,0,0,0,0,0,1,0,1,2,1
KL1039,1,1,0,2,0,1,1,1,2,2,1,2,1,2,1,1,2,1,1,0,0,1,2,2,0,1,1,0,1,1,1,2,0,1,0,1,2,1,1,0,2,0,0,2,2,2,2,0,0,1,1,1,1,2,0,1,1,1,2,1,1,1,0,2,1,1,2,0,0,1,1,1,1,1,0,2,1,2,1,0,0,0,1,1,1,2,0,0,0,1,0,0,0,0,1,0,0,0,0,1,0,1,1,0,1,2,1,1,1,0,0,0,2,1,1,0,0,1,1,0,1,0,0,0,1,0,1,0,1,0,0,1,1,2,1,1,2,1,1,2,1,0,2,0,1,0,1,1,1,1,1,0,1,2,0,0,1,1,2,0,0,0,1,1,0,0,2,1,2,1,0,1,0,1,0,0,0,1,0,0,0,1,2,0,1,0,0,0,0,2,1,1,1,0,1,1,1,0,0,1
KL1040,1,2,1,2,0,1,1,1,1,1,1,1,2,1,1,1,1,2,2,2,2,1,1,0,2,2,2,1,1,0,2,0,1,1,1,1,2,0,1,1,2,0,1,2,0,2,0,0,1,0,1,2,2,1,0,1,0,1,2,0,1,1,1,0,0,2,2,1,1,1,0,0,1,2,1,2,1,0,0,1,1,1,2,1,1,0,0,0,0,0,1,1,0,0,0,0,0,1,1,1,0,0,1,2,0,0,0,0,0,1,0,1,1,0,0,0,0,0,0,0,0,1,1,0,0,0,1,1,0,1,1,0,1,0,0,2,1,1,1,1,0,0,2,1,0,0,2,1,2,0,1,0,0,1,1,1,0,0,1,0,1,2,2,1,1,0,2,0,1,1,0,1,1,0,0,0,1,2,1,0,0,1,2,0,1,0,1,0,0,1,1,0,1,0,1,0,1,1,0,2
KL1041,1,1,0,1,1,1,2,1,0,1,1,2,2,1,2,1,0,2,1,0,1,2,2,2,0,1,1,0,2,0,2,1,2,1,1,0,1,2,2,1,0,2,0,1,1,2,0,2,2,1,0,2,1,0,1,0,2,1,2,1,2,0,1,1,2,1,1,0,1,2,0,0,0,0,0,2,1,1,0,0,2,1,2,0,1,0,0,0,0,2,1,0,0,0,2,0,1,1,1,1,0,0,1,0,2,0,0,0,0,0,0,1,2,1,0,2,1,0,2,0,0,0,0,1,0,0,0,0,1,1,0,0,1,1,2,1,1,1,1,1,1,0,0,0,1,1,1,2,1,0,2,0,1,0,1,1,1,0,0,1,1,0,1,0,0,0,2,0,2,0,1,2,0,0,0,1,0,1,0,0,0,1,0,1,1,0,0,1,0,2,2,1,0,1,0,1,0,2,0,0
KL1042,2,2,1,1,0,2,1,2,1,0,2,2,2,0,2,1,0,0,1,0,1,2,1,2,2,1,2,0,2,0,1,1,1,0,1,1,1,1,2,1,1,0,0,2,0,2,2,2,2,0,0,1,1,1,0,2,0,0,2,0,0,1,0,2,2,2,1,1,0,2,0,1,0,1,0,1,0,1,0,0,2,1,1,1,2,2,0,0,0,0,1,0,0,0,0,0,0,0,0,1,1,1,1,0,0,1,1,0,0,0,1,0,1,0,0,0,2,1,0,0,1,0,2,0,0,0,0,1,0,0,1,0,1,1,1,0,1,2,1,2,0,0,1,1,0,1,2,0,2,0,1,0,1,1,0,1,0,0,0,1,0,0,0,0,1,0,0,0,1,0,0,1,2,2,0,0,0,0,0,0,0,1,1,0,0,0,1,2,1,1,1,1,0,0,1,2,1,1,1,0
KL1043,0,2,2,2,2,0,2,1,0,0,0,1,1,0,1,1,1,0,1,1,0,1,1,1,1,2,2,0,2,0,2,1,2,1,1,1,1,1,2,1,1,1,1,2,0,2,2,0,2,1,0,1,0,1,0,2,0,1,1,1,1,1,1,1,1,1,2,0,0,2,0,0,1,1,0,0,0,1,1,0,1,1,1,0,0,2,2,0,0,1,0,0,0,0,1,0,0,1,0,1,0,0,1,1,0,0,1,1,0,0,1,1,1,0,0,0,1,0,0,0,0,1,2,1,1,0,0,0,0,0,0,1,1,1,1,1,1,1,0,1,2,1,1,0,0,0,2,0,2,1,0,0,0,0,1,1,0,1,1,0,2,0,1,1,1,1,1,1,2,2,1,1,0,1,0,0,0,1,1,0,1,1,2,0,1,1,2,1,0,0,0,1,0,0,2,2,0,0,1,0
KL1044,0,0,1,1,1,0,2,2,1,1,1,0,2,0,2,1,1,2,1,1,0,1,2,1,1,1,1,1,1,1,1,0,1,2,0,0,0,1,2,1,1,1,1,1,1,1,1,1,1,2,1,1,0,1,1,2,0,0,2,2,1,0,1,2,1,0,1,2,0,2,2,1,1,0,1,2,2,0,0,0,1,0,2,1,2,0,2,0,0,1,1,0,0,0,0,1,0,0,0,1,1,0,1,0,0,1,0,0,1,0,0,1,0,2,0,0,1,0,1,0,2,0,1,0,0,0,0,0,1,0,0,0,1,0,1,1,1,0,1,2,2,0,1,0,0,0,1,1,0,0,2,0,0,2,1,0,0,1,1,0,1,1,0,1,2,0,0,0,1,0,1,1,0,1,1,0,1,1,2,0,0,1,0,0,1,0,0,2,1,1,0,2,0,0,1,1,0,2,0,1
KL1045,0,2,1,2,0,2,2,2,0,0,1,2,2,1,1,0,1,1,1,0,1,0,1,1,0,0,2,0,0,1,1,1,1,2,0,2,2,0,1,0,1,1,1,1,1,1,1,0,0,1,0,1,2,1,0,2,0,1,1,2,0,2,0,1,0,1,1,2,0,1,1,0,0,0,1,0,0,2,0,0,1,0,2,2,0,1,1,0,0,1,1,0,0,1,1,0,0,1,1,1,0,0,2,0,1,1,0,2,0,0,1,0,0,1,1,1,1,0,1,2,0,0,1,1,2,0,1,0,1,1,0,0,1,1,2,1,0,0,0,2,0,0,1,0,2,0,2,1,1,1,2,0,1,0,2,0,1,0,1,1,1,0,0,1,1,1,1,0,1,0,0,1,0,1,0,0,0,1,1,2,1,0,1,0,1,0,0,0,0,1,1,0,1,0,1,0,0,1,0,2
KL1046,0,2,1,1,0,1,2,1,0,1,1,1,2,1,0,2,0,2,2,0,0,1,1,2,0,0,2,0,1,0,1,0,1,1,1,1,2,1,2,1,1,1,0,2,0,2,0,1,2,2,1,1,2,0,1,0,0,1,1,2,0,1,1,1,2,0,1,1,0,2,0,1,0,2,0,0,1,1,0,0,1,2,1,1,0,0,0,0,0,0,0,0,0,0,1,0,1,0,1,1,0,0,1,0,0,0,0,0,0,0,0,2,0,0,0,1,2,0,0,0,1,0,1,1,2,0,1,0,1,1,1,0,1,0,1,1,1,0,2,0,0,0,1,1,0,1,0,0,2,0,2,0,1,1,0,0,2,0,1,2,0,1,1,0,0,2,2,1,1,2,1,2,0,1,0,0,0,2,1,2,2,0,0,0,0,0,1,0,1,2,0,2,0,0,1,1,1,1,0,1
KL1047,1,1,1,2,0,1,1,2,0,1,2,2,2,1,2,1,0,1,2,0,1,1,2,1,1,0,2,0,0,1,1,1,1,0,0,2,1,1,2,1,1,0,1,0,0,2,0,1,2,1,1,1,0,0,1,1,1,0,1,1,2,0,1,1,0,1,2,1,1,2,2,2,1,1,0,1,0,1,0,0,1,0,1,1,0,1,1,0,0,0,0,1,0,0,0,0,1,2,0,0,0,0,1,0,1,1,1,1,0,0,0,1,0,1,0,1,1,0,2,0,0,1,2,1,1,1,0,0,1,0,0,2,1,0,1,0,0,1,1,0,0,1,1,0,0,0,1,1,2,0,1,0,0,0,2,0,0,0,1,0,1,0,0,1,1,1,1,0,0,0,0,1,0,1,0,0,0,1,1,0,0,0,1,0,1,0,1,1,1,2,2,2,1,0,0,1,0,0,0,2
KL1048,0,1,0,2,0,0,2,2,1,1,1,1,0,1,1,1,0,2,0,0,1,1,2,1,1,0,1,1,1,0,1,1,2,1,0,1,2,0,1,1,0,2,2,0,1,2,2,2,0,2,0,1,1,1,1,2,0,1,1,1,2,0,1,1,2,0,2,2,2,1,0,0,1,1,1,1,1,1,1,0,1,1,2,1,0,1,1,0,1,0,0,2,0,1,1,0,0,2,1,1,0,0,0,1,0,1,1,1,1,1,0,1,1,1,0,1,1,0,0,1,0,0,0,1,1,0,2,0,1,2,0,0,1,1,1,1,1,2,1,1,0,1,1,1,0,0,1,1,1,0,0,1,0,0,2,1,2,1,0,0,1,0,0,1,0,0,1,1,0,1,0,0,1,1,0,0,0,2,1,1,2,1,0,0,0,0,2,1,1,0,0,1,0,0,0,1,1,1,1,1
KL1049,1,1,2,1,1,1,2,0,1,1,1,2,2,0,2,0,2,1,0,0,0,1,1,1,1,2,2,1,0,2,2,1,1,2,1,0,1,2,2,0,1,1,2,1,1,2,1,1,1,2,1,1,1,1,2,1,1,0,1,0,0,1,1,1,0,1,0,1,0,2,1,1,0,0,0,0,0,1,0,1,1,2,1,1,1,0,1,0,1,0,1,0,1,0,2,0,0,1,1,1,0,0,0,0,0,0,1,1,0,0,1,1,2,0,0,0,1,0,2,0,0,1,2,1,1,0,1,0,1,0,0,0,2,0,0,1,1,1,1,0,1,1,1,1,0,0,0,0,0,0,1,0,1,1,2,1,1,1,1,1,1,0,2,0,0,1,1,1,1,0,0,0,0,2,0,0,0,1,0,1,0,1,2,0,0,0,2,2,0,1,2,1,0,0,0,1,0,0,0,0
KL1050,0,1,1,2,2,2,2,0,0,2,1,1,1,0,0,2,0,2,1,0,1,1,1,2,1,1,2,1,2,1,2,2,0,1,0,0,2,1,1,1,1,0,1,1,1,1,1,0,1,2,1,2,2,2,0,2,1,2,1,0,0,1,1,1,1,0,1,1,0,1,0,0,1,1,0,0,2,1,1,0,1,1,1,0,0,1,0,0,1,0,0,0,0,0,1,0,1,1,0,0,0,0,2,0,1,0,1,1,1,1,1,1,2,1,0,0,0,0,2,0,0,0,0,1,0,1,0,0,0,2,0,2,2,1,1,1,0,0,2,0,1,2,1,1,1,1,0,2,1,0,0,0,0,0,0,1,2,0,1,0,1,0,0,1,1,0,0,0,2,0,0,0,2,0,0,0,0,1,0,0,1,0,0,0,0,0,2,2,1,0,0,1,0,0,0,2,1,1,0,0
KL1051,0,2,1,1,2,1,1,0,2,1,2,1,2,0,2,1,2,2,1,0,2,2,2,1,1,0,1,1,1,1,2,1,0,0,1,0,2,2,1,0,0,1,1,1,0,1,1,2,0,1,2,2,1,0,0,2,1,1,0,1,1,2,1,0,1,1,1,0,1,1,0,1,1,0,0,1,1,1,0,0,0,0,2,0,1,0,0,0,0,0,1,1,0,0,0,0,0,1,1,1,0,0,1,1,1,0,1,0,0,0,1,2,1,2,0,1,1,0,0,0,1,0,0,0,1,1,1,0,2,0,0,2,0,1,1,1,2,0,1,1,1,1,1,1,0,0,2,1,2,0,1,0,0,2,0,1,1,0,2,1,1,0,0,0,2,0,0,0,0,0,0,1,0,2,1,0,0,1,0,0,0,0,0,0,2,0,2,1,0,0,1,0,0,0,1,1,1,1,0,0
KL1052,1,0,0,2,2,2,2,1,1,1,1,2,2,2,0,1,1,1,1,1,1,1,1,2,0,1,2,1,1,1,2,0,2,1,1,0,2,0,1,1,2,1,2,1,0,2,1,1,0,0,1,2,1,2,0,1,1,0,1,2,1,0,2,0,1,1,2,1,0,2,0,0,1,2,2,1,1,2,0,0,1,0,0,0,0,0,1,0,0,0,0,0,0,1,0,0,0,1,1,0,0,1,2,2,2,1,1,1,0,0,1,1,2,1,0,0,1,0,2,1,1,0,0,1,1,1,0,0,2,1,1,0,2,0,2,2,1,2,1,1,1,0,1,0,0,1,2,0,0,0,1,1,0,1,1,1,0,0,2,0,2,1,2,0,2,1,0,0,2,1,1,1,0,1,0,0,1,1,1,2,0,0,2,0,0,0,1,0,0,1,1,0,0,0,0,0,1,0,0,0
KL1053,1,0,1,1,1,2,2,2,0,1,1,1,2,2,1,1,1,2,2,0,1,1,2,1,0,0,1,1,1,0,1,1,0,0,2,0,1,2,1,1,0,0,0,1,2,2,1,0,1,0,1,0,0,1,0,2,1,1,1,1,0,1,0,1,1,2,1,1,0,1,0,0,2,2,0,2,1,1,1,1,1,0,2,0,0,2,0,0,1,1,0,0,0,1,1,1,1,0,0,0,0,0,1,2,1,1,1,1,1,0,2,0,2,2,1,0,1,1,1,0,1,0,1,1,0,0,1,0,1,1,0,1,0,1,1,2,1,2,1,1,1,0,1,1,0,1,1,1,1,0,2,1,0,0,1,1,0,1,0,0,1,1,0,2,1,0,1,0,2,1,0,1,0,1,2,1,0,0,0,0,0,0,0,0,0,0,2,1,0,0,0,0,0,0,0,0,0,1,0,1
KL1054,2,0,1,1,0,2,2,2,0,0,1,2,2,2,0,1,1,0,0,1,2,1,1,2,0,2,1,0,1,1,1,0,1,0,0,0,2,1,1,1,0,1,0,1,2,2,1,2,2,1,0,2,2,0,1,0,0,0,0,2,2,0,1,1,0,1,1,1,1,2,1,0,1,2,0,1,0,2,1,2,1,0,0,1,0,0,0,0,0,0,0,0,0,0,1,0,0,2,0,0,0,1,1,0,1,0,0,0,1,0,1,1,2,0,0,1,1,0,1,1,1,0,0,1,1,0,0,1,0,0,0,2,0,0,0,1,0,2,0,2,0,0,0,0,0,0,1,1,0,0,2,0,0,1,1,0,1,1,1,0,2,1,1,1,1,0,1,0,1,1,1,1,1,1,1,0,0,2,0,0,2,1,0,1,1,0,0,1,1,1,2,0,0,1,0,0,0,1,0,0
KL1055,1,1,1,2,1,1,1,2,0,1,1,2,2,1,0,1,2,2,1,1,0,2,1,2,0,2,2,0,2,1,1,1,1,1,0,1,0,1,1,2,0,1,1,1,0,2,0,0,1,2,0,2,2,0,1,2,2,0,1,1,0,0,1,0,0,1,1,1,0,1,1,1,1,0,1,0,0,0,1,0,1,1,1,0,1,1,0,0,0,0,0,0,0,0,1,0,0,1,1,0,0,0,1,0,0,0,0,1,0,1,1,1,0,0,0,0,1,1,2,0,0,0,2,0,1,2,1,0,2,1,0,1,1,0,2,0,2,1,0,1,2,1,0,0,1,0,1,2,1,0,0,1,0,1,0,2,0,1,1,0,1,0,0,0,1,1,1,1,1,2,1,1,1,2,1,0,1,0,2,0,0,0,1,1,0,0,1,1,1,1,0,2,0,1,1,0,0,1,0,1
KL1056,2,2,2,1,0,2,1,2,2,2,0,2,2,0,1,1,1,2,1,1,1,2,2,1,0,1,1,1,1,0,1,1,1,0,0,0,2,1,1,1,1,1,1,2,2,2,1,0,1,0,1,2,1,0,1,1,1,0,1,1,0,1,1,0,0,2,2,1,2,2,1,0,1,2,0,1,1,2,0,0,0,0,1,0,0,0,1,0,0,0,1,0,1,1,1,0,0,1,2,1,0,0,1,1,1,1,1,1,0,0,0,0,1,0,0,0,2,0,2,0,0,0,0,0,0,0,0,0,0,2,0,0,1,1,1,1,1,1,1,0,0,1,1,1,0,0,0,0,2,1,2,0,1,0,0,1,0,1,0,1,0,2,1,1,1,1,0,0,1,1,0,2,1,1,0,1,1,1,0,1,0,1,0,1,0,0,2,1,0,2,1,2,0,1,0,0,0,1,0,0
KL1057,1,0,1,1,0,1,2,1,1,1,2,2,2,1,2,1,0,0,2,2,1,1,2,1,0,2,2,1,1,2,2,1,1,0,0,0,1,1,2,1,0,2,0,2,1,2,1,0,1,0,1,1,0,1,0,1,0,1,1,2,1,0,0,2,2,0,1,2,2,2,1,1,1,1,0,0,0,1,0,0,2,0,1,1,1,0,0,0,0,0,0,1,0,2,1,0,0,1,1,2,1,0,2,0,0,0,1,1,0,1,0,0,2,1,0,0,0,1,1,0,1,0,1,2,0,0,0,0,1,0,0,1,1,0,1,1,2,1,1,2,0,0,0,1,0,0,1,2,1,0,0,0,0,0,1,0,1,1,1,1,1,0,1,0,0,1,2,1,1,2,1,1,0,0,1,0,0,1,1,0,2,0,2,0,1,0,0,2,1,0,1,1,0,1,1,1,0,1,0,0
KL1058,1,1,1,2,1,2,1,1,2,0,1,1,2,1,1,1,2,2,0,0,1,2,2,1,2,1,2,2,0,1,2,1,0,0,0,0,1,2,1,0,0,1,0,1,2,1,0,0,2,1,1,1,2,1,1,2,1,1,2,1,1,0,2,0,2,1,2,1,2,2,1,2,1,0,0,2,0,1,0,0,0,0,1,0,1,0,0,0,0,0,2,0,0,0,0,0,0,1,1,1,0,0,2,0,1,1,0,0,0,1,1,1,2,1,0,1,1,0,2,0,1,0,1,1,1,1,0,0,2,1,0,0,2,1,0,2,0,0,1,0,0,2,1,1,0,0,1,0,1,0,1,0,1,0,1,2,2,1,0,1,1,0,0,0,0,1,0,1,0,0,1,0,2,1,0,0,1,1,2,0,1,1,1,0,1,0,0,0,0,1,1,2,0,0,1,1,1,1,1,0
KL1059,2,1,2,2,1,1,0,0,1,0,2,2,2,0,1,2,0,1,2,0,1,0,0,1,0,0,1,0,1,1,1,2,1,1,0,1,2,0,2,1,0,1,2,0,2,2,1,0,2,2,2,2,1,0,1,2,1,2,0,2,0,0,2,2,0,2,2,2,1,2,1,0,2,0,0,1,0,0,0,1,2,0,2,1,2,1,2,0,0,0,1,0,0,2,1,1,0,1,1,0,0,0,0,0,0,0,0,1,0,0,0,1,1,0,0,0,0,0,1,1,1,0,0,1,1,0,0,1,0,2,0,1,0,0,2,1,1,1,0,1,0,1,1,0,0,1,1,1,1,0,2,1,0,1,1,1,1,0,1,1,1,0,0,1,1,1,0,0,1,1,0,1,1,0,0,0,0,1,1,2,0,0,1,0,0,0,2,1,0,0,0,1,0,1,1,1,1,0,0,0
KL1060,0,1,0,2,2,0,1,2,1,2,1,2,1,1,1,2,2,2,2,1,0,2,2,2,0,2,2,2,2,0,2,2,2,0,2,0,2,1,2,1,1,1,1,0,1,2,2,0,1,1,2,1,0,0,0,2,2,1,1,1,1,0,1,0,0,1,1,0,0,1,1,0,2,1,0,0,1,1,0,1,2,0,1,1,1,0,1,0,0,0,1,0,0,1,2,0,0,1,0,1,1,0,0,0,1,1,1,2,1,0,0,2,1,1,0,0,1,0,2,0,1,0,2,0,1,0,0,0,1,0,0,1,2,0,1,0,0,1,0,1,1,0,2,0,0,0,0,0,0,0,1,0,1,2,0,2,0,0,1,0,1,1,1,0,1,0,1,2,1,2,1,0,0,0,0,0,1,2,1,1,0,2,1,0,0,0,1,0,0,0,2,0,0,0,0,1,0,1,0,0
KL1061,2,2,1,1,0,1,2,0,0,1,2,2,2,0,0,2,2,1,2,0,2,0,2,1,1,0,2,1,0,1,1,2,2,0,2,0,2,1,1,2,0,0,1,2,1,2,1,0,2,0,1,1,2,1,0,2,1,0,2,1,1,0,1,0,0,2,1,0,1,2,1,0,1,2,1,1,0,0,0,0,1,0,0,1,1,1,1,0,1,0,1,1,0,1,1,0,0,2,0,1,2,1,1,0,0,0,1,1,0,1,0,1,1,1,1,0,1,0,1,1,0,1,0,0,0,2,0,1,1,2,0,1,1,1,1,1,0,2,2,1,0,0,2,0,0,2,2,0,2,0,1,1,0,1,0,1,2,1,0,0,1,0,1,0,1,1,0,1,2,0,0,0,0,1,0,0,0,2,0,0,1,1,0,0,1,0,1,0,0,1,1,2,1,0,0,2,0,2,0,1
KL1062,0,0,0,1,2,1,1,2,1,2,1,1,0,0,0,1,1,2,2,0,0,2,0,1,1,1,1,1,0,2,2,2,0,0,1,1,1,0,2,1,2,0,0,0,2,2,2,0,1,0,1,2,0,0,1,2,2,0,1,1,1,1,0,0,1,1,1,1,0,2,1,0,2,0,1,0,0,1,2,1,0,2,1,1,0,0,1,0,0,0,0,1,0,1,0,0,0,1,0,1,0,1,0,1,2,1,0,1,0,0,0,2,1,1,0,0,0,0,1,1,1,0,0,0,1,1,0,0,0,0,0,0,2,0,1,1,2,1,2,0,1,0,1,0,0,2,1,0,0,0,2,0,0,1,1,2,1,0,2,0,1,0,0,0,1,0,1,0,1,1,0,1,0,0,1,0,1,0,1,0,1,1,0,0,0,0,0,2,0,0,1,1,1,1,1,1,0,0,0,1
KL1063,2,0,1,1,0,2,2,2,0,1,1,2,2,1,1,2,1,1,2,0,2,1,1,2,0,1,2,1,1,0,2,1,1,1,0,0,0,0,1,0,1,2,0,2,0,2,0,0,1,1,1,2,1,1,1,1,1,1,0,1,2,1,1,0,1,1,2,2,0,2,1,0,1,1,0,1,1,1,1,0,0,2,1,1,0,1,1,0,1,0,0,0,0,1,0,0,0,1,2,1,0,0,2,1,0,0,0,1,0,0,1,1,1,2,0,0,0,0,1,0,2,1,0,0,0,2,1,0,0,2,0,0,1,2,0,0,1,1,1,0,0,2,0,1,0,0,1,1,0,0,0,1,2,1,0,1,2,0,1,0,2,1,1,1,1,0,1,0,0,1,0,1,0,2,1,0,2,1,1,0,1,0,1,0,0,0,0,0,1,0,2,1,1,1,2,1,0,0,0,1
KL1064,1,0,1,1,2,1,2,2,0,1,1,1,0,1,1,2,2,2,2,1,2,1,2,2,0,1,1,0,0,1,1,1,1,1,1,1,2,1,2,1,0,2,0,1,1,1,1,2,1,0,2,2,1,1,0,1,1,1,2,1,1,1,1,1,0,1,1,0,2,2,1,1,2,2,1,1,1,0,0,0,2,0,1,1,0,1,2,0,1,0,0,1,0,0,0,0,0,1,1,0,1,0,1,2,0,1,1,0,0,0,2,1,2,1,0,0,0,0,0,1,0,0,0,0,1,0,0,1,1,1,0,0,1,1,1,1,0,1,2,2,1,0,0,0,0,0,0,1,0,0,0,0,1,1,1,1,2,0,1,0,1,0,0,0,0,0,1,1,0,1,0,1,0,1,0,0,0,1,1,0,1,0,1,0,0,0,1,1,0,0,1,1,0,0,0,1,0,2,0,0
KL1065,1,0,1,2,0,1,1,1,0,0,0,1,2,2,2,1,1,1,2,1,1,0,1,2,0,1,1,0,1,1,0,1,2,1,2,1,0,2,2,0,1,1,1,2,1,2,1,1,0,1,1,1,2,1,1,1,1,1,1,1,2,0,1,0,0,2,2,0,1,2,1,1,1,1,0,1,2,0,0,0,1,0,2,1,0,0,2,0,0,0,0,0,0,1,1,0,0,2,1,1,0,0,1,1,0,1,1,1,0,1,1,1,2,1,1,0,1,0,2,0,0,0,1,1,1,1,1,0,0,0,0,1,0,0,1,1,1,1,0,2,1,0,1,0,0,2,0,1,0,0,1,0,1,1,0,1,2,0,1,0,1,0,1,0,1,0,1,1,2,1,0,0,1,0,0,0,0,2,1,1,1,0,1,0,2,1,0,2,1,1,0,2,1,0,0,2,0,0,0,0
KL1066,0,0,1,0,1,2,2,1,0,0,1,2,2,1,0,1,2,2,1,2,1,1,1,1,1,1,2,0,2,1,1,2,1,1,2,0,2,0,1,0,2,1,1,1,1,2,1,1,2,1,1,1,1,2,0,1,1,1,2,2,0,0,1,1,1,1,0,2,1,1,1,2,0,1,1,0,0,1,0,0,2,0,0,0,1,0,1,0,0,0,0,2,0,0,2,1,0,0,1,1,0,1,0,1,1,1,0,0,1,0,1,1,2,1,0,1,1,0,1,1,1,0,0,0,1,0,0,0,0,0,0,2,1,1,0,1,1,2,0,1,0,1,1,0,0,0,1,0,1,0,1,0,0,1,0,0,0,1,1,0,0,0,1,0,1,0,0,1,0,2,0,2,0,0,0,0,0,1,1,0,0,1,1,0,0,0,1,0,1,0,0,1,0,1,1,1,0,0,0,0
KL1067,2,1,1,2,1,1,1,1,1,2,1,1,2,0,0,1,2,1,1,0,1,0,2,2,0,0,2,1,1,2,2,0,1,1,1,0,0,1,1,0,0,1,0,2,0,2,2,0,1,2,1,1,2,2,0,2,1,0,1,0,0,1,1,0,1,1,1,2,0,2,0,0,1,2,0,0,1,1,0,0,1,1,2,0,1,1,1,0,0,1,0,0,0,1,0,0,0,0,1,0,0,1,1,0,2,0,1,1,0,0,1,1,2,1,0,0,1,1,1,1,2,0,1,1,1,0,1,0,1,1,0,1,1,0,1,2,2,1,1,0,0,0,2,2,0,1,0,1,0,1,1,0,1,2,0,0,1,0,1,0,0,0,2,0,0,0,1,0,1,2,0,1,1,0,1,0,1,2,0,1,0,0,0,1,1,0,0,0,0,1,0,1,0,0,0,0,0,1,0,1
KL1068,0,2,2,1,1,0,1,2,1,1,1,2,2,1,0,1,2,2,1,1,1,2,2,0,1,1,2,0,2,2,2,1,2,0,1,1,2,0,0,1,0,1,1,2,0,1,1,0,1,2,2,1,0,1,1,2,1,1,1,2,1,1,0,2,1,2,1,1,1,1,1,1,1,1,0,1,0,0,1,0,1,0,0,0,1,1,0,0,0,0,1,1,0,0,1,0,1,1,2,0,1,0,0,1,0,0,0,1,0,0,0,2,0,0,0,0,1,0,1,1,1,0,1,0,2,1,1,0,1,0,1,0,1,1,2,0,0,1,2,1,1,0,0,0,0,0,1,0,2,0,1,1,1,1,1,1,2,1,1,0,2,0,2,0,0,0,1,0,2,0,0,0,1,1,0,0,1,1,0,1,1,0,1,0,0,0,0,1,0,0,1,0,1,0,0,1,0,1,0,1
KL1069,2,0,0,2,0,0,2,1,1,1,2,1,2,1,1,1,2,2,1,1,2,2,2,1,0,0,2,1,1,0,0,2,2,1,2,0,1,1,1,0,0,1,0,2,0,1,1,0,2,1,0,1,1,1,0,2,0,2,1,1,1,2,1,0,1,1,1,0,2,2,1,2,0,1,1,0,0,1,0,0,1,0,0,1,1,2,1,0,0,0,1,0,1,0,1,0,0,0,1,1,0,1,1,1,0,1,2,2,0,0,0,0,1,0,0,0,1,1,1,2,0,0,1,1,1,0,0,0,0,1,0,1,0,1,0,1,1,1,0,1,0,0,2,1,0,0,2,0,1,1,2,1,1,0,1,0,1,1,2,0,0,0,0,0,2,0,1,0,1,1,0,1,0,2,0,0,0,2,0,1,0,1,0,0,1,0,0,0,2,0,1,1,0,1,1,0,0,1,0,1
KL1070,0,0,1,1,1,2,2,2,1,0,2,2,2,1,1,0,1,1,1,0,1,2,2,0,0,1,2,0,1,1,0,2,2,1,0,1,2,0,2,1,1,1,1,1,0,2,1,1,1,2,2,1,1,1,0,2,1,2,2,2,0,0,1,1,0,2,1,2,1,2,0,0,0,0,0,0,1,1,1,0,2,0,1,1,1,2,1,0,0,0,1,1,0,1,1,0,0,0,0,1,0,1,1,0,0,0,0,1,0,0,1,1,1,1,0,1,0,0,1,0,0,0,1,2,1,0,0,0,1,1,0,1,1,1,1,2,1,1,1,1,2,0,1,0,1,2,0,2,1,0,0,0,1,0,1,1,1,0,0,0,0,0,2,1,1,1,1,1,1,0,1,1,0,1,0,0,0,1,2,0,0,0,0,0,0,0,0,2,1,0,0,1,0,0,2,1,1,2,1,0
KL1071,2,1,0,1,0,1,2,2,0,2,0,0,2,1,1,1,1,1,2,0,0,0,0,2,0,0,0,0,0,1,1,1,0,1,0,0,1,1,1,0,2,0,1,2,0,1,2,1,0,1,0,2,1,1,2,2,2,0,1,2,0,1,1,2,1,1,2,1,1,1,1,2,1,2,1,0,0,1,0,0,0,1,2,2,1,1,1,0,1,0,1,1,0,1,0,0,0,1,1,0,0,0,1,0,1,1,1,0,0,0,0,1,1,0,0,0,1,0,1,0,1,0,1,1,1,1,0,0,0,1,0,0,1,0,1,1,0,1,1,2,0,0,0,0,1,1,1,0,0,1,1,0,0,0,0,1,0,1,2,0,0,0,0,2,0,0,0,0,1,1,1,0,1,1,0,0,0,1,1,2,0,1,1,0,2,0,1,0,0,0,2,0,1,0,0,0,0,0,0,2
KL1072,2,1,0,2,0,2,0,0,0,0,1,1,2,2,2,0,1,2,1,0,1,1,2,2,0,0,2,2,1,1,2,0,1,0,0,1,1,0,0,1,0,1,0,1,1,2,0,0,2,1,0,1,0,1,2,1,2,1,2,2,1,0,2,1,2,1,1,2,2,1,2,0,1,1,0,0,1,1,1,0,1,1,1,2,0,0,1,0,0,0,1,2,0,0,0,0,0,0,1,1,1,1,1,0,2,1,2,2,1,0,1,2,1,0,0,1,1,1,0,0,0,1,1,0,2,1,0,0,1,1,1,2,1,1,2,0,0,1,0,1,1,0,1,0,2,2,2,2,2,1,2,0,0,1,0,1,2,1,0,0,0,0,1,1,2,0,0,1,0,0,0,1,0,1,0,0,0,1,0,0,1,1,1,0,1,0,1,2,2,1,1,2,0,2,0,1,1,1,0,0
KL1073,2,0,1,2,0,1,2,1,0,1,1,0,2,0,2,1,1,1,1,0,1,1,1,0,1,0,2,0,1,0,2,1,2,0,1,1,0,2,1,0,1,0,1,2,1,2,1,1,2,2,1,0,2,0,0,1,1,1,1,1,1,0,1,0,1,0,0,0,1,2,1,0,0,1,0,0,1,2,0,0,1,0,0,1,0,0,0,0,0,1,0,1,1,0,1,1,0,2,0,0,0,0,0,1,0,0,1,0,0,1,2,2,0,1,0,0,0,0,2,0,0,0,1,0,1,0,0,0,0,1,0,0,0,0,1,0,0,2,1,1,1,1,0,0,0,0,2,1,2,1,0,1,1,0,1,1,1,0,1,1,2,0,1,0,2,2,1,1,1,0,0,1,0,1,0,0,0,1,1,0,0,0,2,1,0,0,1,1,1,0,1,1,0,0,0,1,0,0,1,0
KL1074,1,1,2,1,1,2,2,2,0,2,2,2,2,0,2,2,1,0,1,1,0,2,1,2,2,1,2,1,1,0,1,1,2,2,1,2,1,1,2,1,1,0,0,0,2,1,1,0,1,2,1,0,0,0,1,2,1,0,2,2,2,1,2,0,1,0,1,2,1,1,0,0,1,1,0,0,0,2,1,2,0,0,0,2,1,0,0,0,1,0,1,0,0,0,1,0,2,2,0,0,1,0,1,0,0,0,1,0,0,0,1,1,0,1,0,2,1,2,1,0,2,0,0,0,0,0,1,0,1,1,0,0,2,1,0,1,0,1,0,2,1,1,1,0,1,1,1,0,1,0,1,0,1,0,0,0,1,0,1,0,1,0,1,0,1,0,1,1,1,0,0,2,2,0,1,0,1,1,1,1,0,1,1,0,1,0,0,0,1,0,0,1,1,0,2,0,0,1,0,0
KL1075,1,0,1,2,0,1,2,2,1,0,1,1,1,1,0,1,1,2,1,0,1,1,0,2,1,0,1,1,0,2,2,1,2,0,0,0,1,1,2,1,1,0,1,1,1,2,1,1,0,1,2,1,1,1,1,2,0,1,1,1,2,0,0,2,1,2,2,1,1,0,2,0,1,1,0,0,0,0,2,0,1,1,1,1,0,0,1,0,0,1,0,1,0,1,0,0,0,1,2,0,0,0,1,1,1,0,0,0,0,0,1,1,0,0,0,0,0,0,1,0,1,0,1,0,1,1,0,1,1,1,0,2,2,1,1,1,0,2,2,1,0,0,1,1,0,0,1,1,1,0,2,0,0,0,0,1,1,1,0,0,0,1,2,0,1,0,0,0,0,1,1,1,2,0,0,0,0,1,0,1,1,1,1,0,0,0,1,0,0,1,2,1,1,0,0,1,1,1,0,0
KL1076,1,1,0,2,1,2,1,2,2,1,0,2,1,1,1,2,0,1,2,0,1,0,1,2,1,0,2,0,1,1,1,1,2,1,0,0,2,1,1,2,1,1,0,2,1,2,1,1,1,1,1,1,2,1,1,2,1,1,0,1,1,1,0,2,0,0,1,1,2,1,0,0,1,1,0,1,0,1,0,0,2,1,1,2,1,0,2,0,0,0,2,0,0,1,0,0,1,0,0,0,0,0,0,0,0,0,0,1,1,1,0,1,1,1,0,1,1,1,0,0,0,0,1,0,1,1,1,0,1,1,1,2,2,0,1,0,1,2,1,2,0,0,0,1,0,2,1,1,2,0,2,0,0,1,0,1,1,0,1,0,1,0,0,0,1,2,0,1,1,0,0,1,0,1,0,0,0,0,1,0,0,1,0,1,2,0,0,1,0,1,1,0,1,0,0,1,0,0,1,1
KL1077,1,2,0,1,0,0,2,0,0,1,1,2,2,1,0,1,1,1,1,0,1,1,1,1,1,0,2,1,1,1,0,1,2,1,2,0,2,1,1,1,0,1,2,1,1,1,1,1,2,2,1,2,2,2,0,2,1,2,1,1,1,1,2,0,1,1,1,1,2,2,2,1,1,1,0,1,0,2,0,0,0,0,0,0,1,2,1,0,0,0,1,0,0,0,2,0,0,2,0,1,0,0,1,0,1,0,1,2,0,0,0,0,0,0,0,0,0,0,1,0,2,0,0,2,1,1,1,0,0,0,0,2,1,0,1,1,1,2,0,1,0,0,0,0,0,1,0,2,0,0,0,0,1,1,0,0,2,1,1,0,2,1,1,1,1,0,1,1,1,1,0,0,0,0,0,0,1,2,0,2,0,0,2,0,1,0,1,1,0,1,1,2,0,0,0,0,0,0,0,0
KL1078,1,1,0,2,1,1,2,2,0,1,0,1,2,0,2,0,1,1,2,1,2,2,0,2,1,2,1,1,2,0,2,0,2,1,1,1,2,2,1,0,1,1,0,2,1,2,1,1,1,2,1,2,1,1,0,2,0,0,1,1,1,0,2,1,1,2,1,0,1,1,0,0,0,1,0,0,0,2,1,1,1,1,2,0,0,0,0,0,0,0,0,0,0,0,1,0,0,2,0,0,0,1,1,2,0,0,2,0,0,0,0,1,2,1,0,0,0,0,2,0,0,1,0,1,2,2,1,0,0,0,0,2,0,1,2,0,1,2,1,1,0,0,2,1,0,0,2,0,1,1,1,1,0,1,1,1,0,2,1,1,0,0,1,0,0,0,0,1,1,1,1,1,0,1,0,1,0,2,1,2,0,1,2,0,0,0,0,0,0,0,2,2,0,0,0,1,1,1,0,0
KL1079,2,0,0,2,0,2,1,2,1,0,1,2,2,1,1,2,2,1,2,0,1,1,1,2,0,2,2,0,1,0,2,2,1,1,1,1,1,1,1,0,1,1,1,1,1,2,1,0,2,0,0,1,0,1,1,1,2,0,2,1,0,1,1,1,1,0,2,1,2,2,0,0,1,0,0,0,0,2,0,0,0,1,1,1,1,0,1,0,0,0,0,1,0,1,2,0,0,1,0,0,0,1,0,2,1,1,2,0,0,1,0,2,1,1,0,1,1,1,0,1,0,0,1,2,1,0,0,1,0,0,0,2,2,0,1,0,1,1,1,1,0,0,1,0,0,0,1,1,0,0,2,0,0,1,0,0,1,0,1,0,1,0,1,0,1,0,1,0,1,0,0,0,1,0,0,1,0,2,0,1,0,1,2,0,1,0,0,1,0,0,0,1,1,0,0,2,0,0,2,1
KL1080,1,1,1,1,1,2,2,1,0,0,1,1,1,0,2,1,1,2,1,0,1,2,1,2,0,1,1,0,1,1,2,1,2,0,1,0,1,0,2,2,1,1,1,1,1,2,0,1,2,2,0,2,0,0,1,1,2,0,1,2,1,1,1,0,1,0,1,1,0,2,0,0,1,0,0,1,1,2,0,0,0,0,1,0,2,0,1,1,0,0,0,1,0,0,2,0,0,2,1,1,1,2,1,0,1,1,0,1,0,0,1,1,0,2,0,0,0,1,1,1,0,0,1,0,0,1,1,0,1,2,0,2,2,0,0,1,2,0,1,0,0,1,0,0,1,0,1,1,0,0,0,0,1,1,2,1,1,1,0,1,0,1,1,0,1,0,1,1,2,0,0,1,0,0,0,0,0,1,1,1,0,1,1,0,1,0,1,2,1,2,0,2,0,1,1,1,0,2,0,0
KL1081,1,1,0,2,0,1,1,1,2,2,1,1,2,2,0,1,1,1,2,1,1,1,1,2,1,2,2,1,0,0,1,1,1,0,0,0,1,1,1,1,2,2,0,2,1,2,1,0,1,2,1,2,2,0,0,1,1,1,2,0,0,2,1,1,0,2,1,2,1,1,0,0,2,1,0,1,0,1,0,0,0,1,2,0,2,0,1,0,0,0,0,0,0,1,1,1,1,2,1,1,0,0,1,0,2,0,0,1,2,0,0,1,0,1,0,1,0,1,0,0,0,0,1,0,0,0,2,1,0,2,1,0,0,0,1,1,1,1,0,1,0,0,0,0,1,1,2,1,1,0,1,0,1,2,1,0,1,1,0,0,0,0,1,2,1,1,0,0,0,1,1,0,0,0,0,0,1,1,1,1,0,2,1,0,2,0,1,2,0,2,0,2,1,0,1,2,0,1,0,1
KL1082,2,1,0,1,1,0,2,1,0,1,1,1,1,1,1,2,0,1,2,1,2,1,1,2,1,1,2,0,2,0,2,1,1,1,1,0,2,2,0,2,1,0,0,1,1,2,1,1,2,1,1,1,1,0,1,1,1,1,2,2,2,1,0,2,1,1,2,1,1,1,1,0,1,2,0,0,0,1,0,0,0,0,2,0,2,1,0,0,0,0,1,0,0,0,1,0,0,0,0,1,0,0,2,0,0,0,1,0,0,0,1,0,1,0,0,0,2,0,1,0,0,0,1,0,0,0,2,1,0,1,1,1,1,0,1,0,1,1,1,0,0,0,0,0,1,1,1,1,0,0,1,0,0,0,1,1,1,0,1,0,1,1,1,0,0,1,0,0,2,0,0,2,0,1,0,0,1,0,1,1,1,0,2,1,1,1,0,1,0,2,1,1,0,0,0,2,0,1,0,0
KL1083,1,0,2,1,1,2,1,0,1,1,1,2,1,2,0,1,1,2,2,0,1,1,2,1,1,0,2,1,2,0,1,1,1,2,0,1,2,2,1,0,1,1,1,2,1,2,1,1,2,2,1,1,1,0,1,1,1,0,1,2,0,1,1,0,1,1,1,0,2,2,0,0,0,0,1,2,0,1,1,0,0,1,0,0,1,1,0,0,0,0,2,0,0,2,1,0,0,0,2,1,0,0,1,2,1,0,1,1,0,0,0,2,1,1,0,0,1,0,0,1,1,0,0,0,1,0,0,0,0,0,1,2,2,2,2,0,0,1,0,1,0,0,1,0,0,1,2,0,1,0,1,1,0,1,0,2,1,2,2,1,1,1,0,0,1,0,0,0,1,1,1,1,0,0,0,0,0,1,1,0,1,1,1,1,1,0,0,1,0,2,1,2,0,0,1,0,0,0,0,0
KL1084,0,0,2,2,0,1,2,1,0,0,1,2,1,1,1,1,1,1,2,0,0,1,0,1,1,0,2,0,2,1,2,1,1,2,1,1,1,0,2,1,0,0,0,1,1,1,1,1,0,1,1,1,1,2,2,1,2,1,2,2,0,0,0,2,0,1,1,2,1,0,1,0,2,1,0,1,0,0,2,1,1,1,1,1,2,0,1,0,1,0,1,0,0,0,0,0,0,0,1,0,0,0,0,1,1,1,0,0,1,0,0,1,1,1,0,0,2,1,1,1,1,0,1,0,0,0,1,1,2,0,0,1,1,1,1,1,2,0,1,0,1,0,2,0,1,0,1,1,0,0,1,0,0,0,1,1,1,0,1,0,2,0,0,0,2,0,0,0,1,1,1,1,1,0,0,0,0,2,1,1,1,0,1,0,2,0,1,0,0,1,0,1,0,0,0,1,1,0,0,1
KL1085,2,0,0,1,0,1,2,2,1,1,1,1,2,0,2,1,2,0,1,0,1,1,1,2,2,2,1,0,1,0,1,2,1,1,0,1,2,1,2,0,0,1,0,2,0,2,0,2,2,0,0,2,2,1,0,1,1,0,1,2,1,0,0,2,1,0,1,0,0,1,0,0,1,1,0,2,1,1,0,0,1,0,1,2,1,0,2,0,0,1,0,0,0,0,1,0,2,0,1,0,0,0,1,1,0,1,1,1,0,0,0,2,0,1,0,1,1,0,0,0,0,0,1,1,0,0,0,0,0,0,0,1,0,0,1,0,2,1,2,1,0,0,1,1,1,0,0,1,2,0,0,1,0,1,1,1,2,2,0,0,1,1,1,2,1,2,0,2,1,0,1,0,1,0,1,0,0,2,0,1,1,1,2,0,1,0,1,1,2,0,1,0,0,0,1,0,0,0,1,0
KL1086,2,0,1,1,0,0,1,1,0,1,0,1,2,0,1,1,2,1,2,1,2,1,2,2,1,1,2,1,1,0,2,1,1,1,0,0,2,0,0,2,0,1,1,1,0,1,0,1,2,0,0,0,2,1,1,1,2,1,1,2,0,0,1,0,0,1,2,1,0,1,0,2,0,1,0,2,1,1,0,0,0,0,0,0,1,1,1,0,1,1,0,0,0,1,1,0,0,1,1,0,0,0,1,1,0,1,2,1,0,0,1,1,1,1,0,0,1,0,0,0,1,1,0,0,2,0,0,0,2,2,0,0,2,0,0,1,0,0,1,1,0,0,1,0,1,0,0,0,0,1,1,0,0,0,1,1,1,0,1,0,1,0,1,1,2,1,0,1,1,0,0,1,1,1,0,0,0,0,0,1,1,0,0,1,1,0,1,1,0,0,1,1,0,0,0,2,0,0,1,0
KL1087,2,1,0,2,2,0,2,2,1,1,0,2,1,1,0,1,0,1,2,1,0,1,1,1,0,2,2,2,2,1,2,1,2,1,0,0,1,1,1,1,0,0,1,1,0,2,1,1,1,1,2,2,2,1,0,2,1,1,2,2,2,2,1,1,1,0,2,2,0,1,2,0,2,1,0,2,0,1,0,0,0,1,1,0,0,1,1,1,0,0,0,0,0,1,0,1,1,0,0,1,0,1,1,1,0,0,1,0,0,0,1,0,1,2,0,0,1,0,1,0,0,0,2,0,0,0,0,1,2,0,1,0,1,0,0,2,1,1,1,0,0,1,0,0,0,0,2,0,0,0,1,0,2,0,0,0,1,1,1,0,1,0,2,1,1,0,2,1,1,0,0,1,0,0,1,0,0,2,1,0,0,0,0,0,2,1,2,1,1,0,2,0,0,0,0,0,1,1,0,0
KL1088,2,2,2,1,0,1,2,2,1,2,1,1,2,0,2,1,1,2,2,0,1,2,1,0,0,2,0,1,0,1,1,1,2,2,1,2,2,0,2,1,0,1,1,0,0,2,2,0,1,1,2,2,2,2,1,1,2,0,1,0,2,1,0,1,1,1,1,1,1,2,0,1,0,0,0,0,0,1,0,0,1,0,2,1,1,1,1,0,0,1,0,0,1,2,0,0,0,2,0,0,0,0,2,0,0,1,0,1,0,1,0,0,1,1,0,0,1,0,0,1,1,0,0,0,1,2,1,0,1,2,0,1,2,0,1,0,0,1,2,0,1,0,0,0,0,0,2,1,0,0,1,0,1,0,1,1,0,0,1,0,1,0,0,1,1,0,1,0,2,2,0,2,0,0,1,0,0,1,2,1,1,1,0,0,0,0,0,1,1,2,1,1,0,0,0,1,1,1,1,1
KL1089,1,1,1,1,1,2,2,2,1,1,0,0,2,1,1,1,1,1,2,0,2,2,2,1,2,0,2,1,2,1,2,0,0,0,1,2,0,1,2,1,0,2,2,2,1,2,1,1,0,1,1,1,2,1,1,1,2,1,1,2,1,0,2,0,1,1,1,1,0,2,1,2,0,1,0,0,1,1,1,1,2,1,1,0,0,1,0,0,0,1,0,0,0,2,1,0,0,1,0,0,0,0,1,0,0,0,1,0,0,0,1,1,1,2,0,2,1,1,1,0,2,1,1,0,1,0,0,1,0,1,0,0,2,0,2,1,1,1,2,0,0,1,0,1,0,0,2,1,2,0,1,0,0,1,0,2,1,0,0,0,0,1,2,1,1,0,1,1,0,0,0,0,1,0,1,0,1,0,2,0,0,1,0,1,0,0,0,0,0,0,1,2,0,0,0,1,0,0,0,1
KL1090,1,2,0,1,0,1,1,0,0,2,1,1,1,0,1,2,2,2,2,0,1,1,0,2,0,0,1,1,0,0,2,1,2,0,1,0,0,1,1,0,2,2,0,1,0,2,0,1,0,1,0,2,1,0,0,1,2,0,2,1,1,0,1,1,1,0,0,2,1,1,1,0,1,2,0,1,0,1,0,1,1,1,2,0,1,1,0,0,0,0,0,1,0,0,1,1,1,0,0,0,1,1,1,0,0,0,0,0,0,0,1,1,1,0,0,1,1,0,2,0,0,0,0,0,0,1,0,0,0,1,0,0,1,1,1,1,1,1,0,0,1,1,0,1,0,1,1,2,1,0,1,0,2,1,0,0,1,1,0,0,1,0,0,1,1,1,1,0,1,1,0,1,2,0,0,0,1,1,1,0,1,1,1,0,1,0,1,2,2,2,1,0,0,1,0,1,1,1,0,1
KL1091,1,0,1,1,0,1,2,1,1,1,0,2,2,1,0,1,1,1,1,0,0,2,2,1,2,1,2,0,1,1,1,1,2,2,1,0,2,2,1,1,1,1,0,1,0,2,1,1,1,1,0,1,1,2,1,2,1,0,1,2,2,1,2,2,2,2,1,1,1,1,0,1,1,0,0,0,0,1,1,1,1,1,1,2,2,0,1,0,1,0,1,0,0,0,0,0,0,0,2,0,0,0,1,0,0,0,0,1,0,0,1,1,1,1,0,0,1,0,0,0,0,1,1,1,1,1,0,0,0,1,2,0,2,1,2,0,1,1,0,1,1,0,2,1,1,1,1,0,1,0,1,0,0,0,1,0,0,0,0,0,1,0,1,0,1,1,1,0,2,0,0,1,1,0,1,0,0,0,0,2,1,1,0,0,1,0,1,1,2,2,0,1,0,0,2,0,0,1,1,1
KL1092,1,0,0,2,1,1,2,2,2,1,0,2,2,1,2,0,2,1,2,1,0,2,1,2,1,0,1,1,2,1,2,2,2,0,1,2,1,0,2,0,1,0,1,1,1,1,1,0,1,1,0,1,0,1,1,1,2,0,0,2,1,1,1,0,2,2,1,1,2,2,1,0,0,1,0,1,0,0,0,0,0,0,2,1,0,1,1,1,0,0,0,0,0,1,0,0,0,2,1,0,0,0,1,0,1,1,0,0,0,0,1,1,2,1,1,2,0,1,0,1,1,1,0,1,0,1,0,0,1,1,1,1,0,2,0,0,0,1,1,0,2,0,2,1,0,0,2,1,1,0,1,0,1,1,1,0,1,1,1,0,1,0,0,1,0,1,0,2,2,0,0,0,0,1,1,0,0,0,0,0,0,1,2,0,0,0,0,0,1,2,1,0,0,0,1,0,1,1,0,0
KL1093,1,0,0,2,1,1,1,0,1,1,1,2,1,1,0,2,1,2,1,0,0,1,1,1,1,0,1,1,0,1,2,2,1,0,1,1,2,0,2,0,0,2,0,2,2,2,1,1,1,2,1,1,1,2,0,1,0,1,1,0,0,0,1,0,1,1,1,1,1,2,1,0,1,1,0,1,1,0,0,0,1,1,0,1,1,1,0,0,0,0,0,0,0,1,0,0,1,0,1,1,0,0,0,0,1,0,1,1,0,1,0,1,0,1,0,0,0,1,0,0,0,0,1,0,1,1,1,1,1,0,1,1,1,1,0,2,2,1,0,1,1,1,1,0,0,0,1,0,2,0,1,0,0,0,1,1,1,0,2,0,0,0,0,1,2,0,0,0,2,0,0,2,0,0,0,0,1,2,1,2,0,0,1,0,0,0,0,0,1,0,1,0,0,1,0,1,0,2,1,0
KL1094,1,2,0,2,0,0,1,1,1,2,2,2,1,1,1,2,1,1,2,0,2,2,2,1,2,1,2,1,2,1,1,0,2,1,2,0,2,0,2,2,0,1,1,1,1,1,1,1,2,1,1,1,1,2,1,2,1,1,0,0,2,1,0,0,0,1,2,0,0,2,1,1,1,0,1,2,0,2,0,0,0,1,2,0,0,0,0,0,0,1,1,0,0,1,1,0,0,1,0,1,0,0,1,0,0,0,0,0,0,0,0,0,1,0,0,1,2,0,2,1,2,1,1,1,0,0,0,0,1,0,0,0,1,1,2,1,0,1,1,2,0,1,1,1,1,1,1,0,1,0,2,1,0,1,2,2,2,0,0,0,2,1,1,0,1,1,2,0,1,1,0,1,1,0,0,0,0,1,2,0,0,0,0,0,0,0,1,1,1,0,0,0,0,0,0,1,1,1,0,0
KL1095,2,0,0,1,0,0,2,1,2,1,1,2,2,1,1,2,1,2,2,1,2,1,2,0,1,0,2,0,2,0,2,0,2,1,0,0,2,2,2,2,1,2,0,1,0,2,2,1,2,2,2,2,2,2,0,2,0,1,0,0,0,0,1,1,0,1,1,1,0,2,1,1,0,0,1,1,1,1,0,0,0,0,0,0,0,2,2,0,1,0,1,1,0,1,0,0,1,1,0,1,1,1,1,0,0,0,0,1,1,0,0,0,1,0,0,1,1,0,1,1,0,1,0,1,0,0,1,0,0,2,1,2,1,1,1,0,0,1,0,0,1,0,2,0,1,1,1,0,0,0,0,1,0,0,1,0,0,2,0,0,1,0,1,1,1,1,1,0,1,2,1,1,0,1,0,0,0,1,1,0,0,1,1,0,0,0,1,1,1,1,1,0,0,0,1,2,0,1,0,1
KL1096,2,1,0,0,0,0,1,2,2,1,2,2,1,1,1,1,1,2,2,1,0,2,1,1,2,0,2,0,0,1,2,2,2,1,1,1,2,1,2,1,0,0,0,1,2,2,1,1,2,2,2,1,0,1,2,2,0,1,1,1,0,0,1,1,0,0,1,1,1,2,0,0,1,0,0,1,0,2,1,0,1,0,2,0,0,1,0,0,0,0,1,0,1,1,1,0,0,2,1,2,0,0,1,2,1,2,1,1,0,0,1,1,1,0,0,0,2,0,0,0,1,0,1,1,1,1,1,1,2,2,1,1,1,1,1,0,1,1,0,1,0,1,1,0,0,0,2,1,0,0,1,0,0,0,0,2,1,2,1,0,2,0,1,0,0,0,1,0,0,0,1,0,0,0,0,0,1,1,1,0,0,1,2,0,0,0,0,2,1,1,2,1,0,0,1,1,1,1,0,0
KL1097,2,1,0,1,0,2,2,2,1,1,1,1,1,0,0,2,0,1,2,1,2,2,2,1,0,1,2,1,1,2,2,1,1,1,1,0,1,1,1,0,0,1,0,2,2,2,1,1,1,1,0,2,1,1,0,1,0,0,0,1,0,1,0,2,1,0,1,1,1,2,0,0,1,1,0,1,0,0,1,0,1,2,2,1,1,1,0,1,0,0,0,0,1,1,1,1,1,1,0,1,1,1,0,1,0,1,1,0,0,0,1,1,1,1,0,1,1,0,2,0,0,0,0,0,1,0,1,0,1,0,0,1,1,0,2,2,1,0,1,0,0,1,0,0,1,1,1,1,1,0,2,0,0,1,1,1,2,0,2,0,0,0,2,1,1,0,1,0,2,1,0,1,0,1,0,1,2,1,0,0,2,0,2,0,1,1,1,2,1,0,0,1,0,1,0,2,0,1,0,1
KL1098,1,0,0,1,0,2,2,1,1,2,2,2,1,0,0,1,2,2,1,0,1,2,0,0,0,1,2,2,2,2,2,0,1,1,1,0,2,1,1,1,0,1,1,1,1,2,1,0,1,0,0,2,1,1,0,2,2,1,1,1,1,1,1,1,2,2,2,1,1,1,0,0,0,2,0,0,1,1,0,0,1,0,0,2,0,0,0,0,0,1,2,1,0,1,1,0,0,1,1,1,0,0,1,1,1,1,1,1,0,1,1,1,1,2,0,1,1,1,2,0,1,0,0,1,2,1,2,0,2,1,0,2,1,1,1,0,1,0,0,1,1,0,2,0,0,0,1,1,1,0,0,0,1,0,0,0,1,1,0,0,1,0,1,0,1,0,2,1,1,1,0,0,0,1,1,0,0,0,0,0,0,0,2,0,1,0,0,1,1,0,1,2,1,0,1,1,0,0,1,0
KL1099,1,2,1,2,1,2,2,1,1,2,1,1,2,2,1,1,1,1,1,2,1,2,1,1,1,1,0,0,2,0,2,0,0,1,1,1,2,0,2,0,1,1,0,2,0,1,1,1,1,0,0,1,2,1,0,1,1,1,1,0,1,1,1,2,0,1,1,2,2,2,0,0,2,1,2,1,0,2,0,1,1,0,1,1,2,0,0,0,1,0,0,1,0,0,1,0,0,1,0,0,0,1,1,1,1,2,1,2,1,0,0,0,1,0,0,1,0,0,2,0,1,0,1,2,1,0,1,0,0,1,0,2,1,1,0,2,0,1,0,1,0,0,0,1,1,0,2,1,1,0,1,0,0,2,1,0,0,0,0,0,1,1,1,2,2,2,1,1,0,2,0,1,1,1,1,0,0,1,0,0,0,0,1,0,2,0,1,1,0,0,0,1,0,1,1,0,0,2,1,1
KL1100,1,1,0,1,1,0,2,2,1,2,1,1,2,0,0,1,1,2,2,1,1,1,2,0,1,0,1,1,2,0,2,1,1,2,1,0,2,1,1,1,0,1,0,1,1,1,1,2,2,1,0,2,2,2,1,2,1,0,0,1,1,2,0,1,1,1,1,2,1,2,1,0,0,2,0,0,2,1,2,0,1,0,1,1,1,0,1,0,0,0,0,0,0,0,1,0,1,0,1,2,0,1,1,1,0,0,1,1,0,0,1,1,1,0,0,0,1,1,0,0,1,0,1,1,1,1,0,0,0,1,1,0,2,0,1,0,1,1,1,1,1,0,1,0,1,2,1,0,0,0,1,0,1,0,0,0,0,1,1,1,1,0,0,1,1,2,0,0,2,2,0,1,0,2,1,1,1,1,0,0,0,0,0,0,1,0,0,1,0,1,0,2,0,0,0,1,0,2,0,1
KL1101,0,0,1,2,0,2,1,1,0,1,1,1,1,1,0,1,1,1,2,2,0,2,1,1,1,2,1,0,1,1,2,1,2,0,1,0,1,2,1,0,1,2,1,2,0,2,0,0,1,2,1,1,1,1,0,2,1,1,0,2,0,0,2,0,1,1,0,1,1,2,1,0,0,1,0,1,1,0,1,0,2,0,0,1,1,2,1,0,1,0,0,1,0,1,0,0,1,0,0,1,2,0,0,0,0,2,0,0,0,0,0,1,1,0,0,0,1,1,1,0,0,0,1,1,1,1,1,0,0,1,0,0,2,1,0,0,0,0,0,2,0,1,0,1,1,1,2,1,0,0,0,0,1,1,0,1,1,0,0,0,1,0,0,0,0,0,1,0,0,2,1,1,0,0,1,0,0,1,1,0,1,0,2,0,1,0,2,2,1,1,0,1,1,1,0,1,1,0,0,1
KL1102,2,0,1,0,0,1,2,1,0,2,1,1,1,1,0,1,1,0,2,0,1,1,0,2,0,0,2,1,1,0,1,1,0,1,2,1,1,0,2,0,1,1,1,2,0,2,0,0,1,0,1,2,1,1,0,1,2,0,1,1,1,0,1,1,0,0,1,1,1,2,1,1,1,2,0,0,1,1,0,0,1,0,1,1,0,0,1,0,0,0,0,0,0,1,0,0,0,1,0,0,0,0,2,0,0,0,0,1,0,0,2,0,1,1,0,1,1,1,1,1,1,0,1,1,0,0,0,0,1,1,0,1,0,0,0,0,1,1,0,1,0,0,1,0,1,0,2,0,0,1,0,0,1,0,2,0,0,0,1,0,0,2,0,0,0,0,0,1,0,1,0,1,2,1,1,0,0,2,0,1,2,0,0,0,0,0,1,2,0,0,0,0,0,1,1,2,1,1,1,1
KL1103,0,1,1,0,1,2,1,0,1,1,1,1,2,1,1,2,2,2,1,1,2,2,1,1,2,1,2,1,1,0,2,1,2,0,1,0,1,2,2,2,0,1,1,0,1,2,2,1,2,2,0,0,1,0,1,2,1,0,0,1,2,0,1,0,1,1,1,1,2,1,1,0,1,0,1,1,0,1,0,0,1,0,2,1,1,0,2,0,0,0,2,0,0,0,2,1,0,0,1,1,0,1,1,0,1,0,2,0,0,0,0,1,0,1,0,0,0,2,2,0,0,0,0,2,0,0,0,1,0,1,0,1,2,0,0,0,1,0,0,1,1,0,1,0,1,1,0,1,1,1,2,0,0,0,1,0,1,1,2,0,2,0,0,1,2,0,2,0,1,2,0,1,0,0,0,0,1,0,0,1,0,0,0,0,0,0,0,0,1,0,0,2,0,0,2,0,0,0,0,1
KL1104,1,1,0,1,0,1,2,1,1,1,2,1,2,1,0,2,2,2,0,1,1,1,1,1,0,1,2,0,0,1,1,1,2,0,1,1,2,0,2,1,1,2,1,1,1,2,0,0,2,1,0,1,1,0,1,2,1,0,2,1,2,1,0,1,1,0,1,0,0,1,2,1,0,1,0,1,0,1,0,0,1,0,0,0,1,0,2,0,0,0,0,0,0,0,1,0,1,2,2,1,0,0,0,1,0,1,0,0,0,1,0,1,1,1,0,0,1,0,1,0,0,0,1,0,0,0,0,2,1,1,1,1,0,1,1,0,1,1,1,1,0,1,0,0,1,0,1,1,0,0,0,0,0,2,1,1,0,0,2,0,0,1,1,0,0,1,2,1,0,1,2,0,1,1,1,0,1,1,1,0,1,1,0,0,0,0,1,2,1,0,1,2,0,0,0,1,0,1,0,1
KL1105,0,0,2,1,1,1,1,1,2,1,1,2,2,0,0,1,1,2,2,1,1,1,2,1,1,2,1,1,1,1,1,2,2,0,1,0,2,0,2,1,1,0,2,0,2,1,1,2,2,2,0,2,2,0,1,2,1,1,1,1,1,1,0,2,1,0,1,1,0,2,1,0,1,2,0,1,0,0,0,0,1,0,0,1,1,0,1,0,0,0,0,0,0,0,0,0,1,1,1,1,0,0,2,1,1,0,1,0,0,0,0,0,0,1,0,1,0,1,1,0,0,0,0,0,0,0,1,0,1,2,0,1,1,0,1,0,1,0,1,0,0,0,1,1,0,0,1,0,1,0,2,0,1,0,2,1,1,0,2,1,0,0,1,0,1,1,1,0,2,0,1,0,0,1,2,0,1,0,2,0,1,2,1,1,0,0,1,1,0,0,0,1,0,0,0,1,0,1,1,0
KL1106,1,1,0,1,1,2,2,0,0,1,0,1,1,0,1,2,1,1,0,1,0,2,0,2,1,2,2,1,1,0,2,1,2,0,1,1,2,1,0,0,1,1,1,2,1,2,1,2,1,2,1,2,1,0,1,2,2,0,1,0,0,1,0,1,1,2,2,1,0,1,0,0,0,0,1,1,1,0,1,0,0,0,2,0,2,0,1,0,0,0,1,0,0,0,1,0,0,1,2,1,0,0,1,1,0,0,0,1,0,1,0,0,1,1,0,0,1,0,2,0,0,0,1,2,1,2,1,1,0,1,1,0,1,0,0,1,1,2,1,0,0,0,0,1,1,0,2,1,2,0,2,0,1,1,0,2,1,1,2,1,0,1,1,0,2,0,1,0,2,0,1,1,0,1,1,0,1,0,2,0,1,2,1,1,1,0,1,0,1,0,1,0,0,0,0,2,0,0,2,1
KL1107,1,1,0,2,1,2,2,1,1,1,1,0,1,1,1,0,1,1,2,1,2,2,0,1,0,1,2,0,1,1,0,2,1,1,2,0,2,0,2,0,1,0,1,0,1,2,0,0,1,0,2,0,1,0,1,2,0,1,0,2,0,1,0,1,1,1,0,0,0,1,2,0,1,1,0,0,0,0,1,0,0,1,0,2,1,2,0,0,0,0,0,0,0,0,1,0,0,2,0,0,0,1,0,2,2,1,0,0,1,0,0,0,1,0,0,0,1,1,0,0,0,0,1,0,0,1,1,1,2,1,0,2,0,1,2,2,2,1,0,1,0,0,1,0,0,0,1,0,0,0,2,1,1,0,1,1,2,0,2,0,1,2,0,0,0,1,0,0,1,1,0,0,1,0,0,0,1,0,0,0,1,1,1,1,1,0,1,1,1,0,1,1,0,0,0,1,1,2,0,0
KL1108,0,1,1,2,2,0,2,1,1,1,2,2,2,2,0,1,1,1,1,0,1,1,1,2,0,0,2,1,1,0,2,0,1,1,0,1,2,0,2,1,0,1,1,1,0,2,1,0,1,1,0,1,0,0,1,2,2,0,1,2,0,2,0,0,1,0,2,2,0,2,1,1,2,1,0,1,0,2,0,0,0,0,0,2,1,1,1,0,0,0,1,0,1,0,2,1,0,0,2,1,1,0,1,1,0,0,1,1,0,0,1,1,2,1,0,1,0,1,1,1,0,0,0,0,1,2,1,1,0,1,0,0,1,0,0,1,0,1,2,1,0,0,1,0,1,1,0,0,0,0,1,0,0,1,0,1,1,0,0,0,1,0,1,0,0,1,1,0,0,1,0,2,0,0,1,0,0,2,0,0,0,0,0,0,1,0,2,1,0,0,1,1,1,1,0,0,0,1,0,0
KL1109,1,1,1,2,0,1,2,2,1,1,1,2,1,0,2,0,1,0,2,1,1,1,0,2,0,2,1,2,0,0,2,2,1,1,1,2,2,1,2,1,0,0,1,1,2,2,1,1,1,1,0,2,0,2,0,2,1,0,2,1,0,1,2,0,1,0,2,1,1,2,1,1,0,1,0,1,1,2,1,1,1,0,0,1,2,1,0,0,1,0,0,1,0,2,1,0,1,1,1,2,0,1,1,0,1,0,0,1,0,0,1,1,2,1,0,0,1,1,1,0,0,1,1,1,0,0,0,1,1,0,0,0,0,1,0,1,1,2,0,1,2,0,1,0,0,2,0,0,1,0,1,0,0,1,1,1,1,0,1,1,0,0,1,0,0,0,0,0,1,1,2,2,0,0,1,1,1,0,0,2,1,0,0,0,1,0,0,1,0,0,1,1,0,0,0,1,2,1,0,1
KL1110,2,0,1,2,1,2,1,1,1,1,1,2,2,2,1,0,2,2,2,0,2,2,1,2,2,0,1,1,1,1,1,1,0,0,1,1,2,1,1,1,1,1,0,2,0,2,2,1,1,1,1,2,1,2,0,2,1,1,1,2,0,1,1,1,0,0,1,2,1,2,0,2,1,1,0,0,0,1,0,0,1,1,1,2,1,1,0,0,0,0,0,0,0,0,0,0,1,2,2,0,0,0,1,0,0,0,1,1,0,0,1,2,1,1,0,1,2,0,1,0,1,0,1,0,0,2,0,0,1,0,0,0,2,1,0,0,1,0,1,1,1,0,2,1,1,1,1,2,0,0,1,1,0,0,0,1,2,1,1,0,2,0,2,0,0,1,1,0,1,1,0,1,1,0,1,0,0,0,1,0,2,1,0,0,2,0,2,0,1,0,1,1,0,1,1,0,0,1,0,0
KL1111,1,2,0,2,0,1,1,2,0,1,0,2,2,2,1,1,1,2,2,0,0,1,1,1,0,0,2,0,1,1,0,1,1,2,0,0,1,1,1,1,0,1,1,0,0,2,1,1,1,1,0,2,1,1,1,2,1,0,0,0,2,0,1,1,1,1,1,1,1,2,0,1,0,1,0,1,1,1,1,0,1,1,0,1,1,1,1,1,0,0,0,0,0,1,0,0,0,0,0,0,0,0,0,1,1,0,0,1,0,0,1,1,1,1,0,0,1,0,1,1,0,0,0,0,0,1,1,1,1,1,1,1,1,0,2,1,2,2,0,0,1,1,1,0,0,0,2,1,1,0,0,0,0,2,1,2,0,0,0,0,2,0,1,2,2,2,1,1,0,1,0,1,1,0,0,1,0,0,1,1,1,1,1,0,1,0,0,1,0,1,1,2,0,1,2,1,2,0,0,1
KL1112,1,0,1,1,0,1,2,1,0,1,0,2,1,0,2,2,0,2,1,0,1,2,0,0,0,0,1,2,0,0,2,1,2,1,0,0,2,1,2,1,1,0,0,1,0,1,0,2,2,1,2,1,2,2,1,2,1,2,0,0,1,0,1,1,1,1,1,0,1,1,0,1,1,0,0,1,1,0,0,0,1,0,1,0,2,0,2,0,0,0,0,0,0,0,1,1,1,1,1,1,1,0,1,0,0,1,0,1,0,0,0,0,1,0,1,0,0,0,0,0,0,0,0,2,0,0,1,0,1,0,0,2,0,1,1,0,0,1,0,0,2,0,0,0,1,0,1,1,1,0,2,0,1,0,0,1,1,1,0,0,1,0,1,1,1,2,2,0,1,1,1,1,0,0,0,0,0,0,1,0,1,1,1,0,1,0,0,2,0,0,1,0,0,1,0,0,0,1,2,1
KL1113,0,0,1,1,0,1,1,2,1,2,1,1,2,1,1,1,1,0,1,0,1,1,0,1,0,0,2,2,1,0,1,2,1,1,0,1,2,0,1,1,1,1,0,2,0,2,1,1,1,1,2,1,0,1,0,1,1,1,2,1,1,1,0,1,1,1,2,1,1,2,0,0,1,1,0,1,0,2,1,0,0,0,1,1,2,0,0,0,0,1,0,1,0,1,0,1,0,1,1,1,2,0,0,2,0,1,1,0,0,1,0,1,1,1,0,0,1,1,2,0,0,0,0,2,1,1,1,0,1,1,0,1,0,0,1,0,1,1,0,2,0,1,0,1,0,1,0,2,2,0,2,1,1,1,1,0,1,1,2,1,0,1,0,1,1,0,0,0,2,0,0,1,0,0,0,0,0,0,0,0,0,1,1,1,1,0,0,1,0,0,0,1,0,1,0,2,0,1,0,1
KL1114,1,2,0,1,0,1,2,1,1,1,2,2,2,0,0,2,1,1,1,1,2,0,0,2,0,1,1,1,1,1,1,1,2,1,1,0,1,1,1,1,1,1,1,2,0,1,1,1,2,0,0,0,1,1,0,1,1,1,2,1,2,0,1,1,1,2,2,1,1,2,0,1,0,1,0,0,0,1,0,1,0,0,1,1,0,1,1,0,0,1,1,0,0,0,1,1,0,0,2,1,1,0,1,0,2,0,2,1,0,0,1,1,0,1,0,1,2,2,1,1,0,0,0,0,0,0,0,0,1,1,0,2,1,1,1,1,2,0,0,2,1,1,1,0,0,0,1,1,1,0,0,1,2,0,0,1,1,0,2,0,0,0,1,1,1,1,0,1,2,1,0,1,2,1,0,1,0,0,0,0,2,1,1,0,1,0,0,2,2,2,1,1,0,1,0,2,0,0,0,0
KL1115,1,0,0,0,1,2,2,2,1,2,1,2,2,2,1,1,1,0,2,0,0,2,2,1,0,1,2,1,1,1,2,0,2,1,0,1,2,0,1,0,1,0,0,1,2,2,2,2,1,1,0,2,2,0,0,2,2,1,1,1,0,1,1,1,1,1,1,2,1,1,1,0,1,2,0,1,1,0,0,1,1,0,0,0,1,0,0,0,0,1,0,0,0,1,0,0,0,1,0,0,0,0,1,1,0,0,1,0,0,1,0,1,0,1,0,0,2,0,1,1,0,0,1,0,0,1,1,0,0,1,0,0,2,0,1,1,0,1,1,0,0,0,1,0,0,0,0,2,1,1,1,0,1,0,1,1,1,1,0,0,0,1,1,1,0,0,0,2,2,2,0,0,0,0,1,0,1,1,0,0,1,1,0,1,1,0,1,1,1,0,0,2,0,0,0,0,0,1,0,0
KL1116,0,1,0,2,0,2,2,1,0,0,1,2,2,1,0,1,0,1,1,0,1,1,1,1,1,1,1,0,1,0,1,0,2,0,1,0,2,2,2,0,0,1,1,1,2,1,1,0,1,2,1,1,2,2,0,1,2,1,0,1,0,2,1,2,2,1,0,2,1,1,0,1,1,1,1,2,1,1,1,0,2,1,2,1,0,0,1,0,1,0,0,0,0,1,1,0,0,2,2,1,0,1,0,0,0,0,0,0,0,0,1,0,1,1,0,0,1,1,1,1,0,0,1,0,1,2,0,0,0,2,1,2,1,0,1,0,0,0,1,0,0,0,1,0,0,0,0,2,1,0,0,0,0,1,0,0,1,1,0,0,0,0,1,2,0,0,1,1,1,1,0,1,0,0,1,0,0,1,0,0,0,1,2,2,1,1,0,1,1,1,1,0,0,0,0,2,0,0,2,0
KL1117,0,1,1,1,1,2,2,2,1,2,1,2,0,1,0,2,1,1,1,1,0,2,1,2,0,1,2,1,2,1,2,1,2,0,1,0,1,0,2,1,0,1,0,1,0,2,1,0,2,2,2,2,2,1,0,1,2,0,1,1,1,1,1,1,1,1,2,1,2,2,0,0,0,2,1,0,0,0,0,1,0,0,0,0,0,1,1,0,0,0,0,0,1,1,0,1,1,1,0,0,0,0,2,0,0,0,0,1,0,0,1,1,0,1,0,0,0,0,0,0,1,0,0,0,1,1,0,0,0,1,1,0,1,1,2,1,2,2,0,0,0,0,1,1,0,1,1,2,0,0,1,0,0,1,1,1,0,1,2,1,0,0,1,1,1,1,1,0,2,0,0,0,1,1,0,0,0,1,0,1,0,0,0,0,1,0,1,1,0,0,2,1,0,1,0,1,0,0,2,1
KL1118,0,0,1,2,1,1,2,2,2,0,1,2,2,1,0,0,1,1,0,1,1,1,1,0,1,1,2,1,1,2,2,1,1,1,2,0,2,0,1,0,1,1,1,1,0,2,1,1,2,1,0,1,2,1,1,1,2,1,1,1,1,1,0,1,2,0,1,1,1,1,1,0,2,0,0,0,0,0,1,0,1,0,1,2,1,0,1,0,1,0,0,0,0,0,0,1,0,2,0,1,1,2,0,0,1,1,0,1,0,0,2,0,0,0,0,0,2,0,1,1,0,0,1,0,0,0,0,0,1,1,1,1,1,1,1,2,0,1,2,2,1,1,0,0,0,1,0,0,1,0,0,0,0,0,1,0,0,1,1,0,2,0,1,1,1,1,1,0,0,1,0,1,0,1,0,0,2,1,0,1,1,0,1,0,1,0,1,0,0,2,1,0,1,2,1,0,1,0,0,0
KL1119,2,1,0,1,0,1,2,1,2,2,1,1,2,0,1,1,2,1,1,0,0,1,2,0,0,0,2,1,1,1,2,1,1,1,1,0,2,1,1,1,0,2,1,2,0,2,1,0,1,1,1,1,1,1,0,2,1,0,1,1,0,0,1,2,1,1,1,0,1,2,0,0,0,1,1,1,1,1,0,0,1,0,0,2,0,0,1,0,0,1,1,0,0,0,0,1,0,2,1,2,0,0,2,0,0,0,1,0,0,0,1,1,0,1,1,0,1,0,1,0,0,0,0,0,1,1,0,0,0,1,0,0,0,0,1,0,1,0,0,1,0,0,2,0,0,0,0,1,0,0,1,1,0,1,0,2,0,0,1,0,1,1,0,0,2,1,0,0,2,1,1,1,0,0,1,1,0,1,0,1,0,0,1,0,0,0,1,2,0,1,0,2,0,0,0,1,0,0,2,0
KL1120,1,2,1,1,1,2,2,1,1,0,1,2,2,1,1,2,1,1,2,0,0,1,1,2,1,1,2,1,1,0,0,1,2,1,2,0,1,0,1,1,1,2,0,2,1,1,0,0,0,1,2,2,2,1,1,1,1,0,1,1,1,0,1,1,1,1,1,0,2,1,2,1,1,2,0,1,0,2,1,1,1,1,1,2,0,1,1,0,0,1,0,1,0,1,0,0,0,2,0,2,0,0,1,0,0,0,0,2,0,0,2,1,0,1,0,1,1,0,0,1,2,0,0,1,1,0,1,0,0,1,0,1,1,0,0,1,1,2,0,1,2,0,0,1,1,0,0,0,0,0,2,0,1,0,1,1,0,1,2,0,2,1,0,0,0,2,0,2,0,0,0,0,1,1,0,0,0,1,0,1,1,1,1,0,0,0,0,1,1,0,0,0,0,0,2,0,0,1,0,0
KL1121,2,0,1,1,0,2,2,0,1,0,1,2,1,0,0,2,0,1,2,1,0,2,1,1,0,0,0,1,2,1,2,1,1,2,2,1,2,1,2,2,2,0,2,0,1,2,0,1,1,1,1,1,2,1,1,2,0,0,0,2,1,0,1,1,1,0,1,1,1,1,2,0,1,1,0,1,0,2,0,1,1,1,1,2,1,1,0,1,0,0,0,1,0,0,0,0,0,1,1,0,0,1,2,0,0,0,0,1,0,0,1,1,0,2,0,0,0,0,1,0,2,0,0,0,1,1,0,0,2,0,0,0,1,0,2,0,1,1,1,1,1,2,1,0,1,1,1,1,1,0,1,0,1,1,1,0,1,0,2,0,2,0,0,0,0,1,1,1,1,1,0,2,0,0,1,0,0,1,1,1,2,0,2,1,0,0,0,2,1,0,1,1,0,0,0,0,0,1,1,1
KL1122,1,0,1,1,0,2,1,2,1,1,2,2,2,1,0,1,0,1,1,2,1,2,1,1,0,0,1,0,1,1,2,1,1,0,1,0,0,0,0,1,1,0,0,0,0,2,0,2,2,2,2,2,2,0,2,2,0,0,1,0,1,2,0,2,2,0,1,1,2,1,0,0,0,0,0,0,1,0,1,0,1,0,2,1,1,0,0,1,0,0,0,0,0,0,0,1,1,1,0,1,0,0,2,0,1,0,1,1,0,0,0,1,1,0,0,0,1,2,2,0,0,0,0,0,0,0,2,0,2,2,0,0,2,0,0,2,0,2,1,1,0,0,0,0,0,1,1,0,0,0,2,0,1,0,0,1,2,1,0,0,0,1,1,1,1,1,0,2,1,0,0,1,1,0,0,0,1,1,2,1,0,1,1,0,1,0,0,1,1,0,0,0,0,1,0,2,1,2,0,0
KL1123,0,0,0,2,1,2,2,2,0,1,0,1,2,2,1,1,1,2,1,0,0,1,2,1,1,2,2,0,1,2,1,1,1,2,1,0,1,1,2,0,1,1,0,1,0,2,1,0,2,1,0,1,2,1,0,2,1,0,1,0,2,2,1,1,0,1,1,1,1,2,0,0,0,1,0,0,0,1,0,1,0,0,2,2,2,0,0,0,0,1,0,0,0,0,2,0,0,0,0,0,0,1,1,1,0,1,1,1,1,1,1,2,1,2,0,0,1,0,0,1,1,0,0,1,0,0,1,1,1,2,1,2,2,1,0,0,1,0,0,1,1,0,0,0,1,1,0,1,1,0,0,0,1,0,2,0,2,0,1,0,0,1,0,0,1,1,0,0,0,2,0,1,0,0,0,0,0,0,1,1,0,2,1,0,1,1,0,1,0,1,0,0,0,1,0,0,1,1,0,0
KL1124,0,1,1,2,2,1,2,2,1,1,2,2,1,1,1,0,1,2,0,1,2,2,0,2,0,1,2,2,0,0,2,1,1,0,2,1,2,1,1,1,1,1,1,0,1,2,1,0,2,1,2,1,2,0,0,2,1,0,1,1,1,2,0,1,2,1,2,2,0,2,1,0,1,1,1,1,0,2,0,0,1,1,0,1,1,0,1,0,0,0,0,1,0,1,0,0,0,0,1,1,0,0,2,0,0,2,1,1,0,0,2,0,0,1,0,2,2,1,1,0,1,0,1,0,0,0,0,0,1,1,0,1,0,0,1,1,1,0,1,0,0,0,2,0,0,0,0,1,0,0,1,1,2,0,1,0,1,0,2,1,0,0,0,0,1,0,2,0,1,0,0,2,1,1,0,0,0,2,0,0,0,0,1,0,1,0,2,0,1,1,0,1,1,0,1,1,1,2,1,1
KL1125,1,0,0,2,1,1,2,1,0,1,1,1,2,2,1,1,2,1,1,1,1,1,2,1,1,1,2,2,0,0,2,1,2,0,1,1,1,0,2,0,0,1,0,0,2,2,0,1,1,1,0,2,2,1,1,2,0,1,1,1,1,1,2,0,0,2,1,1,1,1,0,2,1,0,1,1,0,2,0,1,1,0,2,0,0,0,0,0,0,1,0,0,1,0,1,1,1,0,1,1,1,1,0,1,1,0,2,1,1,0,2,0,2,2,0,0,2,0,1,1,0,0,2,1,0,0,0,0,1,1,1,1,0,1,1,1,2,2,0,1,2,0,0,0,0,0,0,1,1,0,1,0,1,1,1,2,2,0,1,0,1,1,0,1,1,0,1,1,1,1,1,2,1,0,0,0,1,1,0,2,2,0,1,0,0,1,1,0,0,0,0,2,0,0,0,2,1,2,0,0
KL1126,0,0,2,0,0,2,1,2,1,1,1,2,2,2,2,1,1,2,2,1,2,1,1,1,0,0,1,1,0,2,1,2,2,1,0,1,0,1,0,0,1,1,2,2,2,2,0,0,2,1,1,1,1,1,1,1,1,1,1,2,2,1,1,1,1,1,0,1,1,1,1,2,0,1,0,1,1,0,1,0,2,0,1,0,1,1,0,1,0,0,0,2,0,1,0,1,0,0,0,2,0,0,1,1,1,1,0,2,0,0,0,1,0,1,1,0,0,0,2,1,1,0,0,2,1,0,0,0,0,0,0,2,1,1,1,2,1,1,1,1,0,1,2,2,1,0,1,1,0,0,0,1,0,0,0,2,0,0,0,0,0,2,1,0,2,1,0,1,1,0,1,0,1,0,0,0,0,0,0,1,0,1,1,0,0,0,0,1,0,1,0,1,1,0,0,2,1,1,1,2
KL1127,0,0,0,0,1,2,2,0,1,1,0,1,1,1,0,2,2,2,1,1,1,1,0,1,1,0,2,0,1,2,1,2,2,1,0,1,1,0,2,1,0,2,0,2,2,2,1,1,1,2,2,1,2,0,1,2,1,0,2,2,2,1,0,0,2,0,1,2,1,1,1,1,0,2,0,0,0,1,1,0,1,0,0,0,0,1,1,0,1,0,0,0,0,1,1,0,0,1,0,1,0,0,1,0,1,1,1,1,0,1,1,1,2,0,0,1,1,1,0,1,1,0,1,1,1,0,0,0,1,1,0,0,1,1,0,2,2,1,0,0,1,1,2,0,0,0,0,0,0,0,1,1,0,1,0,0,2,0,0,0,1,0,1,2,0,0,0,0,1,0,1,1,1,1,0,0,0,0,2,0,1,1,1,1,0,0,0,0,0,1,0,1,2,0,0,0,1,2,0,0
KL1128,0,0,1,2,2,2,1,1,1,1,2,2,2,0,1,1,1,1,2,0,0,0,0,1,0,1,2,1,2,1,2,2,1,0,2,2,2,1,1,1,1,2,0,1,0,1,2,0,1,2,0,2,1,2,1,2,2,2,1,1,0,1,1,0,0,1,1,0,1,1,1,0,1,1,1,0,1,1,1,1,0,1,1,1,1,0,1,0,0,0,0,0,0,0,1,0,0,0,1,2,1,0,1,0,0,1,2,0,0,0,0,0,1,2,0,1,0,0,1,1,1,0,0,1,0,0,1,0,1,2,0,2,1,1,2,0,2,2,0,0,0,1,1,0,1,0,1,1,0,1,2,1,1,2,1,0,2,1,1,0,2,0,0,1,1,0,0,0,1,0,0,0,0,0,0,0,0,0,0,0,0,0,2,0,0,0,1,0,2,0,1,1,0,0,0,2,0,1,0,1
KL1129,1,2,0,2,0,2,2,1,1,0,2,2,1,1,0,2,1,1,1,1,0,2,1,1,1,1,1,2,2,1,2,1,1,1,1,2,1,1,2,2,0,2,0,0,0,1,1,0,0,2,1,1,1,2,1,2,1,1,2,2,1,1,1,0,1,2,2,1,0,2,2,1,0,1,0,1,0,1,1,0,1,0,0,1,0,0,0,0,1,1,1,0,1,1,1,0,0,1,0,0,0,0,1,1,1,0,0,0,0,0,0,1,2,0,0,1,1,1,2,0,2,0,0,1,0,0,0,0,0,1,0,0,1,1,1,1,2,1,1,1,0,0,1,0,1,0,1,1,2,0,1,0,0,0,1,1,2,0,1,0,0,1,1,1,0,0,0,0,2,0,0,1,1,1,0,0,0,0,2,1,1,0,0,0,0,0,1,2,1,0,2,1,0,0,1,1,1,0,0,1
KL1130,2,1,1,2,1,1,1,2,0,0,1,0,1,0,1,1,1,1,0,0,0,1,1,0,2,0,2,1,2,0,0,2,2,1,0,0,1,1,1,1,1,1,2,2,2,2,2,2,0,1,1,1,1,0,0,2,1,1,2,1,0,2,0,0,1,0,2,1,1,1,0,2,0,1,0,0,0,1,0,1,0,0,0,2,1,0,0,0,0,1,0,1,0,1,2,0,0,0,1,0,0,1,1,1,2,1,1,0,1,0,0,0,1,1,0,0,1,0,1,0,1,0,1,1,1,0,0,0,1,1,0,2,0,1,0,1,1,1,0,2,1,0,1,0,1,0,1,0,2,0,1,1,1,0,0,1,1,1,1,0,1,0,0,1,0,0,2,0,1,0,0,1,0,1,0,1,0,0,1,0,2,0,1,0,2,0,0,2,0,1,0,0,0,1,1,0,1,1,1,0
KL1131,0,2,1,1,1,2,2,1,2,0,0,2,0,1,2,1,0,2,1,0,0,1,2,0,1,1,2,1,1,1,2,2,2,0,1,1,1,1,0,1,0,1,1,1,1,1,2,0,0,1,1,1,1,1,2,2,2,0,2,1,0,1,1,1,0,2,2,2,2,2,2,1,1,1,0,0,0,2,1,0,1,0,0,2,0,1,1,1,0,2,0,0,0,2,1,0,1,0,1,0,2,1,0,0,1,0,1,0,1,0,1,1,1,0,1,0,1,0,2,0,1,0,0,0,0,0,1,0,1,1,0,2,1,1,0,2,0,1,0,1,0,0,0,2,0,0,2,1,1,0,2,1,0,1,0,1,0,0,1,0,0,1,1,0,0,0,1,0,1,1,1,0,0,0,1,0,1,1,0,1,1,1,2,0,0,0,0,1,0,0,0,1,0,1,0,0,1,0,0,0
KL1132,1,1,2,1,1,2,1,2,1,1,2,2,2,0,0,2,1,2,1,0,1,1,1,2,0,1,2,0,2,1,1,2,1,2,1,2,0,0,1,1,1,0,1,1,1,1,1,0,1,1,1,1,1,1,0,0,1,1,1,1,0,0,1,2,0,2,1,1,0,2,0,1,0,1,0,1,1,2,1,0,2,1,2,0,0,1,1,0,0,0,0,1,0,0,2,0,0,2,0,2,1,0,0,0,0,0,2,0,0,0,0,1,1,1,0,0,2,1,1,0,0,0,0,0,1,1,0,0,0,1,0,1,1,1,0,1,2,2,2,1,1,1,0,1,1,1,1,1,0,0,2,1,1,0,0,1,1,0,0,0,1,0,1,0,0,0,1,0,1,2,2,0,0,2,0,0,0,1,0,2,0,1,1,0,0,0,0,0,1,2,1,0,0,0,1,2,1,1,0,1
KL1133,1,2,0,1,1,1,1,2,0,1,1,2,1,1,1,0,1,2,2,0,2,0,1,2,2,1,2,2,1,0,1,1,1,0,1,0,0,1,2,1,0,2,1,1,1,1,1,0,2,1,1,2,1,0,0,1,1,2,1,0,1,1,2,1,1,0,1,1,1,1,0,2,1,1,0,1,1,1,0,0,1,0,0,1,0,1,1,1,0,0,0,1,0,0,0,0,0,0,1,0,0,0,0,0,2,2,1,2,1,2,2,2,1,1,0,0,1,0,0,1,0,0,2,0,1,0,0,0,1,1,0,1,2,1,2,0,1,1,1,0,0,0,1,0,1,0,0,2,1,0,2,1,0,0,0,2,1,1,2,0,1,0,0,1,0,0,1,0,0,1,0,0,0,0,0,0,1,1,1,0,1,0,1,1,0,1,1,1,0,1,1,1,1,0,0,2,0,1,0,1
KL1134,0,0,1,0,0,2,2,2,1,1,1,2,1,1,0,1,0,1,2,1,1,0,2,1,0,1,2,1,2,1,2,1,1,1,0,2,1,0,0,1,1,0,0,2,1,2,0,0,2,2,1,2,1,1,1,1,0,1,2,2,1,1,0,1,1,1,2,1,0,2,2,0,0,1,0,0,0,1,0,0,1,1,0,0,2,1,0,0,0,0,0,1,1,0,0,0,0,1,0,0,0,1,2,0,0,1,2,1,0,0,1,2,1,0,0,0,1,0,1,1,1,0,0,1,0,1,0,0,0,0,0,2,1,2,0,1,1,1,0,1,2,0,0,1,1,0,1,1,0,0,2,0,0,1,1,0,1,0,0,0,0,0,0,0,0,0,1,1,2,0,1,1,1,1,0,0,2,0,0,0,2,1,1,0,0,0,1,1,0,1,0,2,0,2,1,2,1,1,0,2
KL1135,1,1,0,1,1,1,1,2,0,1,2,2,2,0,1,0,1,1,2,0,1,1,1,2,1,1,1,0,0,1,1,1,1,1,0,0,0,2,1,1,0,2,1,1,0,2,1,1,1,1,0,1,2,1,0,2,0,2,1,2,1,0,1,2,2,1,1,1,1,1,0,0,1,1,0,0,1,1,1,1,1,0,1,0,1,0,2,1,0,0,0,0,0,2,1,0,0,1,0,1,0,1,0,0,0,0,2,0,0,1,0,0,1,1,0,0,2,1,1,1,0,0,0,1,1,1,0,0,1,1,0,0,1,0,2,1,1,1,0,1,0,0,1,0,0,0,1,0,2,0,1,1,1,0,1,1,0,0,0,0,0,0,0,0,1,0,1,1,1,1,0,1,1,0,0,0,1,2,1,2,0,1,2,0,0,0,1,0,0,2,0,1,0,1,1,2,2,1,0,1
KL1136,0,0,0,1,0,0,2,1,1,0,0,1,2,1,1,0,2,0,1,0,2,1,0,1,0,1,2,0,2,1,2,1,2,1,0,1,2,1,2,1,0,1,0,1,1,2,1,1,0,2,1,2,2,2,1,2,1,1,1,0,1,1,2,2,1,2,2,1,1,2,0,0,1,2,1,1,1,2,0,0,1,0,1,0,0,1,2,0,0,1,1,1,0,1,1,0,0,2,1,1,0,1,0,1,1,0,0,0,0,1,2,0,1,1,0,0,1,1,1,1,0,0,1,0,1,0,0,0,0,0,0,1,2,1,0,1,1,2,2,0,1,1,0,0,0,0,1,0,0,0,0,2,0,0,0,0,1,1,0,0,2,0,1,1,2,1,1,0,0,0,1,1,0,0,0,0,1,0,1,0,0,2,0,1,2,0,1,1,0,1,1,0,0,0,1,1,0,0,0,0
KL1137,1,1,1,1,0,1,2,0,1,1,0,2,1,1,1,2,1,0,2,0,1,2,2,1,1,1,2,2,2,1,2,1,2,1,2,0,2,1,2,1,1,1,0,2,0,1,0,0,1,2,2,2,2,1,1,1,0,0,0,1,1,0,1,2,2,0,1,1,1,2,1,0,1,2,0,0,0,0,1,0,0,1,1,1,0,1,1,0,2,0,0,0,0,0,1,1,0,2,1,0,0,0,1,1,0,1,0,1,0,0,0,0,0,0,0,0,1,0,1,0,1,2,1,1,0,2,1,0,1,1,0,1,1,0,1,1,0,1,0,2,0,0,0,0,0,1,1,1,1,0,1,0,0,1,2,1,2,0,1,0,1,0,1,0,1,0,0,0,1,0,0,0,0,0,0,0,0,2,2,1,1,0,0,0,0,0,1,1,2,1,1,2,0,0,0,1,0,2,0,1
KL1138,0,0,1,1,1,2,2,1,0,0,2,1,2,0,1,1,1,2,1,0,0,1,1,2,2,1,1,1,2,1,2,0,2,2,1,1,2,1,1,0,2,2,1,2,0,2,1,0,1,1,0,1,1,0,0,1,0,1,1,1,0,1,0,0,2,2,0,2,0,1,0,1,0,0,0,1,2,1,0,0,1,1,1,2,0,0,2,0,0,0,0,0,0,1,1,0,0,0,1,1,1,0,1,0,2,0,2,1,0,1,1,1,2,1,0,0,0,0,1,0,1,0,0,0,1,0,1,0,1,0,1,1,1,0,2,0,1,0,0,0,1,0,0,1,1,0,0,0,1,0,2,0,2,0,0,1,1,1,2,0,0,0,1,0,1,0,0,1,1,1,1,0,0,0,0,0,0,1,1,0,0,0,1,0,1,0,1,1,0,2,2,2,1,1,0,1,2,1,1,1
KL1139,1,0,1,1,1,1,1,1,0,2,1,0,1,1,0,2,0,2,2,0,0,1,2,0,2,1,2,2,1,2,2,1,1,2,2,1,1,0,1,2,0,0,1,1,2,2,0,0,0,0,1,2,2,1,0,2,0,0,2,0,1,1,0,1,2,1,1,2,1,2,0,1,2,1,0,0,2,1,1,1,0,2,1,2,2,0,0,0,0,0,1,1,0,0,2,1,0,1,1,0,0,0,0,1,0,0,1,0,1,0,0,1,0,0,0,0,2,0,0,1,0,0,0,0,0,0,1,0,1,2,1,1,1,0,1,1,2,1,1,2,1,0,1,1,0,1,1,2,1,1,1,0,0,1,1,0,1,1,0,0,1,0,0,1,1,0,2,1,1,1,0,1,1,1,0,0,2,0,0,1,0,0,1,0,0,0,1,1,0,1,1,1,1,1,1,1,0,1,0,2
KL1140,1,2,0,2,1,2,1,2,0,0,2,0,2,2,2,2,2,1,1,1,2,2,0,2,1,1,2,1,2,0,1,2,2,1,1,1,2,2,2,2,1,1,1,2,2,2,1,1,1,0,0,1,1,1,1,2,2,1,2,2,0,0,0,1,1,1,1,0,1,1,0,1,0,1,1,0,1,1,0,0,2,0,0,1,1,0,1,0,1,0,0,0,0,2,1,0,0,1,1,1,0,0,0,2,2,1,2,0,0,0,0,1,1,1,0,0,1,0,1,0,0,0,0,1,1,0,1,1,2,2,1,0,1,1,0,2,0,2,1,0,1,0,1,0,1,0,1,1,1,0,1,0,0,0,0,2,1,2,1,1,0,0,1,0,1,0,1,1,1,0,0,0,0,0,0,0,1,1,0,1,1,0,1,1,0,1,1,1,1,0,1,1,0,1,1,1,0,0,0,0
KL1141,1,1,0,1,1,2,1,2,0,2,1,1,2,1,1,1,1,1,1,0,0,2,0,1,2,1,2,1,1,1,1,2,1,2,0,1,2,1,2,0,1,1,0,2,2,2,1,1,0,2,0,1,0,1,0,2,0,1,2,1,0,0,1,0,2,0,2,1,2,2,0,1,1,1,0,0,1,1,0,0,1,0,1,0,0,1,0,0,0,0,0,0,0,1,1,0,1,0,1,0,0,0,1,0,0,2,2,1,1,1,0,0,1,2,0,0,2,0,0,0,0,0,0,1,2,0,0,0,1,1,1,0,1,0,1,2,1,1,1,1,0,0,1,2,1,0,2,1,0,0,1,0,2,2,1,1,1,0,1,0,2,0,1,1,0,0,1,0,2,0,0,1,1,1,1,0,2,1,1,1,1,1,1,0,0,1,1,1,1,1,1,1,0,0,0,0,1,1,1,0
KL1142,1,1,1,1,0,0,1,2,0,1,1,1,2,0,2,1,2,1,1,0,0,1,1,1,0,1,2,2,1,0,2,2,2,1,2,1,2,1,2,2,2,0,2,1,2,2,2,1,2,2,1,0,1,2,2,1,1,2,0,2,1,1,1,1,1,0,1,1,0,0,1,1,1,2,0,0,0,0,0,1,1,0,1,0,0,0,1,0,0,0,0,0,1,0,1,0,0,2,1,1,0,0,1,1,0,0,1,1,0,0,1,0,1,1,1,1,1,0,1,0,1,0,1,0,1,0,0,2,1,1,0,1,1,0,0,0,2,1,0,1,1,0,2,0,0,0,0,2,1,0,1,0,1,1,1,2,2,0,1,0,1,1,2,1,1,0,0,0,1,1,1,1,0,2,1,0,0,2,0,1,0,2,0,0,0,0,1,2,0,1,0,1,0,0,0,1,1,1,0,1
KL1143,0,1,2,2,1,1,2,2,2,0,1,2,2,1,0,1,1,1,2,0,0,1,1,1,1,0,2,2,2,0,2,1,1,0,2,1,2,0,1,2,0,1,1,2,1,2,1,1,1,1,1,2,2,2,0,2,1,0,1,2,2,0,0,2,1,2,1,1,0,2,0,1,1,1,0,0,0,1,1,1,1,0,1,0,2,0,1,0,1,1,0,1,0,2,1,1,0,0,2,1,1,1,1,1,0,1,1,2,0,0,2,2,1,2,0,0,1,0,1,0,1,1,1,0,1,0,0,0,2,2,1,0,0,0,1,2,1,2,0,0,1,0,1,0,0,1,2,1,1,0,2,0,1,0,0,0,1,1,1,0,1,1,2,1,0,1,1,2,0,1,0,0,1,1,1,1,0,2,1,0,1,0,1,0,1,0,0,1,1,1,2,1,0,0,0,0,0,0,0,2
KL1144,0,1,0,2,0,1,2,2,2,1,2,0,2,2,0,1,2,1,2,0,0,2,1,1,1,0,2,1,1,1,1,2,2,2,1,0,2,1,2,2,0,1,0,1,1,2,0,1,2,2,0,1,1,2,1,2,0,0,0,0,1,1,0,2,0,0,1,1,0,1,0,1,0,1,0,2,0,1,0,1,2,0,0,1,0,0,1,0,0,0,1,0,0,0,1,2,0,1,1,1,0,0,0,1,0,0,1,1,1,0,1,0,1,1,0,0,1,0,0,0,0,0,0,1,0,0,0,0,0,1,1,1,1,1,0,0,0,1,0,1,1,0,1,1,1,0,2,2,0,0,1,0,0,2,0,0,1,1,2,0,1,0,1,1,2,0,0,0,1,1,0,0,0,0,0,0,0,1,2,0,0,1,1,0,0,0,1,1,1,2,1,1,0,0,1,0,0,1,1,0
KL1145,1,0,0,2,1,1,1,1,0,0,1,1,2,0,2,1,1,1,2,0,1,2,1,1,0,2,1,0,1,0,2,1,0,1,2,0,2,1,2,1,1,1,0,0,0,1,0,2,1,1,1,1,1,1,2,2,1,1,2,2,1,0,2,1,1,1,2,1,2,1,0,0,1,1,0,1,1,1,0,0,1,0,1,2,1,1,1,0,0,0,0,0,0,1,0,0,1,0,2,2,0,1,2,1,1,0,1,1,0,0,0,2,1,2,0,1,1,0,2,0,0,0,0,0,1,0,0,0,2,1,0,0,1,1,0,2,2,1,0,2,0,0,1,0,1,1,1,1,0,0,1,0,1,1,0,0,1,1,2,0,1,0,1,0,1,0,1,0,1,1,0,2,0,0,0,0,0,2,2,0,0,1,0,0,0,0,1,1,0,1,1,1,0,1,1,2,0,0,0,0
KL1146,1,0,1,2,1,2,2,1,0,0,2,0,2,2,0,2,1,1,0,0,1,0,1,1,1,1,1,0,1,0,2,0,2,0,0,0,2,0,1,1,1,0,1,1,0,1,0,2,2,1,0,2,1,0,1,1,1,1,2,1,0,1,1,1,1,0,1,1,1,2,1,0,1,1,0,0,0,0,1,1,0,1,1,1,1,0,0,0,0,0,1,1,0,1,0,0,0,2,1,1,0,0,0,0,1,0,1,1,0,0,1,1,2,1,0,0,1,1,1,0,0,1,1,0,2,0,2,0,1,1,0,1,1,0,2,1,1,0,1,2,0,0,1,0,0,1,0,1,1,0,2,1,1,0,2,1,1,0,1,0,1,0,1,1,1,0,0,2,0,1,0,1,1,2,0,1,0,0,0,0,0,1,0,0,0,1,2,2,1,0,1,1,0,0,1,2,0,2,0,1
KL1147,1,0,0,1,1,2,2,2,0,0,2,2,2,1,2,2,2,2,2,1,1,0,2,2,2,0,1,0,0,1,2,0,1,0,1,2,2,1,2,2,2,1,0,0,0,2,1,2,1,1,1,2,2,1,1,2,0,1,2,1,1,0,0,1,1,2,1,1,1,0,0,1,0,0,0,0,1,1,0,0,0,0,2,1,1,0,0,0,0,0,0,0,2,1,2,0,1,2,1,1,0,1,0,0,0,2,0,2,0,0,1,1,2,0,0,0,1,0,1,0,0,0,1,0,1,1,0,0,1,2,1,1,0,1,2,1,2,1,0,0,0,0,0,1,0,0,1,1,1,0,1,0,1,0,1,0,1,0,0,0,0,0,1,0,0,0,0,0,1,2,0,0,1,0,1,0,1,0,0,1,0,1,0,0,0,0,1,0,0,0,1,1,0,1,0,2,1,0,0,2
KL1148,0,1,1,1,1,2,1,1,0,2,2,1,2,1,1,1,2,1,1,1,1,2,2,2,0,1,1,2,2,0,2,0,1,2,2,0,2,1,1,2,1,2,0,2,0,2,1,0,0,0,1,1,0,2,1,1,0,1,1,2,1,2,1,2,1,0,1,2,1,0,0,1,1,1,1,1,1,1,1,0,1,0,1,2,2,0,1,0,0,0,1,0,0,0,0,0,0,1,0,0,0,1,0,1,1,2,0,0,0,1,0,1,1,1,0,0,1,0,0,0,1,0,1,1,0,0,0,1,1,2,0,1,1,1,1,2,1,0,1,0,1,1,1,1,0,1,1,1,0,0,0,0,1,1,1,1,0,0,0,0,2,0,0,1,1,1,2,1,1,1,0,0,0,0,1,0,0,0,1,1,1,0,1,0,0,0,0,0,0,1,0,1,0,1,1,0,0,1,1,1
KL1149,1,1,1,1,1,2,2,2,0,0,1,2,2,2,2,1,1,2,2,0,1,1,2,1,1,0,2,0,0,2,1,0,1,1,2,1,1,1,1,2,1,1,1,1,2,1,2,0,2,2,1,1,1,0,1,2,1,0,1,1,1,1,0,2,1,1,1,2,1,1,1,0,1,0,0,1,1,0,1,1,1,1,0,0,1,0,1,0,0,0,0,0,0,0,0,1,1,1,0,1,0,1,1,1,1,0,0,0,0,0,0,0,2,1,1,0,1,0,0,0,0,0,0,1,1,2,2,0,0,1,1,1,1,1,1,1,1,2,0,0,1,2,2,0,0,0,2,1,1,0,2,0,0,2,1,1,1,1,2,0,0,1,2,0,2,1,0,0,1,1,0,2,0,2,0,0,0,2,0,0,0,2,0,0,0,0,1,1,0,1,1,2,0,1,2,2,0,1,0,0
KL1150,2,0,0,1,1,0,2,1,2,2,1,2,2,1,1,0,1,1,1,0,0,1,1,1,1,1,2,1,0,1,1,2,1,1,2,1,2,1,0,2,0,0,2,1,1,1,1,0,0,2,1,2,1,1,1,1,1,0,1,2,1,1,1,1,1,2,2,1,1,1,2,0,1,1,0,1,0,0,0,0,0,2,1,2,2,2,0,0,0,0,0,0,0,1,1,1,1,1,2,0,0,0,1,0,1,0,0,2,0,0,0,1,1,2,0,0,1,1,1,0,0,0,1,0,0,0,0,0,0,2,0,0,1,1,1,2,1,1,1,2,2,0,1,0,0,0,1,1,2,0,1,0,1,2,1,1,0,0,1,0,2,2,1,0,0,1,2,1,1,0,0,0,0,1,1,0,2,1,0,1,1,2,2,1,0,1,0,1,0,0,0,0,1,0,1,1,1,2,0,1
KL1151,1,0,0,1,0,2,1,0,0,1,1,1,1,1,1,0,1,2,2,0,1,1,2,1,0,1,2,2,0,0,1,1,1,1,1,1,1,1,1,1,2,1,1,2,2,1,1,0,2,1,1,2,1,1,0,2,1,1,1,1,1,1,1,2,1,2,1,0,2,2,0,2,2,1,0,1,1,1,1,1,1,0,2,0,1,1,2,0,1,0,0,1,1,2,2,0,1,0,0,1,1,0,2,0,2,0,0,0,0,1,0,0,1,2,0,0,1,0,1,1,0,0,0,1,0,0,0,1,1,1,0,2,2,0,0,0,0,1,2,0,1,0,1,1,0,0,1,1,1,1,1,0,0,0,2,1,2,1,0,0,1,1,1,1,1,0,0,1,2,1,1,0,0,1,1,0,1,2,1,0,0,0,1,1,0,0,1,0,1,0,0,1,0,1,0,1,2,0,0,1
KL1152,1,1,0,1,1,2,0,1,1,1,1,2,1,2,1,1,1,2,0,1,1,2,2,2,0,0,2,0,0,0,2,0,1,2,1,0,2,1,1,1,1,1,0,1,2,1,1,2,2,2,1,2,2,1,1,1,1,1,2,2,1,0,1,2,2,2,1,1,1,1,0,1,0,1,0,1,2,0,0,0,1,0,1,2,2,0,1,0,0,0,0,1,0,1,1,0,0,0,0,0,1,0,0,0,0,0,2,2,2,0,1,1,2,2,1,0,0,0,1,0,1,0,0,1,0,0,0,0,0,1,2,1,1,1,1,1,1,2,1,2,0,0,1,1,1,0,0,1,0,0,1,1,0,2,0,1,0,0,1,0,2,0,0,0,0,2,1,0,1,1,0,1,0,1,0,0,1,1,1,1,0,1,1,0,1,1,0,2,1,0,1,1,1,0,2,1,1,0,1,1
KL1153,0,0,2,2,1,1,0,1,1,1,0,1,1,0,1,1,1,1,1,1,1,1,0,1,0,1,1,1,1,0,2,1,2,1,1,0,1,1,2,2,0,2,1,2,1,2,1,1,2,1,1,1,2,0,0,2,1,0,1,2,2,1,1,1,1,1,2,1,1,1,1,0,1,0,1,1,0,2,1,0,0,1,2,0,2,1,1,0,0,0,1,0,0,0,2,0,0,0,2,0,0,0,1,0,0,1,1,0,0,0,1,1,0,0,0,1,0,1,0,1,1,0,0,2,1,1,0,0,2,0,2,1,2,1,0,0,1,1,0,1,0,0,1,0,2,0,0,1,1,0,1,0,0,0,0,0,0,0,1,0,0,0,1,1,0,0,1,0,1,1,1,1,0,0,0,0,1,2,2,0,0,1,1,1,0,0,1,1,0,2,1,0,0,1,1,0,0,0,1,1
KL1154,0,1,1,1,0,1,1,2,1,1,2,2,2,1,2,2,1,2,2,0,2,2,2,2,0,2,1,2,1,1,0,0,2,2,2,0,1,1,1,0,2,2,2,2,1,2,2,2,0,2,2,1,0,0,2,1,2,1,2,0,0,0,1,2,2,1,2,1,0,1,0,0,0,2,0,2,1,2,1,0,0,1,1,0,0,1,0,0,1,1,0,1,0,1,0,1,0,1,1,1,0,0,0,1,1,2,1,1,0,0,0,1,0,1,0,0,2,0,0,1,1,0,1,1,1,0,1,0,1,1,1,1,1,0,1,0,1,1,1,2,0,1,0,1,1,0,2,0,2,0,0,0,0,0,1,0,1,1,0,0,1,2,0,0,2,0,0,0,1,0,0,1,1,1,0,0,0,1,2,0,0,0,1,0,1,0,0,0,0,1,0,1,0,0,1,1,0,1,0,0
KL1155,1,2,0,2,0,1,2,1,1,0,2,2,1,0,0,0,1,1,1,0,0,0,1,0,0,1,1,0,1,0,2,1,2,1,1,1,1,1,1,2,0,1,1,1,2,2,1,1,1,2,1,0,1,1,0,2,0,1,1,1,0,1,1,2,1,0,1,0,1,1,2,0,0,1,0,1,1,0,0,0,0,1,0,0,0,1,0,0,0,0,1,1,0,1,1,0,0,1,1,1,1,0,1,1,0,0,0,1,0,0,0,2,0,1,0,2,1,0,1,0,1,0,1,2,0,1,0,0,1,2,0,1,1,1,1,2,1,2,1,0,0,0,0,0,0,1,0,0,1,1,0,1,1,0,1,1,1,1,1,0,1,0,1,0,1,0,2,0,1,1,0,0,0,2,1,0,1,2,1,1,0,1,1,0,1,0,1,1,0,0,1,2,1,0,1,1,1,0,0,1
KL1156,1,2,1,1,2,2,0,2,1,0,2,2,2,1,0,1,1,1,1,0,1,1,1,1,0,2,1,0,1,0,1,0,1,1,1,0,1,0,1,0,1,2,2,1,1,2,2,2,1,2,2,2,2,1,1,2,2,1,2,1,1,2,1,1,1,2,2,1,1,2,0,0,1,1,1,2,1,1,1,1,0,0,1,0,1,1,0,0,1,0,0,0,1,0,1,0,0,2,1,1,0,0,2,0,0,0,1,0,0,0,0,2,0,0,0,0,1,0,0,1,1,0,0,1,1,0,0,0,0,2,0,2,2,2,1,1,0,1,0,1,0,1,0,0,0,1,1,1,2,1,2,0,1,0,0,1,2,0,1,1,1,1,0,0,0,0,1,0,0,0,1,1,1,0,0,0,1,2,0,2,0,1,0,0,1,0,1,2,1,1,0,0,0,0,1,1,1,1,0,0
KL1157,2,1,2,2,1,2,2,2,1,1,2,2,2,1,0,0,2,2,2,1,0,1,1,1,2,1,1,1,2,1,2,0,1,1,1,0,1,0,2,0,0,0,1,2,1,2,0,0,1,2,1,1,1,1,0,2,1,0,1,2,1,0,1,0,0,1,2,1,2,1,0,1,0,1,1,0,0,2,0,0,2,1,0,0,1,0,1,0,0,0,1,0,0,0,1,1,1,0,0,0,0,1,0,0,2,1,1,2,0,0,1,1,1,1,1,0,1,1,1,0,0,0,1,0,0,1,1,0,0,2,1,0,0,1,1,2,0,1,2,1,0,2,1,1,0,1,1,1,1,0,1,0,0,0,1,1,2,1,1,0,0,0,1,1,1,2,1,1,0,2,1,1,0,1,1,0,0,1,1,0,1,1,2,0,1,1,1,1,0,1,0,0,0,0,0,1,0,1,1,1
KL1158,0,1,0,1,0,2,1,1,1,2,0,1,2,1,1,2,2,1,2,0,2,1,1,2,0,0,1,1,1,0,2,1,2,1,1,1,2,2,1,1,0,1,1,2,1,2,0,0,2,1,1,2,2,0,0,1,0,2,2,1,1,0,1,2,0,2,1,1,2,1,2,0,0,1,0,2,0,1,0,0,0,1,0,1,1,0,0,0,0,0,0,0,0,1,1,1,0,1,1,1,1,0,0,0,1,0,1,1,1,0,1,0,2,1,0,1,0,0,1,1,1,0,0,0,1,1,0,0,0,1,0,0,2,2,2,2,1,0,1,1,2,2,1,0,2,0,1,2,0,0,1,0,1,0,0,1,0,0,2,0,1,1,2,1,1,1,0,0,1,0,1,1,0,0,0,0,1,2,0,1,1,1,1,0,2,1,0,0,2,0,1,1,1,0,0,0,0,0,0,1
KL1159,1,0,1,1,2,1,2,0,0,1,1,2,1,0,0,2,0,0,2,0,1,0,2,2,1,0,2,2,1,0,1,1,2,1,1,1,1,0,2,1,2,1,1,2,2,2,0,0,2,1,0,0,2,0,2,2,0,2,1,0,1,1,0,1,0,0,1,2,1,1,0,2,0,1,0,0,0,2,0,1,2,0,1,1,1,1,0,0,0,1,0,0,0,1,0,0,1,1,0,1,1,0,2,1,0,1,0,0,0,0,0,2,2,1,0,0,0,1,1,0,0,1,0,1,0,0,0,0,1,2,1,1,2,0,1,1,1,1,2,0,0,0,0,1,0,0,1,1,1,0,1,0,0,2,0,0,0,0,0,0,1,1,1,0,1,0,0,1,1,0,1,1,2,2,2,0,0,1,1,2,1,1,1,0,0,0,1,1,1,0,2,0,0,0,0,1,1,2,0,0
KL1160,1,1,1,2,0,2,2,0,0,2,1,1,1,0,0,2,1,2,2,1,1,2,2,2,0,1,0,1,1,1,2,0,1,0,0,1,1,1,1,2,0,0,1,2,2,2,2,1,1,1,0,1,2,0,0,2,1,0,2,2,1,0,1,1,0,0,1,2,0,1,0,0,1,1,0,0,1,0,2,0,1,0,0,0,1,0,1,0,0,1,0,1,0,1,1,1,0,1,1,1,0,0,1,0,0,0,1,2,0,0,0,0,1,1,0,0,1,2,0,1,1,1,2,1,1,0,0,0,0,1,0,2,0,0,1,0,1,1,0,0,0,0,0,0,0,0,2,2,2,0,1,0,2,1,1,1,1,1,2,0,0,1,0,0,1,1,1,0,1,0,0,1,0,0,1,0,1,2,1,1,0,0,2,1,0,0,1,2,0,0,1,1,0,0,0,2,0,2,0,1
KL1161,2,1,0,2,2,2,2,2,0,0,0,2,2,1,2,2,1,0,2,1,0,0,1,2,1,0,2,0,1,1,2,1,2,1,2,0,2,1,2,2,1,1,0,2,2,2,0,0,0,0,0,2,1,2,1,1,2,1,2,1,2,1,2,1,2,1,2,0,0,2,1,1,1,0,0,1,1,1,0,0,1,0,0,0,1,1,1,0,1,0,1,0,1,1,0,0,0,1,0,1,1,0,1,1,1,0,0,0,0,0,2,2,1,1,0,1,1,1,1,1,0,0,1,1,2,2,0,0,0,1,1,1,1,1,2,2,1,0,2,1,0,0,1,1,0,0,1,1,1,0,1,0,0,1,0,1,0,0,1,0,1,0,0,0,0,0,0,0,0,2,0,1,0,0,0,0,0,1,1,0,0,1,0,0,2,0,1,1,0,2,0,0,0,1,0,1,1,0,1,1
KL1162,1,1,0,2,0,1,2,1,0,1,2,2,1,0,1,0,1,1,1,1,1,1,0,1,1,1,2,0,1,1,2,1,1,1,1,2,1,2,2,1,1,1,1,1,0,2,1,0,1,2,1,2,1,0,0,2,1,1,1,2,1,1,0,1,1,2,1,0,1,2,1,0,0,1,0,2,0,2,1,0,1,0,2,1,0,0,1,1,1,1,1,0,1,1,1,0,0,0,2,1,0,0,1,0,0,0,1,0,0,0,0,0,0,2,0,0,1,1,0,1,1,0,1,0,0,0,1,0,1,1,1,2,1,0,0,1,1,2,1,1,0,0,1,0,0,0,1,0,0,0,0,0,1,1,0,1,1,1,0,0,1,0,0,0,2,0,1,1,2,2,0,0,0,0,0,0,1,2,0,0,2,0,1,1,0,1,0,1,2,2,2,0,0,0,1,0,1,0,0,0
KL1163,2,1,2,1,1,0,1,1,1,1,1,2,2,1,0,1,2,1,2,1,2,2,2,1,0,1,2,1,2,1,0,2,2,2,2,0,1,0,1,1,0,0,0,2,1,2,0,1,1,1,1,1,1,0,0,1,2,1,1,1,1,1,1,1,0,1,2,1,1,1,0,0,2,0,0,0,0,1,1,0,2,0,1,1,1,0,1,0,0,0,0,0,0,1,0,0,0,1,2,1,0,0,0,0,0,1,0,0,1,0,1,1,1,1,0,0,1,1,1,1,1,0,1,0,0,0,0,0,1,1,0,0,2,0,2,2,2,1,2,2,0,0,0,0,0,2,1,2,2,1,1,1,0,0,1,1,1,0,1,0,2,0,0,0,1,1,0,1,1,1,1,1,1,1,2,0,2,0,1,1,0,2,1,1,0,0,0,1,0,1,1,1,0,0,1,1,1,1,1,1
KL1164,1,0,2,2,0,1,2,2,2,0,0,1,1,1,2,1,0,1,2,0,1,1,1,1,2,1,2,1,1,1,1,1,2,0,1,1,1,0,2,1,2,1,0,0,1,1,0,0,1,2,0,2,0,1,0,2,2,1,1,1,0,1,0,1,1,1,2,2,1,1,1,2,1,0,0,0,1,1,0,1,1,0,0,0,1,2,0,0,0,1,1,0,1,0,1,0,0,1,1,1,1,0,1,2,1,0,1,0,0,1,2,1,1,1,0,0,2,0,1,0,0,0,0,0,0,0,0,0,0,1,0,0,1,1,1,2,0,0,1,0,0,0,1,1,0,1,0,1,1,0,0,0,1,1,1,1,2,0,1,0,0,0,0,0,1,0,1,1,1,0,0,1,0,1,1,0,1,2,0,2,1,2,0,1,1,0,2,1,1,1,1,0,0,1,1,2,1,1,0,1
KL1165,1,1,0,2,0,0,1,2,1,1,2,2,1,0,1,2,1,2,1,0,1,0,2,2,0,1,2,1,2,0,0,1,1,1,2,2,1,1,2,1,1,1,0,1,1,2,2,0,1,2,1,1,1,0,2,2,2,0,2,0,0,0,2,1,1,2,1,1,2,1,0,1,1,0,0,0,1,0,0,0,2,0,1,1,0,1,1,0,0,1,1,0,0,1,2,1,0,1,1,0,0,0,2,1,1,1,2,2,0,0,0,0,1,1,0,0,0,1,0,0,0,0,0,0,0,0,1,0,0,1,0,1,2,0,1,1,1,2,2,1,0,1,1,0,0,1,1,2,1,1,2,0,1,1,1,1,0,1,1,0,1,0,2,1,1,1,1,0,1,1,1,0,0,0,0,1,0,1,2,1,1,0,1,0,1,0,0,1,1,0,0,0,0,2,0,1,0,0,0,0
KL1166,2,2,1,1,0,2,2,2,0,1,0,1,1,2,1,0,2,2,2,0,1,2,0,0,0,2,2,0,1,0,2,1,2,1,0,0,2,1,1,1,0,2,0,2,2,2,2,0,1,1,1,1,2,2,1,1,1,0,0,1,2,1,2,1,2,1,1,2,2,2,1,0,0,1,0,1,1,1,1,0,0,1,1,0,1,1,0,0,0,0,0,1,0,0,1,0,0,0,0,1,0,2,0,1,1,1,2,1,0,1,1,0,0,1,0,0,1,0,0,0,0,0,0,1,1,0,0,0,2,1,0,0,1,1,0,1,0,1,0,2,0,0,1,1,0,2,1,1,2,0,0,0,0,1,1,1,1,0,1,0,0,0,1,0,1,0,1,1,1,0,0,2,1,1,1,0,1,1,2,0,1,0,0,0,0,0,0,1,0,1,0,1,0,0,1,2,0,1,0,1
KL1167,2,0,0,1,0,2,2,2,1,1,1,2,2,0,2,1,1,0,1,1,1,2,1,0,1,1,2,1,1,2,1,0,2,1,0,0,2,0,2,2,2,1,1,1,1,2,0,1,2,1,1,2,1,0,1,1,0,0,2,1,1,1,1,1,2,1,2,0,2,1,0,0,1,0,1,0,0,1,1,0,1,0,0,1,1,1,0,0,1,0,0,0,0,0,0,0,1,0,1,1,0,1,0,0,1,1,2,1,0,0,0,2,1,0,0,1,1,1,0,0,0,0,0,0,1,1,2,1,0,0,0,0,2,1,2,2,2,0,1,0,0,1,2,2,1,0,0,1,1,0,1,0,1,0,1,0,0,1,2,0,1,1,0,0,0,1,0,1,0,2,0,2,0,1,0,0,0,1,1,1,0,1,1,0,0,0,1,2,0,2,0,0,1,0,2,1,1,0,0,1
KL1168,1,0,1,2,1,1,1,2,1,0,0,2,2,0,0,1,2,1,2,2,1,2,1,1,1,1,1,1,2,0,2,1,1,0,1,0,1,2,2,0,2,0,1,2,1,2,0,0,1,1,1,2,0,1,0,1,0,1,0,2,1,0,0,1,1,2,2,1,2,1,1,0,1,1,0,0,1,0,0,0,0,0,0,0,0,0,0,0,1,0,0,0,1,2,1,0,1,1,1,2,1,2,1,1,1,0,2,0,0,0,0,1,0,1,0,1,1,1,2,0,1,0,1,1,0,0,0,0,0,1,0,0,2,0,0,0,1,1,0,2,0,1,1,0,0,1,2,1,1,0,0,0,0,0,1,2,0,0,2,0,1,0,1,0,0,0,0,1,1,0,0,0,0,1,1,0,0,1,0,1,2,0,2,0,1,0,0,2,0,0,0,2,0,1,0,0,1,1,0,0
KL1169,2,0,1,2,0,1,2,2,2,1,2,1,2,0,1,2,2,1,2,0,2,0,0,0,0,0,2,2,1,1,1,1,2,1,2,0,2,1,2,2,2,1,2,2,0,1,0,1,0,0,2,1,0,1,0,2,2,1,1,1,1,2,1,1,2,1,1,0,1,1,0,1,1,1,0,0,0,2,1,1,1,0,0,2,1,0,0,0,0,0,1,0,0,1,1,1,0,1,2,0,0,0,1,0,1,0,1,0,0,0,0,1,0,0,0,0,2,0,1,0,0,0,0,1,1,0,0,1,0,2,0,0,1,1,0,1,2,2,2,0,1,2,1,0,0,1,1,2,0,0,2,0,0,1,1,1,0,0,1,0,0,1,0,1,1,0,1,1,1,0,0,1,1,0,1,0,2,0,2,1,0,1,1,0,1,0,0,1,2,2,0,0,1,0,1,0,0,1,1,0
KL1170,2,0,1,1,1,0,2,1,2,1,2,2,2,1,1,2,1,2,0,1,1,0,1,2,1,2,1,0,1,2,1,0,2,0,2,0,2,0,1,1,1,1,1,1,2,1,1,0,1,2,1,1,2,2,0,2,1,1,2,1,1,2,0,1,2,0,1,0,2,0,0,0,1,2,0,2,1,1,0,0,0,0,2,0,1,0,1,0,0,0,0,0,0,2,0,0,0,0,0,0,1,0,1,1,1,1,0,1,1,0,0,0,1,1,1,0,0,0,0,0,0,1,1,2,1,1,1,0,1,2,0,0,1,2,1,0,2,0,0,1,1,0,1,0,0,1,1,1,0,0,1,0,0,0,0,1,0,0,1,0,1,0,1,0,0,0,1,1,2,1,0,0,0,1,1,0,0,1,0,1,1,0,1,1,1,0,1,2,0,0,1,1,0,0,0,1,0,0,0,1
KL1171,0,1,0,2,1,1,2,1,1,2,1,2,2,2,1,2,1,0,2,0,1,1,1,2,1,2,2,1,0,0,0,1,2,1,0,0,1,0,2,0,1,1,0,0,2,2,2,2,2,1,0,2,1,1,1,2,2,0,0,1,0,0,1,2,1,0,2,2,1,2,1,1,1,2,1,1,1,1,1,0,0,0,1,0,1,0,0,0,0,0,0,0,0,2,1,0,0,1,1,1,0,1,0,1,1,2,1,0,0,0,0,1,0,1,0,1,1,0,1,0,1,0,1,1,1,2,1,0,1,2,1,1,2,1,2,0,0,0,1,1,0,0,0,1,0,0,0,2,1,0,1,0,0,0,1,0,0,0,0,0,1,0,1,1,0,1,2,2,1,0,0,0,1,1,0,0,0,0,1,1,0,0,1,0,0,0,1,1,1,1,0,0,0,0,0,2,1,2,1,1
KL1172,1,1,0,1,1,1,2,0,0,1,1,2,2,0,0,2,1,1,2,1,0,2,1,1,0,1,0,2,1,0,2,2,1,2,1,0,2,2,1,1,2,0,1,0,0,1,1,1,2,0,0,1,2,1,0,1,2,0,2,1,1,0,1,0,1,0,1,0,1,1,0,0,2,0,0,1,0,1,0,0,1,1,2,1,1,2,1,0,0,0,0,1,0,0,1,0,0,0,1,0,0,0,1,1,0,0,1,0,0,1,1,0,1,2,0,0,0,0,1,0,1,0,1,0,2,2,0,1,0,1,0,1,1,0,2,0,0,0,1,0,0,1,1,0,1,1,1,0,1,0,1,1,0,0,0,2,1,0,0,1,1,0,2,1,0,0,1,1,1,1,0,1,0,0,1,0,1,0,0,0,0,1,1,0,0,0,1,0,0,1,2,2,0,1,1,2,0,1,0,0
KL1173,2,0,0,2,2,2,1,1,1,0,1,1,2,1,1,1,1,1,2,1,0,0,1,1,0,1,2,0,1,0,2,1,1,1,0,1,2,2,2,2,0,2,0,0,2,2,1,0,2,2,2,0,1,2,2,2,2,0,1,1,0,0,2,0,0,2,1,0,1,2,0,0,1,2,0,2,0,1,0,0,1,2,2,1,2,1,0,0,0,0,2,0,0,1,0,0,0,2,1,0,0,0,2,1,0,1,1,0,0,1,1,0,2,2,0,0,1,1,0,1,0,0,1,0,2,1,0,0,1,2,1,1,1,1,0,1,2,1,1,1,0,0,2,1,0,0,1,2,0,1,1,0,0,0,2,1,1,0,2,0,0,1,1,0,1,0,0,1,2,0,0,1,0,1,0,1,1,2,1,1,0,1,0,0,0,0,2,1,0,0,0,1,0,1,1,1,0,0,1,1
KL1174,1,0,0,2,1,2,1,2,1,1,1,2,2,0,0,2,1,1,2,1,1,1,1,2,0,0,1,1,2,0,2,2,1,1,1,2,1,0,1,1,0,0,2,1,1,2,1,0,1,2,1,2,2,1,0,2,2,1,1,0,2,1,1,0,1,2,2,0,0,1,0,2,1,0,0,1,0,1,2,1,1,0,0,1,0,1,2,0,0,1,1,1,1,0,1,1,0,1,0,2,1,1,0,1,0,0,1,1,0,0,0,0,0,0,0,0,2,0,1,0,1,1,1,0,0,0,1,0,1,1,0,1,1,0,2,2,1,0,0,1,0,0,0,2,0,0,2,1,1,0,2,1,0,2,1,0,1,0,0,0,0,0,1,1,0,0,0,1,0,0,1,2,0,2,1,0,1,0,0,2,1,1,1,0,1,0,1,1,0,0,0,1,0,0,1,2,1,1,0,1
KL1175,0,1,0,0,1,0,1,1,0,1,2,2,2,2,1,2,1,0,1,0,0,2,1,1,0,2,2,1,1,0,1,2,1,2,1,2,2,0,0,1,1,1,2,1,1,1,2,2,1,1,1,2,2,0,0,1,1,1,2,1,0,0,1,2,1,1,1,1,0,2,0,1,0,1,0,2,0,0,1,0,2,2,2,1,1,0,2,0,0,1,0,0,1,1,0,0,0,2,0,1,1,0,2,0,0,0,1,0,2,0,0,1,1,1,0,0,1,0,0,1,1,1,0,1,0,0,1,0,1,2,1,2,0,1,0,0,0,0,0,0,0,0,1,0,1,0,1,0,1,1,0,0,0,1,2,1,1,1,2,0,0,1,0,0,1,1,0,2,2,1,0,0,0,2,1,0,1,1,0,0,0,2,1,1,0,0,1,0,0,2,2,2,0,0,0,1,1,1,1,0
KL1176,1,1,1,2,0,2,2,1,1,1,1,1,2,1,1,1,1,2,1,0,1,0,0,1,1,1,1,1,1,0,1,1,1,1,1,0,1,0,1,1,0,0,0,2,2,1,1,1,2,2,1,2,0,1,2,1,2,1,1,2,2,0,1,0,0,1,0,1,2,1,0,1,1,2,0,1,1,2,1,1,0,0,0,1,0,1,2,0,0,0,1,0,0,2,1,1,1,1,1,1,1,0,1,0,1,0,1,1,0,1,0,0,1,0,0,0,0,0,0,0,0,1,2,0,1,0,1,0,1,0,0,1,1,0,1,1,1,1,2,0,1,1,2,1,1,0,1,2,2,0,1,0,0,0,0,0,1,1,2,0,1,0,1,0,0,2,2,1,0,0,0,1,0,0,2,0,0,2,1,0,0,1,1,0,0,0,1,0,2,1,2,2,0,0,1,1,2,1,0,0
KL1177,0,0,1,2,0,1,2,2,1,0,1,1,1,0,0,2,0,2,2,1,0,1,2,1,0,1,1,2,0,2,2,1,0,0,2,1,2,0,2,0,1,1,2,1,0,2,1,1,2,2,0,2,2,1,0,2,0,1,1,1,0,1,1,1,1,0,2,0,2,1,0,0,0,1,0,1,0,2,0,0,1,0,1,0,0,1,1,0,0,0,0,0,0,0,0,0,0,0,0,1,0,1,1,0,0,0,2,0,0,0,0,2,0,1,0,0,0,1,0,1,1,0,1,0,0,1,0,0,1,0,1,0,2,1,0,1,2,1,0,1,0,0,1,1,0,0,1,1,1,0,0,0,0,0,2,0,0,0,0,0,0,0,0,1,2,2,0,1,2,1,0,0,1,1,0,0,0,0,1,1,0,1,1,0,0,0,1,1,1,2,1,2,0,1,0,1,0,0,0,1
KL1178,2,1,0,1,2,2,1,0,2,2,0,1,2,0,1,2,2,2,2,1,0,0,2,2,0,0,1,1,0,0,1,1,1,0,0,1,1,0,1,1,2,1,1,2,2,2,2,1,1,1,1,1,1,0,1,1,0,0,2,1,0,2,0,1,1,2,0,0,0,2,0,0,2,0,1,1,0,1,1,0,0,1,2,1,0,1,0,0,0,0,0,0,0,0,0,0,0,0,0,1,1,0,2,0,0,2,1,2,0,1,1,0,1,1,0,0,2,1,0,0,0,0,0,0,1,1,0,0,2,1,1,1,1,0,1,0,0,0,1,2,0,0,1,1,1,1,1,1,1,0,1,0,0,0,0,1,0,0,2,0,2,0,2,0,0,0,1,2,1,1,0,0,1,0,0,0,0,1,2,2,1,1,2,0,0,0,0,1,1,1,0,1,1,0,0,0,0,2,0,2
KL1179,1,0,1,2,0,1,2,1,0,2,0,1,1,0,2,2,2,2,2,0,1,2,2,2,0,0,1,0,1,2,2,0,1,0,0,1,2,1,2,0,2,1,1,0,1,2,1,1,1,1,1,1,0,1,1,1,1,0,0,1,0,0,1,2,2,1,1,0,2,1,1,1,0,1,0,2,0,2,1,0,0,1,2,2,1,2,1,0,1,0,1,0,0,1,0,0,0,2,0,1,0,0,1,0,1,0,1,0,1,1,1,0,1,1,0,0,1,1,1,1,0,0,0,1,0,0,0,0,0,0,0,1,1,0,0,1,2,1,1,2,0,1,1,0,0,1,1,1,0,0,1,0,0,0,1,1,1,0,0,0,2,1,1,1,1,1,0,0,0,1,0,1,0,0,0,0,1,1,2,0,0,2,1,0,0,0,0,1,1,0,0,0,1,1,2,0,0,2,0,0
KL1180,1,0,1,2,1,2,2,0,1,1,2,1,2,1,0,1,1,1,1,0,1,1,1,2,1,2,2,0,2,0,2,0,2,1,2,1,1,1,2,0,1,1,0,2,0,2,1,1,0,1,1,2,2,0,1,2,1,1,1,1,1,0,1,2,1,1,2,1,0,1,0,0,1,0,0,1,1,0,0,1,1,1,1,1,0,0,2,0,0,1,0,0,0,1,1,0,0,1,2,0,0,0,1,0,1,0,2,1,0,0,1,0,2,2,0,0,1,0,1,1,1,0,1,1,0,0,1,0,0,0,1,0,1,1,2,1,1,0,0,0,0,1,1,1,0,1,1,1,1,0,0,1,0,0,0,1,0,1,1,0,1,1,0,0,0,1,0,1,0,1,0,1,0,1,1,0,1,1,1,1,0,1,1,0,0,1,2,0,0,0,1,2,0,1,0,1,1,0,0,0
KL1181,1,0,0,1,0,2,1,2,0,1,1,1,2,1,0,1,0,1,2,0,0,1,2,1,0,0,1,2,1,1,1,1,2,1,0,1,1,0,2,1,0,1,0,2,0,2,0,0,1,2,1,0,1,1,0,2,1,0,2,1,0,1,1,1,2,1,1,0,1,1,0,0,1,2,1,1,0,2,1,0,0,0,2,0,1,1,1,0,1,1,1,0,0,1,0,0,1,2,1,0,1,1,1,0,1,0,1,2,0,0,0,0,1,1,0,0,1,1,2,1,0,0,1,0,0,1,0,0,0,0,1,0,0,0,1,2,2,1,0,1,0,1,1,0,0,0,1,2,0,0,1,0,0,2,1,1,1,1,1,0,1,0,0,2,0,1,1,0,2,1,0,0,1,0,1,0,0,1,0,1,0,0,0,0,2,0,1,0,1,1,1,1,1,0,1,1,0,1,1,0
KL1182,2,0,1,2,0,1,1,2,0,0,2,1,2,1,1,0,1,2,2,0,0,1,2,1,1,1,2,2,1,1,1,1,1,1,1,0,1,1,0,1,0,0,1,2,2,2,0,1,1,1,1,2,2,1,2,2,0,0,2,0,1,0,1,1,1,0,1,1,1,1,1,2,1,2,0,0,0,2,0,0,0,0,1,2,2,0,0,0,0,0,0,0,0,1,1,0,0,1,1,1,0,0,0,1,1,0,1,1,0,0,0,1,0,1,0,1,2,0,0,1,0,0,1,0,2,1,1,1,0,1,1,1,2,0,0,1,1,2,0,1,0,1,1,0,0,0,1,1,1,0,1,1,0,1,1,0,1,0,1,0,1,0,2,1,1,1,1,1,1,0,0,1,0,0,0,0,0,1,2,0,0,0,1,0,0,0,1,1,0,0,1,1,0,0,0,1,2,0,1,1
KL1183,1,2,1,2,1,1,1,1,1,1,1,2,1,2,0,2,1,1,1,1,2,2,2,1,0,2,2,1,1,0,2,1,2,1,1,1,2,2,2,1,0,0,1,2,1,2,2,2,1,2,0,1,1,1,0,2,2,0,1,1,0,1,1,2,0,0,1,1,1,2,0,1,0,0,1,2,0,2,2,0,0,0,2,1,0,1,1,0,0,0,0,1,0,1,1,1,0,1,1,1,0,0,1,2,1,0,1,1,1,0,1,1,1,2,0,1,0,0,2,0,0,0,1,1,1,1,1,0,2,1,1,1,1,0,0,0,0,1,1,1,0,0,2,0,1,1,1,1,1,0,1,1,1,2,0,2,0,1,1,0,1,0,1,1,1,0,0,0,1,1,0,1,0,0,1,1,0,1,0,1,0,0,0,0,0,0,0,2,2,1,0,0,0,0,1,0,2,1,0,0
KL1184,1,0,1,0,1,1,2,1,1,2,2,1,2,1,1,1,1,1,2,1,2,2,1,0,1,1,1,2,1,1,1,2,2,0,0,1,1,0,1,0,2,1,1,2,2,2,0,1,1,2,0,1,1,1,0,0,2,2,2,1,1,1,2,0,1,1,1,2,2,2,1,1,0,0,0,1,1,1,1,0,1,0,1,1,2,0,2,0,0,0,0,1,0,0,0,0,1,1,1,1,0,1,1,0,0,1,1,0,0,1,1,1,1,0,0,0,0,0,0,0,1,0,2,0,0,1,0,0,1,0,1,1,0,0,2,1,1,2,1,0,1,0,1,0,0,0,1,1,1,0,1,0,0,1,1,1,0,0,1,0,0,0,1,1,1,1,0,1,2,1,0,0,0,1,0,0,0,1,2,1,0,2,1,0,2,0,1,1,0,0,1,0,0,0,0,0,1,1,0,1
KL1185,1,1,2,1,0,1,2,1,0,0,1,1,1,1,1,1,1,2,2,1,0,0,2,1,0,1,2,1,0,0,2,2,2,1,2,1,2,1,1,2,1,0,0,1,0,2,1,1,1,1,1,1,1,2,0,1,2,0,2,1,1,1,1,2,1,2,2,1,0,2,0,0,2,2,1,2,0,2,2,0,1,0,0,2,0,0,1,0,1,2,0,0,0,2,0,0,0,1,0,2,0,1,0,0,0,0,1,1,0,1,1,1,2,1,0,0,0,0,1,0,1,1,0,0,0,2,2,0,1,1,1,2,1,2,2,1,0,2,0,1,0,0,1,1,0,0,1,0,1,0,1,0,0,0,0,2,0,0,1,0,1,1,0,1,2,1,0,1,1,0,0,2,0,0,1,0,0,1,1,1,0,1,1,0,0,0,1,1,1,1,0,0,0,1,1,0,0,2,0,1
KL1186,2,0,1,2,0,2,2,2,0,2,1,1,2,1,1,1,1,2,0,1,1,1,2,1,1,1,2,1,1,1,1,0,2,1,1,1,1,2,1,0,0,0,0,1,0,2,0,1,1,0,1,2,2,1,0,2,2,1,0,1,0,1,2,2,0,1,2,2,1,2,0,1,0,0,0,2,1,1,2,0,2,1,1,1,1,0,0,0,0,0,1,1,0,1,2,1,0,1,0,1,0,1,2,1,0,0,0,0,1,1,0,1,0,2,1,1,0,0,1,1,1,2,0,0,1,0,0,0,2,0,0,2,2,0,1,1,2,1,0,1,0,0,2,0,1,1,0,1,2,0,2,0,1,1,0,0,1,1,1,0,0,0,0,1,0,1,0,0,1,2,0,1,0,1,1,0,0,1,1,1,1,1,0,0,1,1,1,2,2,0,1,2,1,1,1,1,0,1,1,0
KL1187,0,1,1,2,0,2,1,2,1,2,2,0,1,2,0,1,2,1,2,1,1,1,2,2,0,2,2,1,1,2,1,0,1,1,2,1,2,0,2,1,1,1,0,1,0,2,0,0,1,1,1,2,1,2,0,1,1,0,1,2,1,1,1,0,1,1,0,2,0,1,0,0,1,0,0,0,1,1,0,1,1,0,2,0,1,0,1,0,0,0,0,0,0,1,0,0,0,0,1,1,0,0,0,1,0,0,1,0,0,0,1,1,1,1,0,0,1,0,2,1,0,0,0,1,0,0,1,0,2,0,1,2,1,0,0,0,0,0,1,1,1,1,1,0,0,0,1,1,0,1,0,1,0,0,1,1,1,1,0,0,1,0,1,1,1,0,0,0,0,0,1,0,0,1,0,0,0,0,1,1,1,0,1,0,1,0,1,1,0,1,2,1,0,1,0,0,0,1,2,0
KL1188,2,1,1,2,1,0,2,2,0,0,2,1,2,0,1,0,2,1,1,2,1,1,2,1,0,1,2,1,2,1,1,2,2,1,0,2,1,0,2,0,1,0,1,0,0,2,1,0,2,1,0,1,1,0,2,0,2,1,0,1,1,2,1,2,0,2,2,2,1,0,0,0,1,1,1,0,0,1,1,0,1,0,1,1,2,0,0,1,0,0,1,0,0,2,1,0,0,2,1,1,0,0,0,1,2,0,0,1,0,1,0,0,2,2,0,0,0,1,1,1,1,1,0,1,0,1,1,0,0,2,0,1,1,1,1,1,1,2,1,0,0,1,1,1,0,2,1,2,0,0,1,0,0,0,0,0,1,0,0,1,0,0,1,1,1,1,0,0,1,1,0,1,1,2,0,2,1,0,0,0,0,1,2,0,1,0,1,1,1,2,1,2,0,0,0,1,0,0,1,1
KL1189,2,1,1,2,1,2,2,0,1,1,1,1,1,1,1,1,1,0,1,1,2,1,0,2,1,0,2,0,1,0,1,2,1,0,1,1,1,0,1,0,1,0,2,2,1,2,1,1,2,2,1,0,1,2,1,0,0,1,1,2,1,0,0,1,1,0,1,1,1,1,1,0,0,0,0,1,0,1,0,1,2,0,1,0,0,0,0,0,0,1,1,0,1,2,0,1,0,1,0,0,0,2,0,2,0,2,1,0,0,0,0,0,2,0,0,0,0,0,1,0,1,0,0,0,2,1,1,1,1,2,1,0,1,0,0,0,0,1,1,1,1,2,2,0,1,2,1,0,1,1,2,0,0,1,1,2,1,1,2,0,0,0,1,0,1,1,1,1,0,1,0,0,0,0,1,1,0,0,1,0,0,2,1,0,0,0,0,0,1,0,1,1,0,0,0,2,1,0,0,0
KL1190,0,1,2,1,1,1,1,2,0,0,1,2,1,1,2,1,1,2,1,1,1,1,0,1,0,0,1,1,2,0,1,2,2,0,1,0,2,1,2,0,0,2,0,1,1,2,1,0,1,2,1,1,0,1,0,2,1,0,2,1,1,0,1,0,2,2,1,1,1,0,1,0,1,2,1,0,0,1,0,0,1,0,1,1,2,0,2,0,1,2,1,1,0,1,0,0,0,1,0,0,0,0,2,1,2,0,0,1,0,0,0,0,1,0,0,1,1,0,0,0,0,0,1,0,1,1,0,0,2,0,0,1,0,0,0,1,0,2,2,1,0,0,1,0,0,1,1,1,2,0,1,1,0,1,0,2,0,1,0,0,1,0,0,1,0,0,0,1,1,0,1,0,0,1,1,0,0,2,2,1,0,0,0,0,0,0,1,2,1,0,1,2,0,0,1,0,0,1,1,0
KL1191,2,1,1,1,1,1,2,1,0,1,1,2,2,1,1,1,0,1,2,1,0,1,1,2,0,1,2,1,1,0,1,1,1,1,1,0,2,0,1,1,1,1,1,1,2,2,1,1,2,1,1,0,2,2,0,0,0,1,2,1,0,1,1,0,2,0,1,2,1,1,2,1,0,2,0,0,0,0,1,1,1,1,2,1,1,2,0,0,0,0,0,0,0,1,1,0,0,0,1,0,0,0,1,0,1,0,1,0,1,0,0,1,1,2,0,0,0,2,1,0,0,0,0,0,0,0,0,0,0,1,1,2,2,2,1,0,0,1,1,0,1,0,0,1,0,1,1,1,2,0,1,0,0,1,1,1,1,0,1,1,1,0,1,1,2,2,2,1,0,1,0,1,1,0,1,0,1,1,0,0,0,1,2,0,1,0,1,0,1,1,2,1,0,0,0,1,1,2,0,0
KL1192,1,0,0,2,1,2,2,1,1,0,0,2,2,1,0,1,1,1,2,0,2,1,0,1,0,0,1,1,2,1,1,0,2,0,2,1,1,1,2,0,1,1,0,1,1,2,2,2,1,1,0,2,2,0,1,1,1,0,0,2,0,0,1,2,2,1,1,2,1,1,0,2,0,0,0,0,0,1,1,0,2,1,0,1,1,1,1,0,0,1,0,0,1,0,0,0,1,1,1,0,0,0,0,0,1,0,1,2,0,1,0,1,1,1,0,0,0,1,0,0,0,0,0,1,0,1,0,0,1,0,1,2,1,0,1,1,2,1,0,0,1,0,0,0,0,2,2,0,0,0,1,1,0,0,2,0,0,0,2,0,1,0,1,1,1,0,1,0,2,0,0,0,0,0,0,0,1,1,1,0,0,1,0,0,1,0,0,1,0,0,0,1,1,0,0,0,0,1,1,0
KL1193,0,0,0,1,1,1,1,1,1,0,2,1,2,1,2,2,1,1,1,0,0,1,1,1,1,0,1,1,1,1,2,0,1,1,0,1,2,2,1,1,1,1,1,1,0,1,1,2,2,2,0,2,1,0,0,2,0,0,2,1,1,0,0,0,1,0,1,1,1,2,0,0,1,2,1,1,0,2,0,0,0,1,2,2,0,1,0,0,0,0,1,0,0,1,0,0,1,1,2,1,0,0,1,0,1,1,1,1,0,0,0,1,0,0,0,0,0,0,1,2,1,1,1,0,0,0,1,0,0,0,0,1,1,1,0,1,1,0,1,1,1,0,0,0,0,0,1,1,0,1,1,1,0,2,0,1,1,2,1,0,0,1,1,1,0,0,0,0,0,0,0,1,0,0,0,0,1,0,1,0,2,0,2,0,0,0,2,1,0,1,2,2,1,0,1,2,0,1,0,1
KL1194,1,1,1,1,0,2,2,1,1,0,0,2,1,0,0,2,1,1,2,1,0,1,0,2,2,1,2,0,0,1,2,0,1,1,0,1,1,1,1,0,1,2,1,2,1,2,2,0,1,1,0,1,1,1,0,0,2,0,2,1,1,1,1,1,0,1,2,1,2,1,0,1,1,1,0,2,0,1,0,0,0,0,2,2,0,0,1,0,0,0,0,0,0,0,1,0,0,2,1,2,0,0,2,1,1,0,0,0,0,0,1,0,2,0,0,0,1,0,1,0,0,0,0,0,2,0,1,0,1,2,0,2,0,2,0,0,2,0,0,1,1,1,0,2,0,1,2,2,1,0,1,0,0,1,1,1,1,0,0,0,2,0,0,0,2,0,1,0,0,0,0,2,1,1,0,1,1,2,2,1,0,2,0,1,0,0,1,1,0,1,0,0,0,1,1,1,0,0,0,0
KL1195,1,0,1,2,1,2,1,2,0,1,1,1,2,0,0,2,2,1,1,0,1,1,0,1,2,0,2,2,1,1,0,0,1,1,2,0,2,2,1,1,0,1,1,1,0,2,1,0,2,1,1,0,1,1,1,0,1,2,2,1,2,2,2,0,2,2,2,0,2,2,0,0,0,1,0,1,0,2,1,0,1,1,1,0,1,1,0,0,0,1,0,1,0,0,1,1,0,2,1,0,1,0,1,0,1,1,0,0,0,0,0,2,1,0,0,0,1,0,0,0,1,0,0,0,1,2,1,1,0,0,1,0,2,0,1,1,0,0,1,1,0,0,1,1,0,0,2,0,2,1,1,0,1,0,1,1,0,0,2,0,1,1,0,0,0,0,0,2,1,1,0,0,1,1,1,0,0,1,2,0,0,0,0,0,0,0,0,1,0,0,0,1,0,0,2,1,1,1,0,1
KL1196,1,1,1,1,0,0,2,2,0,1,1,1,2,2,1,1,2,1,1,0,1,1,1,2,0,1,1,1,1,0,2,1,2,1,2,0,1,0,1,2,1,1,1,1,0,2,1,0,1,0,1,2,0,2,0,2,0,1,1,0,1,1,1,1,0,1,1,2,0,2,0,0,0,1,0,1,1,1,1,0,1,0,0,1,2,1,1,0,0,0,0,1,0,1,0,1,0,1,1,0,0,0,2,1,2,0,1,1,0,0,0,0,2,1,0,1,1,0,1,1,1,0,0,0,0,0,1,1,2,2,0,1,1,1,1,1,2,2,2,0,1,2,2,0,1,0,0,1,1,0,2,0,0,0,0,1,1,1,1,1,1,0,0,1,0,1,1,0,1,0,0,0,1,0,0,0,1,2,0,1,1,1,1,0,1,1,1,2,1,0,0,1,0,0,1,0,0,1,0,0
KL1197,1,1,0,2,0,2,2,1,1,0,2,2,1,1,0,1,0,1,1,0,2,2,2,0,0,0,2,1,1,2,0,2,2,0,0,0,0,0,2,1,0,2,1,0,0,2,0,1,2,1,2,2,1,2,0,0,1,1,1,2,0,0,1,0,0,2,0,1,1,1,1,1,2,1,0,1,1,2,1,0,1,1,1,1,1,0,0,1,0,1,0,2,0,0,0,0,0,0,2,2,1,0,2,0,0,1,1,1,0,0,2,1,0,0,0,0,0,0,1,0,0,1,1,1,1,0,1,0,0,0,0,1,0,0,1,0,0,2,1,1,0,1,0,0,1,0,2,0,0,0,1,0,0,1,1,2,1,2,2,0,1,0,0,0,2,0,0,1,2,2,0,1,1,1,1,0,0,2,0,0,1,1,1,0,1,1,1,2,0,1,1,2,0,0,1,0,0,1,0,1
KL1198,2,1,2,1,2,1,2,1,0,2,0,2,2,0,1,1,1,1,0,0,1,1,1,1,1,0,2,0,2,0,1,1,1,1,2,1,2,0,1,1,2,2,1,1,0,2,2,2,2,1,1,1,1,0,0,0,0,1,2,2,0,1,1,1,1,1,1,0,0,1,1,1,0,1,0,1,1,0,1,0,0,0,1,0,1,1,2,0,0,0,1,0,0,0,0,0,0,0,1,1,0,1,0,0,0,0,1,1,0,1,0,2,0,1,0,0,0,0,0,0,1,1,2,1,1,0,1,0,0,0,1,0,2,0,1,2,1,0,2,1,1,1,1,1,1,1,1,2,0,0,0,0,0,1,1,2,0,2,2,0,2,1,1,2,1,1,1,1,1,1,1,2,0,0,1,0,0,0,2,1,0,0,1,0,1,0,2,1,1,0,0,0,0,0,1,0,1,1,0,1
KL1199,1,0,0,1,1,2,1,2,1,1,2,1,2,0,0,1,2,2,0,0,1,2,2,0,0,2,2,2,2,1,1,1,1,1,1,1,2,0,0,1,1,0,0,0,2,1,1,0,1,1,1,1,1,1,2,1,2,1,1,2,0,0,1,1,1,0,1,0,1,0,0,1,0,1,0,0,1,0,1,0,0,0,1,0,2,1,1,0,0,1,0,0,1,0,0,0,1,1,1,0,0,0,1,2,1,0,1,1,1,1,0,1,0,2,0,0,2,2,1,0,1,2,2,0,0,1,0,0,0,1,1,0,0,1,1,1,2,2,0,0,0,0,1,0,0,0,0,1,1,0,0,0,2,0,2,1,1,1,1,0,0,0,0,0,1,0,1,0,2,1,0,1,0,1,0,0,1,1,1,0,0,1,1,1,0,0,2,0,2,0,1,0,1,0,0,1,2,1,0,0
KL1200,1,1,1,0,1,2,2,1,2,1,1,2,2,1,1,1,2,2,1,0,1,2,2,1,1,1,1,1,2,1,2,1,0,1,0,1,2,0,2,0,0,2,2,2,0,2,0,0,1,1,0,2,2,1,0,2,0,0,1,2,1,1,1,2,0,1,2,1,1,2,1,0,0,2,1,0,0,1,0,0,2,1,2,1,0,0,0,1,0,0,2,0,0,1,0,0,0,1,0,2,0,1,0,1,1,0,2,1,0,0,0,2,0,1,0,0,0,1,0,0,2,0,1,0,0,1,0,0,1,2,0,1,1,0,1,0,1,1,1,1,0,0,0,0,0,2,0,2,1,0,1,1,0,0,0,0,1,0,0,0,0,0,1,1,1,1,0,0,0,2,0,1,1,1,0,0,0,1,2,2,0,1,0,0,1,0,1,2,1,1,1,2,0,1,1,2,0,2,0,0
KL1201,1,1,1,1,1,2,1,2,0,1,0,1,1,2,0,1,2,2,2,0,0,1,1,1,0,2,1,0,0,1,2,1,1,1,1,1,2,2,1,0,1,0,1,1,1,1,1,0,1,1,1,1,2,1,1,0,0,2,1,1,0,0,0,2,0,1,0,2,1,1,1,1,0,2,1,2,1,0,1,0,0,0,1,1,2,1,1,0,0,0,0,1,0,0,1,0,0,2,1,0,0,2,1,1,1,0,2,1,0,1,0,2,1,0,0,1,1,1,1,1,0,0,0,1,2,1,0,0,0,1,1,0,1,2,0,2,2,1,0,2,0,0,2,0,0,0,2,2,1,0,1,0,0,0,1,1,0,0,1,1,1,0,1,1,1,0,2,1,0,0,0,1,0,0,0,1,0,0,1,0,2,1,0,0,0,0,1,0,0,2,0,0,0,1,1,1,0,1,1,1
KL1202,1,0,0,2,1,2,2,1,0,1,0,2,2,1,1,2,1,1,0,0,1,2,2,2,1,1,2,0,1,0,1,1,1,2,1,0,2,2,1,2,0,2,1,2,1,1,0,1,2,1,0,1,2,0,0,1,1,0,1,1,0,1,1,1,1,2,1,1,0,1,0,1,0,1,1,1,0,1,0,0,0,0,0,1,1,1,0,0,1,1,0,1,1,1,1,1,0,1,1,2,1,0,0,1,0,0,1,0,0,0,1,1,1,1,0,0,1,0,0,1,1,0,1,1,2,2,1,2,1,2,1,1,1,0,0,1,0,1,1,0,0,0,0,0,0,0,2,2,1,0,0,0,0,0,2,1,0,1,2,0,1,1,0,0,1,0,0,0,2,1,0,1,0,2,0,0,0,0,1,0,0,1,0,1,0,1,0,2,0,1,0,2,1,0,0,0,0,1,0,2
KL1203,2,1,0,2,0,2,2,2,0,2,0,1,1,0,2,1,1,1,1,2,2,1,1,1,0,1,0,1,1,0,1,2,1,1,1,0,2,0,0,1,1,1,2,0,1,1,0,1,0,0,0,0,1,1,0,1,1,0,2,0,2,1,1,1,1,0,0,1,1,2,0,0,1,1,1,1,0,0,1,0,2,0,2,1,0,1,1,0,0,1,0,1,0,0,0,2,0,0,1,1,0,0,1,1,0,1,0,2,0,0,1,0,0,0,2,1,0,1,2,0,0,1,0,1,2,1,0,0,0,0,0,0,2,2,0,0,1,2,0,0,1,0,2,0,0,1,1,1,1,0,1,0,1,0,0,2,1,1,1,0,1,0,0,1,2,0,0,0,1,1,1,1,0,1,0,0,0,2,1,1,1,1,0,0,1,0,1,1,1,1,0,1,0,0,1,2,0,1,0,0
KL1204,1,1,1,2,0,2,1,2,2,1,1,1,0,0,2,2,2,2,2,1,1,1,1,1,0,1,0,1,2,0,2,2,2,1,0,1,1,0,1,0,1,1,1,0,2,2,1,0,0,2,1,2,2,1,0,1,1,1,1,2,0,0,0,1,0,0,1,1,1,2,1,1,1,2,0,1,0,2,1,0,1,0,0,0,2,1,0,0,1,0,0,1,0,1,2,0,0,2,2,0,0,0,1,1,0,0,1,1,0,0,1,1,0,1,0,0,0,0,1,1,0,1,0,2,0,0,1,0,0,1,0,1,1,1,1,0,1,1,1,0,0,1,1,1,0,0,1,2,1,0,1,1,0,0,1,1,2,0,2,0,0,0,1,1,1,1,0,1,1,2,0,0,1,0,1,0,1,1,1,1,1,1,1,0,1,0,1,0,0,1,0,0,0,1,0,1,1,1,0,0
KL1205,1,1,0,2,1,0,2,1,0,2,1,1,2,0,2,0,0,2,1,0,0,2,2,1,1,1,0,0,1,2,2,0,2,1,1,0,2,0,1,0,2,1,0,1,2,2,1,2,2,0,0,0,2,2,1,1,1,0,1,2,0,1,1,1,1,2,2,0,0,1,0,0,0,1,0,1,2,0,0,0,1,0,1,1,2,0,1,0,0,1,1,1,0,1,1,0,0,1,1,1,0,1,0,1,1,0,0,0,0,1,0,1,0,0,0,0,1,0,1,0,1,0,1,0,2,0,0,1,0,2,0,1,1,1,2,1,1,2,1,2,0,0,1,1,0,1,1,1,0,0,1,1,0,0,2,1,1,1,0,0,1,0,1,2,0,0,2,1,0,0,0,0,0,0,0,0,0,1,0,0,0,0,1,1,0,0,1,1,1,1,0,1,0,0,2,2,1,0,0,0
KL1206,1,1,1,2,0,2,1,1,1,0,2,1,0,1,1,2,1,2,2,1,0,2,2,0,1,1,2,1,0,0,0,2,1,1,0,2,1,1,2,1,1,2,1,2,1,2,1,0,1,1,0,2,1,1,0,2,1,2,1,0,1,1,2,2,1,2,1,1,0,1,1,1,0,0,1,0,1,0,1,0,0,0,0,1,1,1,0,0,0,0,0,0,0,0,1,0,0,1,0,0,0,0,0,1,0,1,1,1,0,0,0,0,1,0,1,0,1,1,0,0,1,0,0,1,0,0,1,0,0,1,0,1,0,1,1,1,1,0,2,0,0,0,1,1,1,1,0,1,0,0,1,0,2,0,2,0,1,0,2,0,1,1,2,1,1,2,0,0,2,1,0,1,0,1,1,1,0,1,1,2,0,1,1,1,0,0,1,2,0,2,2,0,0,1,1,2,1,2,0,1
KL1207,1,1,2,2,1,1,2,1,1,0,0,1,1,2,1,2,1,0,2,2,1,2,1,1,1,1,2,0,1,1,2,1,2,0,1,0,1,0,2,0,1,0,1,2,0,0,0,1,2,1,1,2,1,1,1,0,0,0,2,0,0,0,1,0,1,2,1,1,1,2,0,1,1,2,0,0,0,1,1,1,0,0,1,1,0,0,1,0,0,0,1,0,0,0,1,0,0,2,0,0,0,0,1,2,1,0,2,0,0,0,0,0,0,1,0,0,1,0,0,0,1,1,0,1,1,1,0,0,1,2,1,1,0,1,0,1,2,1,0,2,0,0,1,0,0,0,0,2,0,0,1,0,1,0,0,1,1,1,1,0,0,0,2,2,1,0,0,0,0,2,0,1,0,1,0,1,0,0,1,0,1,0,1,0,1,0,1,2,0,1,1,2,0,0,1,1,1,2,1,1
KL1208,2,1,0,2,1,2,2,1,0,1,1,2,2,0,0,0,1,1,1,2,1,2,1,1,1,1,2,1,2,2,2,2,2,1,1,0,1,1,2,1,0,0,1,0,2,1,0,0,1,1,1,1,0,0,0,1,1,0,1,2,2,0,0,2,2,1,2,1,1,2,0,2,1,1,1,1,1,1,0,0,1,0,2,1,0,0,0,0,0,0,0,0,0,1,1,2,1,1,1,0,0,1,0,0,1,1,0,1,1,0,0,1,0,1,0,0,0,0,0,1,0,0,1,0,0,0,0,0,2,1,0,2,0,1,0,1,0,1,1,0,0,0,0,0,2,0,2,0,0,0,0,0,0,1,0,0,0,0,2,0,0,0,1,0,1,0,0,2,1,1,0,1,0,1,1,0,2,1,2,0,1,1,0,1,0,0,0,1,1,0,1,1,0,0,0,1,1,2,0,0
KL1209,0,1,0,0,0,1,2,1,1,1,1,2,2,1,0,2,1,2,1,0,1,1,1,1,0,1,2,0,2,1,1,1,1,0,2,0,2,1,2,0,1,2,0,1,0,2,1,0,2,2,0,1,1,1,0,1,1,1,1,2,1,0,0,1,2,1,1,1,1,1,0,0,1,0,0,1,0,0,0,0,1,1,0,1,1,1,2,0,0,0,0,0,0,0,2,0,0,0,2,1,0,0,0,0,0,0,1,0,1,0,1,1,0,2,0,1,0,0,1,1,0,0,1,1,0,0,0,0,0,1,0,1,1,0,1,1,0,1,1,1,0,1,2,0,2,0,1,1,0,0,0,0,1,0,0,1,1,0,1,0,1,1,1,1,2,2,0,1,2,0,0,0,0,1,0,0,0,1,1,2,1,1,0,0,0,0,1,1,1,2,1,0,0,1,0,1,0,1,0,1
KL1210,1,1,1,0,1,1,2,2,1,0,1,1,2,1,2,1,1,0,1,0,2,1,1,2,1,0,1,0,1,0,2,0,1,2,1,0,2,1,2,1,2,2,0,1,1,2,1,1,1,1,0,0,2,2,1,1,1,1,1,0,0,1,0,1,1,1,1,1,1,2,1,2,0,1,0,2,0,1,0,0,0,0,1,1,2,2,1,0,0,0,0,0,0,0,0,0,0,0,1,0,0,1,1,1,2,0,1,0,0,0,0,1,2,1,0,0,1,0,2,0,1,0,1,0,2,0,0,0,0,0,1,0,1,0,0,2,1,1,0,1,0,0,1,0,0,0,0,1,0,0,1,0,0,1,1,0,2,1,1,0,2,1,0,0,2,1,1,1,1,2,2,1,0,1,1,0,0,1,0,1,1,0,1,0,1,0,1,1,1,1,1,2,1,1,1,0,0,1,0,1
KL1211,1,2,2,1,1,2,2,2,2,2,0,1,0,2,1,1,1,2,1,0,0,1,1,1,0,1,2,2,0,0,2,0,1,1,1,2,2,1,2,1,1,0,1,0,0,2,1,1,2,0,1,2,2,2,1,2,1,2,1,1,0,0,2,1,2,0,0,1,1,2,0,0,2,1,0,2,0,1,1,0,0,2,2,2,1,0,1,0,0,0,0,1,0,0,2,0,1,0,2,0,0,0,1,0,0,0,0,0,0,1,1,0,2,1,0,0,2,0,1,0,0,0,1,1,0,1,1,0,2,1,1,1,1,2,2,0,1,0,1,0,0,0,0,1,1,1,2,2,0,0,0,0,0,0,1,1,0,0,0,0,0,0,0,1,0,1,1,0,1,1,0,0,0,1,0,0,1,2,0,1,1,0,0,0,2,1,1,1,0,0,1,1,0,0,0,1,0,1,1,0
KL1212,0,1,0,1,0,2,2,2,0,1,1,2,2,1,1,2,0,1,1,1,2,1,0,1,1,1,2,1,0,2,1,1,0,1,2,2,1,1,2,1,0,2,0,1,1,2,1,1,1,1,1,1,1,2,0,1,2,2,1,2,0,0,0,0,1,1,1,1,1,2,1,1,0,0,0,1,0,2,1,0,0,0,1,1,1,1,1,0,0,0,1,0,0,0,0,0,1,2,2,2,0,0,2,0,0,1,1,2,1,1,0,1,0,0,0,0,1,0,1,0,0,0,0,1,0,0,0,0,1,0,0,2,2,1,1,0,1,1,1,0,1,0,2,0,0,0,1,1,1,0,0,0,2,0,0,0,2,0,0,0,1,1,0,0,0,0,0,1,0,1,1,1,0,0,1,0,0,0,0,1,0,1,1,0,0,0,1,1,0,0,1,1,0,0,0,1,0,1,0,0
KL1213,0,1,2,1,1,2,1,2,2,1,1,1,1,1,1,2,0,2,2,2,1,1,0,1,1,0,1,1,1,0,2,2,1,2,0,1,2,1,2,1,0,0,0,2,1,2,0,0,1,1,1,2,1,2,1,0,1,1,1,0,2,0,2,2,0,2,1,2,0,2,0,1,1,1,1,2,1,2,0,1,0,0,2,1,0,0,1,1,0,1,1,1,0,0,1,0,1,0,1,1,0,0,1,0,0,2,1,1,0,0,0,1,1,2,0,0,2,0,2,0,2,0,0,0,0,1,0,1,1,0,0,0,1,1,2,1,0,2,2,0,0,0,1,0,1,0,1,1,0,0,1,1,0,0,1,0,0,1,0,0,0,0,1,1,1,0,0,0,1,0,1,1,0,0,2,0,0,0,1,0,0,1,0,0,0,0,1,1,1,1,0,0,0,0,0,1,1,0,1,1
KL1214,1,0,0,1,2,0,1,2,0,2,1,1,1,0,1,2,2,2,2,0,2,2,2,0,1,0,2,1,2,0,1,1,2,1,0,0,1,1,1,2,0,2,1,1,2,2,1,1,1,1,1,1,1,0,0,2,1,2,1,1,1,0,1,1,0,1,1,1,0,2,0,0,0,1,1,2,1,1,1,0,1,1,0,1,0,0,2,0,0,2,0,0,0,0,1,0,0,0,1,0,1,1,1,0,0,0,0,1,0,0,1,1,1,0,0,0,2,0,0,0,2,0,0,0,2,0,0,0,1,1,0,1,1,0,0,0,1,1,2,1,1,0,0,0,1,0,2,1,1,0,2,0,0,0,1,0,1,0,0,0,1,2,0,1,1,1,1,1,0,0,0,1,2,2,0,0,1,2,0,2,0,1,1,0,0,0,0,1,1,2,1,1,1,0,0,0,1,1,0,0
KL1215,0,1,1,1,1,1,2,2,0,0,2,1,2,1,1,0,1,0,2,1,0,1,2,1,0,1,1,0,0,1,1,1,2,1,1,1,2,0,1,1,1,1,0,0,0,2,1,0,1,1,0,0,2,2,0,1,1,0,1,2,0,1,0,0,1,1,0,1,0,2,1,0,0,2,1,1,0,2,1,1,0,0,2,2,2,2,1,1,0,1,0,0,0,1,1,2,1,0,1,1,0,0,1,1,1,0,1,0,0,0,0,1,1,1,0,1,1,0,1,2,0,0,1,0,1,0,0,0,2,0,1,1,0,0,1,0,2,2,1,2,0,0,1,0,0,2,0,1,2,1,0,0,0,0,1,1,1,1,1,0,1,1,1,1,1,1,2,1,2,0,0,0,0,0,0,0,0,1,1,1,1,1,0,1,1,0,1,0,0,1,0,1,1,0,1,1,0,1,1,0
KL1216,1,2,1,2,0,2,2,2,1,2,1,2,1,2,2,0,2,1,1,1,0,2,2,1,0,1,0,1,2,0,2,1,2,0,0,0,2,1,2,1,2,1,1,0,1,2,0,0,1,2,1,2,2,0,0,2,2,0,1,0,1,2,0,1,0,2,2,1,1,1,1,1,1,1,0,2,0,1,0,1,1,0,0,2,2,1,1,0,0,0,0,0,0,2,1,1,0,1,0,1,1,0,0,1,1,0,1,0,0,0,0,1,1,1,0,0,2,0,2,1,0,0,1,2,1,0,0,1,1,0,1,0,0,2,2,0,2,2,0,1,0,0,2,1,0,1,0,0,1,0,2,0,1,0,1,2,0,0,1,0,0,1,0,0,0,0,1,1,0,1,0,1,0,1,0,1,0,1,1,1,0,0,0,0,0,0,1,1,1,1,0,0,0,0,2,0,1,1,0,1
KL1217,2,1,0,2,0,1,2,2,2,1,1,2,1,1,0,1,1,2,1,1,2,1,0,2,1,2,1,0,2,2,1,0,1,0,1,1,0,0,2,1,2,1,0,2,1,2,1,0,2,1,0,1,1,0,0,2,2,0,1,1,2,0,1,2,2,2,2,1,0,0,1,1,0,1,0,2,0,1,0,0,0,0,0,1,0,0,0,0,0,0,0,2,1,1,1,0,0,1,0,0,0,0,1,1,0,0,2,1,0,0,0,2,1,1,0,0,1,1,2,1,0,0,0,1,1,0,0,0,1,2,0,0,2,1,1,0,2,2,0,1,1,0,2,0,0,0,0,1,1,1,1,1,0,1,1,0,1,0,1,0,2,0,2,0,1,0,1,1,0,0,0,2,1,1,0,1,0,1,0,1,0,2,1,1,0,0,1,1,0,0,1,1,0,0,0,2,0,1,0,1
KL1218,1,0,0,2,0,2,1,1,0,0,2,2,2,1,1,2,1,2,2,1,2,1,1,1,2,0,1,2,0,1,2,2,2,0,2,1,2,0,2,0,2,2,0,0,0,2,1,1,1,0,0,0,1,1,2,2,0,0,2,1,2,2,0,1,2,0,2,1,2,2,1,0,0,0,0,2,1,1,0,1,2,1,2,1,0,1,0,0,0,0,2,0,1,1,0,1,0,0,1,0,0,2,1,0,0,0,0,0,0,0,1,0,1,0,1,0,1,1,1,1,0,1,0,0,1,0,1,1,1,1,0,1,1,1,1,1,0,1,0,1,1,0,1,0,1,1,0,2,0,0,1,0,0,0,0,1,1,1,1,0,2,1,0,0,1,0,1,1,2,0,0,1,1,0,0,0,0,1,0,0,1,0,0,0,0,0,1,0,0,0,0,1,0,0,1,2,1,1,0,1
KL1219,2,1,0,1,1,0,2,2,2,2,2,2,2,2,1,2,0,1,2,1,1,2,0,0,1,1,2,0,1,1,0,1,1,1,1,1,1,0,1,0,1,2,0,1,1,1,1,1,1,2,1,2,2,2,0,0,1,0,2,2,0,1,0,1,1,0,2,2,0,2,1,0,1,0,0,0,1,1,0,0,1,0,1,1,0,0,0,0,0,0,0,1,2,0,1,0,0,1,2,1,0,1,1,0,1,1,1,0,0,0,0,0,0,1,0,1,1,1,0,0,0,0,2,1,2,0,0,0,0,1,0,0,1,1,0,1,0,0,1,0,0,0,1,0,1,2,2,1,0,0,1,0,1,0,2,2,1,0,1,0,0,0,0,1,0,1,0,1,1,1,0,1,0,0,1,0,0,0,1,0,0,1,1,0,1,0,1,0,1,1,0,1,0,0,0,1,1,1,0,0
KL1220,1,1,1,2,1,2,2,1,0,1,2,1,1,0,0,2,1,2,1,1,1,0,1,0,1,0,2,0,2,0,2,1,1,0,0,1,1,2,0,1,2,1,1,2,0,2,1,1,2,0,1,1,0,1,1,1,0,1,1,2,0,2,1,2,1,0,2,1,0,1,0,2,1,1,0,2,0,1,0,0,1,1,1,1,2,1,1,1,0,0,1,0,0,0,0,0,0,1,1,1,1,0,1,0,2,1,0,1,0,0,0,1,1,2,0,1,1,1,2,1,0,0,0,2,1,0,1,0,0,2,1,2,1,1,1,0,2,2,1,0,1,0,2,0,0,0,1,1,1,0,1,0,1,1,0,0,1,0,2,1,2,1,1,1,0,0,2,1,1,1,0,0,1,1,1,0,0,0,1,1,0,1,1,0,1,0,0,1,1,1,2,1,0,0,1,1,0,1,1,0
KL1221,2,1,1,2,1,1,2,2,1,0,2,1,2,1,0,2,1,2,1,0,1,2,1,2,1,2,2,1,2,0,2,1,2,1,1,1,1,0,2,1,1,1,0,1,0,1,1,1,0,1,1,2,1,1,1,2,1,2,1,1,0,2,1,1,0,1,1,0,1,1,1,1,1,0,0,0,1,0,0,0,2,0,0,0,1,1,1,0,0,1,0,1,0,0,1,1,1,1,1,1,0,0,1,0,0,0,0,0,0,0,2,0,0,0,0,0,1,0,0,0,1,0,1,1,0,1,1,0,0,1,1,2,0,1,2,1,1,2,0,1,1,0,1,0,0,0,1,0,0,0,0,0,0,0,1,0,2,0,1,0,0,0,0,0,1,1,1,0,2,2,0,1,1,1,0,0,0,2,0,1,0,0,0,1,0,0,0,2,0,0,1,1,0,2,1,0,0,2,0,1
KL1222,1,1,1,2,0,2,0,1,0,1,0,1,1,0,1,2,2,0,2,0,1,2,1,1,0,0,1,1,0,2,2,0,2,1,1,1,2,0,2,1,1,1,1,0,1,2,1,1,2,1,1,2,0,2,2,2,1,1,1,1,0,1,1,2,1,2,1,1,1,0,0,0,1,0,1,1,0,0,1,0,1,0,2,2,1,1,2,0,0,1,1,1,0,0,0,0,1,1,1,1,2,0,0,0,1,0,2,0,0,0,1,1,0,0,0,0,2,0,2,1,0,0,1,1,2,1,1,0,0,1,0,1,1,2,0,1,1,0,1,0,1,0,1,0,1,0,1,1,2,0,2,1,0,0,0,0,1,0,1,1,1,1,0,0,0,1,0,1,0,2,1,1,0,0,0,0,0,2,1,0,0,1,1,0,0,1,1,0,0,0,1,1,0,0,2,1,1,0,0,0
KL1223,2,2,1,2,1,1,2,1,1,1,2,2,2,1,0,2,1,1,1,0,2,1,1,0,1,0,2,1,1,1,2,0,2,1,1,1,1,1,2,1,0,1,1,1,1,2,0,1,1,1,1,0,0,2,1,1,1,1,1,2,1,1,2,1,1,1,2,1,1,2,0,0,1,1,0,2,1,0,1,1,1,0,1,1,0,0,0,0,0,0,1,1,0,1,1,1,0,0,1,0,1,1,0,1,0,0,1,2,0,0,0,0,2,1,0,0,1,0,1,0,2,0,1,1,0,1,0,1,1,2,0,1,1,0,1,0,1,1,0,1,1,0,1,0,1,0,2,1,1,1,1,0,1,0,1,1,0,2,1,0,1,0,0,0,2,1,0,0,1,0,0,1,1,2,0,0,1,0,1,0,0,1,0,0,2,0,0,1,0,1,2,2,0,1,1,2,0,1,0,0
KL1224,2,0,1,2,0,1,2,1,0,1,2,2,2,0,0,1,1,1,2,1,1,2,1,1,0,0,2,0,1,1,2,2,2,2,2,0,2,1,0,1,1,1,1,0,1,2,1,2,2,1,0,1,1,1,1,2,1,1,2,0,2,1,1,2,2,0,2,2,1,2,1,0,1,1,0,0,1,1,1,0,1,0,1,0,0,0,1,0,0,1,0,1,0,0,1,1,0,2,0,1,1,0,0,0,0,0,2,1,0,0,0,1,1,2,1,0,0,0,1,1,1,1,0,2,1,1,0,0,0,1,1,0,0,0,0,1,0,1,0,1,1,0,1,0,1,1,1,0,1,0,1,1,1,1,1,1,0,0,1,0,0,1,1,0,0,0,1,1,1,0,1,0,0,1,0,0,1,1,2,0,0,0,1,1,1,1,1,2,1,0,0,2,0,1,1,2,0,1,1,0
KL1225,1,0,0,1,1,1,2,1,1,2,2,1,2,1,0,2,1,1,1,1,0,1,0,0,1,1,2,1,1,0,2,0,2,1,2,2,2,1,2,1,1,0,1,0,1,2,2,1,2,2,0,1,2,1,1,1,2,1,0,1,1,1,0,1,1,2,0,1,2,2,1,0,0,1,0,1,0,1,0,2,0,0,0,0,2,2,1,0,0,0,1,1,0,1,1,0,0,0,0,1,0,2,0,0,0,0,0,0,0,0,0,1,2,0,0,0,0,1,1,0,0,0,1,0,0,1,0,1,0,1,0,1,1,1,1,1,1,1,1,1,0,1,0,1,2,0,0,2,1,1,1,0,0,1,2,1,0,0,1,0,0,0,1,1,1,1,0,0,2,0,0,0,0,0,0,0,0,2,0,1,0,1,0,0,1,0,1,0,0,0,1,1,0,0,1,1,0,1,0,1
KL1226,1,1,0,0,1,2,2,2,0,1,1,2,1,1,1,2,2,2,2,0,0,1,1,2,1,1,1,0,1,0,2,0,1,1,2,1,2,2,0,1,1,1,2,1,1,2,0,2,1,2,1,2,2,0,1,1,1,1,2,1,0,1,0,1,1,2,2,0,1,2,2,1,0,1,1,1,0,1,1,0,2,1,1,1,0,0,0,0,0,0,0,0,0,1,1,0,1,1,1,0,0,0,1,0,1,0,1,1,0,0,1,0,1,1,1,0,1,1,1,1,0,1,2,1,1,1,0,0,1,1,0,0,0,1,2,1,2,1,2,1,0,1,1,0,1,0,1,0,1,0,2,0,1,0,1,1,1,2,1,0,2,0,1,1,1,1,0,2,1,0,1,1,0,1,1,0,1,0,1,1,0,1,1,0,0,1,1,0,1,1,1,1,1,0,0,0,1,0,0,1
KL1227,1,0,2,0,0,0,0,2,1,2,1,1,2,1,1,1,2,2,1,0,1,2,2,1,2,2,1,0,2,0,1,2,1,0,2,1,2,0,2,1,0,2,0,1,0,2,2,1,2,1,1,1,0,1,1,0,0,2,1,1,0,1,1,0,1,2,1,1,0,1,1,0,0,2,0,2,0,2,1,1,1,0,1,1,1,0,1,0,0,0,1,1,0,0,2,0,0,2,0,0,1,1,0,0,0,1,0,1,0,0,1,1,1,0,0,1,1,0,0,0,0,1,0,0,1,2,0,0,1,1,1,1,1,1,0,0,1,2,1,0,0,0,2,1,0,1,1,0,1,0,1,1,0,0,1,2,2,1,0,0,0,0,0,1,1,1,0,0,1,0,0,0,1,1,0,0,1,1,0,2,1,0,1,0,0,0,0,1,1,1,1,0,1,1,0,1,0,1,0,1
KL1228,1,2,1,2,0,0,1,2,1,0,1,1,2,2,1,1,1,1,1,0,1,2,2,1,1,1,2,1,1,0,2,1,2,1,0,1,1,2,1,0,2,0,1,1,0,2,0,1,2,2,0,1,1,2,0,0,2,1,1,2,2,0,0,1,1,2,1,0,0,1,0,0,1,1,0,0,0,1,1,0,1,1,1,1,0,1,1,0,0,0,0,0,0,1,2,1,0,2,0,1,0,0,1,0,0,1,1,0,1,0,0,0,1,1,0,0,0,1,2,0,0,0,0,0,0,0,0,0,2,2,0,2,1,0,1,0,1,1,1,2,0,0,2,0,0,0,1,2,0,0,0,1,1,1,1,1,1,0,0,0,0,1,0,0,0,1,0,0,1,0,0,1,1,0,1,0,1,0,1,1,1,1,0,1,0,1,0,1,1,1,0,1,0,0,2,1,0,1,1,1
KL1229,2,0,2,1,1,1,1,1,1,0,1,1,1,0,2,0,2,2,2,1,1,2,2,1,0,0,2,1,1,1,2,1,2,0,0,1,0,1,1,0,0,1,1,1,2,2,1,1,2,0,1,2,1,2,1,2,1,1,0,2,1,2,1,1,2,0,1,1,1,1,0,0,1,1,0,0,1,1,0,2,1,2,2,1,1,2,0,1,0,0,0,1,0,1,1,0,0,1,2,0,0,1,1,1,2,0,0,1,0,0,0,1,2,0,0,0,1,1,1,0,1,0,2,0,1,0,0,0,1,1,1,0,1,0,1,2,0,1,1,2,1,0,0,1,0,0,0,1,2,0,0,0,0,0,0,0,0,0,0,0,2,0,1,0,1,0,0,1,1,1,0,2,1,2,0,0,1,1,0,1,1,0,1,0,1,0,1,2,0,0,1,1,0,2,2,2,0,1,0,0
KL1230,1,0,0,1,2,1,2,2,2,0,1,1,1,1,1,1,2,2,1,0,1,1,1,1,1,1,2,1,1,1,1,1,2,1,2,0,2,1,2,1,2,2,0,1,1,2,1,2,0,2,0,1,2,0,0,2,1,0,2,2,1,1,0,2,1,1,1,2,1,2,1,0,0,2,1,1,1,2,0,0,2,0,1,1,1,1,1,0,0,1,1,1,0,0,1,0,0,2,0,0,0,0,2,1,2,0,1,1,0,0,0,1,0,0,0,1,1,2,2,1,1,0,1,0,1,0,1,0,2,0,1,0,1,1,2,1,0,2,1,1,1,1,2,1,0,0,2,1,2,0,1,0,0,0,1,1,0,0,2,0,0,0,0,0,1,0,0,0,2,1,1,1,1,1,1,0,0,0,1,1,0,2,1,1,0,0,1,1,1,0,0,1,0,2,2,1,1,0,1,0
KL1231,0,0,2,2,1,2,2,1,1,2,1,1,2,1,1,1,0,2,2,2,1,2,1,0,1,0,2,1,1,1,2,2,1,1,1,1,2,0,2,1,1,1,0,0,2,2,1,2,2,2,1,2,2,1,0,2,1,0,0,1,1,1,0,1,2,1,2,1,0,2,0,0,0,0,0,2,0,2,0,0,0,1,1,0,1,0,1,0,0,0,1,0,0,0,2,0,0,1,0,1,0,0,1,0,0,0,0,0,0,0,0,1,1,0,0,1,2,0,0,0,0,1,1,0,0,0,1,0,2,1,0,1,1,1,0,2,2,1,1,0,0,1,1,1,1,1,1,0,0,0,1,0,0,0,0,1,0,0,0,0,2,0,0,1,1,1,0,1,1,0,0,1,0,1,0,0,0,1,1,0,0,0,1,0,0,0,2,1,0,2,0,0,0,2,1,1,1,1,0,1
KL1232,1,1,1,0,0,2,1,1,0,1,1,2,1,0,0,0,1,1,0,0,1,1,1,2,0,1,2,1,0,1,2,0,1,1,0,1,1,1,2,0,1,2,1,2,2,1,0,2,1,1,1,0,2,0,2,1,2,0,1,1,0,1,1,2,2,1,2,2,2,1,1,0,0,2,1,0,0,1,1,1,1,0,1,1,0,0,2,0,0,0,1,0,1,0,1,1,0,2,2,1,0,0,2,0,0,0,1,0,1,0,2,0,2,1,0,0,1,0,0,0,1,0,1,0,0,1,1,0,0,0,1,1,0,1,0,1,1,1,2,1,0,0,1,1,0,1,1,1,1,0,1,0,1,0,1,1,1,0,2,0,1,1,2,1,0,0,0,1,0,1,0,0,0,1,0,0,1,1,0,1,1,0,1,0,0,0,0,0,0,1,0,2,2,0,1,1,1,1,2,0
KL1233,1,0,0,2,1,2,2,0,0,1,1,1,2,2,1,1,2,2,0,0,2,1,1,0,1,0,2,1,1,0,1,2,2,0,0,1,1,1,1,1,0,2,0,1,0,1,1,1,1,0,1,2,0,1,1,1,1,1,2,2,1,1,1,2,0,1,1,0,1,2,0,0,1,2,0,2,1,2,1,0,0,0,2,0,0,0,0,0,0,1,0,0,0,0,0,0,1,0,1,0,0,0,1,0,0,0,0,2,0,1,0,1,1,1,0,0,1,1,1,0,1,0,1,1,0,0,0,0,0,0,2,2,0,0,1,1,1,2,0,0,0,0,2,0,0,1,2,0,0,1,1,0,0,0,0,0,0,1,2,0,0,0,1,0,1,0,0,0,2,1,0,1,0,2,0,0,1,1,2,0,1,0,1,0,0,0,1,1,0,0,1,0,1,0,1,0,1,0,0,1
KL1234,0,0,2,2,0,2,1,2,0,0,1,1,2,2,0,0,2,2,2,0,1,2,2,2,1,1,2,1,1,0,2,1,1,1,0,1,2,0,1,2,1,0,0,0,1,2,2,0,2,2,0,2,1,0,1,2,1,0,2,1,2,0,0,2,0,1,2,2,1,1,0,0,1,1,1,0,1,1,0,0,0,0,2,1,1,1,0,0,1,0,0,1,0,1,1,0,0,2,0,2,1,1,2,0,0,0,1,0,0,0,1,0,1,1,1,0,1,1,2,0,0,0,0,2,1,1,0,0,0,1,0,1,0,0,1,0,2,1,0,2,0,0,1,0,0,0,0,1,2,0,0,1,0,1,0,2,1,1,2,1,1,2,0,0,1,1,2,0,0,1,0,0,0,0,0,1,0,1,1,1,0,0,1,0,1,1,0,1,1,2,1,0,0,0,1,0,0,0,0,0
KL1235,1,0,0,2,1,1,2,2,1,0,1,2,2,0,1,1,2,1,1,0,2,1,1,1,0,2,1,1,2,0,2,1,1,1,1,1,1,1,2,1,0,2,1,2,1,1,1,0,1,2,0,2,1,0,1,2,0,0,1,1,0,0,1,1,2,1,1,1,1,1,0,0,2,1,0,0,1,2,0,1,1,0,0,0,0,1,0,0,0,0,0,1,0,0,1,1,0,0,1,0,0,0,2,0,0,0,0,1,1,0,1,0,1,0,1,1,1,0,1,0,2,0,1,1,0,1,0,0,1,1,1,0,1,1,1,0,0,1,1,0,0,1,0,2,1,1,0,2,2,0,1,0,1,1,1,1,1,0,1,0,1,0,1,1,0,1,1,0,2,1,0,0,2,1,0,0,0,0,0,1,0,0,1,0,1,0,0,1,1,1,0,2,0,1,1,1,0,1,0,0
KL1236,1,0,1,1,0,2,2,2,1,2,1,1,1,0,2,2,1,2,2,1,0,1,1,2,0,1,2,0,0,0,1,1,2,2,0,1,2,0,2,0,1,2,1,2,1,2,1,1,2,1,2,1,1,1,0,2,0,2,0,2,2,2,1,1,2,1,0,1,0,0,0,1,1,0,1,1,0,1,1,1,2,0,0,0,0,2,1,0,0,0,0,0,0,0,1,1,1,0,2,1,1,0,1,0,0,0,1,1,0,0,0,1,2,1,0,0,0,1,0,0,1,0,0,1,1,0,1,0,0,1,0,1,1,1,1,0,0,1,0,1,1,0,0,1,0,0,1,0,1,0,2,1,1,2,0,2,0,0,1,0,0,0,1,0,2,2,0,1,1,2,0,1,0,0,0,0,1,1,1,1,0,1,2,0,0,0,1,0,0,1,1,1,0,1,1,1,1,1,0,1
KL1237,0,2,2,1,1,1,2,2,0,2,2,0,1,2,1,0,1,1,0,1,1,1,0,2,0,1,1,0,2,1,2,1,1,1,1,0,0,1,2,2,0,2,0,2,0,1,0,1,2,2,2,2,1,0,0,1,1,1,2,2,1,0,1,2,1,0,2,1,1,2,1,0,1,0,0,1,0,0,0,0,0,1,0,0,0,1,2,0,0,0,0,0,0,0,2,0,1,1,2,2,0,1,1,1,0,0,1,1,0,0,0,1,1,1,0,1,0,0,1,0,0,0,1,1,1,2,0,0,0,2,2,1,0,0,1,1,2,1,2,1,0,0,2,0,0,2,1,1,1,1,1,0,0,0,0,1,1,1,2,0,0,0,0,0,2,0,2,0,1,0,0,1,0,1,2,0,1,1,2,1,0,2,0,0,0,0,2,1,0,0,1,2,0,0,1,1,0,2,0,0
KL1238,2,0,1,2,0,2,2,2,1,2,1,1,2,2,1,1,0,2,1,0,2,1,0,1,0,2,1,0,2,1,1,2,1,1,2,1,1,2,1,0,1,1,2,1,1,2,0,1,2,2,1,2,2,2,0,2,1,2,1,2,2,0,1,0,0,2,0,1,1,1,1,1,1,2,0,1,1,1,0,0,1,1,1,0,0,0,0,0,0,0,1,1,0,1,0,0,0,0,2,1,1,0,2,1,1,0,2,0,0,0,1,0,1,2,0,0,2,0,0,1,0,0,1,0,1,1,0,0,1,0,0,0,2,1,1,2,1,1,0,1,1,0,2,0,0,1,1,1,1,0,1,0,1,0,0,0,1,1,1,0,2,0,1,0,0,0,1,0,2,0,0,0,0,0,0,1,1,2,1,0,1,0,0,0,1,0,1,0,0,2,1,2,0,0,0,0,1,1,1,1
KL1239,1,2,0,0,1,1,1,1,0,0,1,2,1,1,1,0,2,2,1,1,2,2,2,1,0,2,2,2,1,1,1,1,1,0,0,0,0,1,2,0,1,1,1,1,1,2,1,1,1,2,1,1,1,1,1,1,1,0,1,2,1,1,0,2,1,1,1,2,1,2,2,1,0,1,0,1,0,0,1,0,1,1,1,1,1,1,0,0,0,0,1,0,0,1,1,0,0,0,1,1,0,1,1,2,0,0,0,1,0,0,0,0,0,0,0,1,0,1,0,0,0,0,0,1,2,0,0,0,1,1,1,1,2,0,1,1,1,0,1,1,0,0,1,0,0,0,1,1,1,0,2,0,0,2,0,0,2,1,0,0,0,0,0,1,2,1,1,2,0,1,0,1,0,1,1,0,0,0,0,0,0,0,0,0,1,1,2,1,1,1,1,1,1,2,0,1,0,2,0,0
KL1240,1,1,1,2,0,1,1,2,2,1,1,2,1,1,2,1,2,2,2,1,1,2,1,1,1,1,2,0,2,1,2,1,1,1,0,0,1,2,2,1,0,1,0,1,2,2,1,1,1,1,1,0,1,1,1,2,0,0,2,1,1,1,0,0,1,1,2,1,1,0,0,0,2,1,1,0,0,2,1,0,0,0,0,0,2,0,0,0,0,0,0,1,0,0,0,0,0,1,0,0,0,0,1,0,1,1,1,2,1,0,2,1,2,1,1,0,1,0,0,0,1,0,1,1,2,0,1,0,0,1,0,2,2,0,0,1,1,2,1,0,1,0,1,0,0,0,2,1,2,0,2,1,0,1,1,1,0,1,0,0,0,0,2,1,1,0,2,0,2,1,0,1,0,0,0,0,1,1,2,2,1,0,1,0,0,0,0,2,1,0,0,2,0,0,0,2,0,1,1,1
KL1241,1,1,0,2,2,0,2,0,1,0,2,1,1,1,1,1,1,1,1,1,1,2,2,1,0,1,2,0,1,0,2,2,2,1,1,1,1,2,1,1,1,1,0,1,1,2,0,1,1,2,1,1,2,2,0,1,0,1,1,0,1,1,0,1,1,2,2,1,1,1,2,0,0,1,2,0,0,1,0,0,1,0,1,2,1,2,1,0,1,0,1,2,0,0,1,1,1,2,1,2,0,0,0,0,1,1,1,1,0,1,1,2,2,1,0,1,2,0,1,1,1,0,0,1,0,0,1,0,1,0,0,1,1,1,1,2,1,1,2,1,1,0,1,0,1,0,0,1,0,1,1,0,1,0,0,2,1,1,0,1,1,0,2,0,2,0,0,1,1,0,0,1,0,1,0,0,0,1,2,2,0,1,2,0,1,0,1,1,0,2,1,0,0,1,1,1,2,1,1,0
KL1242,2,1,1,2,1,1,2,1,1,1,0,2,2,1,0,1,1,1,2,1,2,2,1,1,1,1,1,1,1,1,1,2,0,0,2,0,2,2,2,0,0,0,1,2,1,2,2,1,2,2,0,2,1,1,1,2,1,1,1,1,1,1,2,0,1,2,1,0,0,1,1,1,0,0,0,1,0,1,2,0,2,1,1,1,1,0,1,0,0,0,1,1,0,1,0,0,0,0,0,2,0,0,0,1,1,1,1,2,0,0,0,1,0,1,0,1,1,1,1,0,0,0,0,1,1,1,1,0,0,0,0,2,1,0,1,1,0,0,0,1,0,0,2,0,2,1,0,1,0,1,0,2,1,1,0,0,1,1,0,0,0,0,2,0,2,0,0,1,1,2,0,1,0,1,1,0,0,2,0,1,0,0,0,0,0,1,1,1,0,1,2,1,0,2,0,0,1,0,0,0
KL1243,2,0,0,0,0,1,2,1,0,1,2,1,2,0,0,2,1,2,2,1,1,1,1,1,0,1,2,0,1,0,2,1,2,2,2,1,1,2,1,1,1,1,0,1,2,2,1,2,2,2,1,1,1,0,1,1,1,0,2,1,2,0,2,2,1,1,2,2,0,1,2,0,1,0,1,1,0,2,0,2,0,0,1,0,1,0,1,0,0,0,1,0,0,0,0,0,0,2,1,1,0,0,2,2,1,0,2,0,0,0,1,1,1,1,0,0,0,1,1,1,0,0,1,0,1,1,0,0,1,1,0,1,1,0,0,0,1,0,1,0,0,0,2,0,1,0,1,0,2,1,1,0,0,1,1,1,2,0,0,0,1,0,1,2,0,0,1,2,2,0,0,0,0,0,0,0,0,1,1,2,0,2,0,0,0,1,1,1,1,1,1,1,0,0,0,0,0,1,1,1
KL1244,0,1,0,2,1,1,0,2,1,0,1,1,2,1,2,1,1,2,1,2,1,1,1,0,2,1,0,0,1,0,2,1,2,1,1,1,2,0,2,1,0,1,2,0,2,2,1,1,1,1,0,1,2,0,0,1,1,0,1,1,2,0,2,0,1,1,0,1,0,1,2,1,0,1,0,1,1,2,1,0,2,1,1,1,1,1,1,0,0,0,1,0,0,0,0,0,0,2,1,1,0,0,2,0,2,0,0,1,1,0,0,0,1,1,0,1,1,0,0,1,0,0,0,0,2,1,0,0,0,0,2,1,1,1,1,1,1,1,0,1,0,0,0,1,0,0,2,1,1,0,1,0,0,0,0,1,1,0,0,1,0,1,1,1,1,0,0,1,0,1,0,1,0,1,0,0,0,0,1,1,1,2,1,0,0,0,1,1,0,2,2,0,0,0,0,1,0,0,0,0
KL1245,2,1,1,1,2,2,2,1,1,0,1,2,2,2,0,1,2,2,0,0,0,1,1,1,1,0,2,1,2,1,2,1,1,1,1,0,2,0,0,0,1,1,1,0,1,1,2,1,2,1,0,2,2,2,2,1,1,2,1,0,1,1,0,0,1,1,2,2,2,2,0,0,0,1,1,0,0,1,0,0,1,0,2,1,1,1,0,0,0,0,0,0,1,0,0,1,0,1,1,1,0,1,1,1,1,1,1,1,1,0,0,1,0,1,0,1,0,1,1,0,1,0,0,1,1,0,0,0,1,1,0,0,1,1,2,0,1,1,1,0,0,0,1,2,1,0,0,1,2,0,1,0,1,0,1,1,1,1,1,0,1,1,0,1,0,1,0,1,1,1,1,0,0,0,2,0,1,1,0,0,1,0,2,1,1,0,0,1,1,1,0,1,1,0,1,0,0,1,2,0
KL1246,2,2,1,2,0,2,1,2,0,0,1,2,2,1,0,1,2,1,1,1,0,1,2,1,0,0,2,0,1,2,2,0,2,1,1,2,2,1,1,1,1,2,1,1,0,2,1,1,1,1,2,2,2,1,0,0,1,0,1,2,1,2,1,1,1,2,2,0,1,2,1,0,1,0,0,0,1,1,1,0,1,0,1,1,1,0,1,0,0,0,0,0,0,0,0,0,0,0,0,1,0,0,1,1,1,1,2,0,0,1,0,2,1,0,0,0,1,0,1,0,0,0,1,1,0,1,0,0,0,1,0,1,1,1,0,0,2,1,1,1,0,1,1,0,1,0,1,2,0,0,0,0,0,1,1,1,1,1,1,0,2,2,1,0,1,1,0,2,1,0,1,1,0,1,0,0,0,0,1,1,0,0,0,1,0,0,1,2,1,0,0,2,1,0,0,2,1,0,2,0
KL1247,2,1,2,2,2,2,2,2,1,1,0,2,2,1,2,1,1,1,1,0,1,1,2,1,1,2,2,2,0,2,2,1,1,2,0,0,1,1,2,1,1,0,0,1,2,1,0,1,2,1,1,2,1,1,1,1,1,1,0,1,0,1,2,2,1,1,0,1,2,1,0,1,0,0,0,1,0,2,2,0,1,0,2,1,1,0,1,1,0,0,2,1,0,0,0,0,1,2,1,0,0,0,2,0,1,1,1,1,0,0,0,1,2,1,2,0,1,1,0,0,0,0,1,0,1,0,0,0,1,2,0,1,2,1,1,0,1,1,0,0,1,0,2,1,2,0,0,0,1,1,0,0,0,0,0,0,1,0,1,0,2,0,1,1,0,2,0,0,0,1,1,1,1,0,0,1,0,1,1,1,0,2,1,0,1,0,2,2,0,1,0,1,0,1,1,1,0,0,0,0
KL1248,0,1,1,1,1,2,2,1,1,1,0,1,2,1,2,0,2,0,2,0,2,2,0,2,0,1,2,1,2,1,1,2,1,2,1,1,1,2,2,1,1,2,0,1,0,2,0,0,1,1,1,1,1,0,2,0,1,0,1,2,2,0,0,1,1,1,1,1,2,2,0,1,0,0,0,2,0,1,0,0,1,0,0,1,2,2,1,0,0,0,1,0,1,1,2,1,0,1,1,0,0,1,0,1,0,0,0,0,0,0,1,0,1,1,0,0,0,0,1,0,0,0,0,2,0,1,0,1,0,2,0,1,1,1,1,1,1,1,1,1,0,1,2,0,0,0,0,2,1,0,2,0,1,2,1,1,1,1,0,0,1,1,0,0,1,0,1,0,0,1,0,0,0,1,0,0,0,0,1,2,0,0,2,1,0,0,1,1,1,0,1,0,0,1,0,1,1,0,0,0
KL1249,0,1,2,2,0,1,2,2,1,1,1,2,0,0,1,1,1,2,1,2,1,2,1,1,0,1,0,0,1,0,1,2,2,0,2,0,2,1,2,0,1,0,0,1,1,1,1,0,2,2,1,0,0,1,0,2,1,1,2,0,1,0,0,2,0,2,1,1,0,1,0,0,0,0,0,1,1,2,1,1,1,1,2,1,1,1,1,2,0,0,1,0,0,0,0,1,0,2,2,0,0,0,1,1,0,0,2,2,0,0,1,2,2,2,0,0,0,1,1,0,1,0,0,0,0,1,1,0,0,1,1,2,2,0,1,0,0,0,1,1,0,0,0,0,1,1,1,2,2,0,2,0,0,1,1,1,0,2,2,0,0,1,2,0,1,1,0,1,1,1,0,1,0,1,1,1,0,2,0,0,0,0,1,0,1,1,0,0,1,1,0,0,2,0,0,2,1,1,1,0
KL1250,1,1,0,1,1,2,1,1,2,2,1,0,2,0,2,1,2,0,1,1,1,2,1,1,1,0,1,0,1,0,2,1,2,0,1,0,2,1,1,1,1,2,2,0,0,2,1,1,2,2,2,2,1,2,0,1,1,1,0,1,1,0,0,0,0,0,1,0,2,1,0,1,0,1,1,0,1,2,1,1,0,2,1,0,1,1,1,0,0,0,1,0,0,1,1,0,0,1,2,1,0,0,1,0,1,1,1,0,0,1,0,1,1,1,0,2,1,0,1,0,2,0,1,1,0,1,0,0,1,1,0,0,1,0,0,2,1,1,1,1,1,0,1,2,0,0,2,1,1,0,2,0,1,0,2,1,1,0,1,0,1,1,0,0,1,1,1,1,0,1,0,1,0,0,0,0,0,0,1,0,0,2,1,1,0,0,0,1,0,1,0,0,0,0,1,1,0,1,0,1
KL1251,1,0,2,1,1,2,2,1,0,1,0,1,2,1,1,0,2,1,2,0,0,2,2,1,1,2,2,2,2,1,1,1,1,1,0,0,0,0,2,1,1,1,1,1,0,2,1,0,1,2,0,2,1,0,0,2,0,1,1,1,2,0,2,1,0,1,0,1,1,2,0,1,0,0,0,0,0,2,1,0,2,1,1,1,1,0,1,0,0,0,1,0,1,0,2,1,0,1,1,0,0,1,0,0,1,0,0,0,1,0,1,1,1,2,0,0,1,1,1,1,1,0,0,1,0,0,0,0,0,2,1,2,1,0,1,1,1,1,2,0,0,0,1,0,0,1,1,0,2,0,2,0,0,1,1,1,1,0,2,0,0,0,2,1,0,0,0,0,2,0,0,1,0,1,0,0,0,1,0,1,1,1,0,0,0,0,1,2,0,0,2,0,0,0,1,1,0,0,0,0
KL1252,0,1,1,2,1,1,2,1,1,0,0,1,2,1,2,1,2,2,1,1,2,2,1,2,1,2,1,1,1,1,2,1,1,0,0,0,1,1,1,1,0,1,0,2,1,0,1,2,0,1,2,2,1,0,0,1,1,1,0,1,2,2,0,2,1,1,1,1,1,1,0,2,2,2,0,0,0,1,0,1,2,2,1,0,1,0,1,0,0,0,0,0,0,2,0,0,0,1,0,1,0,0,1,1,2,0,2,1,0,0,1,1,1,1,0,0,2,0,0,1,0,1,1,1,0,0,0,0,1,1,1,1,0,0,0,0,2,0,0,0,1,0,0,0,0,1,2,1,1,0,0,0,1,0,0,0,0,1,2,0,1,0,1,0,0,1,0,0,0,1,0,1,1,0,1,0,1,1,0,0,0,0,0,0,1,0,1,1,0,0,0,0,0,1,0,0,0,1,1,0
KL1253,1,0,2,2,2,1,0,1,1,1,0,2,2,1,1,2,2,2,2,0,1,2,1,0,0,2,2,1,1,0,2,1,2,0,2,1,2,1,2,2,0,2,0,2,0,1,1,1,1,0,0,2,2,1,0,1,1,0,1,1,0,0,1,2,1,2,1,2,0,2,0,0,1,2,0,1,1,0,0,1,0,0,0,1,0,0,1,0,0,0,0,0,0,0,1,1,0,0,2,0,0,0,1,1,1,0,1,1,0,0,0,1,1,0,0,0,2,0,0,0,0,1,1,1,1,0,1,0,1,2,0,2,2,1,1,1,1,2,0,0,0,1,1,0,0,0,1,1,1,0,1,0,1,0,1,1,2,1,1,0,1,0,0,1,0,1,1,0,1,1,0,1,0,0,0,0,1,0,1,2,1,0,2,0,0,0,1,1,0,1,1,2,0,0,0,2,2,1,0,0
KL1254,1,1,0,1,0,2,2,1,0,1,0,2,1,1,1,1,2,2,2,1,1,1,2,1,0,1,2,0,0,1,2,1,2,0,1,1,1,2,2,0,1,1,0,1,1,2,1,0,1,0,1,1,0,0,0,1,1,0,2,0,1,1,1,1,2,2,1,1,2,1,1,1,1,0,0,2,0,2,0,0,0,1,0,0,1,1,2,0,0,0,0,0,0,0,1,0,0,1,1,1,0,0,2,0,1,1,0,2,0,0,2,0,2,1,1,0,2,0,0,1,0,0,1,0,0,1,0,0,0,0,1,0,1,1,1,1,2,1,0,0,2,1,1,1,0,0,2,1,1,0,1,1,1,1,0,0,0,0,2,0,1,0,1,0,1,1,0,1,1,2,1,0,1,1,0,0,0,0,1,0,1,0,0,1,1,0,0,1,2,1,0,1,0,0,1,0,0,1,0,0
KL1255,0,1,1,2,1,2,2,2,1,1,2,1,2,1,0,1,1,1,0,2,1,2,1,1,0,1,2,1,2,0,1,2,2,1,1,1,2,0,0,0,1,2,2,2,1,1,1,0,1,2,0,2,1,1,0,1,2,1,2,2,0,0,1,2,1,1,2,1,1,2,0,0,0,1,0,1,0,1,0,0,1,0,0,1,2,1,1,0,0,1,0,0,0,1,0,0,0,1,1,1,0,1,1,1,1,1,0,0,1,0,0,1,1,0,0,0,1,2,0,0,0,0,2,0,1,2,1,0,0,1,1,2,1,1,0,1,1,2,0,1,0,0,2,1,1,0,1,1,0,1,2,0,0,0,2,0,1,1,0,0,1,2,2,0,1,0,0,0,1,0,1,1,1,2,0,0,1,0,0,2,1,2,1,0,0,0,2,0,1,1,0,0,0,0,2,1,0,0,0,0
KL1256,1,1,0,1,1,1,1,1,1,0,2,1,2,0,2,1,1,2,0,2,1,0,1,0,2,0,1,2,1,1,2,1,1,1,2,1,2,2,0,2,1,1,0,0,0,2,1,1,1,0,0,2,2,1,0,2,1,2,0,1,1,0,0,1,0,1,2,2,0,0,1,0,1,1,0,0,1,1,1,0,0,1,1,0,1,0,1,0,0,0,0,0,0,1,2,0,0,1,1,1,0,1,1,0,1,0,0,2,0,0,0,0,0,1,0,1,0,0,2,1,0,0,2,0,2,0,0,0,1,0,0,1,2,2,0,0,1,0,0,0,0,0,1,1,0,1,1,1,0,0,0,0,1,0,0,1,1,1,2,0,1,1,1,1,1,0,1,1,0,0,0,1,0,0,0,0,1,0,0,0,0,0,1,0,1,0,2,1,0,1,1,2,1,0,1,0,2,2,0,0
KL1257,0,0,1,1,0,1,2,1,0,0,1,2,2,0,1,1,2,1,1,1,1,2,1,2,1,2,1,1,2,0,1,2,2,2,2,0,1,2,2,1,2,1,1,2,2,0,2,1,1,2,0,2,2,0,1,2,0,0,0,2,1,0,1,1,2,2,1,1,0,0,0,1,1,0,0,1,0,2,1,0,1,0,0,1,1,0,0,0,0,1,1,0,1,0,0,0,0,0,0,1,0,0,1,0,1,1,0,2,0,0,1,2,2,1,1,1,1,1,2,2,0,0,1,0,2,0,1,0,2,0,1,1,1,0,1,1,1,2,0,0,1,0,2,0,1,0,0,2,1,0,1,0,0,1,0,1,2,0,1,0,0,0,1,2,1,1,1,0,1,0,0,0,0,0,1,0,1,0,1,0,1,0,1,0,2,0,1,0,1,1,1,1,1,1,1,2,0,0,0,0
KL1258,2,2,0,1,1,2,1,2,2,2,0,1,2,1,2,1,2,2,2,0,1,0,0,1,2,1,2,2,1,1,2,1,1,1,1,0,1,1,1,1,1,2,0,1,0,1,1,0,2,2,1,0,0,1,1,2,2,2,0,1,2,1,0,0,2,1,1,0,1,2,0,0,0,1,0,1,1,1,1,0,1,1,1,1,2,1,1,0,0,0,1,0,0,0,1,0,1,1,1,1,0,0,0,0,0,0,1,0,0,0,0,1,2,1,0,0,0,0,1,0,0,0,1,1,1,0,0,0,1,1,1,0,2,0,1,0,1,0,0,2,0,0,1,1,0,0,2,2,0,0,0,0,0,1,0,1,2,1,2,0,0,1,1,0,1,1,0,1,2,1,0,0,1,1,1,0,1,0,1,1,1,0,0,0,1,0,0,0,1,1,1,0,0,0,0,1,1,2,1,0
KL1259,1,0,1,2,1,2,2,1,1,1,1,1,2,1,0,2,0,2,2,1,1,1,2,2,2,0,2,0,1,0,2,2,1,1,1,1,2,0,2,1,1,0,1,1,0,2,1,2,1,1,0,2,1,1,0,2,1,1,2,2,1,0,1,0,1,1,2,2,0,2,0,1,0,1,0,2,0,1,0,0,0,1,1,0,2,2,0,1,2,0,0,1,0,0,2,1,0,1,2,0,0,0,1,2,0,0,2,1,0,0,1,1,1,2,0,0,2,0,1,0,0,0,1,1,0,1,0,0,1,0,1,1,0,0,1,1,1,0,0,0,0,0,1,0,0,0,1,1,1,0,2,0,1,1,1,2,1,0,1,0,1,0,1,1,1,1,1,2,2,0,1,1,0,1,0,0,2,1,1,0,1,0,0,0,1,0,1,0,0,1,1,0,0,1,0,2,2,1,0,0
KL1260,0,2,1,1,1,1,1,0,1,2,2,1,2,0,1,1,0,1,2,1,2,2,1,1,2,0,2,1,0,0,1,1,2,2,2,0,2,1,1,1,1,0,1,1,1,1,2,0,1,1,0,1,0,1,2,1,2,1,2,2,0,1,1,1,1,2,1,1,1,2,2,0,0,0,1,1,0,2,0,2,0,1,1,1,1,2,0,0,0,0,1,0,0,1,0,0,0,2,1,1,0,0,0,1,1,1,0,1,0,0,2,2,0,2,0,0,2,1,0,1,0,0,1,0,0,1,1,0,1,0,0,1,1,0,2,1,1,0,1,0,1,1,0,1,0,0,1,1,0,0,1,1,0,0,1,1,1,0,1,0,1,1,1,2,1,0,0,1,2,1,0,0,0,1,1,1,0,1,1,1,0,0,2,1,1,0,2,1,0,0,0,0,0,0,0,0,0,1,0,2
KL1261,2,1,1,2,1,2,1,1,0,1,2,2,2,2,1,1,1,0,1,0,1,1,0,1,0,1,1,1,1,1,1,0,2,0,2,0,1,2,2,1,1,1,1,2,1,2,0,1,1,2,1,2,2,0,2,1,1,1,2,0,1,0,2,1,1,2,1,0,1,2,1,1,0,1,1,1,0,1,0,0,1,1,1,1,0,1,1,0,0,0,0,0,0,0,0,0,0,1,2,1,1,1,0,0,2,0,1,0,0,1,0,1,1,1,0,1,1,0,1,0,0,0,0,1,0,1,0,0,0,1,1,2,1,0,2,0,0,2,1,0,0,0,0,0,0,0,2,1,2,0,1,0,0,0,1,0,0,0,2,0,1,1,1,0,1,0,0,0,1,0,0,0,0,0,0,0,0,2,0,1,0,1,0,1,0,0,1,1,0,1,1,1,0,0,0,1,0,0,0,0
KL1262,2,1,0,2,0,2,1,1,0,0,2,1,2,1,2,0,1,1,1,0,1,1,2,0,0,1,2,2,2,1,2,1,2,0,1,1,1,1,2,1,1,1,1,1,2,2,0,0,2,1,1,2,2,1,1,2,0,1,1,2,1,1,0,1,2,1,1,0,2,0,1,0,1,1,0,2,0,0,1,1,0,0,0,0,0,0,0,0,0,0,0,0,1,0,0,0,0,1,0,2,0,0,0,1,2,0,1,2,0,1,0,0,2,1,0,1,0,0,0,1,0,0,0,1,0,1,0,0,0,1,0,1,1,1,1,0,1,1,0,0,0,0,0,1,0,0,2,1,1,0,1,0,0,1,0,1,1,1,0,0,0,0,1,0,0,1,1,0,1,0,0,0,0,0,0,0,0,1,0,1,0,1,1,0,0,0,2,1,0,0,1,0,0,0,1,1,2,1,1,2
KL1263,1,0,0,2,1,1,2,2,1,0,2,1,2,2,0,2,1,2,0,1,1,1,1,2,2,1,2,0,2,1,2,0,2,1,0,1,1,1,1,0,0,1,0,2,0,1,0,1,2,0,1,1,0,0,0,2,1,0,2,0,2,0,2,0,0,1,2,2,1,2,0,1,0,1,0,1,1,1,0,0,1,0,2,2,1,1,0,0,0,0,1,0,0,0,1,0,0,1,1,1,0,1,0,0,0,1,0,0,0,1,0,2,2,0,0,0,2,0,0,1,0,0,0,0,1,0,0,0,0,1,0,2,1,1,1,0,0,2,2,1,0,0,0,0,0,0,1,1,0,1,1,0,1,1,1,0,1,0,1,0,2,0,0,1,1,0,1,0,0,1,0,0,0,1,1,1,1,1,1,1,0,0,0,1,1,1,0,2,1,0,1,1,1,0,0,0,1,2,1,0
KL1264,2,0,0,2,2,2,2,0,1,2,2,2,1,1,1,1,0,2,0,0,1,1,1,1,0,2,2,2,0,1,0,1,2,0,0,1,1,0,1,0,0,1,1,1,1,2,0,0,1,2,1,0,2,0,0,2,1,1,1,1,1,1,2,0,1,1,2,2,2,1,1,1,0,1,0,2,0,2,1,1,0,1,2,2,0,2,1,0,0,0,0,0,0,1,1,1,0,0,0,1,1,0,0,1,1,0,2,1,1,0,0,1,1,2,0,0,1,0,2,0,1,0,1,1,2,0,0,1,0,1,0,1,1,0,1,2,0,2,0,1,2,0,1,0,0,0,1,2,2,0,0,0,0,1,1,0,0,0,1,0,1,0,0,1,0,0,1,0,2,1,0,0,1,0,0,0,1,1,2,1,0,1,2,1,0,1,0,1,0,1,0,0,0,1,0,1,0,0,0,0
KL1265,0,0,2,2,2,2,2,1,0,1,2,1,2,2,1,0,2,2,1,1,1,2,2,2,1,2,1,2,2,1,2,1,2,0,0,2,1,0,1,1,1,1,0,2,1,1,0,1,1,2,2,1,1,0,0,2,1,1,1,1,1,0,1,0,1,2,1,2,0,2,0,1,2,2,0,1,1,2,0,1,1,0,1,2,0,1,1,0,0,0,0,0,0,1,2,0,0,2,1,2,0,0,2,0,1,0,2,0,1,0,0,0,0,0,0,0,1,0,2,1,0,0,1,1,1,0,0,0,0,1,0,1,1,0,1,1,1,2,0,1,1,2,1,1,0,0,1,1,1,0,1,0,0,1,2,2,1,1,1,0,0,1,1,1,2,0,2,1,1,1,0,0,0,1,0,0,0,1,1,0,0,1,0,0,1,0,0,2,0,1,0,1,0,0,0,1,0,0,1,1
KL1266,0,1,0,1,0,1,2,1,1,0,1,2,2,0,1,2,2,0,1,1,1,0,2,0,0,1,2,0,1,1,1,0,2,0,1,1,2,2,1,2,1,0,1,0,2,2,2,1,2,1,1,1,1,1,2,2,1,0,1,1,2,0,1,0,1,2,2,1,2,0,0,0,0,1,2,1,1,0,2,1,0,0,1,1,1,0,1,0,0,0,0,0,0,1,1,0,0,0,0,0,0,1,1,0,1,1,0,2,0,0,0,1,2,2,1,0,1,1,2,0,0,0,1,0,1,0,0,0,1,0,0,1,1,1,0,1,1,1,1,0,0,0,2,1,0,0,0,1,0,0,1,1,0,1,0,1,2,1,1,0,1,1,0,1,2,1,1,1,1,2,1,1,1,1,0,0,0,1,2,0,0,1,1,0,0,0,2,0,0,1,0,2,1,0,0,2,1,1,1,0
KL1267,1,0,0,2,0,2,2,1,0,1,1,1,2,1,1,1,1,1,2,1,1,1,1,1,0,2,2,1,1,0,2,1,2,1,2,1,2,2,1,1,1,1,0,1,0,2,1,1,1,1,2,0,1,0,1,2,1,0,1,1,1,0,1,0,1,2,2,0,1,2,0,0,0,1,0,1,0,2,1,1,1,1,1,1,2,0,1,0,0,0,0,0,1,0,1,0,0,0,2,1,0,1,1,0,1,1,1,1,0,0,2,0,1,0,0,0,1,1,0,1,0,1,0,1,1,1,0,0,1,2,0,2,0,1,1,1,1,2,1,1,1,1,1,0,0,0,2,1,0,0,2,1,0,0,1,0,0,0,0,0,1,0,1,0,1,0,1,0,1,0,0,2,0,0,1,0,1,0,1,1,0,0,0,0,1,0,1,1,1,2,0,1,2,0,0,0,1,2,0,0
KL1268,0,0,0,1,0,1,2,1,1,1,1,0,1,1,1,1,2,2,1,0,0,2,0,1,1,0,2,0,2,0,1,1,1,1,1,2,0,1,2,1,0,0,1,0,0,1,0,1,1,0,1,2,1,1,0,1,1,0,0,2,1,0,0,0,2,0,0,2,0,1,0,1,0,1,0,2,1,2,0,1,1,0,1,0,0,1,0,0,0,1,1,0,0,0,1,0,0,2,0,0,1,1,1,1,0,1,0,1,1,1,0,0,1,0,0,1,0,0,2,0,1,1,0,0,1,0,1,0,0,0,1,1,1,0,2,0,2,0,1,2,0,0,1,1,0,0,2,1,2,0,2,0,0,0,1,1,0,1,1,0,1,0,0,0,1,0,0,0,1,1,0,2,2,0,0,0,1,0,0,1,1,0,1,0,0,1,0,1,2,1,0,1,0,0,0,1,0,0,0,0
KL1269,0,1,1,2,1,0,0,1,0,0,1,0,1,1,0,1,0,1,1,1,1,0,1,1,1,0,0,1,0,1,1,1,2,1,1,2,2,2,2,2,2,2,0,1,1,2,2,1,2,1,2,2,0,1,0,2,1,1,0,1,2,0,1,0,0,0,2,1,1,1,1,1,1,0,0,1,1,2,1,0,1,0,0,0,2,0,1,0,0,0,0,0,0,1,0,0,0,0,1,0,0,0,0,1,0,1,0,1,0,0,1,2,2,1,0,0,2,0,0,0,1,0,1,0,0,0,0,0,1,2,0,0,0,1,0,2,1,1,2,1,2,0,1,0,1,1,0,0,0,0,0,1,0,1,0,1,0,0,1,0,1,1,1,1,1,0,0,0,0,0,1,0,0,0,1,0,2,1,0,1,2,1,2,0,0,0,1,1,1,0,0,2,0,2,1,1,0,2,0,0
KL1270,1,1,1,2,1,1,2,2,1,0,2,1,2,1,1,2,1,2,0,0,1,1,1,1,0,2,2,1,2,1,2,1,1,1,1,1,2,2,2,0,0,1,0,1,1,2,1,0,2,1,0,2,2,1,0,2,1,1,1,2,1,1,0,2,1,2,1,2,1,0,0,2,0,1,0,0,1,1,1,0,0,0,1,1,1,1,1,0,0,0,1,0,0,1,0,0,0,1,0,0,1,0,0,0,1,1,1,1,0,1,1,0,1,0,0,0,1,1,0,0,1,0,1,0,0,0,0,0,2,1,1,0,2,0,2,1,1,1,1,2,1,0,1,0,0,1,2,0,0,1,1,0,0,1,1,1,1,0,1,0,0,1,2,1,1,0,0,0,1,1,0,2,0,1,1,0,1,2,2,2,0,0,1,1,0,0,0,1,0,1,1,1,0,0,1,0,0,0,1,1
KL1271,1,0,0,2,2,2,2,1,1,0,1,1,2,2,2,1,0,2,2,0,1,0,2,1,0,1,1,1,1,0,1,1,2,0,1,1,2,1,2,1,0,0,0,2,1,1,1,0,2,2,1,2,2,0,0,1,1,1,1,2,0,0,0,1,0,1,1,2,0,2,1,0,0,0,0,0,0,1,0,0,1,1,0,0,0,0,0,0,0,0,1,0,0,0,1,0,0,1,2,1,1,0,1,0,0,0,0,1,0,0,0,1,1,1,0,0,0,1,1,0,1,0,1,0,1,0,0,1,2,0,0,2,1,1,1,1,0,0,0,1,0,0,0,1,0,0,2,2,2,0,2,0,0,1,1,0,0,0,2,0,1,0,0,0,1,0,1,2,1,1,0,1,1,1,0,0,0,2,0,1,0,0,1,0,1,0,1,2,0,0,0,1,0,0,1,1,0,0,0,1
KL1272,2,0,1,0,1,2,2,1,1,1,2,1,1,0,1,1,2,2,1,1,2,1,0,2,1,0,2,1,0,0,1,1,2,1,1,0,2,1,1,0,0,1,1,1,1,2,0,0,1,2,0,1,1,0,2,2,1,1,1,1,0,0,1,2,1,2,1,1,1,2,0,1,0,0,0,1,1,1,0,0,1,0,0,0,2,0,1,0,0,0,0,0,0,1,0,1,0,1,1,1,1,0,0,0,0,0,1,0,0,0,1,2,1,1,0,0,2,1,1,1,0,0,2,0,0,1,1,0,1,1,1,1,1,0,0,1,1,2,1,1,0,0,0,1,1,1,2,1,1,0,1,1,1,1,1,2,0,0,0,0,1,1,2,0,1,0,0,1,1,1,1,0,2,0,1,0,0,1,1,1,0,1,1,1,0,0,1,1,0,1,1,1,0,0,0,0,1,1,1,2
KL1273,1,1,1,2,1,2,1,2,2,1,1,1,2,1,1,1,0,1,2,1,2,1,2,2,1,1,2,0,0,1,1,2,1,1,1,0,1,0,2,1,1,1,0,1,0,2,1,0,1,0,2,1,1,0,2,1,2,2,2,2,0,2,1,0,1,1,2,1,0,1,0,1,1,2,0,1,0,1,0,1,2,1,1,0,1,0,0,0,0,1,0,0,0,1,0,1,1,2,0,2,0,1,0,1,0,0,1,1,0,1,0,1,2,0,0,0,1,0,0,0,0,1,0,1,1,0,1,0,1,0,0,0,1,1,0,1,2,2,1,1,0,0,2,1,0,0,0,1,0,1,0,0,0,1,0,0,1,0,1,0,0,1,0,0,1,0,0,2,1,1,0,1,0,0,0,0,1,0,1,1,1,0,0,0,1,0,1,1,1,0,1,1,0,0,1,1,0,1,0,1
KL1274,0,2,0,2,0,2,2,1,1,2,1,2,0,1,0,1,1,2,1,1,0,1,0,2,0,2,2,2,0,1,2,1,2,1,2,1,1,2,1,1,1,0,1,1,0,1,1,0,1,1,1,1,1,1,0,2,0,0,1,2,2,1,1,1,2,0,0,0,1,1,2,1,1,1,0,0,0,1,1,0,0,0,1,0,2,1,0,0,0,0,0,1,0,0,0,0,0,1,1,0,0,0,1,0,0,0,1,2,1,0,1,2,1,2,2,0,1,0,1,1,0,0,1,1,2,1,0,1,0,2,0,1,0,1,0,2,2,1,1,0,1,1,1,1,0,0,2,2,1,0,0,0,0,1,0,0,1,1,0,0,0,1,1,1,0,1,0,2,1,2,1,1,0,0,0,0,0,1,0,0,0,1,1,0,0,0,2,1,0,0,1,1,0,0,0,1,2,2,0,1
KL1275,2,1,0,2,1,1,2,2,2,2,1,1,2,1,1,2,0,1,1,0,1,2,1,1,0,0,2,0,1,0,1,1,1,2,2,0,1,0,0,1,1,1,0,0,0,1,1,0,1,1,1,1,1,0,0,2,1,1,1,2,0,1,1,1,1,1,1,0,0,2,0,1,1,0,0,1,0,0,1,0,0,0,2,2,0,1,1,0,1,0,0,1,1,0,1,0,0,0,1,1,0,0,1,1,1,0,0,1,0,0,1,0,0,1,1,0,0,0,1,1,0,1,0,0,1,0,0,0,0,0,1,0,1,0,1,1,2,1,1,1,1,0,0,2,0,1,1,0,1,0,0,0,0,1,1,0,0,0,2,2,1,0,1,1,0,1,2,0,1,0,0,2,0,0,1,1,1,1,1,1,0,1,0,0,0,0,2,0,0,0,0,1,1,0,1,1,0,0,1,1
KL1276,1,2,0,0,0,1,2,2,0,0,1,2,2,1,1,1,2,1,2,0,2,2,0,2,0,1,1,1,1,0,0,1,1,0,1,1,2,0,1,0,0,0,1,2,0,2,1,1,1,2,1,1,2,0,1,1,2,1,1,1,0,2,2,1,2,1,1,0,0,1,0,0,0,0,1,1,1,2,0,0,0,0,0,1,0,0,0,0,0,1,0,0,0,0,1,1,1,2,0,0,2,0,0,0,0,1,1,0,0,0,2,1,1,1,0,0,0,0,1,0,0,0,0,1,1,2,0,0,0,2,0,1,2,0,1,0,2,2,1,1,1,0,1,1,0,0,0,0,1,0,1,0,1,0,1,0,0,1,0,1,2,0,1,1,1,0,0,0,1,0,0,0,1,2,0,0,2,1,0,0,0,0,0,0,1,0,0,1,0,0,1,0,1,1,0,0,2,0,0,0
KL1277,0,0,1,2,0,2,1,0,1,0,1,2,1,0,0,1,2,2,1,2,2,2,0,1,1,0,2,0,1,0,1,1,1,0,0,0,2,0,1,1,0,2,0,1,1,1,0,2,1,1,2,2,1,1,2,2,1,0,0,1,1,1,1,2,1,1,1,2,1,2,1,0,0,0,1,1,1,1,0,0,0,0,2,0,2,0,0,1,0,1,1,0,0,0,1,0,0,0,2,0,1,1,1,2,1,0,0,0,1,0,0,0,1,1,0,0,0,0,1,0,0,0,1,0,1,0,1,0,0,2,1,1,2,0,1,1,1,1,0,1,0,0,2,1,1,0,1,1,0,0,2,0,0,1,2,0,0,1,1,1,0,2,1,0,0,1,1,0,1,1,0,0,0,0,0,0,1,1,0,1,1,0,0,0,0,0,0,2,0,0,0,2,0,0,0,2,0,0,0,1
KL1278,0,2,0,1,1,1,2,2,1,1,2,2,2,1,0,2,1,1,2,0,2,1,1,1,1,1,1,2,0,0,1,1,1,0,0,1,1,0,2,1,1,2,0,2,1,1,0,0,2,2,1,2,1,1,1,2,1,1,0,0,2,0,0,1,0,2,1,2,1,1,0,1,2,2,1,0,0,0,0,1,1,0,1,1,1,2,1,1,0,0,0,1,0,0,1,0,0,1,0,0,0,1,1,2,0,0,0,0,0,0,0,1,1,0,0,0,1,1,1,0,0,0,0,0,1,1,0,0,1,1,0,1,0,1,1,0,0,0,1,0,0,1,0,1,0,1,2,1,2,0,1,0,1,2,2,1,1,0,1,0,1,1,1,1,0,1,0,1,2,0,0,1,0,1,0,0,2,1,1,0,0,1,0,0,0,0,1,1,1,2,0,0,0,0,0,1,1,0,1,2
KL1279,1,0,2,1,1,2,2,1,1,1,1,1,2,1,0,1,2,1,1,0,0,0,1,1,1,0,2,1,2,0,0,1,1,1,1,1,2,1,0,0,1,1,0,2,1,2,1,0,2,1,2,1,2,0,1,2,2,0,1,2,1,0,2,1,1,0,1,2,1,2,1,1,2,1,0,0,1,0,1,1,0,0,0,0,1,1,0,0,0,0,0,0,0,0,0,1,0,1,0,1,0,2,1,0,1,0,0,0,1,0,1,1,2,1,1,1,1,1,0,0,1,0,1,0,1,0,0,1,1,1,0,1,2,1,1,2,2,1,2,2,1,1,1,0,0,0,0,1,1,0,1,0,0,1,0,0,1,0,1,1,2,0,1,0,1,0,0,1,1,1,1,0,0,0,0,0,0,2,0,0,1,2,1,2,1,0,2,1,0,2,0,1,0,0,1,1,1,1,2,0
KL1280,0,0,2,2,0,2,2,2,0,1,2,2,2,0,1,1,1,1,1,1,1,1,2,2,0,0,1,2,1,0,2,0,1,1,1,0,2,1,2,1,1,2,1,1,1,2,2,1,1,1,1,2,2,1,1,1,0,1,1,1,1,1,2,1,0,1,0,1,1,1,0,1,0,2,2,1,0,2,1,0,0,0,1,0,0,0,2,1,0,0,0,0,0,0,1,0,0,1,0,0,0,0,2,0,1,0,1,0,1,0,2,0,1,0,0,0,1,0,0,0,0,1,0,0,1,2,1,0,0,2,0,1,1,0,0,0,1,1,0,0,0,0,1,0,0,0,2,0,2,0,1,1,0,1,0,0,1,1,0,0,1,1,1,2,1,1,1,1,0,2,1,1,0,0,0,0,0,1,2,0,0,0,1,0,1,0,0,1,1,2,0,0,0,0,1,1,0,1,0,0
KL1281,1,0,1,2,2,2,2,1,1,1,1,0,1,2,2,1,2,0,1,0,1,1,1,1,1,0,2,1,0,1,2,1,1,0,2,1,1,2,1,0,1,1,1,2,2,2,2,1,2,1,0,2,1,1,2,2,2,1,1,1,1,0,1,2,1,2,2,1,2,2,0,1,1,1,0,0,0,1,1,0,0,0,1,1,2,2,0,0,1,0,1,0,0,1,1,0,0,1,1,2,0,0,2,0,0,0,2,2,0,0,1,1,2,1,1,1,1,0,1,0,0,0,2,0,0,1,0,0,1,1,0,1,0,1,1,2,0,1,0,1,0,0,1,0,1,0,1,2,1,0,1,0,0,0,0,1,1,0,0,1,0,0,0,0,2,0,0,1,1,1,0,0,0,0,0,0,1,1,1,1,1,2,0,0,0,0,1,0,1,1,0,1,1,1,0,1,1,1,1,1
KL1282,1,0,0,2,1,1,2,1,1,1,0,1,0,0,1,1,1,2,1,0,0,2,1,0,0,0,2,0,1,1,2,1,2,0,1,0,0,2,1,2,0,1,1,2,1,2,0,0,1,1,1,1,2,2,1,0,0,1,2,2,0,1,1,2,1,1,2,1,1,2,0,0,1,1,0,1,0,1,0,0,0,1,0,1,0,0,2,0,0,0,1,1,0,0,0,0,1,1,0,1,0,0,1,1,1,1,1,1,0,0,0,2,1,1,0,1,1,1,1,0,1,0,0,1,0,0,0,0,0,1,0,0,2,1,1,1,1,2,0,0,0,0,0,1,0,1,1,1,1,1,1,1,1,1,1,1,0,1,2,0,2,1,1,2,1,0,1,1,2,1,2,0,0,1,0,0,0,1,0,1,1,1,0,0,0,0,2,1,1,1,0,0,0,0,0,0,1,1,1,2
KL1283,1,2,0,1,1,1,2,2,1,1,1,0,2,1,0,1,1,1,2,0,0,1,1,1,0,2,2,1,1,1,2,2,0,0,1,0,2,0,2,1,0,1,1,2,0,2,1,1,1,2,1,1,0,0,0,2,0,0,2,2,0,1,1,2,1,2,2,1,1,1,0,0,0,1,0,1,0,1,0,0,2,0,1,0,1,1,0,0,0,0,0,1,0,1,2,0,0,1,1,1,1,1,1,0,0,0,0,1,0,0,0,1,0,2,0,1,0,0,1,0,2,0,1,0,1,0,2,0,1,1,1,2,0,1,2,1,1,2,0,0,2,0,1,0,0,0,2,1,1,1,0,1,1,0,1,0,0,0,0,0,1,1,0,0,1,0,1,1,1,0,0,0,0,1,0,0,0,1,0,0,1,1,1,0,0,1,0,1,1,1,1,2,0,0,1,1,0,2,1,1
KL1284,1,0,0,2,1,1,2,0,0,0,0,2,0,1,1,1,2,2,0,0,2,1,0,0,0,2,2,1,2,0,2,1,1,0,1,0,2,2,1,0,1,1,0,0,1,2,1,1,2,1,1,1,1,1,2,0,1,0,2,1,0,0,1,0,2,0,0,1,0,1,2,0,0,0,0,2,0,2,0,0,1,0,0,0,0,0,1,1,1,1,0,0,0,1,2,0,0,0,1,0,0,1,2,0,1,0,1,1,0,0,0,0,0,2,0,0,2,0,1,1,1,0,1,0,1,1,1,0,1,0,0,2,2,2,0,0,2,1,2,0,1,2,1,1,1,0,0,0,1,0,1,1,0,0,2,1,0,1,1,0,1,0,0,0,0,0,0,1,1,0,0,1,0,2,1,1,0,2,0,0,1,1,1,0,1,0,0,1,1,1,0,1,1,1,2,1,1,0,0,1
KL1285,1,1,1,2,0,2,1,2,0,2,1,2,2,2,1,0,2,2,1,0,2,1,1,0,0,2,2,1,2,1,2,1,0,0,0,2,2,1,2,0,1,0,0,2,0,2,1,1,2,1,0,2,1,0,0,2,0,0,2,1,2,1,2,1,1,1,0,1,2,1,0,0,0,2,1,1,0,2,0,0,1,1,1,2,1,2,0,0,0,0,0,0,0,2,2,0,0,1,1,0,1,0,0,0,0,1,1,0,0,0,1,2,2,1,1,2,0,0,2,0,1,0,1,1,1,1,0,1,0,1,1,1,2,0,2,1,2,0,1,0,1,1,0,2,2,1,0,1,1,1,1,0,1,0,1,1,1,0,1,0,1,1,1,1,2,0,1,1,2,0,0,0,0,1,0,0,1,1,1,0,1,1,1,1,0,0,1,0,0,0,1,0,1,0,1,1,1,2,0,0
KL1286,1,1,0,1,2,2,2,2,1,1,0,0,2,0,1,0,1,0,1,1,1,2,0,2,1,0,2,0,1,0,2,2,2,1,0,0,2,1,2,2,2,1,0,1,1,1,2,0,2,1,2,2,1,0,0,1,0,2,2,1,1,2,0,1,0,2,2,2,1,1,0,1,0,0,1,0,1,1,0,0,1,1,1,0,0,1,1,1,1,0,1,0,0,0,2,0,1,0,2,1,1,0,1,0,0,2,1,1,1,1,0,2,2,0,0,0,2,1,0,0,0,1,0,1,1,0,0,1,0,1,0,0,2,0,1,1,1,2,1,2,1,2,1,1,0,0,1,1,1,0,1,1,2,1,0,1,1,1,0,0,0,0,0,0,2,1,0,1,1,1,0,0,0,2,1,0,2,0,0,0,1,1,1,0,0,0,1,2,0,1,1,0,0,1,1,1,0,0,0,0
KL1287,1,1,2,2,1,1,2,1,1,0,1,2,2,2,1,0,2,2,0,2,1,0,0,2,1,1,1,0,1,2,2,1,0,0,2,1,2,1,0,0,1,2,0,1,0,2,1,0,1,1,1,0,2,2,1,2,0,1,2,0,0,1,1,0,1,0,1,1,1,2,1,0,1,0,0,1,0,0,0,0,1,0,2,0,2,1,1,1,2,1,0,0,0,0,1,0,0,2,0,0,0,0,1,0,0,0,2,1,1,0,1,0,1,0,0,0,2,0,1,1,1,1,0,0,0,1,1,0,1,1,0,0,1,2,0,1,1,2,0,0,1,1,0,2,1,0,1,0,2,0,2,0,0,0,0,2,1,1,0,0,0,2,1,1,0,1,0,1,1,0,0,0,1,0,1,0,1,1,1,0,1,0,0,0,0,0,0,0,0,1,0,1,0,1,1,0,0,0,1,1
KL1288,1,0,1,2,0,2,2,2,0,0,0,1,2,0,1,0,1,2,1,2,0,2,1,0,1,1,1,0,1,0,1,0,1,1,1,0,2,0,2,1,1,1,2,1,0,2,0,1,0,1,2,2,1,2,0,1,0,2,2,1,2,1,0,0,2,2,1,0,1,0,0,0,1,0,0,2,1,2,0,0,1,1,1,0,1,1,1,1,1,0,0,0,0,1,1,0,0,0,1,0,1,0,0,1,1,0,0,1,0,0,0,0,1,0,0,0,1,0,1,1,2,0,0,1,1,0,1,0,0,2,1,1,0,0,0,1,0,0,1,1,0,0,1,1,0,0,1,1,0,0,0,0,0,1,1,1,0,1,1,0,1,0,2,2,0,1,0,0,0,2,1,1,1,1,0,0,1,1,1,0,0,0,0,0,0,0,1,0,1,2,0,1,1,0,0,2,1,1,0,0
KL1289,2,2,1,1,0,2,2,1,1,0,2,1,2,0,1,0,1,2,1,0,2,2,1,1,1,0,2,0,0,2,1,1,1,0,1,1,2,1,1,1,1,1,1,1,1,2,2,1,2,2,0,1,2,1,0,2,2,0,2,2,2,1,0,1,0,0,2,1,1,2,1,1,1,2,1,1,0,2,0,1,1,1,1,0,1,0,2,0,0,1,1,0,0,0,1,0,0,1,0,0,0,0,1,1,0,1,2,0,0,0,0,1,1,0,0,0,2,1,0,0,1,0,0,0,1,0,0,0,0,0,0,1,1,1,2,1,1,1,0,2,0,0,1,0,0,0,1,1,1,0,1,1,0,0,0,1,1,0,0,1,0,0,0,0,0,1,0,1,1,1,0,1,0,1,1,0,1,0,0,0,1,0,1,0,0,0,0,0,0,1,0,1,0,1,1,1,0,0,1,1
KL1290,1,0,2,1,0,1,2,2,1,1,2,1,2,2,1,1,0,1,1,0,0,1,0,0,0,2,2,0,2,0,2,1,2,1,2,0,2,0,2,1,1,0,2,2,1,1,1,1,2,0,0,1,1,0,1,2,1,1,1,1,2,1,2,0,1,1,2,1,0,2,0,1,0,0,1,2,0,1,0,0,2,0,1,2,1,0,2,0,0,0,0,0,0,1,1,0,0,0,0,1,1,0,1,0,1,0,0,0,0,1,0,1,0,1,0,0,1,1,1,0,0,1,1,0,0,1,1,0,1,1,1,0,0,0,2,1,1,0,1,1,0,0,0,2,0,0,0,2,1,0,1,0,0,1,0,0,1,0,2,0,0,0,0,0,1,1,1,0,0,1,0,1,0,1,0,1,1,0,0,1,0,0,0,0,1,0,1,2,0,0,0,0,2,1,0,0,1,2,0,1
KL1291,1,0,1,1,1,1,2,2,0,2,1,0,1,2,1,2,2,1,1,0,1,1,2,2,0,2,2,0,0,0,2,2,1,0,0,2,1,1,2,1,0,2,1,1,1,1,1,1,1,2,1,0,1,1,1,2,0,0,1,1,0,1,1,1,1,1,2,1,2,2,0,1,0,0,0,2,2,0,1,1,1,0,2,1,2,2,1,0,0,0,1,1,0,0,0,0,0,1,1,1,0,2,0,2,2,0,1,0,0,0,1,0,1,1,1,0,1,0,0,0,0,0,0,0,1,0,0,0,1,2,0,1,1,0,1,1,1,1,0,1,1,0,1,0,1,0,1,1,1,1,1,0,0,1,2,1,0,1,1,1,2,0,1,0,1,2,0,1,1,1,0,1,1,2,0,0,1,2,1,0,1,0,1,0,0,0,0,1,0,2,0,0,0,0,1,1,0,0,0,2
KL1292,1,1,1,1,0,1,2,2,1,1,2,2,0,1,0,1,1,1,2,1,2,1,1,0,2,1,2,1,0,1,1,2,2,1,0,1,1,0,2,0,0,2,0,1,2,2,1,0,1,1,1,2,1,2,1,1,2,1,0,1,1,1,0,0,1,2,2,2,1,2,0,2,1,1,1,1,0,2,0,0,1,0,1,2,1,0,2,0,0,0,0,0,0,1,1,0,0,2,1,0,0,0,2,0,0,0,1,1,0,0,1,1,0,1,0,1,1,1,0,0,1,1,0,1,1,1,1,0,2,2,0,0,0,0,1,0,0,1,2,1,1,0,1,0,1,2,0,0,2,0,0,1,1,0,1,1,0,0,0,0,2,0,1,2,0,1,1,0,2,2,1,0,1,0,0,0,1,2,0,0,1,0,0,1,0,0,1,1,1,1,1,1,0,0,0,1,1,2,0,2
KL1293,1,0,0,1,1,1,0,1,1,0,1,1,2,2,0,1,2,2,2,0,1,1,2,0,0,1,1,1,0,2,2,1,1,1,0,0,1,1,2,1,0,0,2,2,0,2,2,0,2,1,0,2,2,2,0,0,1,0,1,2,0,2,1,2,1,0,1,1,0,2,1,1,0,0,0,1,0,0,0,0,1,1,2,1,1,0,1,0,0,1,1,1,0,0,1,1,0,0,1,1,0,1,1,1,1,1,0,0,1,1,1,0,1,1,0,0,1,0,0,1,0,0,1,1,0,1,0,0,1,0,0,2,2,0,1,1,2,0,0,0,0,0,0,1,1,0,1,0,1,0,1,0,0,1,1,0,2,1,1,0,1,0,1,0,1,0,1,0,2,0,1,1,1,0,1,0,0,1,0,2,0,1,0,1,1,1,2,1,0,2,0,1,1,0,0,1,0,1,0,0
KL1294,2,2,1,2,0,1,2,1,0,0,2,0,2,0,1,2,1,1,2,1,2,2,2,2,1,1,1,1,1,1,1,1,2,0,1,0,1,1,1,1,2,0,0,1,0,0,1,0,2,1,0,2,2,1,0,0,1,1,1,2,1,0,1,2,2,1,1,1,0,2,0,0,0,1,1,0,0,1,1,1,1,1,0,1,2,0,1,0,0,0,2,1,0,1,0,0,0,0,1,0,2,1,0,0,1,0,1,1,0,0,1,0,1,0,0,0,1,1,1,1,1,0,1,2,0,1,1,0,1,1,0,2,2,0,0,2,2,1,0,1,0,0,1,0,1,2,1,2,0,1,1,1,0,1,0,1,1,1,2,0,1,0,2,0,0,0,1,0,2,2,1,0,0,1,0,0,0,0,2,0,0,1,2,0,0,0,1,1,1,0,0,1,0,0,1,0,0,1,0,0
KL1295,1,0,1,1,1,2,2,1,0,2,2,2,2,0,2,0,1,1,0,0,2,2,1,0,0,1,1,1,1,1,2,1,1,1,2,1,2,1,1,1,0,1,0,1,2,0,0,1,1,2,0,1,1,1,0,2,1,0,0,2,0,0,1,0,1,2,1,1,2,2,1,1,0,1,0,2,0,0,1,0,1,1,0,0,0,0,1,0,0,1,2,0,0,0,0,0,0,0,1,0,0,0,1,0,0,1,1,1,2,0,2,2,2,1,0,2,0,0,1,0,0,0,0,0,1,0,0,0,1,0,1,0,1,1,1,1,0,0,1,2,0,0,0,0,1,1,1,2,1,0,0,0,0,0,0,1,1,1,2,0,1,0,0,0,2,2,0,0,1,0,0,2,0,1,0,0,0,2,2,1,1,1,1,0,1,0,1,1,0,0,2,1,0,0,0,0,0,2,0,0
KL1296,1,0,1,0,2,0,2,1,1,0,2,1,1,0,1,2,1,1,1,0,0,1,1,1,0,1,2,1,2,1,1,2,2,1,1,1,2,0,2,1,0,2,0,0,1,2,0,1,0,1,1,2,2,1,1,1,1,0,2,1,1,0,0,2,2,1,1,1,2,1,0,1,0,1,1,1,1,1,1,1,1,0,1,1,1,1,1,0,1,0,0,0,0,0,1,0,1,1,1,1,0,0,0,1,0,1,1,0,0,0,1,0,2,0,0,1,2,0,0,1,0,0,0,1,1,1,0,1,0,2,0,1,1,0,1,1,1,0,1,1,0,0,2,1,0,1,2,0,2,0,0,0,0,0,0,0,1,0,0,0,0,1,0,0,0,1,0,0,1,1,0,1,0,1,1,0,0,1,0,0,0,1,0,0,0,1,1,0,0,0,1,2,0,1,1,0,0,2,0,1
KL1297,1,1,1,1,0,2,2,1,0,0,1,1,2,0,1,2,1,2,2,2,1,2,0,2,1,1,1,1,2,1,2,0,0,1,1,1,2,1,1,2,1,0,2,2,1,2,0,1,1,1,1,2,2,1,0,2,2,0,1,0,0,1,1,2,1,2,2,1,2,2,0,0,1,2,0,1,0,0,1,0,0,0,2,2,0,1,1,0,1,0,0,1,0,0,1,0,0,2,1,2,0,0,1,1,2,0,1,1,0,0,0,2,0,1,1,1,0,0,0,1,0,0,0,2,0,1,0,0,1,1,1,2,0,0,0,1,1,0,0,1,0,1,0,0,0,0,0,0,0,1,1,0,0,0,1,1,1,0,2,0,1,1,0,0,0,1,1,1,1,1,0,0,1,0,1,0,0,2,0,1,1,2,1,1,1,0,0,2,0,0,1,2,2,0,1,1,2,1,1,1
KL1298,0,0,1,2,1,1,1,2,1,2,1,2,2,2,2,1,0,1,2,0,1,2,2,2,1,2,1,2,2,1,1,0,2,0,2,1,2,1,1,1,0,1,0,1,1,2,1,0,2,2,2,2,2,0,2,1,2,0,1,2,0,1,1,1,0,2,1,1,0,2,1,1,0,2,0,0,0,1,0,0,2,1,1,1,1,0,1,0,0,0,0,0,0,0,2,1,1,0,0,0,1,1,1,1,1,1,1,0,0,0,1,0,1,1,0,1,0,0,1,0,0,0,0,0,1,2,0,0,0,0,2,1,0,1,1,0,1,1,2,0,1,0,1,1,0,1,1,1,1,0,1,0,0,0,0,0,0,0,1,0,1,0,1,1,0,0,2,0,2,0,1,0,0,2,0,0,1,2,0,0,0,0,0,0,1,0,1,2,0,1,0,1,1,1,0,0,1,1,1,0
KL1299,1,1,0,2,1,2,2,2,1,1,1,1,1,0,2,2,0,0,1,0,0,2,2,1,1,1,2,1,1,1,2,2,2,2,0,2,1,2,2,1,1,2,0,1,1,2,1,2,2,2,0,2,2,0,1,1,1,0,1,1,1,2,2,1,1,2,1,1,2,2,0,0,0,1,0,2,2,0,1,0,1,1,0,2,0,1,1,0,0,0,0,0,0,0,1,0,1,2,1,1,0,2,1,2,0,1,0,0,0,0,0,1,1,1,0,0,0,0,1,0,0,0,2,2,1,0,1,0,1,0,0,1,0,2,1,1,2,2,1,1,0,2,1,0,1,0,0,0,0,0,2,0,0,1,0,2,2,1,1,0,1,0,1,0,1,2,1,1,1,0,1,1,0,0,1,0,0,1,1,1,0,1,0,0,1,0,2,2,1,1,0,1,0,0,1,0,0,0,0,0
KL1300,2,2,2,1,1,0,1,2,0,1,0,2,0,1,0,2,1,1,2,0,2,1,1,1,2,2,1,1,2,1,1,0,2,1,1,1,2,1,1,1,0,0,0,1,1,2,1,1,1,1,0,2,0,1,0,1,0,0,1,0,1,1,0,1,1,1,1,2,0,1,0,0,0,0,0,2,0,0,1,0,1,0,2,2,1,1,0,0,0,1,0,0,1,1,0,0,2,2,0,1,0,2,2,1,1,0,0,1,0,0,2,1,2,2,0,0,0,1,1,0,0,1,1,2,1,0,0,0,2,2,0,1,1,0,2,1,0,1,0,1,1,0,2,1,1,1,0,2,0,0,1,0,0,1,0,0,2,1,0,0,2,1,1,1,0,0,0,1,0,1,0,1,0,1,1,0,1,1,0,0,1,1,0,0,0,0,0,2,0,1,1,0,0,0,1,0,1,1,0,0
KL1301,1,1,1,1,1,0,0,2,0,2,1,2,1,1,0,0,1,2,2,1,1,2,1,2,0,0,0,1,0,0,2,2,2,2,1,0,1,1,2,1,0,0,1,1,1,2,1,1,2,0,1,2,1,1,1,2,0,0,1,1,0,0,1,2,1,1,0,2,1,2,0,1,0,1,0,1,0,1,1,1,2,0,1,2,0,1,1,0,0,1,2,0,0,0,1,0,0,2,0,1,1,0,2,0,0,0,1,2,0,1,1,1,0,0,1,0,1,1,2,0,1,0,0,0,0,1,0,0,1,2,0,0,1,0,1,1,2,2,0,2,0,1,0,0,0,1,1,1,0,0,0,0,0,0,1,0,1,0,1,0,1,0,0,1,0,1,2,1,1,0,0,1,1,1,0,0,0,2,1,1,0,1,2,0,0,0,0,1,1,1,0,1,0,1,0,0,0,1,0,0
KL1302,0,2,2,1,0,2,1,2,1,1,1,2,2,1,1,1,1,1,2,0,1,2,2,1,0,0,1,1,1,1,2,1,1,0,1,0,0,1,0,1,2,1,1,2,1,2,0,2,2,2,0,1,1,0,1,2,1,2,1,2,1,2,2,1,2,1,1,0,1,2,1,1,2,1,0,1,1,0,2,2,0,0,0,2,1,0,1,0,0,0,0,2,1,1,1,0,0,0,0,0,1,0,2,0,0,0,0,1,0,0,0,0,0,1,0,0,2,0,2,0,0,0,0,1,2,0,0,0,0,1,0,1,0,0,1,1,1,2,0,1,1,0,2,0,1,1,0,0,1,0,0,0,1,0,2,1,2,1,0,0,0,1,1,0,1,1,1,0,2,1,0,1,0,1,0,0,0,0,0,1,0,2,0,0,0,0,2,2,0,0,2,1,0,1,2,1,2,0,0,1
KL1303,0,2,0,2,1,2,2,1,1,0,0,2,1,0,1,2,0,1,2,1,0,2,0,1,2,2,1,0,1,1,1,1,1,1,1,1,1,0,1,1,1,0,0,1,1,2,2,0,0,1,0,1,1,2,2,2,2,1,0,1,1,1,0,0,1,2,1,2,0,1,0,2,1,0,0,0,1,1,0,1,0,0,1,0,1,1,2,0,0,0,1,0,0,1,0,1,0,0,0,1,2,0,2,1,2,1,1,0,0,1,0,0,1,0,0,1,0,0,1,1,1,0,0,1,1,0,1,0,1,1,0,0,1,1,2,0,1,1,0,1,0,0,2,1,0,1,1,1,0,0,1,0,0,2,1,1,1,1,0,0,1,0,0,0,1,1,1,0,0,1,0,1,1,1,0,1,1,2,1,2,0,2,1,0,0,0,0,1,0,0,1,1,0,1,0,1,1,1,0,1
KL1304,1,0,1,2,0,2,1,2,0,2,1,1,2,1,2,2,1,1,1,0,1,1,1,1,0,0,2,0,2,1,0,1,1,0,2,1,1,1,1,0,1,1,1,1,1,2,1,1,1,2,0,1,2,2,0,1,1,1,1,1,2,1,1,1,2,1,1,1,2,1,1,1,1,1,0,1,0,1,2,0,1,1,1,0,0,1,0,0,0,0,0,1,1,0,1,1,0,0,2,0,1,0,1,0,1,0,1,0,0,0,0,0,1,1,0,0,1,0,1,2,0,0,1,1,1,0,1,0,0,1,0,1,1,1,2,0,1,0,0,1,1,1,1,0,0,1,1,1,1,0,1,0,1,0,1,0,0,0,1,0,1,0,2,1,2,1,0,0,0,0,0,1,0,2,0,0,1,1,1,2,0,0,1,1,0,0,0,0,0,1,0,0,0,0,1,2,0,1,0,2
KL1305,2,1,1,2,1,2,2,1,1,0,1,2,2,1,0,1,0,1,0,0,0,2,2,2,0,1,2,0,0,0,1,2,0,0,1,0,2,0,2,1,0,1,0,2,2,2,0,0,2,2,1,1,2,1,0,2,1,1,0,2,2,0,2,0,2,1,0,1,1,2,0,1,1,2,1,2,0,1,1,0,1,1,2,1,1,1,0,0,0,0,0,0,1,1,0,0,0,1,0,1,1,0,2,0,1,0,1,0,1,1,0,1,1,2,0,1,0,1,2,0,0,0,1,0,1,2,0,0,0,2,0,2,1,1,0,0,2,1,0,0,1,0,0,0,0,1,1,1,0,0,1,1,0,0,0,1,2,0,1,0,1,1,2,0,1,1,0,1,1,1,0,0,2,1,0,0,1,1,1,0,0,2,0,0,1,0,0,0,1,1,1,0,0,0,0,0,1,2,0,1
KL1306,1,0,2,2,1,2,2,1,1,0,2,1,2,0,2,0,2,1,1,1,2,1,1,0,1,2,1,1,1,1,2,1,2,1,2,0,1,2,1,0,2,0,0,1,1,2,1,1,2,1,1,2,2,1,0,1,0,2,1,1,1,1,1,1,1,1,1,1,1,2,1,2,0,0,0,1,1,1,1,1,1,1,1,1,2,0,2,0,0,0,1,1,1,0,0,2,1,1,0,1,0,0,1,0,2,0,2,1,1,1,1,0,2,1,0,0,1,0,1,0,1,0,0,1,0,1,0,0,1,1,1,2,1,1,0,0,2,0,1,1,1,1,1,0,0,0,0,1,1,0,2,0,0,1,1,0,1,1,1,0,0,0,1,1,1,1,1,0,1,1,1,0,0,2,1,0,1,0,1,1,1,1,0,1,0,1,1,1,0,1,0,1,0,0,1,1,0,1,0,2
KL1307,0,0,1,1,0,2,2,2,0,1,0,1,1,0,1,1,1,1,1,0,1,1,2,0,2,2,2,2,1,2,2,1,1,0,0,1,1,0,1,1,2,2,0,0,2,2,2,2,2,2,0,2,0,2,0,1,1,0,1,0,1,0,1,2,0,1,1,1,0,0,0,0,1,1,0,1,0,1,0,0,1,0,1,0,1,1,1,0,0,0,2,1,0,0,0,1,0,0,0,1,0,1,1,1,1,0,0,1,0,0,1,1,2,1,0,0,1,2,1,0,1,1,0,1,0,1,0,0,1,0,1,1,2,2,2,1,2,1,1,1,0,0,2,2,1,0,0,1,1,1,1,0,0,2,0,0,1,0,0,1,1,0,0,1,0,0,0,0,1,1,1,1,0,2,1,0,1,2,0,0,1,0,2,0,1,0,0,2,2,0,2,1,0,1,1,2,0,0,0,1
KL1308,2,1,0,1,1,2,2,2,2,0,0,0,2,1,2,0,0,2,1,0,0,1,2,1,0,1,2,2,2,0,2,0,1,1,1,2,2,1,2,0,0,1,0,1,0,2,1,1,0,1,1,1,2,1,1,0,1,2,1,0,0,1,0,2,0,1,0,2,1,1,1,0,1,0,0,1,2,1,1,2,0,0,1,2,1,1,1,0,1,0,0,0,0,0,0,0,0,2,2,2,1,0,1,2,1,0,0,0,0,0,1,1,1,1,0,0,1,0,0,1,0,2,2,1,0,1,0,0,0,0,0,2,0,1,1,2,1,0,0,0,1,1,1,0,1,0,0,1,0,0,1,0,0,0,1,0,1,1,0,0,1,1,1,0,0,0,0,0,1,1,1,1,0,0,0,0,0,1,1,1,0,1,1,1,0,0,1,2,1,0,0,2,1,1,0,2,1,1,1,1
KL1309,2,0,2,2,0,2,1,2,0,0,1,1,1,1,1,1,1,2,2,1,2,1,1,1,0,1,1,1,2,0,2,2,1,2,1,1,2,2,2,0,0,1,1,0,0,2,2,0,1,1,2,1,1,1,2,2,1,0,0,1,2,1,1,0,2,1,1,2,1,2,1,0,1,2,0,0,0,1,0,2,0,0,1,0,1,0,0,0,1,0,0,0,0,0,0,0,0,0,1,0,0,0,1,1,0,1,1,1,0,0,0,0,1,1,1,1,1,1,1,0,1,0,2,0,0,0,0,1,1,1,0,1,1,0,1,0,2,2,0,1,0,0,0,2,0,0,2,0,1,0,0,0,2,0,1,1,0,0,2,0,1,0,0,1,1,0,0,0,1,1,1,2,0,1,1,0,0,1,1,0,1,1,0,1,1,0,1,2,1,1,1,1,1,1,0,1,0,0,0,1
KL1310,0,0,0,2,1,2,1,2,2,1,1,2,1,0,0,2,1,2,2,1,0,1,2,0,1,0,2,2,2,1,0,2,2,2,1,0,1,0,1,1,0,1,1,1,0,2,2,1,0,1,1,1,0,1,0,1,1,2,2,1,0,1,1,0,0,2,1,1,2,0,0,1,0,2,0,0,0,0,0,1,2,0,2,0,1,0,1,0,0,0,0,0,0,0,1,0,0,1,0,0,0,1,1,1,0,2,1,1,2,0,1,0,1,1,1,0,0,1,0,0,0,1,0,0,0,0,0,0,1,1,1,1,0,2,1,0,2,2,1,2,0,0,1,1,0,2,2,1,0,1,2,1,0,1,0,2,1,1,1,0,1,0,0,0,1,0,0,0,0,1,0,2,0,1,0,0,1,1,1,0,1,1,2,0,0,0,0,0,2,1,1,0,0,0,1,2,0,1,2,0
KL1311,2,1,0,2,2,1,2,2,1,1,1,1,1,1,1,1,0,2,2,1,1,0,0,2,0,1,1,1,1,0,1,2,2,1,0,1,1,1,1,2,1,0,0,1,1,2,1,2,2,1,0,1,1,1,0,2,1,0,1,2,0,1,2,2,1,1,1,1,0,2,0,0,2,0,0,0,1,1,1,0,2,1,1,0,1,0,0,0,0,0,0,0,0,1,1,0,0,1,2,0,0,0,1,1,0,0,0,1,1,0,0,1,1,2,0,0,1,0,0,0,0,0,0,1,0,0,1,1,1,2,0,2,0,1,0,1,1,1,0,1,1,1,1,1,0,1,1,0,0,1,1,1,0,1,0,2,1,1,1,0,1,0,1,1,0,1,0,0,0,2,0,1,1,2,0,0,1,0,1,2,0,0,1,0,0,0,1,1,1,1,1,1,1,0,1,0,0,0,0,0
KL1312,1,1,1,1,1,2,2,2,0,1,1,2,2,1,1,0,2,2,1,0,0,2,0,0,2,1,1,1,1,0,0,2,1,1,2,1,2,0,1,1,0,1,2,1,2,2,2,1,0,0,2,1,2,1,1,2,1,0,2,1,0,1,0,2,0,0,2,0,1,2,1,0,0,2,1,1,1,1,0,1,1,0,2,2,0,0,1,0,0,0,0,0,0,0,0,0,0,0,0,1,0,0,1,1,0,0,1,0,1,1,0,0,0,0,0,0,2,0,1,1,0,0,0,1,2,1,0,0,2,0,1,0,1,0,1,1,1,2,2,1,0,0,1,0,0,1,1,1,2,0,1,0,0,2,1,2,0,0,2,0,1,0,1,1,0,0,1,0,1,1,0,1,2,1,0,0,0,0,1,2,0,2,1,0,1,0,0,2,0,0,1,0,0,0,2,1,0,1,0,2
KL1313,2,0,1,1,0,1,0,1,1,1,2,2,1,0,0,1,1,1,1,1,0,2,2,1,1,1,1,1,0,0,1,1,1,0,2,0,2,1,2,0,0,0,0,0,1,2,1,0,2,1,0,2,2,0,0,2,1,0,0,2,2,0,1,0,2,0,1,2,0,2,0,0,0,2,0,1,0,1,0,1,1,0,0,2,2,0,0,0,0,0,0,1,0,0,1,1,0,1,0,1,0,0,1,0,0,0,0,1,0,0,2,1,2,1,0,0,1,0,0,2,0,0,2,1,0,0,1,0,1,1,0,0,2,0,1,0,1,0,0,0,1,1,1,0,0,0,2,0,2,1,0,0,1,0,1,0,1,0,0,0,0,0,1,1,1,0,0,0,1,0,0,0,0,2,0,0,1,1,2,2,1,1,0,2,0,1,0,2,0,0,1,1,1,1,0,1,0,1,2,0
KL1314,1,1,1,2,0,0,2,1,1,0,1,1,2,1,2,1,1,1,1,0,2,0,2,2,1,1,2,0,1,2,2,2,1,0,0,0,2,1,2,0,1,2,1,1,1,1,2,1,2,1,1,2,0,2,1,2,1,1,1,1,2,0,0,1,2,1,1,1,2,1,1,1,0,2,1,1,1,1,0,0,1,1,2,2,1,1,0,0,0,1,1,0,0,0,1,0,2,0,2,0,0,0,1,1,1,0,1,1,0,0,0,1,1,2,0,1,0,0,0,2,0,1,1,0,1,0,0,0,1,0,0,0,0,1,1,0,1,1,1,1,1,0,0,0,1,0,1,2,0,0,0,0,0,0,1,0,0,0,1,0,1,0,1,0,1,1,0,1,1,0,0,0,0,1,0,0,0,2,1,0,0,1,1,0,1,0,0,2,1,1,1,2,0,1,1,1,1,0,0,1
KL1315,1,0,2,1,0,2,0,2,1,1,1,1,1,1,1,0,2,1,2,1,2,1,1,2,0,0,2,0,0,1,2,2,0,0,2,1,1,2,2,0,0,2,1,2,2,2,1,0,1,1,1,2,0,1,1,1,1,0,1,2,2,1,2,1,2,0,0,1,2,2,0,1,0,1,1,2,1,1,2,0,0,1,1,1,1,0,0,0,0,0,1,1,0,1,0,0,0,1,0,2,0,0,1,1,0,1,0,0,0,0,0,0,1,0,0,0,1,1,2,0,0,0,0,0,0,1,1,0,0,1,1,2,2,2,1,1,0,1,1,0,2,0,0,0,0,0,1,2,1,0,2,0,1,1,1,1,2,1,0,0,1,0,0,1,1,1,2,1,1,1,1,1,1,0,2,0,1,1,0,0,1,2,0,0,0,0,2,1,0,1,1,2,0,1,1,2,0,0,1,1
KL1316,0,0,1,2,1,2,2,1,1,1,1,1,2,0,0,1,1,0,1,0,0,1,2,1,1,1,2,1,2,0,2,2,1,0,1,0,2,2,2,1,0,2,0,0,1,2,1,0,0,1,1,1,1,1,0,1,0,1,0,0,0,0,1,1,0,1,1,1,1,1,0,1,0,0,0,1,1,0,0,1,2,0,2,1,1,0,1,0,0,0,0,0,2,0,1,0,0,1,0,0,0,0,2,2,0,1,0,1,0,0,1,0,1,1,1,0,1,0,2,0,1,0,1,0,0,0,0,2,1,2,1,1,0,0,2,1,1,1,2,0,1,0,0,0,1,0,0,1,2,0,2,0,1,0,0,1,0,1,1,0,2,1,1,0,0,1,1,1,2,1,0,0,0,1,0,0,1,2,0,1,2,0,1,0,1,0,0,1,0,0,0,1,0,1,1,1,0,0,0,1
KL1317,0,1,1,2,0,1,1,1,0,1,1,2,2,0,0,1,0,1,0,0,1,2,2,2,0,0,2,1,0,1,2,1,1,1,1,1,2,1,2,1,0,0,0,1,1,1,1,1,2,2,2,2,2,1,1,1,0,1,1,1,2,0,1,0,1,2,0,2,2,1,2,1,0,1,1,1,2,2,1,1,1,0,2,0,0,0,0,0,0,0,0,0,0,1,1,0,0,1,0,0,0,0,1,0,1,1,1,0,1,0,0,0,1,1,0,0,0,1,1,0,1,0,1,0,1,2,1,1,0,2,0,0,1,0,0,1,1,0,1,2,0,0,0,0,0,0,1,0,1,0,2,0,2,0,2,1,1,0,1,0,2,1,0,0,1,1,0,0,1,0,0,2,0,0,0,1,0,1,2,0,0,0,1,1,0,1,1,0,1,0,1,1,0,0,0,0,1,0,1,0
KL1318,1,0,1,1,0,1,2,1,1,0,2,2,2,1,0,2,1,1,2,0,2,1,1,1,1,2,2,0,0,2,1,1,1,1,2,1,1,1,1,1,1,0,1,1,0,1,0,1,2,1,1,2,0,2,0,1,2,0,1,1,0,1,1,1,0,0,1,1,0,2,2,1,0,0,1,1,1,2,0,1,1,1,1,1,2,0,2,0,0,0,1,1,0,0,2,0,0,1,2,0,0,0,0,0,1,1,1,0,0,0,1,1,1,1,0,1,1,1,0,1,1,0,1,1,1,1,0,0,0,0,0,1,0,0,0,1,1,1,1,2,0,0,1,2,1,0,0,2,0,1,2,1,0,1,1,1,1,1,1,1,1,0,0,0,0,0,0,1,0,2,0,1,0,1,1,0,0,1,1,1,2,0,0,0,0,0,1,2,0,0,1,2,0,0,1,2,1,2,1,0
KL1319,0,0,1,2,0,1,1,2,0,0,1,1,1,1,0,1,2,1,2,1,0,1,1,2,1,1,1,2,2,0,1,1,2,1,2,2,1,0,1,1,0,1,0,1,1,2,0,1,1,2,1,1,0,1,0,2,1,0,2,1,1,2,1,1,1,2,1,1,1,1,0,2,0,0,0,1,0,0,2,1,1,0,2,1,0,0,0,0,1,0,1,0,0,0,1,0,0,0,1,0,0,1,2,0,0,0,1,1,0,2,0,1,1,0,0,0,1,0,0,0,0,1,0,1,2,2,1,0,1,1,1,2,0,0,2,2,1,1,1,2,0,0,0,1,0,0,2,0,1,0,1,0,1,1,0,1,1,0,1,0,1,0,0,2,0,2,1,0,2,2,0,0,1,0,0,0,0,0,0,0,1,1,1,0,1,0,1,0,0,0,1,0,0,0,0,0,1,1,0,0
KL1320,0,0,1,1,1,0,1,1,2,2,2,1,2,1,1,1,1,2,1,2,0,1,1,1,2,0,1,2,1,1,1,1,2,0,1,1,2,1,2,1,0,1,0,1,2,2,0,1,1,2,1,2,0,1,0,1,0,1,2,2,0,1,0,2,1,0,2,1,0,1,0,2,0,1,0,1,1,1,0,1,2,0,1,1,0,1,1,0,0,0,1,1,0,1,0,0,0,1,1,0,0,0,2,0,1,1,0,1,0,1,2,1,2,0,0,0,0,0,1,1,1,0,1,1,0,0,0,0,1,1,0,0,1,1,1,0,0,0,0,0,1,2,1,0,0,0,1,0,0,0,1,1,0,0,0,1,2,0,1,0,0,0,0,2,1,0,1,1,1,0,0,1,1,2,1,0,1,1,0,0,0,1,0,0,0,0,2,1,1,0,2,0,0,0,0,1,1,0,1,1
KL1321,1,1,0,2,0,1,2,1,0,1,0,1,1,0,1,0,2,2,2,1,1,0,1,1,0,2,2,1,2,1,1,1,2,1,0,0,1,1,2,1,1,2,1,2,1,1,0,1,1,2,0,1,1,1,2,2,1,0,2,1,2,0,0,1,1,1,1,1,1,2,1,1,0,0,0,0,1,1,0,0,1,1,1,2,0,0,1,0,0,0,0,0,1,0,0,1,0,2,1,1,0,0,1,1,0,0,2,1,0,0,0,1,2,1,0,0,2,0,0,0,1,0,0,0,0,0,2,0,1,1,1,1,1,0,1,0,1,0,2,1,1,0,1,0,0,2,2,0,1,0,1,0,2,0,1,0,2,1,0,0,1,0,0,2,0,1,0,0,1,0,0,0,0,0,0,0,1,2,0,1,0,2,1,0,2,1,0,2,0,0,0,1,0,0,0,1,0,1,0,0
KL1322,1,0,1,0,2,2,2,2,0,1,1,0,2,1,2,2,2,1,2,0,0,0,1,1,1,1,2,1,2,0,2,1,0,1,1,1,1,1,2,1,1,1,1,1,0,2,1,0,1,1,0,1,2,0,0,2,0,1,0,2,1,1,2,1,1,2,2,1,1,1,0,1,1,0,0,2,0,0,1,0,2,1,0,0,1,1,1,0,0,0,0,1,0,0,0,0,0,0,0,1,0,0,1,0,0,1,0,1,0,1,2,1,1,1,0,1,2,1,0,2,0,0,0,1,1,2,0,1,1,1,1,2,1,2,1,0,0,2,1,0,1,0,0,0,0,1,2,0,1,0,0,0,0,2,1,1,1,0,0,0,0,0,1,0,2,0,1,1,1,2,1,1,0,1,0,0,1,0,0,1,1,1,1,1,1,1,1,1,1,2,1,1,0,0,1,2,1,1,0,1
KL1323,0,1,0,2,0,1,1,2,1,0,2,2,2,1,0,2,1,1,2,0,1,0,2,2,2,0,2,1,1,2,2,1,1,1,1,1,1,0,1,0,1,2,0,0,2,2,0,0,0,2,2,1,1,0,1,2,2,1,2,1,1,0,0,0,2,2,1,1,2,2,0,2,0,0,1,2,1,0,0,1,2,0,0,1,1,0,1,0,0,1,0,1,1,0,0,0,1,1,1,0,0,0,0,0,0,0,0,0,0,0,0,1,1,2,0,0,2,1,0,0,1,0,1,0,1,0,0,0,0,2,1,1,1,0,0,2,2,2,1,1,1,0,1,0,0,0,2,1,0,0,2,1,0,1,0,1,1,0,0,0,0,2,2,0,1,0,2,0,0,0,0,0,0,0,1,0,0,2,1,0,0,0,0,0,1,0,1,1,1,1,0,0,0,0,0,1,1,0,0,1
KL1324,2,2,2,2,0,2,2,0,1,1,1,1,2,1,1,2,1,2,0,0,1,1,1,1,0,1,2,1,1,1,1,1,2,2,2,0,1,2,1,0,2,0,0,1,2,1,1,0,2,1,1,1,0,1,1,2,1,1,1,2,2,0,0,1,0,1,1,1,1,2,0,1,2,0,0,0,0,1,1,1,1,0,1,1,1,0,1,0,0,0,0,0,0,1,2,0,0,1,1,1,1,0,2,1,0,0,1,0,0,1,2,1,1,1,0,1,1,0,0,0,0,0,2,1,1,0,1,0,0,2,2,1,2,0,2,1,2,2,1,1,0,1,0,0,0,0,1,1,1,0,1,0,0,1,1,1,1,0,0,0,0,1,1,0,1,2,1,1,0,0,0,0,0,0,1,1,0,1,0,0,0,0,1,0,2,1,1,2,1,0,1,0,0,0,0,1,0,0,1,1
KL1325,1,1,0,2,1,2,1,2,1,1,0,0,2,0,0,1,2,0,2,0,1,0,1,1,0,1,1,1,0,0,1,1,2,1,1,1,2,0,1,1,1,0,2,0,1,1,2,0,2,2,0,1,2,2,0,2,0,1,2,1,1,0,1,1,2,1,0,0,2,2,1,1,0,2,1,1,1,2,0,0,1,0,1,0,1,0,0,0,0,0,2,1,0,1,0,0,0,0,0,1,1,1,1,0,2,1,1,1,0,0,0,1,1,0,0,1,0,2,1,0,0,0,0,0,0,0,0,1,0,1,0,1,2,0,0,0,0,1,0,2,2,0,2,0,0,0,1,1,0,0,2,0,1,1,0,2,0,1,1,0,0,0,1,0,0,1,0,1,1,1,1,0,0,1,0,0,0,0,0,1,0,1,0,0,1,0,1,0,1,0,1,1,1,0,0,1,1,1,1,2
KL1326,1,0,0,1,0,2,2,2,0,2,0,2,1,0,1,2,2,1,1,0,1,1,1,1,2,2,2,0,1,0,2,2,2,1,2,1,2,0,1,0,1,2,0,1,0,2,2,1,2,2,1,2,1,0,1,1,1,0,1,0,2,1,1,0,0,1,1,1,1,2,1,1,1,0,0,2,0,1,1,0,0,0,2,1,1,1,0,0,1,0,0,1,0,0,1,0,0,0,0,1,0,0,1,1,0,0,0,2,0,0,0,0,0,0,0,0,0,0,2,0,0,0,0,0,0,1,0,1,0,0,1,1,2,1,1,1,2,0,0,0,0,1,1,0,1,1,1,1,2,0,0,1,0,1,0,0,2,0,0,0,2,0,1,1,1,0,1,1,1,0,2,0,0,0,0,0,0,1,0,1,1,0,1,0,1,0,0,0,2,1,0,2,0,0,0,2,0,2,0,0
KL1327,2,0,1,1,0,1,2,2,2,1,1,0,1,0,0,1,1,1,1,1,2,1,2,1,0,0,2,2,1,1,1,2,2,0,0,1,1,0,1,2,1,0,0,1,0,1,1,0,1,0,0,2,0,1,0,2,1,0,0,1,2,1,0,0,2,1,2,2,0,2,1,0,1,1,1,1,0,1,2,0,2,0,1,1,1,1,1,0,0,0,0,0,0,1,1,0,0,0,0,2,0,1,0,0,0,0,2,0,0,0,0,1,0,1,0,0,0,0,1,0,0,0,1,1,1,0,1,0,1,1,1,2,1,0,2,2,1,1,1,2,1,1,2,0,1,0,1,0,0,0,1,1,1,1,1,2,2,0,1,0,0,0,1,2,1,1,0,1,0,1,0,1,1,1,0,0,1,0,1,0,0,1,1,1,0,1,0,1,0,1,0,2,0,0,0,1,0,1,0,0
KL1328,1,1,0,1,0,1,2,2,1,0,1,2,1,1,0,2,1,1,2,0,0,2,1,1,1,0,2,0,1,0,2,2,2,1,1,0,1,1,2,0,0,0,1,2,1,2,0,0,2,1,2,1,1,1,0,2,1,2,2,2,1,2,1,1,0,2,1,0,0,1,0,0,0,0,1,2,1,2,1,0,0,1,1,2,0,0,1,0,1,0,0,0,0,1,0,0,0,1,1,1,0,1,0,1,0,1,0,1,0,1,2,1,1,1,0,0,1,0,1,0,0,0,0,1,1,1,1,0,0,0,0,1,0,0,0,2,2,1,0,1,0,1,0,1,1,1,1,0,1,0,1,0,0,0,0,2,1,0,1,0,2,0,2,1,1,1,1,0,2,0,0,0,2,1,0,0,0,1,0,1,0,0,2,1,1,0,1,1,1,0,0,1,0,0,1,1,1,0,0,0
KL1329,1,1,1,2,1,2,1,2,2,0,0,1,1,2,2,1,1,0,2,1,2,0,1,2,2,1,1,1,2,1,2,0,2,1,0,0,2,1,1,1,1,0,0,1,1,1,2,1,0,2,0,1,0,1,0,1,0,0,2,1,0,2,1,0,0,0,1,0,1,1,1,2,0,2,0,2,0,0,0,0,2,1,0,1,1,2,1,1,0,2,0,0,0,0,0,0,0,1,1,0,0,0,2,1,1,1,0,0,0,1,0,2,2,0,0,0,1,0,0,0,0,0,0,0,0,0,2,1,0,0,1,0,0,1,0,2,1,1,1,2,0,0,0,0,1,1,1,0,1,0,0,0,0,0,1,0,0,1,0,0,1,1,2,0,2,1,0,0,1,2,0,0,1,0,1,0,2,1,0,1,1,1,0,0,0,0,1,0,0,1,1,0,1,0,1,1,1,1,0,0
KL1330,0,1,1,2,1,1,2,1,1,1,2,2,1,0,2,2,1,1,1,2,1,1,2,1,1,0,2,1,0,1,0,0,2,2,0,0,1,0,2,0,0,0,1,1,0,1,2,0,1,0,1,1,2,0,0,2,1,1,1,1,1,2,0,1,1,0,1,2,2,1,1,0,2,1,1,1,0,0,1,0,0,1,0,0,1,1,1,1,0,0,1,0,0,0,0,2,0,1,0,0,0,0,1,0,1,0,1,0,0,0,0,1,1,1,0,1,0,0,1,0,1,1,0,1,1,0,0,1,1,1,1,0,1,0,1,0,1,1,1,1,0,0,2,0,0,0,1,0,1,0,2,0,0,1,1,1,0,0,1,0,0,0,2,2,0,0,0,1,0,2,0,1,0,0,0,0,1,2,1,0,0,1,1,1,0,0,1,0,0,1,0,1,0,1,2,1,0,0,1,1
KL1331,2,0,0,0,1,1,2,1,1,2,2,1,2,1,1,2,1,1,2,0,2,2,1,1,1,0,2,1,1,1,1,0,1,1,2,0,1,1,1,1,2,0,0,1,1,0,0,1,1,2,1,2,2,1,2,2,2,1,1,0,0,1,0,1,1,1,1,1,2,2,0,0,1,2,1,2,0,2,0,0,2,0,0,0,1,2,1,1,0,0,0,0,0,1,1,1,0,1,1,1,1,1,1,0,0,2,1,0,2,2,0,0,1,1,0,1,1,0,2,2,1,0,2,0,0,1,0,0,2,1,1,1,2,0,1,1,0,1,1,1,0,0,0,0,1,0,1,0,2,0,0,0,1,0,0,2,1,1,1,0,1,2,0,1,1,1,0,2,0,1,1,1,1,0,0,1,0,1,0,0,0,1,0,0,1,1,0,1,0,1,0,2,0,0,0,1,2,1,1,1
KL1332,1,1,0,2,0,0,2,1,1,2,1,1,2,1,1,2,1,1,1,1,0,0,1,1,0,2,1,1,2,0,1,0,2,1,0,0,2,0,1,1,1,1,0,1,1,2,0,0,2,1,0,1,2,1,1,2,2,0,1,1,2,1,1,0,0,2,1,1,1,1,1,1,1,1,0,0,1,1,2,0,2,1,1,1,1,0,1,0,0,0,0,1,0,1,1,0,0,1,2,2,1,0,1,1,0,1,1,1,1,1,1,2,0,1,0,0,1,1,0,0,0,0,2,2,0,0,0,0,1,1,0,0,2,0,0,2,0,0,0,0,0,0,0,2,1,0,1,1,2,0,0,1,2,0,0,0,2,0,0,1,0,0,1,2,1,0,0,1,2,0,0,1,0,0,0,0,1,1,0,1,2,2,1,0,0,0,1,1,1,2,0,1,1,1,1,0,0,1,0,0
KL1333,0,1,1,1,1,1,2,2,1,1,2,1,1,2,0,2,1,2,1,1,1,0,1,0,1,2,2,2,1,0,2,1,1,1,1,1,1,1,1,0,2,1,0,1,2,1,0,1,2,1,1,1,2,0,2,1,1,1,1,2,0,0,0,0,2,2,0,1,1,2,0,1,1,1,1,1,0,0,2,0,2,0,1,0,0,1,0,1,0,0,1,1,1,1,1,0,1,0,0,1,0,0,0,0,0,0,0,1,0,0,1,1,2,1,0,0,0,0,2,1,0,1,1,0,0,1,0,0,1,0,1,1,1,1,1,1,2,1,1,2,1,1,2,0,0,0,1,2,1,0,0,0,0,0,1,1,0,0,0,0,2,1,0,0,1,1,0,1,1,1,0,1,0,1,0,0,0,0,1,1,1,0,0,0,0,0,2,1,0,1,0,1,1,0,1,1,0,2,0,1
KL1334,2,1,0,2,2,2,1,1,1,1,2,2,2,0,0,1,1,1,1,1,1,1,2,1,0,0,1,2,1,1,0,1,1,1,1,0,1,0,2,1,0,1,1,2,1,2,1,0,1,1,1,2,2,2,0,0,1,2,0,1,2,1,0,1,1,1,0,2,1,1,1,0,0,1,1,1,1,1,1,1,2,1,0,0,1,1,1,0,2,0,2,0,0,0,1,0,1,2,2,1,0,0,1,1,0,0,1,1,0,0,1,0,1,0,0,0,1,0,1,1,0,0,0,0,1,1,0,0,1,0,0,2,1,0,1,1,2,1,2,1,0,0,0,1,0,0,2,2,1,0,1,0,0,0,0,1,1,0,2,0,1,0,2,1,0,1,1,1,1,0,0,2,0,1,1,0,0,0,0,1,1,0,0,0,1,1,1,1,1,0,1,0,0,0,1,2,0,0,0,1
KL1335,1,0,1,2,2,2,1,1,0,1,2,1,1,1,0,1,1,1,2,1,2,1,1,1,1,1,2,0,0,0,1,1,1,2,1,0,0,0,2,1,2,1,0,2,1,2,2,1,1,2,2,2,2,0,1,2,1,1,1,1,1,0,2,0,1,1,1,1,0,1,1,0,1,1,1,0,0,2,0,0,0,1,1,0,0,0,0,0,0,0,0,0,0,0,1,0,1,1,1,0,0,1,0,0,2,1,2,1,0,0,2,1,1,1,0,2,0,0,0,0,2,0,0,0,1,0,0,0,0,0,0,2,0,1,1,0,2,0,0,0,0,0,1,2,0,0,1,1,2,1,0,0,1,1,0,0,1,0,2,0,0,0,1,2,1,1,1,0,1,1,0,1,0,0,0,0,1,2,2,1,2,1,0,1,0,0,0,1,2,0,1,2,0,1,1,0,1,0,0,2
KL1336,1,1,1,2,0,2,2,2,1,1,1,1,2,1,1,1,1,2,2,0,2,2,0,1,0,2,1,2,0,0,1,1,2,0,0,0,2,1,1,2,0,1,1,2,0,2,1,1,1,1,1,2,2,1,1,2,1,1,1,2,1,1,2,2,1,1,1,1,1,2,1,1,1,0,0,1,0,2,1,0,1,0,1,1,2,1,0,0,0,0,0,0,0,1,1,1,0,0,0,1,0,0,0,0,0,1,0,0,0,0,1,1,1,1,0,0,2,1,1,0,1,0,1,2,0,0,1,0,0,0,0,1,1,1,0,1,1,2,0,1,1,0,1,1,1,0,1,2,2,0,1,0,0,1,1,0,0,1,0,0,1,0,1,2,1,0,1,1,1,2,1,2,0,1,1,0,1,1,0,0,1,0,1,0,0,1,0,1,0,2,1,0,0,0,1,1,2,0,1,1
KL1337,2,1,0,2,1,0,1,1,2,1,1,1,2,2,1,2,0,0,1,0,1,2,0,2,0,0,2,2,0,0,0,1,1,2,2,0,1,2,1,0,1,0,0,2,1,0,1,0,1,2,1,2,1,0,1,2,0,1,2,2,0,0,0,1,0,2,1,1,1,1,1,1,2,1,1,0,1,0,1,0,1,1,2,1,1,2,0,0,0,1,0,1,0,0,1,2,0,1,1,0,0,0,0,1,0,1,1,0,0,1,0,1,2,1,0,0,2,1,0,0,1,0,1,1,0,1,1,0,0,0,1,1,2,1,2,1,0,1,2,1,0,1,2,0,1,1,2,1,1,1,1,0,0,1,0,1,1,0,1,0,0,0,1,0,1,1,0,1,1,1,0,0,1,0,0,0,0,0,1,1,0,1,1,1,0,0,1,1,1,0,1,2,0,0,0,1,0,1,1,1
KL1338,1,2,0,2,1,2,2,2,1,2,2,1,1,2,0,0,1,1,2,1,2,1,2,1,1,0,2,1,1,0,1,0,2,1,0,1,1,1,1,0,1,1,0,1,1,2,0,1,1,2,2,1,1,1,0,2,0,1,1,0,1,0,0,1,1,2,0,2,1,2,0,1,0,2,1,2,1,0,1,1,1,1,2,0,1,0,0,0,0,0,1,0,0,0,1,0,0,0,1,1,0,1,1,2,1,1,2,1,0,0,1,0,1,1,1,0,1,0,2,1,2,0,1,0,0,0,0,0,1,2,0,1,0,0,0,0,2,1,1,0,1,0,1,1,1,1,1,2,1,0,1,0,1,2,0,0,1,1,1,0,0,0,2,0,0,0,0,0,1,0,0,2,0,2,1,0,2,1,0,2,1,0,1,0,0,0,2,1,0,0,0,1,0,0,1,1,0,0,0,1
KL1339,0,2,2,1,2,2,2,2,1,2,2,1,2,2,1,2,2,1,2,1,0,0,1,2,1,1,0,1,1,1,2,1,2,1,1,0,2,1,1,1,0,1,0,1,1,2,0,1,2,1,1,2,2,1,0,2,0,1,1,2,1,1,0,1,2,2,1,1,1,1,1,1,0,1,0,1,1,1,1,0,2,1,1,2,1,1,0,0,0,1,0,1,0,1,0,0,0,1,2,0,0,0,0,0,1,1,1,0,0,0,0,2,1,0,0,0,2,0,2,0,1,0,1,0,0,0,0,0,0,2,0,1,1,1,1,2,2,1,1,0,1,0,2,1,0,1,1,1,2,0,1,2,0,1,0,1,1,0,1,0,2,1,0,0,2,0,1,0,1,0,0,0,0,1,0,0,0,1,1,0,1,1,0,0,2,0,1,0,0,0,1,1,0,1,0,0,1,2,1,1
KL1340,0,1,1,0,0,1,2,2,0,2,1,1,2,0,1,1,1,2,1,0,1,1,2,1,0,0,2,0,1,1,2,0,2,1,0,1,1,0,2,2,1,2,0,1,0,2,1,1,1,1,0,2,1,2,0,1,1,0,2,2,0,1,0,1,2,0,1,2,2,2,0,1,1,1,0,2,1,1,1,1,1,0,1,2,1,1,2,0,0,0,0,0,0,1,0,0,1,2,0,1,0,0,1,0,0,0,1,1,0,0,1,1,0,0,1,1,0,0,1,0,0,0,2,0,0,1,0,0,0,0,1,1,2,0,2,1,1,0,0,1,0,0,1,0,0,0,2,1,1,0,1,0,0,1,1,2,1,0,1,1,0,0,1,1,1,0,0,0,0,1,1,1,0,1,1,0,0,2,0,2,0,0,1,0,1,0,1,1,1,2,1,0,0,0,0,0,0,1,0,0
KL1341,2,1,0,2,1,2,1,2,2,1,1,2,2,2,0,1,1,0,2,1,0,0,2,1,0,2,0,1,2,0,2,0,1,1,1,0,1,0,0,2,1,0,0,0,0,2,2,1,2,2,0,1,1,1,0,2,0,1,2,1,2,0,2,0,1,2,0,1,1,2,0,2,0,0,0,0,0,2,0,1,0,1,1,2,1,1,0,0,1,0,1,0,1,0,0,0,0,0,1,2,1,0,0,0,0,1,1,0,0,0,1,1,1,0,0,0,1,0,1,0,0,1,2,0,2,1,1,0,1,0,0,1,0,0,1,1,2,1,2,2,0,0,1,0,0,0,1,0,2,1,2,1,0,1,2,0,1,1,2,0,0,1,1,1,2,0,1,0,2,1,1,1,1,0,0,0,0,0,0,0,0,0,1,0,0,0,1,0,1,2,1,0,1,1,0,2,0,1,0,0
KL1342,1,1,0,1,1,1,1,0,0,0,1,2,2,1,1,1,1,1,2,1,2,1,2,2,1,0,2,0,1,0,1,1,1,0,1,0,2,2,2,0,1,2,1,0,0,1,0,1,1,2,1,1,1,0,1,2,2,0,1,1,0,0,1,1,0,2,0,1,1,2,1,0,0,2,0,1,1,2,0,0,2,1,1,1,0,1,1,0,0,0,1,0,0,0,0,0,0,2,1,1,1,0,1,1,0,0,1,0,2,0,0,2,1,2,0,0,2,2,1,2,0,0,0,1,1,0,0,0,1,1,0,1,0,0,1,2,1,2,1,1,0,0,1,1,0,1,2,1,1,1,0,0,0,0,1,0,1,1,0,0,0,0,1,0,2,0,0,0,2,2,0,0,0,2,1,1,0,0,1,1,0,2,2,0,0,0,1,2,1,0,1,2,0,0,2,0,1,1,0,1
KL1343,0,2,0,2,2,1,2,2,1,1,2,2,2,0,0,1,1,2,2,1,1,1,2,1,0,1,1,0,1,1,1,2,2,0,1,1,0,0,1,1,2,1,0,1,0,1,1,0,2,2,1,1,2,2,1,1,0,1,1,2,0,2,1,0,1,1,1,2,0,2,0,0,1,1,0,1,0,1,0,0,0,0,1,0,0,2,1,0,0,1,0,1,0,1,0,0,0,1,0,1,1,0,0,0,1,2,0,1,0,0,0,1,0,0,0,0,1,1,1,0,0,0,0,1,0,1,0,0,0,0,0,0,1,1,1,0,1,1,2,1,0,1,1,0,0,0,2,1,1,1,0,1,0,0,0,1,1,0,0,0,2,0,0,1,0,0,0,1,1,2,0,0,1,0,1,0,0,2,2,1,1,0,0,0,0,0,0,1,0,1,0,1,2,0,0,1,0,0,1,1
KL1344,1,1,1,1,0,2,2,2,1,1,2,2,1,2,1,1,1,1,1,0,1,1,2,1,1,0,1,2,1,0,1,0,1,0,1,0,2,2,1,1,1,2,1,1,2,0,2,0,1,2,2,1,0,2,0,1,1,1,1,1,1,1,1,0,1,0,0,2,2,1,0,0,1,1,1,2,0,1,1,0,1,0,1,1,0,1,1,0,1,0,0,0,0,1,0,0,1,0,0,1,0,1,1,1,1,1,0,1,0,0,0,1,1,0,0,1,1,1,1,1,1,0,1,1,2,1,0,0,1,0,1,1,1,0,0,1,0,2,1,0,0,0,2,1,0,0,2,1,1,0,0,0,0,1,1,1,1,1,1,0,1,0,0,1,1,0,2,0,1,1,0,0,0,0,0,0,2,2,1,1,1,1,2,0,1,0,2,1,1,1,2,0,1,0,1,0,0,1,0,0
KL1345,1,1,2,1,0,0,1,2,0,0,1,1,2,1,0,2,2,1,2,1,1,1,0,0,1,0,2,0,1,2,1,2,1,1,1,1,2,1,1,1,0,2,0,1,1,1,1,2,2,2,1,2,2,0,0,2,2,0,2,1,1,0,1,1,0,1,2,2,2,1,1,1,0,1,0,2,1,2,0,1,0,1,2,0,2,0,1,0,0,1,0,0,0,2,2,0,1,2,1,0,0,0,0,0,1,0,1,0,0,0,0,1,2,1,0,0,1,0,1,0,0,0,0,0,1,1,1,0,1,1,0,2,1,1,0,0,0,1,1,1,1,1,1,0,0,0,1,2,2,0,0,0,1,1,1,0,1,0,1,0,0,0,0,1,1,0,0,1,1,1,0,2,0,0,1,0,1,1,0,0,1,2,0,0,0,1,1,1,2,2,2,1,0,1,0,0,0,0,1,2
KL1346,2,1,1,2,1,2,2,2,0,1,2,2,2,0,1,0,1,1,2,0,2,0,1,1,1,1,0,1,2,0,1,2,2,0,1,0,1,1,2,2,1,1,1,2,1,2,1,1,2,0,1,1,2,1,0,2,1,1,0,1,1,0,1,1,1,1,2,2,1,1,1,1,0,1,0,1,0,1,0,0,2,1,1,0,1,0,1,1,0,0,0,1,0,1,0,0,1,0,2,1,0,1,1,0,0,0,0,0,0,0,0,1,1,1,0,0,0,0,2,0,0,1,1,2,0,1,0,0,1,2,1,0,1,0,0,0,1,1,1,0,0,0,1,0,0,0,1,2,1,0,2,0,0,0,1,2,2,0,0,0,0,0,1,0,2,1,0,0,0,1,0,0,1,1,0,0,0,1,1,1,0,1,0,0,1,0,1,2,0,0,1,1,0,0,0,2,1,1,0,0
KL1347,1,1,0,2,1,2,2,1,1,0,1,2,2,0,1,0,0,1,2,0,0,0,2,0,0,2,2,1,1,1,0,0,1,1,0,0,2,1,2,0,1,1,2,2,1,2,2,1,2,2,2,0,0,0,0,1,1,1,2,2,1,1,0,1,1,1,0,1,1,1,0,0,1,1,1,0,1,0,1,0,1,0,2,0,1,0,0,0,0,0,0,0,0,0,0,1,2,0,2,1,0,0,1,0,0,2,0,1,0,0,0,1,1,0,0,1,0,2,1,0,1,0,0,0,0,0,0,0,1,1,0,1,2,1,0,0,1,2,0,1,0,0,1,0,0,0,1,0,2,0,0,1,1,1,1,2,2,0,1,0,1,2,1,0,1,0,0,2,1,1,0,1,0,1,1,0,0,1,1,0,0,2,2,0,0,0,2,2,1,1,1,1,1,0,0,1,0,1,0,1
KL1348,1,2,1,1,2,0,2,2,0,1,2,1,2,2,1,2,1,0,2,0,2,1,2,1,0,1,1,1,1,0,2,1,2,0,1,1,1,2,1,0,1,0,0,1,0,2,0,2,1,0,1,1,1,0,1,2,1,0,2,1,0,1,0,1,0,1,1,1,1,2,0,1,1,1,1,1,1,0,0,0,0,1,0,0,1,1,0,1,0,1,0,0,1,1,0,0,0,1,2,1,0,0,0,0,1,0,1,2,1,0,2,1,0,0,0,0,0,0,1,1,1,0,0,0,0,0,1,0,0,0,0,1,1,0,1,1,1,0,0,1,0,1,1,0,1,1,1,2,2,1,0,0,0,0,0,2,2,0,1,0,0,0,2,0,0,0,1,1,1,1,0,0,1,0,0,1,0,0,1,0,2,1,2,1,0,0,0,2,0,1,1,1,0,1,1,0,1,1,1,1
KL1349,1,1,1,1,1,2,2,1,1,0,2,1,2,2,1,2,0,2,0,1,2,1,1,1,2,1,2,1,1,1,1,1,2,2,1,2,1,1,2,1,1,2,0,2,1,2,1,1,2,1,1,0,1,1,1,2,0,0,2,1,1,0,2,1,2,1,2,2,1,1,0,0,0,1,1,2,1,0,1,1,1,1,1,0,1,1,0,0,0,0,0,0,0,2,1,0,1,0,1,2,0,0,2,1,0,0,1,0,0,0,1,2,1,1,0,0,1,1,1,1,1,0,0,0,0,1,0,0,2,1,0,1,2,0,2,0,0,1,0,2,1,0,1,0,1,0,0,1,0,0,2,2,0,0,1,1,1,0,1,0,0,1,2,0,1,1,2,0,1,2,0,1,0,0,0,0,1,2,0,0,0,0,1,0,1,0,0,1,0,0,2,2,0,1,0,1,1,0,1,1
KL1350,1,2,0,0,1,1,2,1,1,1,1,1,2,0,0,1,2,2,1,0,1,1,2,0,0,1,2,1,1,1,2,1,1,0,1,1,1,0,0,1,0,1,1,1,1,1,2,2,2,1,1,2,1,1,0,2,1,0,2,2,1,2,0,1,2,0,1,0,1,0,1,1,0,2,1,1,1,1,0,1,0,1,2,0,2,0,1,0,0,0,0,1,0,0,1,0,0,1,0,0,0,1,2,1,0,1,1,0,0,0,0,0,2,1,0,0,2,0,0,0,0,0,1,1,1,0,0,1,1,0,1,2,1,1,1,0,0,1,1,1,0,1,1,1,0,1,2,2,0,0,2,1,1,1,0,1,1,0,0,0,1,0,0,0,1,1,0,1,1,1,1,1,0,0,1,0,0,1,1,1,1,0,0,0,0,1,1,0,0,1,2,0,0,0,0,1,0,1,0,0
KL1351,2,2,1,1,2,1,2,2,1,1,0,2,2,1,2,2,1,1,1,0,2,2,0,2,0,2,2,0,2,0,2,2,2,2,1,0,1,0,1,0,1,0,2,0,2,1,0,1,1,1,1,1,2,2,1,2,1,1,2,1,1,0,0,1,1,0,1,2,1,0,0,2,1,1,1,0,0,1,0,0,1,1,0,1,0,1,1,0,0,0,0,1,0,1,1,0,0,0,1,0,0,0,1,0,0,1,1,2,0,0,0,1,1,2,0,0,0,0,2,0,2,0,0,0,0,0,0,1,1,1,0,1,1,1,2,0,0,0,2,1,0,0,0,0,0,0,2,0,1,0,0,0,0,1,1,2,1,0,1,1,1,1,0,0,2,0,0,0,2,2,1,1,0,1,0,0,0,1,0,1,1,0,0,1,2,0,2,1,0,1,0,1,0,0,0,0,0,0,2,1
KL1352,1,1,1,2,2,0,1,1,0,1,1,2,2,1,1,0,1,1,2,0,2,1,1,2,0,1,2,2,1,0,1,1,2,0,0,0,2,1,1,1,0,1,0,1,2,2,0,1,0,2,1,1,1,2,1,1,1,0,1,2,1,0,0,1,1,1,1,0,0,2,1,1,1,2,0,2,0,2,0,1,1,2,0,0,1,1,0,0,0,0,0,0,0,0,0,0,0,0,1,1,1,0,2,0,0,1,0,0,0,0,2,1,1,2,0,0,0,2,2,0,0,0,0,0,0,0,1,0,0,0,0,1,1,0,0,0,1,2,0,1,1,0,1,2,0,0,1,2,2,0,1,0,0,1,1,2,1,1,1,0,1,0,0,0,0,0,0,0,2,2,0,2,0,0,0,0,1,2,1,1,0,0,1,0,0,0,0,0,0,0,1,1,0,0,1,0,1,0,0,1
KL1353,2,1,2,2,1,0,2,1,1,0,1,2,2,2,0,0,2,2,0,1,2,2,0,0,2,1,2,1,1,2,2,1,2,1,2,0,1,1,0,1,0,2,1,1,1,1,2,0,2,1,0,2,1,1,1,2,2,0,2,2,0,0,0,1,0,1,0,1,0,2,0,2,0,1,0,1,0,1,0,0,0,0,0,0,0,1,1,0,0,0,1,1,0,1,2,1,0,0,0,1,1,1,1,1,0,1,1,1,0,0,0,0,1,1,0,1,0,1,1,0,2,1,1,0,1,1,0,0,0,1,1,1,1,2,1,1,2,1,1,2,0,0,0,1,0,0,0,0,1,0,2,0,0,0,1,0,2,0,1,0,0,0,1,0,1,1,1,0,1,1,1,0,1,2,1,0,0,0,1,1,0,2,1,0,1,0,0,0,1,0,1,0,0,1,1,1,0,1,0,0
KL1354,2,0,1,2,1,1,1,1,1,2,2,1,1,2,1,1,2,1,1,0,0,2,2,1,0,0,2,0,1,1,2,1,1,0,1,0,2,1,0,1,1,2,0,2,2,1,1,1,2,2,0,0,1,1,1,2,1,1,1,1,0,2,1,2,1,1,1,1,1,1,0,1,1,0,2,0,1,0,1,1,0,0,1,0,1,1,2,0,0,0,0,0,0,1,2,0,0,2,1,1,0,1,1,2,1,1,1,1,0,1,1,0,0,1,1,0,1,0,1,0,0,0,0,1,1,0,1,0,1,1,1,0,0,2,2,1,0,1,0,0,1,1,1,0,1,1,1,1,1,0,0,0,0,1,1,0,0,0,1,0,1,0,0,1,0,0,1,1,1,1,1,1,2,1,1,0,0,2,2,1,2,2,0,0,1,0,1,2,1,1,1,2,1,0,1,1,1,1,1,0
KL1355,2,0,2,2,1,1,2,1,1,2,1,2,2,0,1,2,1,0,2,1,0,1,1,1,0,1,2,1,2,1,2,0,2,0,1,1,1,0,1,1,0,1,0,2,0,2,0,0,0,2,1,1,1,2,2,2,1,1,0,1,0,0,1,0,2,0,2,1,2,2,1,0,0,0,0,2,0,0,0,0,1,1,2,1,0,0,1,0,0,1,0,0,0,1,0,0,0,0,0,1,0,0,0,0,0,1,1,0,1,0,0,2,2,1,0,0,0,1,0,1,0,0,2,0,0,1,0,1,1,0,1,1,1,1,1,0,1,1,0,0,0,2,2,1,1,2,1,1,0,0,2,0,1,0,1,1,1,1,1,0,1,0,1,0,1,1,1,0,2,1,0,1,0,1,0,0,1,1,1,0,0,0,1,1,1,0,1,1,0,1,1,1,0,0,1,0,0,1,1,1
KL1356,1,0,0,1,1,1,1,0,1,0,2,1,2,2,1,1,2,2,1,2,1,2,1,1,0,1,1,2,2,2,1,2,2,0,1,1,2,1,2,2,1,0,0,0,0,1,1,1,1,1,1,2,2,2,1,0,1,0,2,1,0,0,1,1,2,0,0,2,1,2,0,1,1,2,1,0,1,1,0,0,0,0,1,0,0,0,1,0,1,0,0,1,1,0,1,0,0,1,1,0,0,0,2,0,0,0,0,1,0,1,1,1,1,0,1,0,0,0,0,0,0,0,0,0,0,0,0,1,0,0,0,1,2,1,2,1,0,2,0,2,0,2,2,1,1,1,1,1,1,1,1,0,0,0,1,0,0,0,0,0,1,0,0,1,0,1,0,0,0,2,0,1,0,1,0,0,0,0,1,1,2,1,1,0,0,0,0,0,0,0,1,1,0,0,0,1,0,1,0,1
KL1357,0,0,0,1,1,2,2,2,1,1,1,2,2,1,0,1,2,2,1,0,0,2,1,1,0,0,2,2,2,1,0,0,2,2,1,0,2,0,1,0,1,0,0,1,1,1,1,0,1,1,0,1,1,2,1,0,2,0,1,2,1,1,1,0,1,2,2,0,0,1,1,0,1,1,0,1,0,1,1,0,1,1,1,1,0,0,2,0,0,0,0,0,0,0,0,0,0,1,1,1,0,0,1,0,1,0,1,1,0,0,1,0,2,1,1,0,1,0,0,1,0,1,0,0,0,0,0,0,2,1,0,1,1,0,0,1,1,0,1,1,1,0,1,2,1,0,0,1,1,0,1,1,0,0,1,1,0,0,0,0,1,1,0,0,1,0,0,0,2,0,1,0,1,1,0,0,0,2,0,0,0,1,1,0,0,0,1,0,0,0,1,0,0,0,0,2,0,0,0,1
KL1358,2,2,1,2,1,1,0,1,1,1,1,2,2,0,0,1,1,1,1,0,1,1,1,1,1,2,2,1,0,0,2,2,2,0,0,1,2,1,1,2,0,1,1,1,0,2,0,0,1,1,1,2,2,2,0,1,1,0,2,1,1,1,1,1,0,0,1,1,1,1,1,2,1,0,0,1,0,1,0,1,1,0,0,0,1,0,1,0,0,0,0,0,0,1,1,0,0,2,2,1,0,0,1,1,1,1,0,1,0,1,1,1,0,0,0,0,1,0,0,1,0,0,1,0,0,0,0,0,1,2,0,0,0,0,2,1,1,1,2,2,2,1,0,1,0,1,2,1,0,1,1,2,0,1,0,1,1,0,1,0,2,1,0,1,0,0,0,1,0,1,0,1,1,0,0,0,0,1,0,2,0,0,2,0,0,1,0,1,1,0,1,2,0,1,0,1,1,1,0,1
KL1359,0,0,2,2,1,1,2,1,1,1,1,1,2,1,1,0,2,1,0,2,2,2,2,2,0,1,2,1,2,1,0,2,2,0,2,0,1,1,1,1,0,0,0,0,0,2,2,0,2,2,2,1,2,2,1,1,1,0,0,1,1,1,0,0,0,1,1,2,1,0,0,0,1,0,0,1,0,2,0,1,2,2,2,1,0,2,2,1,0,1,0,2,0,0,2,0,0,0,2,0,0,0,2,0,1,2,1,0,0,0,0,1,2,2,0,0,1,0,1,1,1,0,1,0,1,0,1,1,1,1,1,2,1,0,1,0,1,1,1,2,0,0,0,0,1,0,1,1,1,0,2,0,1,0,1,1,0,0,1,1,0,0,1,0,1,1,1,0,1,2,0,0,1,1,1,0,1,1,0,0,0,0,1,0,1,0,1,2,1,0,0,0,1,0,0,1,0,0,0,1
KL1360,1,1,1,1,0,1,2,1,1,1,1,1,2,1,1,0,2,1,0,1,2,2,0,2,1,1,0,1,2,1,1,1,2,0,1,1,2,0,2,0,1,1,1,0,0,2,2,1,1,1,2,2,1,1,1,0,2,1,2,1,1,1,1,1,0,2,1,1,0,2,1,0,0,0,0,1,0,1,1,0,2,0,1,2,1,1,0,0,0,0,0,0,0,0,2,0,0,0,0,0,0,1,2,0,0,0,0,0,0,0,1,1,0,0,0,1,1,1,0,0,1,0,0,1,0,2,1,0,0,2,1,2,0,1,0,1,0,0,1,1,1,0,0,1,0,0,2,1,1,0,1,2,0,2,2,0,0,1,0,0,1,0,0,0,2,1,1,0,0,0,1,0,1,1,1,1,0,0,1,0,1,0,2,0,1,1,1,1,1,0,1,0,0,0,2,0,0,1,1,2
KL1361,0,0,1,2,0,1,1,1,0,2,2,2,1,1,2,2,0,2,2,1,2,2,1,1,1,0,1,1,1,1,0,1,2,1,1,0,0,0,2,1,1,2,1,1,1,2,0,0,2,1,1,1,0,0,1,2,0,1,2,2,2,0,1,1,1,1,1,1,1,1,1,1,0,1,1,1,0,1,0,0,0,2,1,0,0,0,0,0,0,1,0,0,0,2,0,0,0,0,0,0,1,0,2,1,0,0,1,2,1,0,1,1,1,0,1,1,1,1,2,0,0,0,0,0,0,0,0,0,0,0,0,1,0,0,2,0,1,1,0,1,1,0,1,1,0,1,1,1,0,0,2,0,1,0,0,1,0,0,1,1,0,0,0,1,1,0,1,0,1,0,0,0,1,0,0,0,1,1,0,1,0,1,2,0,1,0,0,1,0,1,0,1,0,1,1,1,0,1,0,0
KL1362,2,0,2,1,2,1,2,2,0,1,1,1,1,0,1,1,2,2,2,1,2,2,1,1,0,1,2,0,1,1,1,0,0,2,1,1,2,1,2,1,1,1,2,1,0,1,0,2,2,0,2,2,2,1,0,2,0,1,2,1,1,1,1,0,2,2,2,2,1,2,1,0,0,2,0,2,1,0,0,0,0,1,2,2,1,1,2,0,0,0,0,0,0,0,0,1,0,0,0,1,0,0,2,1,0,2,0,1,0,0,0,0,0,1,0,1,0,0,1,0,1,0,1,0,2,1,1,1,2,2,1,1,1,1,1,0,1,1,0,2,0,0,0,0,1,1,1,0,0,0,0,0,1,0,2,1,1,1,1,0,1,2,0,0,1,0,0,0,0,1,0,0,0,0,0,1,0,1,0,0,0,0,1,0,1,0,1,1,1,1,0,0,0,0,0,0,0,1,1,2
KL1363,2,1,1,2,1,2,2,1,1,0,2,1,2,1,0,1,2,1,2,0,2,1,2,1,0,1,2,0,1,0,2,0,1,1,0,1,1,1,1,1,1,0,2,0,0,2,2,2,0,0,2,2,2,1,1,0,1,2,2,1,0,0,1,2,1,1,0,1,1,2,0,1,1,1,0,2,1,1,0,0,1,0,0,1,0,1,1,0,0,0,1,0,0,0,1,0,0,2,0,1,1,0,1,1,0,2,1,0,0,0,2,0,1,1,0,0,1,0,0,0,1,1,1,0,1,0,0,1,0,0,0,1,2,0,1,1,2,1,1,2,1,0,1,0,1,0,1,1,0,0,1,0,0,0,0,1,1,0,0,0,1,0,1,0,0,1,0,0,1,2,0,0,1,0,1,0,0,1,0,0,0,0,0,1,2,0,1,0,1,1,0,1,2,0,1,0,2,1,0,2
KL1364,2,1,2,1,0,1,2,2,2,1,0,1,2,1,1,2,2,1,1,1,0,2,2,2,0,0,2,1,2,1,1,1,1,0,1,2,1,0,1,2,1,2,0,1,1,2,1,0,2,1,1,2,2,2,0,1,1,1,1,2,1,1,1,2,1,1,1,2,0,2,0,0,0,0,0,1,1,0,2,1,1,0,1,1,1,2,0,0,0,1,0,0,0,1,1,1,0,1,1,1,0,0,0,0,1,0,2,1,0,1,0,0,1,2,0,1,1,2,1,0,0,0,0,1,1,0,0,0,0,2,0,1,1,0,2,0,2,2,1,1,0,0,1,1,0,1,1,2,1,0,0,1,1,0,1,2,0,0,2,1,1,0,0,1,1,0,0,1,1,1,0,1,0,0,0,1,0,2,1,0,2,2,0,0,0,0,2,0,0,2,0,0,0,0,0,2,1,0,0,0
KL1365,1,0,1,1,1,2,2,2,1,1,0,2,2,1,0,2,1,1,1,1,0,0,1,2,0,1,2,1,2,1,0,2,2,1,1,1,2,0,2,1,0,1,1,2,1,2,1,0,0,2,0,1,2,1,2,2,1,1,1,1,2,0,1,2,0,2,0,1,1,2,0,1,2,2,0,1,0,2,0,1,1,0,2,0,1,1,1,0,0,0,0,0,0,1,0,0,0,2,1,1,0,2,2,0,0,0,1,0,0,1,1,0,2,1,0,0,1,0,0,0,1,0,1,0,1,0,0,0,1,1,1,0,1,1,0,2,1,2,2,0,1,0,2,0,0,1,0,0,2,1,0,1,0,1,1,1,0,1,1,0,1,1,0,0,2,0,1,1,1,1,0,1,0,0,0,0,1,0,1,0,0,2,0,0,0,0,2,1,1,0,1,0,0,0,1,0,0,1,0,0
KL1366,0,0,2,2,1,1,2,2,1,2,1,2,1,0,1,1,2,2,2,1,1,2,2,1,1,0,0,1,0,2,2,0,2,1,2,1,2,1,2,1,0,0,1,1,0,2,2,0,1,1,1,2,1,2,0,2,1,1,2,0,1,0,0,1,1,0,2,1,1,1,0,0,2,2,1,2,0,1,0,0,0,0,1,0,1,0,1,0,0,0,0,0,0,0,1,0,0,1,0,0,0,0,1,0,0,1,1,1,1,0,0,2,0,1,1,0,0,1,1,0,1,0,1,0,0,0,1,1,0,0,0,1,0,0,1,0,0,1,1,2,0,1,1,0,1,0,0,2,2,0,1,2,1,0,0,2,1,1,2,0,0,0,0,0,1,0,1,0,0,1,0,1,0,0,0,0,0,0,2,2,0,1,1,0,2,1,0,0,0,0,1,0,0,0,1,0,0,1,0,1
KL1367,0,1,1,1,1,2,2,2,1,1,0,1,2,1,2,1,0,1,1,0,2,1,1,1,1,1,2,1,1,0,2,0,1,1,1,0,1,0,2,2,1,0,0,2,0,2,0,1,0,1,2,1,2,0,0,2,1,1,0,1,1,0,0,0,0,2,1,1,1,2,0,0,2,1,0,0,0,0,0,0,1,1,1,1,1,1,1,0,1,0,0,0,0,1,1,0,0,0,1,0,1,1,1,0,0,1,1,1,0,0,1,1,2,0,0,1,1,0,1,0,0,0,0,1,1,1,0,0,0,1,0,1,2,0,1,1,0,1,1,0,0,1,0,0,0,0,1,1,1,0,1,1,1,0,2,1,1,1,1,1,2,1,0,0,1,0,0,0,0,1,0,1,0,1,0,0,1,0,0,1,0,1,1,0,0,0,1,0,0,1,1,1,2,2,0,0,2,1,0,1
KL1368,0,0,2,1,1,0,2,1,0,0,1,1,2,1,1,0,1,1,1,0,1,0,2,0,0,2,1,1,1,0,0,1,2,2,2,2,2,1,1,2,0,2,1,2,1,1,1,1,1,1,1,1,2,2,0,2,1,0,2,1,1,2,2,1,1,2,0,0,0,1,0,1,1,0,1,1,0,2,0,0,2,0,1,2,0,1,1,0,0,0,1,1,0,1,1,0,0,0,1,0,0,0,0,0,1,1,0,0,0,0,2,0,0,1,0,0,0,1,1,1,0,0,2,0,2,2,1,0,1,0,1,2,1,0,1,1,1,0,1,1,0,0,1,0,0,0,0,0,1,0,1,0,2,1,1,0,0,1,1,0,2,0,1,0,2,0,2,0,1,2,0,0,1,1,0,0,0,0,0,2,0,0,0,0,2,1,0,2,0,2,1,1,0,0,0,1,0,2,0,0
KL1369,1,0,2,2,1,1,2,2,2,1,1,2,2,2,0,1,1,2,1,0,2,1,0,1,0,1,2,0,2,0,2,1,1,0,1,1,1,0,2,2,0,1,1,1,2,0,0,0,0,2,1,1,1,2,1,2,0,1,1,2,1,0,1,2,0,2,1,2,0,2,0,0,1,1,0,2,1,2,0,1,1,0,0,2,2,0,1,1,0,0,0,0,0,1,0,0,0,0,1,0,0,1,1,1,1,1,1,0,0,0,1,0,1,0,0,1,1,1,2,1,1,0,0,1,2,1,0,1,0,0,0,1,2,0,2,1,1,0,0,1,1,0,1,1,0,0,1,1,1,0,0,0,0,0,0,0,0,0,0,1,1,0,1,2,1,1,1,1,0,0,0,1,1,1,1,0,0,1,1,2,2,0,0,0,0,0,1,0,1,1,1,1,0,1,0,1,0,0,1,2
KL1370,1,1,1,1,0,2,1,1,0,0,1,2,0,1,1,1,1,1,1,2,1,0,1,1,0,2,2,0,2,0,1,1,0,0,2,2,1,0,2,1,2,1,0,2,1,2,1,2,1,1,2,2,0,0,1,1,0,1,1,2,0,2,0,1,0,1,2,2,0,2,0,0,2,0,2,1,0,1,2,0,1,0,1,2,1,0,0,0,0,0,1,0,0,1,0,1,1,2,1,1,1,0,1,0,0,0,0,1,0,0,1,0,1,1,1,0,1,1,1,0,0,1,1,2,0,0,0,0,1,1,1,2,2,0,0,1,0,2,0,0,1,0,2,0,1,0,2,0,1,0,1,1,1,0,1,2,1,1,1,0,1,1,1,0,0,1,1,1,2,1,0,1,0,0,1,1,1,1,0,0,0,0,1,0,1,0,1,1,0,1,1,2,0,0,0,1,0,1,0,1
KL1371,1,2,1,2,2,1,2,2,1,1,1,2,2,1,1,1,2,2,1,1,0,1,2,1,1,1,2,1,1,1,2,0,1,1,2,0,1,1,1,1,2,1,1,0,2,2,2,1,1,1,0,2,1,1,1,0,0,2,1,1,0,1,0,2,2,1,1,1,1,1,1,0,2,1,0,2,0,2,0,1,1,1,2,1,1,0,0,1,1,0,0,0,0,2,1,0,0,1,0,1,0,0,0,1,1,1,0,0,0,0,0,1,0,2,0,0,1,0,1,0,0,0,0,0,1,0,1,0,1,1,1,1,0,0,2,0,1,1,0,1,0,0,0,0,0,1,2,0,2,0,0,0,1,2,0,0,0,0,1,0,0,0,2,1,0,0,1,2,1,0,1,1,0,1,0,0,0,1,1,0,0,0,1,0,1,1,0,2,0,1,0,1,0,1,1,1,0,1,0,1
KL1372,0,0,1,1,1,0,2,1,1,0,0,2,2,1,0,0,1,2,2,0,1,1,0,1,0,0,2,0,1,0,2,1,1,2,2,1,0,1,2,1,0,1,2,1,0,1,1,0,0,2,1,2,1,1,0,2,1,0,1,2,0,1,0,2,0,1,1,1,1,1,0,1,1,2,0,0,0,0,0,1,1,0,1,2,2,0,1,1,0,0,1,0,0,0,1,1,0,0,1,0,0,0,0,0,1,0,1,2,1,0,0,2,1,1,0,0,1,0,1,0,0,0,0,2,2,0,1,1,1,2,0,1,0,0,1,1,1,1,2,1,0,0,1,2,0,0,1,0,2,0,1,0,1,0,0,1,1,0,1,0,2,0,1,0,1,1,2,0,1,2,0,2,1,0,0,0,0,1,0,1,0,2,1,0,0,0,1,1,1,0,0,1,0,1,0,1,0,1,1,0
KL1373,2,1,0,2,0,2,2,1,0,1,1,1,1,0,1,1,1,2,1,0,0,0,0,1,1,0,1,0,2,0,1,0,0,1,1,0,1,0,1,1,1,1,0,1,2,1,2,0,2,0,1,2,2,1,0,1,1,0,2,2,0,1,1,1,0,2,2,1,0,1,1,0,0,1,0,1,1,0,1,0,0,1,0,1,1,0,0,0,1,0,1,1,0,0,1,1,0,1,0,2,0,1,2,1,0,0,0,1,0,0,0,0,0,0,1,1,1,1,0,0,1,0,1,2,1,0,0,0,0,0,1,1,1,0,1,1,0,2,1,1,1,1,1,1,0,1,2,0,2,0,0,0,1,0,0,2,0,0,1,0,2,1,1,1,1,0,1,1,0,2,0,1,0,1,0,0,0,1,1,1,0,1,1,0,1,0,1,0,2,0,0,0,0,0,1,1,1,0,0,0
KL1374,1,2,0,1,1,1,2,1,0,1,0,2,2,2,2,2,1,2,0,0,1,2,2,1,2,0,2,2,0,1,2,1,2,1,2,0,1,0,1,1,1,1,0,2,1,2,0,0,1,1,0,2,2,1,1,0,2,1,0,1,1,2,1,2,0,2,2,1,1,2,0,2,1,1,0,0,0,1,0,1,1,1,0,0,1,0,1,0,1,0,0,0,0,0,2,0,0,1,1,2,0,0,0,0,0,0,1,1,0,0,1,1,0,0,0,0,1,2,0,0,1,0,0,0,0,0,1,0,0,1,0,0,0,1,1,2,2,2,1,0,0,1,1,1,0,0,0,0,1,1,1,1,1,1,2,2,2,0,0,0,0,0,2,1,0,2,1,0,1,1,1,1,2,2,0,0,0,1,0,0,2,1,0,0,0,0,0,2,0,0,1,1,0,0,2,2,0,1,1,0
KL1375,2,1,1,2,0,1,2,1,2,1,1,1,1,0,1,1,2,1,2,0,0,1,2,0,1,2,1,2,0,1,2,2,1,0,2,0,1,2,1,1,1,0,1,2,0,2,1,1,2,2,1,2,1,0,0,1,0,0,2,2,0,1,1,1,0,1,1,1,2,1,0,1,0,1,0,1,1,1,0,1,1,1,2,1,1,0,2,0,0,0,2,1,0,2,1,0,1,0,2,0,1,0,0,0,2,1,1,1,0,0,1,1,2,0,0,0,1,0,0,0,0,0,0,0,1,1,0,0,0,2,1,0,0,1,0,1,1,0,0,0,0,0,2,1,1,0,2,0,1,0,0,0,1,2,1,1,2,1,1,0,1,0,1,0,0,1,0,0,1,1,0,1,0,0,0,0,1,0,1,0,0,0,1,0,1,1,0,0,0,0,1,0,1,1,2,1,0,0,1,0
KL1376,1,1,1,2,1,2,2,1,1,1,2,2,1,1,0,2,0,2,1,0,0,1,1,1,1,0,1,2,1,0,1,0,2,1,1,1,2,1,2,1,2,0,1,2,0,2,1,1,1,1,0,2,2,0,1,2,1,2,1,1,1,1,1,2,2,1,2,2,2,2,0,1,0,0,0,1,0,0,0,0,0,1,0,1,2,1,1,0,0,0,0,0,0,0,1,0,1,2,0,1,0,0,1,0,0,0,1,1,0,1,2,1,2,2,0,0,1,0,0,1,0,0,0,1,1,1,1,1,0,0,0,0,1,1,1,0,1,2,1,0,0,1,0,2,0,0,1,2,0,0,1,0,0,0,2,1,0,0,2,0,2,0,1,1,1,0,2,0,1,0,0,0,2,1,0,0,1,0,1,0,0,1,2,0,1,0,1,1,0,0,0,0,1,1,2,1,2,0,0,0
KL1377,1,1,1,2,1,0,2,2,1,0,1,1,2,1,0,0,1,1,1,2,1,2,2,1,1,0,1,1,1,0,1,1,2,1,1,0,2,1,1,1,0,1,0,1,1,1,1,0,2,1,0,2,1,0,0,2,1,1,2,1,0,1,1,1,1,2,2,2,0,0,0,1,0,2,1,0,0,1,1,0,2,1,2,1,1,1,0,0,0,0,0,0,0,1,1,0,0,0,2,0,0,0,1,0,2,1,1,1,0,1,0,0,1,1,0,0,2,0,2,2,0,0,1,0,0,2,1,0,0,1,1,0,0,1,1,1,0,1,0,1,1,1,2,0,1,0,1,1,0,0,1,0,0,1,2,2,1,0,0,0,0,0,0,0,0,2,1,0,2,0,0,1,0,0,0,0,1,2,1,0,1,0,1,1,0,0,0,1,0,0,1,0,1,1,0,1,1,0,1,1
KL1378,2,1,0,1,0,1,1,2,1,1,2,1,2,2,0,1,2,1,2,0,0,1,1,0,0,1,0,0,0,1,2,0,1,1,2,1,2,1,1,1,1,1,1,2,1,1,1,0,0,1,1,2,2,0,0,2,1,2,1,1,1,0,1,1,2,0,2,1,0,2,0,1,1,1,0,1,2,2,1,0,2,0,0,1,1,0,1,0,1,0,0,0,0,0,1,0,0,0,0,0,1,0,1,0,1,0,0,0,0,0,0,0,1,1,0,1,0,0,2,0,2,0,0,0,1,1,0,1,1,1,0,2,2,1,0,1,1,0,1,1,2,1,1,2,0,0,0,0,0,0,1,0,2,1,1,1,0,1,2,0,0,0,2,1,1,0,1,1,1,1,0,1,0,2,1,0,0,0,0,0,0,1,1,1,0,0,0,1,1,0,1,1,1,0,1,1,1,1,0,1
KL1379,1,2,0,2,1,1,2,2,1,1,0,1,1,1,0,1,1,2,1,0,0,1,0,1,0,1,2,2,1,1,2,1,2,2,0,1,2,1,1,2,1,0,1,2,2,2,1,0,1,1,0,1,1,0,0,1,2,1,2,1,2,1,0,1,2,2,1,1,1,2,0,1,1,1,0,0,0,0,1,0,1,0,1,1,1,1,1,0,1,2,1,1,0,0,1,0,0,2,0,1,1,1,1,0,0,1,1,1,0,0,0,0,0,1,0,0,1,0,2,0,1,1,0,1,0,0,0,1,0,1,0,1,1,1,2,2,1,1,1,2,1,0,1,0,0,1,0,0,1,0,1,0,1,1,2,1,1,0,1,0,0,0,1,1,1,0,1,0,0,2,0,1,0,0,0,0,0,0,1,1,1,1,0,1,2,0,0,0,1,2,2,1,2,0,0,0,1,1,0,1
KL1380,1,1,0,1,0,2,2,0,1,2,1,0,2,1,1,1,0,1,2,0,1,2,2,0,0,1,2,0,1,1,1,2,2,1,1,1,1,2,2,2,2,1,0,1,1,2,2,1,0,1,1,0,2,1,1,1,1,0,0,2,2,0,2,1,1,1,1,0,0,1,0,1,0,1,0,0,1,1,0,0,0,1,1,1,2,1,2,1,0,1,1,1,0,0,1,0,0,0,0,2,1,1,1,1,0,0,2,0,0,0,1,1,1,0,0,0,0,0,2,1,1,1,0,0,1,1,1,1,1,1,1,0,1,0,1,1,2,1,1,1,0,1,1,1,1,0,1,1,0,0,0,0,0,0,0,0,1,0,1,0,1,0,0,1,0,1,0,0,2,2,0,0,0,1,1,0,0,1,1,0,0,0,0,1,0,0,0,1,0,1,0,1,0,0,1,1,0,1,0,1
KL1381,2,0,0,0,0,2,2,1,1,1,1,2,2,0,0,2,1,2,1,0,2,1,1,1,1,1,2,1,2,1,1,2,2,0,1,1,1,0,2,0,0,1,0,1,1,1,1,1,1,1,1,1,1,1,1,2,1,1,2,1,1,0,1,2,1,1,2,2,1,1,2,2,0,1,1,1,1,1,0,1,1,0,2,0,1,1,0,0,0,0,0,0,1,0,0,0,1,1,0,0,0,1,0,0,0,0,0,1,0,2,0,0,1,1,1,0,2,0,0,2,1,0,1,0,1,0,0,0,1,0,0,2,1,0,1,1,2,1,0,2,0,0,0,0,0,1,1,0,2,0,1,0,1,0,0,0,1,0,1,0,1,0,0,0,0,1,1,0,2,1,0,1,0,1,0,0,0,1,1,0,0,0,0,2,1,1,0,0,1,2,0,2,1,0,0,1,1,0,0,1
KL1382,0,1,0,1,0,2,1,2,0,0,1,2,0,1,1,1,1,2,1,0,0,1,1,1,0,0,2,1,2,1,2,2,1,1,1,1,1,1,1,1,0,2,0,1,0,1,1,1,1,1,2,1,2,1,0,2,1,0,0,2,1,0,1,2,1,1,0,1,0,1,0,0,0,0,0,2,0,2,0,0,2,0,1,1,1,1,2,0,0,0,0,1,0,1,0,0,0,1,2,0,0,0,1,0,1,0,1,1,0,1,1,1,2,2,0,1,1,0,2,0,1,0,0,1,0,1,1,0,0,1,1,1,2,0,1,1,1,1,0,2,1,0,1,0,0,1,2,0,1,0,1,0,1,0,0,1,1,0,1,0,0,1,0,0,0,0,1,0,2,1,1,1,1,1,0,0,0,0,1,1,1,1,2,0,0,0,0,1,0,0,0,1,0,1,1,2,0,0,2,2
KL1383,1,0,0,1,1,2,1,1,1,2,0,1,1,2,0,1,1,2,1,1,1,1,1,0,1,1,2,0,2,1,2,1,1,1,0,1,1,1,2,0,0,1,0,2,0,0,2,1,2,1,0,1,1,0,0,2,2,0,1,2,0,1,0,1,1,0,1,2,2,2,1,0,1,2,0,1,1,1,0,0,0,0,1,0,0,1,1,0,1,1,0,0,1,1,1,0,0,2,1,1,0,0,1,0,0,0,1,1,0,0,0,2,1,1,0,0,0,1,1,0,1,0,0,1,1,1,1,0,1,1,0,2,1,0,2,1,1,0,0,0,2,0,2,0,0,1,1,0,1,0,1,1,0,0,0,0,1,0,1,0,0,0,0,1,1,0,1,1,2,0,0,2,1,0,1,0,0,1,1,2,0,0,1,0,0,0,0,0,1,0,1,1,1,1,1,0,0,0,0,1
KL1384,1,2,0,2,0,1,1,2,1,1,2,1,2,1,0,1,1,0,2,0,1,2,1,2,1,1,2,1,1,1,2,1,0,1,2,1,1,1,2,1,1,1,1,0,1,1,0,1,2,2,0,2,1,1,1,2,1,0,2,2,0,0,0,1,1,0,2,1,2,2,0,0,1,0,1,1,0,1,1,0,0,0,0,0,0,1,1,0,0,1,0,1,0,0,1,1,0,2,1,0,0,0,1,1,0,1,2,0,0,1,1,1,1,1,0,2,2,0,0,1,0,1,1,2,1,1,1,0,1,1,0,0,1,1,0,0,2,1,0,2,0,0,1,2,0,0,1,0,2,0,1,0,2,0,1,2,0,0,0,0,1,0,0,0,1,0,1,1,0,1,0,0,2,0,0,0,0,1,1,0,0,0,0,0,0,0,1,1,1,0,0,1,0,0,0,2,0,1,0,0
KL1385,2,1,1,1,2,2,1,1,1,1,1,1,1,1,1,2,2,2,1,0,1,2,1,2,0,0,2,1,0,1,0,1,1,0,1,2,2,1,1,1,1,1,1,2,1,2,2,0,1,1,0,1,0,0,1,2,0,0,1,0,0,2,1,1,1,1,0,0,1,2,2,1,0,2,1,2,0,1,0,0,0,0,1,1,2,1,1,0,1,1,0,1,0,0,1,0,0,1,1,1,0,0,0,0,0,0,0,0,1,0,0,0,0,0,0,1,0,1,0,0,1,0,1,0,0,1,1,1,1,2,0,2,0,2,0,0,2,1,0,0,0,0,2,0,0,0,1,2,0,0,0,0,1,1,1,0,0,0,0,0,1,0,2,2,1,1,0,0,0,1,1,1,0,1,1,0,1,2,0,1,1,1,2,0,0,1,2,0,0,1,1,1,0,1,1,1,1,1,0,0
KL1386,2,2,1,2,0,2,2,2,0,2,1,2,2,2,1,1,1,1,2,0,1,2,2,0,0,2,2,2,1,1,1,2,2,2,1,0,2,1,1,0,2,0,0,2,0,1,1,0,1,0,0,2,2,0,0,2,2,1,1,2,1,0,0,0,1,1,1,0,2,2,0,0,1,1,0,1,1,1,0,0,1,0,0,2,1,0,2,0,0,0,0,0,0,1,1,0,1,1,0,0,0,1,2,0,0,1,2,1,0,0,0,1,1,1,0,1,0,1,1,0,1,0,1,1,0,0,1,0,0,1,0,2,1,0,0,1,0,1,1,2,0,0,0,0,0,0,1,0,0,0,0,0,1,1,0,1,1,0,1,0,0,0,1,0,2,2,1,2,1,1,0,2,0,0,1,0,0,0,1,1,1,0,0,0,1,0,1,1,0,1,2,0,0,0,0,0,1,2,0,2
KL1387,0,1,0,1,1,2,1,1,1,1,1,1,1,1,1,0,1,2,2,1,1,0,1,2,0,0,2,2,2,1,2,1,1,1,0,1,2,0,1,0,1,2,0,2,1,2,1,1,1,2,1,2,0,0,0,1,1,1,2,0,0,2,1,1,1,2,1,0,1,2,1,0,2,0,0,1,1,1,1,0,1,0,2,0,1,2,0,1,0,0,0,0,0,0,0,0,0,1,1,1,0,0,0,1,0,0,2,1,1,1,1,1,1,1,0,1,0,1,1,0,0,0,1,0,0,0,1,1,0,0,0,0,2,0,2,0,1,0,2,1,1,1,0,0,1,1,1,1,0,1,0,0,1,1,1,2,2,0,1,0,1,0,0,0,0,0,0,1,0,0,1,0,1,0,0,0,0,1,1,0,1,0,0,0,1,0,2,1,0,0,0,2,0,0,0,1,0,2,1,1
KL1388,1,0,1,1,0,1,1,1,1,2,0,2,2,1,1,1,1,1,2,0,0,2,2,1,1,0,0,1,1,0,1,0,2,2,0,1,2,0,1,0,2,0,0,0,1,1,0,0,1,1,1,2,0,0,0,2,2,0,2,1,0,0,0,2,1,1,1,1,0,2,1,0,1,2,0,2,0,2,1,0,1,0,1,2,2,0,1,0,1,0,0,0,1,1,1,0,0,0,1,1,1,0,1,0,1,1,1,0,0,1,0,1,1,0,0,1,1,1,1,1,2,1,0,0,1,1,0,0,1,1,0,0,1,0,1,1,0,2,0,1,1,1,0,1,0,0,2,0,0,0,1,0,1,1,0,1,1,0,2,0,2,0,0,0,0,1,1,0,0,1,2,1,0,0,0,0,0,2,0,0,0,0,1,0,0,1,2,0,0,1,2,2,1,1,1,2,0,1,1,0
KL1389,1,0,1,2,0,1,0,1,1,1,1,1,1,0,1,1,0,2,1,2,0,1,0,2,0,0,2,0,2,0,2,1,2,1,2,0,2,1,2,1,2,1,0,2,1,2,0,2,1,0,0,1,1,0,1,2,1,0,1,1,0,2,1,1,1,1,2,1,2,1,2,0,1,0,0,0,1,1,1,1,1,1,0,0,1,1,1,0,0,0,1,0,0,1,2,0,0,2,1,1,0,0,2,0,1,1,0,0,0,0,1,1,0,0,0,0,1,0,0,0,2,0,1,1,1,2,1,0,0,2,0,1,1,2,0,2,1,1,0,0,0,1,1,1,1,1,2,2,2,0,0,0,1,0,0,1,2,2,1,0,1,0,1,0,2,1,1,1,2,1,0,1,0,2,0,0,0,1,2,0,0,0,0,1,1,0,0,1,0,1,1,0,0,0,0,1,0,1,2,0
KL1390,2,1,0,0,1,1,2,1,1,2,0,2,2,1,1,2,1,1,2,1,1,1,1,1,1,0,2,1,0,0,2,2,2,1,2,1,1,1,1,1,1,1,1,1,2,2,1,1,1,0,0,0,1,1,1,2,2,0,2,0,0,0,1,2,0,1,0,0,1,0,2,0,0,2,0,2,0,1,0,0,0,1,1,0,2,0,1,0,0,0,0,1,1,0,0,0,0,1,1,2,0,0,1,0,0,0,0,1,0,1,0,1,1,0,0,0,0,0,1,0,1,0,1,0,1,0,0,0,1,1,0,1,2,0,2,1,0,1,2,2,1,0,1,0,0,1,1,0,1,1,0,0,1,0,0,2,1,0,0,0,0,0,1,1,2,1,1,0,2,2,0,0,0,1,0,0,1,1,0,0,1,1,1,0,0,0,0,1,0,1,0,1,0,0,0,0,0,0,0,1
KL1391,2,2,1,0,1,0,1,2,0,2,1,1,1,1,1,2,0,2,2,0,0,2,1,0,1,1,2,0,1,1,1,1,2,0,1,0,1,0,1,1,2,1,1,1,1,2,1,0,2,1,1,1,2,0,2,2,0,1,1,0,1,0,1,2,0,1,2,2,0,1,1,1,1,2,0,1,0,0,0,0,0,0,0,1,1,0,0,0,0,1,1,1,0,0,1,0,0,0,1,2,1,0,2,0,0,1,0,0,0,0,1,0,1,0,0,1,1,0,2,1,0,0,0,0,0,0,0,1,0,0,0,2,0,0,2,1,0,1,2,0,1,1,0,0,0,0,0,1,0,0,0,0,0,1,0,1,0,0,2,0,0,0,0,1,1,1,1,0,0,2,0,1,0,1,0,0,0,2,1,0,0,0,1,0,2,0,2,2,0,1,2,0,0,0,0,0,0,2,0,0
KL1392,2,0,1,2,0,2,2,2,0,1,1,1,2,1,0,0,0,1,1,1,1,1,1,2,0,2,2,0,1,1,2,1,0,0,1,1,1,1,2,1,1,0,1,1,1,1,1,1,0,1,0,2,2,0,2,2,1,0,0,1,1,0,1,0,1,1,1,1,1,1,1,1,0,1,0,0,2,1,1,0,1,1,0,2,1,1,1,0,0,1,0,0,1,0,0,1,0,2,0,1,0,1,1,0,1,1,1,0,1,0,0,2,0,1,0,0,1,0,1,0,0,0,1,1,1,1,1,0,0,0,0,2,2,2,0,1,1,0,1,1,0,0,0,1,0,0,1,0,1,0,1,1,0,0,0,1,1,1,1,0,0,0,0,0,1,1,1,1,1,2,1,1,0,2,1,0,1,1,1,1,2,1,1,1,0,0,1,2,1,1,0,2,0,0,0,1,0,2,2,2
KL1393,0,0,0,1,0,1,1,2,1,2,0,2,2,1,1,1,1,2,1,0,1,1,1,0,1,0,1,0,2,0,2,0,0,0,1,0,0,1,2,1,0,0,1,2,0,2,1,2,1,1,1,2,1,1,0,2,1,1,0,1,1,1,0,2,1,2,2,1,1,0,0,0,1,2,1,1,0,1,0,0,1,1,1,1,0,1,1,0,0,0,1,0,0,1,2,0,0,1,0,1,0,0,2,0,0,1,2,2,0,0,0,1,1,2,0,0,1,1,1,0,0,0,1,0,1,0,1,0,0,1,0,1,1,0,0,2,2,0,1,0,1,0,1,0,0,2,0,0,1,0,0,0,0,1,0,1,0,0,2,0,1,0,2,1,2,0,2,0,2,1,1,2,0,0,0,0,0,1,1,1,0,1,1,0,0,1,0,1,1,1,1,1,0,0,1,2,1,1,0,0
KL1394,2,0,0,2,0,0,1,1,1,0,0,2,2,2,1,2,2,2,2,2,1,1,2,2,1,0,1,2,1,0,2,1,1,1,1,0,1,0,1,0,1,1,0,2,1,2,1,1,1,1,1,0,2,1,1,2,1,1,0,1,1,1,1,1,1,0,2,1,1,1,2,1,0,1,1,1,0,2,1,0,2,0,0,2,2,1,1,0,0,0,0,1,0,0,1,2,1,1,0,1,0,1,0,0,1,1,0,1,0,0,0,0,0,0,0,0,0,1,1,1,0,0,1,0,1,0,0,1,0,1,1,1,1,0,0,1,0,1,1,1,0,0,1,0,0,1,1,0,2,0,2,1,1,0,0,0,1,2,1,0,2,0,0,1,0,0,1,1,1,1,0,1,1,1,1,0,1,0,1,0,2,1,2,0,0,0,0,2,0,0,0,1,0,0,0,1,1,1,0,0
KL1395,1,0,1,2,1,1,2,2,2,0,0,2,2,2,2,1,1,2,1,1,2,1,0,1,0,1,0,2,1,0,2,1,2,1,0,0,0,1,2,1,1,2,1,2,1,2,1,0,1,1,0,1,2,1,0,2,1,1,2,2,0,1,0,0,1,0,2,1,1,1,1,2,0,2,1,0,0,0,0,1,2,1,1,1,0,0,2,0,0,0,1,0,0,1,1,0,0,1,0,0,1,0,2,0,1,1,1,1,0,2,0,0,1,1,0,0,0,0,2,0,1,0,1,0,0,0,0,0,0,2,0,2,1,0,2,2,2,1,0,0,1,0,1,0,1,2,1,0,1,0,0,1,1,1,0,0,1,1,2,0,2,0,1,1,1,1,0,1,2,1,1,1,0,1,0,0,2,0,1,0,1,0,2,1,1,0,1,2,1,1,0,2,0,1,0,1,0,2,0,1
KL1396,1,1,1,2,2,1,2,2,1,0,0,2,2,2,1,1,0,2,2,1,2,2,1,1,0,0,2,0,1,1,2,1,2,1,1,2,2,0,1,1,0,1,1,0,1,2,0,0,2,1,0,1,1,1,0,2,2,1,1,2,2,0,1,0,1,1,0,2,0,2,1,1,1,0,0,1,1,2,1,0,0,1,1,1,1,0,0,0,2,1,0,0,1,0,0,1,0,1,1,1,0,0,2,2,2,0,2,1,0,0,1,1,2,0,0,1,1,0,0,0,0,0,0,0,0,1,1,0,1,1,0,0,1,1,1,0,1,1,0,1,1,0,2,2,1,0,0,1,1,0,2,2,1,1,1,0,1,0,2,0,1,0,0,0,0,1,1,0,1,1,0,0,1,1,0,0,1,2,2,2,0,1,1,1,1,0,0,1,0,1,1,0,1,0,0,0,0,2,0,1
KL1397,1,1,0,2,1,1,1,1,0,1,1,2,2,2,2,2,0,0,2,0,1,1,2,1,0,1,2,0,1,1,2,2,2,0,1,2,2,1,2,1,0,1,0,1,1,2,1,0,1,2,0,1,1,1,2,2,2,0,2,1,1,2,1,0,2,2,0,0,1,1,0,0,0,2,1,1,0,1,0,0,1,0,0,0,1,0,2,0,0,0,0,0,0,0,2,0,0,1,0,1,0,0,0,0,1,0,1,0,1,0,0,0,1,1,0,0,1,1,1,1,0,0,1,1,1,1,0,0,0,1,0,0,1,0,0,1,1,1,0,0,0,0,2,1,0,0,2,0,1,0,1,0,1,1,1,0,1,0,0,0,1,0,1,0,0,0,1,0,2,0,0,1,0,0,0,0,1,1,1,0,2,0,0,2,0,2,1,1,0,1,1,1,0,0,0,0,0,2,0,2
KL1398,0,1,0,1,1,2,2,2,2,2,2,1,2,1,0,0,2,0,2,1,2,2,1,1,1,0,1,1,2,1,1,2,0,2,1,1,1,0,1,2,1,1,0,1,1,1,2,0,2,1,2,2,1,1,1,1,2,1,0,1,2,2,1,0,0,0,1,2,0,2,1,1,0,0,1,1,0,1,0,0,2,0,1,2,2,0,0,0,0,0,0,0,0,2,1,0,1,2,0,2,0,2,0,0,1,0,2,1,0,0,0,1,1,2,0,0,0,0,2,0,0,0,0,0,0,0,0,1,2,2,0,2,1,0,0,1,1,1,0,1,1,1,1,0,1,1,1,0,1,0,2,0,1,0,0,2,0,0,1,0,1,0,0,0,2,0,0,0,1,1,0,0,0,1,1,0,0,1,2,1,0,0,1,0,2,0,0,1,0,0,0,1,0,0,1,1,0,2,0,2
KL1399,2,1,1,1,1,1,2,0,1,1,2,2,1,0,1,1,1,2,1,1,1,2,0,2,0,1,2,2,1,1,1,0,2,1,2,0,1,2,1,0,0,0,1,2,1,2,1,1,2,1,1,2,1,1,0,2,2,1,1,1,2,0,1,0,1,1,1,1,1,1,1,0,0,2,0,0,0,2,0,0,0,0,0,1,2,1,1,0,0,0,2,0,1,1,1,1,0,2,0,1,0,0,1,1,1,1,1,1,0,1,0,2,0,1,0,0,2,0,2,0,1,0,1,1,1,0,0,0,1,1,0,1,1,1,0,2,0,1,1,1,0,1,0,0,0,0,0,1,0,0,0,0,1,1,0,1,0,0,0,0,0,0,0,1,1,0,0,0,0,0,0,1,1,0,0,0,1,2,0,0,1,1,1,0,1,0,0,1,1,1,1,0,0,1,0,1,1,0,0,1
KL1400,2,0,0,2,1,2,0,2,0,0,1,0,1,1,0,2,1,2,1,2,1,2,1,1,2,0,2,1,2,1,2,2,2,2,2,0,1,1,1,2,1,1,1,0,0,2,0,2,1,1,1,1,1,1,0,2,1,1,1,1,1,1,1,1,1,1,0,2,0,2,1,0,2,0,0,2,0,0,0,1,1,1,1,0,2,0,0,0,0,0,0,0,0,0,1,0,0,1,1,1,0,1,0,0,0,0,0,1,0,0,0,0,0,1,0,0,2,0,0,0,2,0,0,0,1,0,1,0,0,2,1,1,1,1,1,1,0,1,1,0,1,0,2,2,0,0,1,2,1,0,2,0,1,0,0,1,1,0,1,1,2,1,1,0,2,0,2,0,0,1,0,2,2,0,1,0,1,1,0,1,2,1,1,0,1,0,1,2,1,1,1,1,0,0,0,1,1,2,1,1
KL1401,0,1,0,2,1,1,2,2,1,1,2,1,2,2,1,1,1,2,2,2,2,0,2,1,1,1,0,2,0,2,1,1,1,1,2,1,2,0,1,1,1,1,1,1,1,2,2,0,2,2,1,2,1,1,0,2,1,2,1,2,1,2,2,1,1,1,1,1,1,2,0,0,0,1,0,1,0,2,0,1,1,1,0,0,0,0,0,0,0,0,0,0,0,1,1,0,1,1,0,1,0,1,1,1,1,1,1,0,0,0,0,1,1,0,0,1,0,0,0,0,0,0,0,0,2,1,1,0,1,1,0,1,2,2,0,1,2,0,0,0,0,1,2,0,0,2,1,1,1,0,0,0,0,0,1,1,0,0,0,0,1,0,2,1,1,2,0,0,0,1,0,0,1,1,1,0,1,0,1,0,1,1,1,0,0,0,1,2,0,0,1,0,1,0,1,1,1,0,1,1
KL1402,1,2,0,2,1,1,1,2,2,1,2,1,1,2,0,0,2,1,2,0,1,1,1,1,0,1,2,1,1,1,2,0,1,1,2,2,0,1,2,0,0,1,0,0,2,2,0,0,1,1,0,1,1,0,0,2,2,1,2,2,1,0,1,0,1,2,2,0,1,2,1,0,1,2,0,0,0,1,0,1,1,0,1,1,0,0,1,0,0,0,0,0,0,0,0,0,1,1,1,1,0,0,1,1,1,0,1,0,1,0,1,1,1,1,0,0,0,0,0,1,2,0,1,0,2,0,0,0,1,1,1,0,2,0,0,1,0,2,0,1,0,0,1,1,1,0,0,2,1,1,1,1,1,1,0,0,0,0,0,0,2,0,0,1,1,0,0,1,1,1,0,0,1,1,0,1,1,0,0,0,0,1,1,0,1,1,2,1,1,1,1,1,0,1,0,0,0,0,1,0
KL1403,0,0,0,1,0,1,2,0,1,1,1,1,2,2,0,2,0,2,2,1,1,1,2,1,1,0,2,1,2,0,2,2,1,0,1,2,2,0,2,1,1,0,1,0,0,2,1,1,1,1,0,1,1,1,1,2,1,1,1,0,1,2,1,0,1,1,2,2,1,1,1,1,0,1,0,1,0,1,0,0,0,1,0,2,0,1,0,0,0,0,0,0,0,0,1,0,1,2,0,0,1,1,1,0,2,1,2,0,0,1,0,0,1,0,0,1,2,0,1,0,1,0,1,1,1,1,1,0,1,0,0,1,2,1,0,1,2,1,1,1,1,0,2,0,0,0,1,2,1,0,1,0,1,0,1,1,1,0,1,0,0,1,1,1,1,0,0,0,2,1,0,1,0,2,0,0,0,2,0,1,0,1,1,0,0,0,0,1,0,2,0,1,0,1,1,1,1,2,1,1
KL1404,2,0,0,2,1,2,2,1,0,0,2,1,1,2,1,1,2,1,1,1,0,1,2,0,0,0,2,1,1,2,2,0,2,1,1,0,2,0,2,0,1,0,1,0,2,1,2,1,1,1,0,1,0,1,0,2,1,1,2,2,1,1,0,0,0,2,2,1,1,1,1,1,1,2,0,1,0,2,1,0,1,0,2,0,0,1,0,0,0,0,1,1,1,1,1,1,0,0,2,1,0,1,2,0,0,1,1,1,0,0,0,1,0,1,1,1,0,0,1,0,0,1,1,0,1,1,1,0,1,0,0,0,2,1,1,0,2,1,0,2,0,1,0,0,0,1,0,2,2,2,0,0,0,0,0,2,0,0,1,1,0,0,0,2,0,1,2,0,0,1,0,1,0,0,0,0,1,2,1,2,1,1,0,0,0,1,1,2,1,0,1,2,1,0,1,2,1,0,0,1
KL1405,2,1,0,2,1,2,2,2,1,0,1,2,0,1,0,2,1,2,2,1,0,0,1,1,1,1,2,1,2,1,2,0,0,0,1,0,1,1,1,0,1,1,1,2,0,2,2,0,2,2,2,1,2,2,0,2,2,0,1,0,0,2,2,0,1,2,1,1,1,2,0,2,1,2,0,2,1,2,0,0,1,0,0,0,1,0,1,0,0,1,0,0,0,1,1,0,0,1,1,0,0,0,1,1,0,1,1,0,0,0,1,0,1,2,0,0,0,0,0,0,0,0,1,0,0,0,0,0,0,2,1,1,1,0,2,1,2,2,1,2,0,1,0,1,1,1,2,0,1,0,1,0,0,1,2,1,0,0,0,0,0,1,1,0,1,0,0,0,0,1,0,1,0,1,0,0,1,1,0,1,1,2,1,0,1,0,0,2,1,1,0,1,0,0,0,0,1,2,1,1
KL1406,1,1,0,0,0,2,2,1,1,2,1,2,2,0,1,1,1,1,2,1,0,1,1,1,0,1,1,2,2,1,2,1,0,0,2,0,2,1,1,1,1,0,1,1,0,1,1,1,1,1,1,1,2,1,1,1,1,1,1,1,0,0,1,2,0,1,2,2,1,2,0,0,0,1,0,1,0,1,1,1,1,0,1,1,1,1,1,0,0,0,0,0,0,0,1,0,0,1,1,1,0,0,1,1,0,1,1,1,0,0,0,0,1,0,1,1,0,1,1,0,1,0,0,1,1,0,1,0,0,0,0,0,0,0,0,1,2,2,1,1,0,0,1,0,1,0,0,1,1,1,1,0,0,0,0,1,0,1,2,0,0,0,1,2,0,0,1,0,0,0,0,0,0,0,0,0,0,0,0,1,0,1,1,0,1,0,1,1,1,0,1,0,1,0,0,1,1,0,0,1
KL1407,1,0,0,1,2,1,2,2,0,1,1,1,2,1,1,2,1,2,2,1,1,2,1,2,1,1,2,1,1,0,2,2,2,2,2,1,1,1,2,1,1,1,0,1,0,2,0,1,2,1,1,1,1,2,2,2,2,1,2,0,1,0,1,1,2,1,1,0,1,2,2,0,0,0,0,2,0,1,0,0,0,1,0,0,0,0,1,0,1,1,0,0,0,1,0,0,0,0,0,0,0,0,0,1,0,1,0,1,0,0,1,1,2,1,0,0,2,0,0,1,2,0,0,0,1,0,0,0,0,2,1,2,2,0,1,0,1,0,1,2,0,0,1,1,0,0,2,1,0,0,0,0,0,1,0,2,1,1,0,0,0,1,0,0,0,1,2,1,2,1,0,0,1,0,0,0,1,0,1,1,1,0,1,0,0,0,0,0,0,1,1,1,0,0,1,0,0,0,0,0
KL1408,1,1,0,1,2,1,2,2,1,2,1,1,2,1,1,1,2,1,2,0,2,2,1,0,0,0,1,0,2,0,2,0,1,1,2,1,2,1,1,1,1,1,0,1,0,2,1,2,1,1,0,2,1,1,1,2,2,1,2,0,1,0,0,2,1,0,1,2,1,2,0,0,0,1,1,2,0,1,0,0,0,0,1,1,1,0,1,0,0,0,1,1,0,0,1,0,1,2,1,1,0,1,1,0,0,0,0,2,1,1,1,1,0,1,0,1,0,0,1,0,1,0,1,0,0,0,0,1,1,1,1,1,0,1,0,1,1,2,0,0,0,0,1,0,1,1,2,0,0,0,1,0,0,0,0,1,2,0,0,0,1,0,1,1,0,1,0,0,0,0,1,0,0,0,0,0,1,2,0,1,0,1,0,0,2,0,2,1,0,1,1,2,0,0,0,2,1,1,0,2
KL1409,1,0,1,2,0,2,2,1,2,1,1,1,2,1,2,1,2,2,2,0,1,1,0,1,0,1,2,1,2,1,1,1,2,1,1,1,2,0,2,1,1,1,0,2,0,2,2,0,2,1,2,1,1,1,0,1,0,1,1,2,1,1,0,1,1,0,2,0,1,1,2,1,0,2,0,1,0,1,1,0,1,0,1,2,1,1,2,0,0,0,1,0,0,1,0,0,0,0,2,1,1,1,2,1,0,0,0,1,0,0,1,0,2,1,0,0,1,1,1,0,0,0,0,1,0,1,0,1,0,0,0,0,0,1,2,0,1,0,1,0,1,0,0,1,0,0,1,1,2,0,0,0,0,1,1,1,0,0,1,0,0,1,1,1,0,0,0,1,2,0,0,0,1,0,1,0,0,2,0,0,1,0,1,0,1,0,2,0,0,0,0,1,0,0,0,0,2,1,0,1
KL1410,1,0,1,2,2,1,1,2,1,1,1,2,2,1,1,0,1,2,1,1,2,1,2,0,1,0,1,1,2,0,1,2,0,2,1,0,1,2,1,1,2,0,0,1,1,1,1,0,1,1,2,1,1,1,0,1,0,0,2,1,1,0,0,1,1,1,2,1,1,1,0,1,2,1,0,2,0,1,1,1,0,0,1,0,0,0,2,0,1,1,0,0,0,1,1,0,0,0,0,0,0,1,1,1,0,2,1,1,1,0,1,2,1,1,0,0,1,0,1,1,0,1,1,0,0,2,0,0,1,0,0,2,2,2,1,1,2,1,0,0,1,1,1,0,0,0,1,1,2,0,0,1,1,1,0,1,1,0,1,1,0,1,1,0,1,1,0,0,1,2,2,0,1,1,0,0,0,0,2,1,1,0,0,0,0,1,0,1,0,0,1,0,0,0,1,2,1,1,1,0
KL1411,0,0,2,2,1,1,1,2,1,1,1,2,1,0,2,1,2,2,2,0,0,2,2,1,1,0,1,1,1,1,2,1,2,2,1,2,2,0,1,1,1,0,0,1,2,2,0,1,1,2,1,2,1,1,1,2,1,1,1,1,1,1,1,0,1,1,1,1,0,2,0,1,0,1,1,1,1,1,1,1,1,1,2,1,0,0,1,0,0,1,1,1,0,1,0,0,0,1,1,0,0,0,1,1,0,0,0,2,0,1,1,1,1,0,1,0,2,0,0,0,2,0,1,0,1,0,1,0,1,0,0,0,2,0,0,1,1,0,1,1,2,1,1,1,0,0,2,2,1,1,1,0,0,0,1,0,2,0,2,0,1,0,0,0,0,1,2,2,2,0,0,0,0,1,0,0,0,1,1,2,0,0,0,0,1,0,0,0,0,2,1,1,0,1,0,0,1,1,0,1
KL1412,1,1,0,1,2,1,1,2,1,0,2,2,2,1,1,1,1,0,1,0,1,1,2,2,0,1,2,2,2,1,2,0,2,2,0,1,1,0,1,1,0,1,1,2,0,1,1,1,0,2,0,2,1,1,0,1,2,0,0,1,1,0,0,2,0,2,1,2,1,2,1,0,1,1,0,1,2,0,0,0,1,0,2,0,1,0,1,0,1,0,0,1,0,1,1,0,0,1,1,0,0,0,2,1,0,0,0,1,0,0,2,0,1,1,0,1,1,1,1,0,0,0,0,1,1,1,0,1,2,1,0,0,1,0,1,1,1,1,0,0,1,0,1,2,1,1,1,2,0,0,0,0,1,0,1,0,1,1,1,0,1,0,1,1,2,2,1,2,1,0,0,0,0,0,2,0,1,1,2,0,1,1,0,0,0,0,1,0,0,1,1,2,0,0,0,2,0,2,1,1
KL1413,1,0,1,2,1,1,1,0,1,1,1,2,1,1,1,1,1,2,2,1,0,1,2,1,0,0,2,1,1,0,2,1,1,2,2,0,1,1,2,1,1,0,1,0,1,1,2,2,1,1,2,2,2,0,0,1,1,0,1,1,1,1,1,2,1,2,2,0,1,0,0,0,1,2,0,0,1,1,0,0,1,1,1,1,1,0,1,0,0,0,0,0,0,0,2,0,1,1,1,1,1,0,0,0,0,1,1,2,1,0,1,0,0,1,0,0,1,0,0,1,1,0,1,1,1,0,1,0,0,2,1,2,2,0,0,1,1,1,1,0,1,0,1,1,0,2,1,0,2,0,1,1,1,0,0,1,0,1,0,0,0,1,1,0,1,2,1,1,1,0,1,1,0,1,1,0,1,2,1,0,0,0,0,0,1,0,1,1,0,1,1,1,0,1,0,0,0,1,0,1
KL1414,1,1,0,0,1,1,2,2,1,1,2,1,1,2,0,2,1,2,2,1,0,2,0,0,1,1,2,1,1,1,0,1,1,2,0,1,2,2,2,0,1,2,1,0,1,1,1,0,0,1,1,2,2,1,0,1,0,1,2,2,0,1,1,0,2,1,0,2,0,0,0,1,1,0,0,2,1,0,1,0,1,2,1,1,0,2,1,0,0,0,2,0,0,0,1,0,0,1,0,0,0,0,2,1,1,2,0,0,2,0,1,1,2,1,0,1,1,0,2,0,0,0,0,1,1,0,0,0,1,2,0,1,1,0,1,0,1,1,1,1,0,0,0,1,0,1,0,1,2,0,2,0,0,0,1,2,0,0,1,1,0,0,0,0,1,1,0,1,1,1,0,0,0,1,1,0,1,0,1,1,1,2,2,0,1,0,0,1,0,0,1,2,2,1,2,1,0,2,0,2
KL1415,1,0,1,2,1,2,2,1,1,1,1,2,1,1,1,1,1,2,1,1,1,2,1,0,2,1,2,1,1,0,1,2,2,0,1,0,2,0,1,0,2,0,0,1,1,2,2,1,0,1,1,2,1,2,1,2,0,1,1,2,2,1,2,2,0,1,2,1,2,2,1,1,1,1,1,0,0,2,0,0,1,0,1,2,2,1,0,0,0,1,2,0,0,2,1,1,0,0,2,0,0,1,1,0,0,0,1,1,1,0,0,0,0,1,0,1,1,0,0,0,0,0,2,0,1,1,0,0,0,1,0,2,2,1,1,1,1,1,0,2,1,0,2,1,1,0,0,2,2,0,0,0,1,0,2,1,1,1,0,0,1,1,1,1,1,0,1,1,1,2,0,1,1,0,0,0,0,0,1,1,0,0,1,0,0,1,1,2,1,0,1,1,1,0,2,1,0,1,0,1
KL1416,0,2,1,2,0,1,2,2,1,1,0,2,2,1,2,2,1,2,2,0,2,2,1,0,0,1,1,1,0,0,1,1,1,1,1,2,1,1,1,0,1,1,0,0,1,2,0,1,1,1,0,2,2,1,1,1,1,1,0,1,1,0,1,2,1,1,1,2,0,2,1,0,0,2,0,2,1,0,0,1,2,0,1,1,0,1,2,1,0,0,0,0,0,0,1,0,0,0,0,1,1,0,1,0,0,0,1,0,0,0,1,0,0,1,0,0,0,1,1,0,1,0,0,0,1,1,0,0,1,1,1,1,0,1,1,1,0,1,2,1,0,0,0,0,0,0,1,0,0,0,1,0,1,1,0,2,0,0,0,0,0,0,0,2,2,0,2,0,0,0,0,0,0,0,1,0,1,0,0,0,0,0,0,0,0,0,0,2,0,1,1,0,0,1,1,0,0,1,0,1
KL1417,2,1,1,1,1,0,1,1,0,1,1,2,1,0,2,0,0,0,0,1,2,2,1,1,2,1,2,2,2,0,2,2,2,2,1,0,1,1,0,1,2,1,0,1,0,2,2,0,2,2,2,0,1,0,1,2,0,1,2,0,0,0,0,1,0,1,1,2,2,1,1,0,0,1,0,1,0,1,0,1,2,0,1,0,0,0,0,0,0,0,2,0,0,0,2,0,0,2,0,1,1,1,2,0,0,0,0,1,1,1,0,1,1,2,0,1,1,1,0,0,1,0,0,0,0,0,1,2,0,1,0,1,1,0,1,0,2,2,0,2,0,0,1,0,2,1,1,0,1,0,0,0,0,0,0,1,1,1,1,0,1,0,1,0,0,0,1,1,0,2,1,0,1,2,0,0,0,1,0,1,1,0,1,0,0,0,1,0,0,0,0,2,0,0,2,0,2,1,0,0
KL1418,0,2,0,1,1,1,0,1,0,2,1,2,2,2,1,2,0,2,1,2,1,2,0,2,1,1,1,1,1,2,2,1,2,1,1,1,1,1,2,0,0,2,1,1,0,2,0,0,2,1,2,1,0,1,0,1,1,1,1,1,1,2,1,0,2,1,1,1,2,2,0,1,0,1,0,0,0,1,1,0,0,1,0,1,2,1,0,0,0,0,0,0,0,0,1,0,1,0,1,2,0,1,1,0,1,1,1,1,1,0,0,1,1,1,0,0,1,1,2,0,1,0,1,1,1,0,1,0,2,1,1,2,2,0,1,0,0,2,1,1,1,1,1,0,0,1,1,0,2,0,0,0,0,0,0,2,1,0,1,1,0,1,0,1,0,0,0,0,0,0,1,1,0,1,0,0,1,0,1,0,0,1,2,0,1,0,1,1,0,1,2,1,1,0,2,0,0,0,0,0
KL1419,1,1,2,2,1,2,2,1,1,0,1,1,1,0,1,2,2,2,1,1,1,1,2,1,1,1,1,1,2,0,0,1,1,0,1,1,0,0,1,2,0,1,2,2,0,2,0,1,1,0,1,1,1,0,0,2,1,1,1,1,1,1,2,1,1,1,2,0,2,2,0,0,1,1,0,0,1,1,0,0,0,0,2,0,1,1,1,0,0,1,1,0,0,0,0,0,0,0,1,1,0,0,1,1,0,0,1,0,0,1,0,0,0,0,0,0,2,0,2,1,0,0,1,1,0,2,1,1,0,0,0,0,2,1,1,1,1,2,0,2,0,1,1,0,1,1,0,0,1,0,1,0,0,1,1,1,0,0,0,0,2,1,1,0,1,1,0,1,0,1,0,0,0,0,0,0,0,1,1,1,1,0,0,0,0,0,0,1,0,0,1,0,0,0,0,0,1,1,1,0
KL1420,1,0,0,2,2,1,1,2,2,0,2,2,2,0,1,2,2,1,2,1,0,1,1,1,1,2,2,1,1,0,1,2,2,1,2,0,1,1,2,0,1,1,0,1,1,1,1,1,2,0,1,1,2,1,2,2,1,0,2,0,1,1,2,2,1,1,2,0,2,2,1,0,0,0,0,0,1,1,0,0,0,0,2,0,2,1,0,0,0,0,0,2,0,1,1,0,1,0,1,1,0,0,2,0,0,0,2,0,0,0,0,0,1,1,0,0,1,0,0,0,0,1,1,1,0,0,1,0,0,0,1,0,1,0,0,0,2,1,1,0,1,0,0,0,0,0,1,1,1,1,1,0,0,0,0,1,2,0,1,0,2,0,1,0,0,0,0,0,2,1,0,2,0,1,0,0,0,1,1,1,0,0,1,0,0,0,1,2,0,1,2,1,0,0,0,1,2,0,1,1
KL1421,1,1,0,0,2,0,2,2,1,2,0,1,2,1,1,2,1,2,1,1,1,2,2,2,0,2,1,1,0,0,2,1,1,2,1,2,1,1,1,0,1,1,0,2,1,2,0,1,1,2,1,1,0,1,1,2,1,1,1,2,1,1,0,1,2,2,1,1,0,2,1,1,0,1,1,1,0,0,2,1,0,0,1,0,1,0,1,0,0,0,1,0,0,0,2,0,0,1,1,1,0,0,1,1,1,1,0,0,1,0,0,1,1,1,1,1,1,2,1,0,1,1,1,0,1,2,0,0,0,2,0,1,1,0,2,0,0,1,0,1,0,2,0,0,1,0,1,1,1,0,2,1,0,0,0,0,2,2,0,0,1,0,0,0,1,1,2,0,1,2,1,1,0,2,1,0,0,1,0,0,1,0,1,0,0,0,2,2,0,1,1,1,1,0,0,0,0,1,0,0
KL1422,0,1,1,2,2,0,0,2,0,1,2,1,1,1,2,1,2,1,2,0,1,1,0,1,1,2,2,1,1,0,1,0,2,1,1,1,1,1,0,1,2,1,1,1,1,1,1,0,1,1,2,1,1,0,2,1,1,0,2,0,1,1,0,0,2,1,1,2,1,0,0,1,2,1,0,0,0,1,0,1,0,0,0,1,1,1,1,0,0,0,0,0,0,0,1,1,1,1,1,1,1,0,0,0,0,0,0,1,0,0,2,0,0,1,1,1,1,0,2,0,0,0,0,0,0,0,0,0,1,2,0,1,0,2,2,0,0,2,1,1,0,0,1,0,1,0,2,0,2,0,1,0,0,2,1,1,0,0,1,1,0,1,0,2,0,1,0,0,2,0,1,2,0,1,0,1,1,1,1,1,0,1,1,0,0,0,1,2,0,1,0,0,0,1,2,0,1,2,1,1
KL1423,1,0,2,2,1,2,1,2,0,1,0,2,2,1,2,2,1,1,2,2,1,2,0,2,1,1,2,1,1,1,2,1,0,0,1,1,2,0,1,2,1,2,0,1,0,2,1,0,0,2,1,2,0,0,0,2,1,0,1,2,1,1,2,1,0,1,1,2,1,2,0,0,0,2,0,2,0,0,1,0,1,1,1,0,2,0,0,0,0,0,0,1,0,0,0,0,2,0,0,1,1,0,1,1,0,0,0,0,2,0,0,2,1,1,0,2,1,0,0,0,0,0,1,0,1,1,0,0,0,0,1,1,2,0,1,0,0,2,1,1,0,0,1,0,1,0,0,0,0,1,2,1,1,0,2,0,0,0,1,0,2,0,1,0,1,1,0,0,2,1,0,0,1,2,0,0,0,1,0,0,0,1,0,0,1,0,0,0,0,1,1,0,1,0,1,1,0,0,0,1
KL1424,2,0,0,1,1,2,2,2,1,1,1,1,2,1,1,1,2,2,0,0,2,2,0,1,1,0,2,2,2,2,2,2,2,0,1,1,2,1,0,2,1,0,2,2,1,2,1,1,2,2,0,2,0,0,1,1,1,1,1,0,1,1,1,2,0,2,1,1,0,2,1,0,0,2,1,1,0,0,1,0,1,1,2,2,1,1,2,1,0,0,0,0,1,1,1,1,0,1,1,0,0,0,2,0,0,0,0,0,1,0,0,1,0,2,0,1,2,1,2,0,0,1,0,1,1,0,1,0,0,0,0,1,1,1,1,1,1,2,1,1,1,0,1,0,1,0,0,2,2,0,0,0,0,1,1,1,1,0,2,1,1,0,0,0,0,1,1,1,1,1,0,0,1,1,0,0,1,1,1,1,1,0,1,0,1,1,0,2,0,1,1,1,1,2,1,1,1,2,0,2
KL1425,1,2,1,1,0,0,2,2,0,1,2,2,1,1,1,1,1,1,2,0,1,2,1,1,0,2,2,1,2,1,1,1,2,0,1,2,2,0,2,1,1,2,0,1,1,1,1,1,2,1,1,1,2,0,1,2,2,1,2,2,1,2,1,0,1,0,2,1,1,1,1,0,0,1,1,1,0,2,1,0,1,0,0,0,2,0,1,1,0,2,1,0,0,0,2,0,1,0,0,0,0,0,1,0,0,0,1,1,0,0,0,1,0,1,0,0,0,0,2,0,0,1,0,0,2,0,0,1,0,2,1,1,2,0,1,2,1,1,1,1,1,0,1,0,0,0,2,0,2,0,2,0,1,0,1,1,0,1,0,1,1,0,0,0,0,0,0,1,1,2,0,0,0,1,1,0,1,1,0,0,1,1,1,0,0,0,0,2,2,0,1,1,1,0,1,1,0,1,1,0
KL1426,2,0,0,1,1,2,2,1,1,1,0,0,2,0,1,1,2,1,2,0,2,1,2,2,0,0,1,1,1,0,1,0,1,0,0,1,1,0,2,1,1,1,1,1,1,2,1,1,1,0,1,1,2,2,1,2,1,1,2,1,0,1,1,0,0,1,0,2,0,2,0,1,2,1,0,1,1,1,0,1,0,0,0,0,1,1,1,0,1,1,1,0,0,1,1,0,0,2,1,1,0,0,1,1,0,0,0,1,1,0,1,1,1,2,1,1,0,0,2,0,0,0,0,0,0,1,0,0,1,2,0,0,1,0,0,0,0,2,0,2,2,1,1,1,0,0,1,0,1,0,2,0,0,0,1,1,1,0,0,0,0,0,0,0,1,1,1,1,2,0,1,2,1,0,2,0,0,1,0,1,0,0,2,0,2,0,1,0,1,1,1,2,0,1,0,1,1,0,0,0
KL1427,1,0,1,1,2,2,2,2,1,1,1,1,2,1,0,2,2,2,2,0,0,1,1,0,1,2,1,2,2,2,1,2,1,0,1,0,2,1,1,2,0,1,1,2,2,0,1,1,0,1,2,2,2,0,1,2,0,1,2,2,1,0,1,1,2,1,1,2,1,2,0,1,0,1,0,1,0,1,0,1,1,1,0,1,0,1,0,1,0,0,1,0,0,1,1,1,1,0,0,1,1,1,1,0,2,1,0,0,0,0,0,2,1,1,0,0,1,0,2,0,0,0,0,0,0,1,0,1,0,1,1,0,1,0,0,1,0,1,1,0,0,0,1,2,0,0,1,1,1,0,2,1,1,0,0,1,0,0,2,0,1,0,0,1,1,0,1,0,1,1,2,1,1,1,1,0,0,0,1,1,1,1,1,0,0,0,0,0,1,1,2,0,2,0,0,0,0,0,0,1
KL1428,0,1,1,2,1,1,1,2,2,1,1,2,2,0,2,2,1,1,1,0,1,1,0,2,0,1,2,0,2,1,1,0,1,0,1,1,1,2,1,1,1,0,0,1,1,2,2,1,2,1,1,2,1,1,1,2,2,2,1,1,1,2,1,1,2,1,1,2,1,1,0,1,0,2,1,1,1,1,1,1,1,1,2,1,1,1,0,1,0,0,0,0,0,1,0,1,0,1,1,0,0,1,2,0,1,0,0,0,1,0,0,0,1,2,0,0,1,1,2,1,0,0,0,2,1,1,0,0,0,0,0,2,2,0,1,1,0,0,0,1,0,1,0,0,0,0,1,2,0,1,1,0,2,0,1,1,1,0,1,0,0,1,1,0,1,0,2,0,2,0,0,2,1,1,0,0,0,0,1,1,0,0,2,0,0,0,1,0,0,1,0,0,1,0,0,2,0,1,0,1
KL1429,0,0,2,1,2,2,2,2,1,2,2,1,1,0,0,1,0,1,2,0,0,2,1,2,1,0,2,2,1,0,1,0,1,0,1,1,2,0,2,1,2,1,0,1,2,1,0,2,2,1,1,1,2,1,0,1,2,0,1,2,1,2,1,1,1,2,2,1,0,2,1,1,0,1,0,0,0,2,1,0,1,0,0,1,1,0,1,0,0,0,0,0,0,0,1,1,0,0,1,2,0,1,0,0,0,1,1,1,0,1,0,1,0,2,0,0,0,1,0,0,0,0,1,0,1,1,1,1,1,0,1,0,0,1,0,1,2,1,0,1,0,0,0,1,0,1,2,0,0,0,2,0,0,1,1,0,1,0,0,0,1,1,0,0,0,0,0,1,1,0,0,1,1,2,0,0,1,1,0,1,0,1,1,0,1,0,0,2,0,1,1,0,0,0,1,1,1,1,0,0
KL1430,0,1,2,0,0,2,2,1,0,1,1,2,1,1,1,0,2,2,0,0,1,0,1,1,1,0,1,1,1,0,2,0,1,1,2,2,2,0,2,1,0,1,1,1,1,1,1,1,2,2,0,2,0,2,0,1,2,1,2,0,2,2,1,0,2,1,1,1,0,1,0,0,2,1,1,0,0,0,0,0,2,1,1,1,1,1,0,0,0,0,0,0,1,0,0,2,0,1,1,0,0,0,0,1,1,0,0,1,0,0,0,0,1,0,0,2,0,0,1,1,0,0,0,0,0,1,2,1,2,1,1,0,2,0,1,0,0,1,2,1,1,0,2,1,0,1,1,1,1,0,1,0,0,1,1,0,2,0,2,0,2,0,1,0,1,0,0,0,1,1,0,0,1,1,0,0,1,2,1,0,0,1,1,0,0,0,0,1,0,1,2,0,0,0,1,1,0,0,1,0
KL1431,0,0,1,0,0,0,1,1,1,1,1,2,2,1,1,1,1,0,2,0,1,1,1,1,0,1,1,2,1,1,1,1,1,0,0,0,1,2,1,2,1,1,1,1,0,2,0,1,0,0,0,2,1,0,1,2,0,1,2,1,0,2,2,2,2,0,1,1,1,2,1,1,1,2,0,0,1,1,0,1,1,0,0,1,1,1,1,0,0,0,1,0,0,1,1,0,1,2,0,1,0,0,1,0,1,0,1,1,0,0,0,1,1,0,0,0,0,0,1,1,0,0,0,0,1,0,0,1,1,1,0,1,2,1,1,1,1,1,2,1,1,0,2,0,0,0,2,1,1,1,2,1,0,0,1,1,1,0,2,0,0,0,1,1,0,1,1,1,1,1,1,2,0,2,1,1,1,0,2,1,0,1,1,0,1,1,1,2,0,0,2,1,0,0,1,2,0,1,0,1
KL1432,1,1,1,0,1,2,1,1,0,2,1,1,2,2,1,2,0,1,1,2,2,1,2,1,1,1,2,1,2,0,1,1,2,2,0,1,1,2,1,1,1,1,0,1,0,2,0,1,1,2,1,0,2,1,0,2,1,1,2,0,0,2,1,1,0,1,1,0,1,1,0,0,0,1,0,2,1,1,0,0,1,0,1,0,1,0,0,0,0,0,0,0,0,1,2,1,0,2,0,0,0,0,2,1,0,1,1,0,0,0,0,0,2,1,0,0,2,1,1,0,0,0,1,0,1,2,1,0,0,0,0,0,1,1,1,1,0,0,1,0,0,0,1,1,1,1,0,1,1,0,2,0,0,1,1,2,1,0,1,0,1,1,1,2,2,2,0,0,2,0,0,0,0,1,1,0,0,1,2,1,0,0,2,0,1,0,0,1,0,1,1,1,1,0,0,1,1,0,0,1
KL1433,0,0,2,1,1,2,2,2,0,1,1,1,2,2,1,1,2,1,2,0,0,1,2,1,0,0,1,1,1,0,1,0,2,1,1,1,2,1,2,1,0,1,1,0,1,1,1,1,1,0,2,2,1,1,2,2,0,1,1,1,0,2,1,2,1,0,1,0,0,2,0,1,2,2,0,2,1,1,0,1,1,1,1,0,2,1,1,0,0,1,0,0,1,1,0,0,0,0,1,1,1,0,0,0,1,1,0,1,1,0,0,0,1,2,1,1,1,0,1,0,0,1,0,0,1,0,0,1,2,0,1,2,0,0,0,1,1,1,1,1,0,0,0,1,0,0,1,1,1,0,0,0,1,0,0,0,1,0,1,0,0,0,0,0,1,1,0,0,1,0,0,2,1,1,0,0,1,1,0,1,0,0,1,0,0,0,0,2,1,2,2,0,0,0,0,1,2,2,0,1
KL1434,0,0,0,1,1,2,1,1,1,1,1,2,2,2,0,1,1,1,2,0,0,1,1,2,1,1,1,2,1,0,0,0,2,1,2,0,0,1,2,0,0,0,1,2,1,2,1,1,1,2,0,1,2,2,0,2,1,0,0,1,1,0,0,1,1,1,1,1,1,1,1,1,0,0,2,0,1,1,2,0,1,1,1,1,0,0,1,0,0,0,0,1,0,0,1,0,0,0,1,1,0,1,0,0,1,1,1,1,0,1,1,0,1,0,0,0,0,0,0,0,1,1,0,0,2,1,1,0,1,1,0,2,1,1,1,1,0,2,1,0,1,1,1,2,0,0,1,1,1,0,1,1,1,0,1,1,2,1,0,0,2,1,1,0,0,0,1,1,2,1,1,1,1,1,0,0,0,0,0,1,0,1,0,0,0,1,2,1,1,1,1,1,0,0,1,2,0,0,0,1
KL1435,1,0,0,1,0,0,2,0,1,2,1,2,2,0,1,1,1,1,1,1,1,1,2,0,2,0,2,0,2,1,2,2,2,1,2,0,1,2,1,0,0,1,1,1,0,2,1,0,0,1,0,1,2,2,1,2,1,0,2,0,1,2,2,1,2,2,1,1,1,2,0,0,0,2,0,0,1,1,1,0,1,0,1,0,1,2,1,0,0,0,2,0,0,0,0,0,0,1,0,0,0,1,0,1,0,2,0,0,0,0,0,0,1,0,0,0,1,0,1,0,0,1,0,0,0,1,0,0,2,0,0,2,2,1,1,2,1,0,1,2,1,1,0,2,1,0,1,0,0,0,2,0,0,0,0,2,2,0,0,0,0,0,1,1,1,1,1,0,1,1,1,1,1,1,0,0,0,1,0,0,1,1,1,0,1,0,0,1,1,0,1,1,0,0,0,0,2,1,0,1
KL1436,1,1,1,0,0,2,2,2,2,0,1,2,2,1,0,1,2,2,1,1,1,1,1,1,2,1,2,0,1,1,2,1,2,2,1,1,2,2,1,1,1,1,1,1,0,2,1,1,2,0,0,1,2,1,0,2,1,0,1,1,1,1,1,1,1,1,1,2,2,1,0,2,1,0,1,2,0,1,0,1,1,0,2,0,0,0,0,0,0,0,0,0,0,1,1,0,0,1,0,1,0,0,2,0,1,1,0,1,0,0,1,2,0,1,0,2,2,0,1,0,0,0,0,1,0,2,0,0,1,1,1,2,1,1,1,2,1,0,2,0,1,0,1,0,0,1,1,2,1,0,2,0,0,1,0,0,1,0,1,0,1,1,2,1,1,1,1,1,2,1,0,0,1,2,1,0,1,2,0,1,0,0,1,0,1,0,1,1,0,1,0,1,1,0,1,1,1,1,1,0
KL1437,2,1,1,1,1,1,2,2,1,2,1,2,2,1,0,2,0,2,2,0,1,1,1,0,1,0,1,1,1,1,1,1,2,1,1,2,2,1,0,1,2,2,0,0,1,2,1,1,1,1,1,2,2,0,1,2,0,2,0,1,2,1,0,1,1,1,1,2,1,0,0,0,0,0,0,1,1,2,1,0,1,0,2,1,0,0,1,0,1,0,1,0,0,1,0,0,0,0,2,1,0,0,2,0,1,1,0,1,0,0,1,2,1,2,0,0,0,0,0,0,2,0,0,0,1,0,1,1,1,0,0,0,0,0,0,0,1,0,1,0,0,0,0,1,1,0,1,0,1,0,1,0,0,0,0,2,0,0,1,0,1,0,0,0,0,0,0,0,1,0,0,0,1,1,0,0,1,0,1,1,0,1,1,1,0,0,2,0,1,1,1,1,0,1,1,1,1,2,1,0
KL1438,2,1,1,2,0,1,1,2,2,1,0,2,2,0,1,1,0,1,1,1,1,2,1,1,1,1,2,1,2,0,1,0,1,1,1,2,2,1,2,2,1,1,1,2,2,1,1,2,2,1,1,2,1,1,0,1,1,0,1,0,1,1,0,1,1,2,0,2,0,1,0,1,2,1,0,1,0,1,0,0,1,0,0,0,2,0,1,0,1,0,0,0,0,1,0,0,0,0,1,1,1,1,2,0,1,1,1,1,0,0,0,1,0,2,0,0,0,0,0,0,1,1,1,0,1,1,0,0,1,0,1,2,1,1,2,0,1,1,2,2,0,1,0,0,0,0,1,1,1,0,1,0,0,2,0,2,1,0,1,0,1,0,1,1,1,0,1,1,2,1,0,1,2,2,1,0,1,0,2,0,1,1,1,0,1,0,0,1,1,0,2,2,0,0,2,1,0,0,0,1
KL1439,1,0,2,2,0,1,1,2,0,1,1,1,2,2,1,1,1,2,2,0,1,0,0,1,0,2,1,0,2,0,2,2,2,0,2,2,1,1,2,2,0,0,1,1,1,2,1,1,1,1,0,2,1,1,0,1,1,0,2,1,2,1,1,1,2,1,1,1,1,2,0,1,1,1,1,1,0,1,0,0,1,0,1,0,0,1,0,0,0,0,1,0,0,0,0,1,0,1,1,2,0,0,1,0,1,1,0,0,0,1,0,0,1,2,0,1,1,2,0,0,0,0,0,1,1,1,1,0,1,0,0,0,1,0,1,1,0,0,1,1,1,0,1,1,0,1,2,0,0,1,0,0,0,1,0,1,1,0,2,0,0,1,1,0,0,0,1,0,1,0,1,2,1,1,0,0,1,1,1,1,0,0,1,0,0,1,1,1,2,2,1,1,0,1,1,0,0,1,0,1
KL1440,1,0,1,2,0,1,1,1,1,1,1,0,1,1,0,2,1,1,2,0,1,2,0,2,0,1,0,0,1,1,2,0,2,1,1,0,1,1,2,1,2,0,0,2,2,2,2,2,1,2,1,1,1,0,1,2,1,0,0,1,0,1,1,1,0,1,0,1,1,0,1,1,1,0,0,1,1,0,0,0,0,0,0,0,1,1,1,0,0,1,2,0,0,0,1,0,0,2,1,2,0,0,0,1,0,0,0,1,0,0,0,1,0,1,0,1,0,1,1,0,0,0,1,1,0,1,0,0,1,2,0,2,0,0,1,0,2,2,0,1,1,0,1,1,0,1,1,1,0,0,1,0,0,1,1,0,0,1,1,0,1,1,0,0,2,0,1,2,1,1,1,1,1,1,0,0,0,1,1,0,0,1,1,0,0,0,1,1,0,1,1,2,1,0,0,0,0,2,0,0
KL1441,2,1,1,2,2,2,2,1,0,1,1,2,2,0,1,2,2,0,2,0,1,1,2,1,2,1,2,0,1,0,2,1,1,2,0,0,2,2,2,0,2,1,0,0,1,1,1,2,0,2,1,2,1,1,1,2,2,0,1,1,0,1,2,1,2,1,2,2,1,1,0,1,0,1,0,1,0,1,0,0,2,0,1,1,1,1,0,0,0,0,0,0,0,0,0,0,0,0,1,0,0,0,0,2,1,0,1,1,1,1,1,1,0,1,0,0,1,0,1,0,0,1,0,0,1,1,1,0,0,1,0,1,0,0,2,2,1,1,1,0,1,1,0,0,0,1,0,1,0,0,2,0,0,0,0,1,1,0,0,0,1,0,1,0,1,1,1,1,1,1,0,0,0,1,0,0,0,2,0,2,1,0,1,0,0,0,1,0,1,1,0,1,0,0,0,2,0,2,0,0
KL1442,1,1,2,0,1,2,2,1,0,1,1,2,2,1,1,1,1,2,0,0,0,2,1,1,1,1,2,1,1,1,1,1,1,1,1,0,0,2,2,0,0,1,2,1,1,2,1,0,1,2,1,2,2,2,0,1,1,1,0,0,1,1,1,2,0,1,1,2,1,2,0,1,0,0,0,1,0,2,0,0,0,1,1,0,1,0,2,0,0,0,0,0,0,1,0,0,0,0,2,0,1,0,1,0,1,0,0,2,0,1,0,1,2,1,0,1,2,0,2,1,0,0,1,1,1,1,0,0,1,1,1,2,1,0,1,1,1,1,1,0,0,0,0,0,0,1,0,1,2,0,0,0,1,1,0,1,1,1,1,0,1,0,1,1,2,0,2,0,2,0,0,0,0,0,0,0,1,1,0,0,0,0,1,0,0,0,1,2,0,0,0,1,1,1,1,1,0,0,0,1
KL1443,1,1,0,1,0,1,2,2,0,1,0,2,2,0,0,2,2,0,2,1,2,1,1,1,0,1,2,1,1,0,2,0,1,0,1,1,2,1,0,0,1,1,0,0,2,2,0,1,1,0,2,2,1,1,0,0,2,0,2,1,0,1,2,2,1,1,0,2,2,2,1,2,1,2,0,1,1,1,1,0,1,1,2,0,0,1,0,0,0,1,1,0,0,0,1,1,1,2,0,2,0,0,2,1,1,0,2,2,0,0,2,0,1,1,0,0,2,1,2,0,0,1,0,0,2,1,1,0,1,1,0,0,0,1,2,1,0,1,2,1,2,0,1,1,0,0,1,0,2,0,2,0,1,1,2,0,1,2,0,0,0,1,1,0,0,1,1,0,2,0,0,2,0,0,1,0,1,0,0,0,0,0,1,0,0,0,0,1,0,0,2,0,0,1,0,1,0,0,0,0
KL1444,2,0,1,1,0,2,2,0,1,0,0,0,1,1,2,1,1,2,2,0,2,1,1,1,0,0,1,2,2,2,2,0,1,0,1,0,2,1,2,0,1,0,0,2,1,2,1,1,1,1,1,2,2,0,1,1,1,1,1,1,2,1,1,2,0,1,1,1,0,2,1,0,1,1,1,0,1,0,0,0,1,0,1,1,1,1,1,0,0,1,0,0,0,0,2,0,1,1,1,1,0,0,1,0,0,1,1,0,0,0,1,1,1,2,0,1,1,0,1,0,1,0,1,2,0,0,0,0,1,1,1,1,1,1,0,1,1,1,1,2,1,1,1,0,0,0,1,0,1,1,2,0,0,1,0,1,1,0,1,0,1,0,1,1,1,1,1,0,1,0,0,0,1,0,0,0,0,1,0,1,2,0,2,0,0,0,1,0,1,1,0,0,1,0,0,1,2,1,0,0
KL1445,2,1,0,1,1,2,1,2,1,0,0,1,1,0,2,0,1,0,2,0,0,2,1,0,1,1,1,2,1,0,1,1,2,0,0,0,0,2,2,1,0,1,1,2,1,2,2,1,2,1,1,2,1,1,0,2,2,0,1,1,0,0,1,1,0,2,2,1,1,1,1,1,1,1,1,0,1,1,1,0,1,0,1,0,1,0,0,0,1,1,0,0,0,1,1,0,0,1,0,1,0,1,2,0,0,0,1,1,1,1,0,1,1,0,0,1,2,0,1,0,0,0,0,0,0,1,0,0,0,1,0,1,1,2,1,1,1,1,1,0,2,0,0,0,0,0,2,1,1,1,1,1,0,1,0,0,2,0,2,0,0,0,0,1,0,1,1,1,2,0,0,1,1,1,0,0,1,1,0,0,0,0,1,0,1,0,1,1,1,0,1,0,0,1,1,2,1,1,1,0
KL1446,2,1,1,0,1,1,1,2,2,0,0,1,2,1,2,2,2,0,1,1,1,0,1,2,1,2,1,0,2,0,1,2,2,0,1,1,0,2,1,1,0,0,2,1,1,1,2,0,2,2,0,2,1,0,1,2,1,1,1,1,0,2,1,2,1,1,0,1,1,2,1,0,0,2,0,0,1,2,1,0,2,0,1,1,0,2,1,1,0,0,0,0,0,0,1,0,0,2,2,0,0,0,0,0,0,0,1,2,0,0,1,1,1,1,0,0,1,0,0,2,0,2,1,1,0,1,0,1,0,1,0,2,0,0,2,1,0,1,1,1,0,0,0,0,0,0,1,1,0,0,1,0,0,0,0,1,0,0,0,0,1,0,1,0,0,2,0,0,2,1,0,0,2,1,0,1,1,1,2,1,1,2,1,0,1,0,0,0,0,0,1,0,0,0,0,1,1,2,0,0
KL1447,0,1,0,1,2,1,1,2,2,2,0,0,2,1,1,2,1,0,1,1,1,2,1,0,2,1,2,0,0,1,1,2,2,1,0,0,1,1,1,0,2,1,0,1,2,1,0,0,1,1,0,2,1,2,1,1,0,0,0,1,1,1,0,0,1,1,2,2,1,0,1,1,1,1,0,1,2,0,0,0,1,0,0,1,0,0,2,0,0,1,0,0,0,1,1,0,0,2,2,0,0,1,1,1,1,1,0,0,0,0,1,1,1,0,0,0,0,0,0,0,1,0,0,1,0,0,2,0,0,0,0,1,1,0,0,0,1,0,1,1,1,1,0,0,0,1,2,1,2,0,1,0,0,0,0,0,0,0,1,0,1,0,0,1,1,0,0,0,1,1,0,0,0,1,1,0,1,2,1,2,0,1,1,0,0,0,0,0,1,1,2,1,0,0,0,0,1,2,1,0
KL1448,1,0,0,1,1,1,2,1,0,1,1,2,1,0,1,0,1,2,2,0,2,1,0,1,0,1,2,1,2,0,1,0,2,0,0,1,1,2,2,0,1,0,0,1,1,2,1,1,2,1,0,1,2,1,0,2,2,0,0,0,0,1,1,1,1,2,2,1,1,1,1,2,1,1,0,0,1,1,1,0,2,1,1,1,1,0,0,0,0,1,0,0,0,0,1,0,0,0,0,0,0,1,0,1,0,0,1,0,1,0,1,0,1,2,0,2,1,0,1,1,0,0,0,0,0,1,0,1,0,1,0,0,2,2,1,2,1,1,0,1,0,2,1,0,0,1,1,2,1,0,0,0,0,0,0,0,0,0,1,0,2,1,1,0,0,0,0,0,0,1,0,1,0,2,0,1,0,1,1,2,2,1,0,0,0,0,1,1,1,1,2,1,0,0,0,1,1,2,0,0
KL1449,2,0,0,1,0,0,1,1,1,2,0,1,1,1,0,1,2,1,0,0,1,1,2,2,0,0,1,2,0,2,2,1,0,1,1,1,1,1,1,2,1,1,0,1,1,2,1,0,2,1,0,1,0,0,0,0,1,0,2,1,1,1,0,0,1,2,1,2,0,0,0,0,1,0,0,2,0,1,0,0,2,0,0,0,1,0,0,0,0,0,0,0,0,0,1,0,0,0,2,1,0,0,2,0,0,0,1,1,0,0,0,1,2,1,1,2,0,0,1,1,1,0,1,0,2,2,0,0,1,0,1,1,0,1,2,1,1,0,0,1,0,0,1,0,0,0,1,1,0,0,1,1,1,1,0,1,1,0,2,0,0,0,1,0,1,1,0,0,0,1,0,2,0,1,1,0,0,1,1,1,0,0,0,0,1,0,1,2,1,1,1,1,0,0,1,1,0,1,0,1
KL1450,0,1,0,2,0,1,1,1,1,0,0,2,2,0,0,0,2,1,2,1,2,1,2,2,0,1,1,0,0,0,2,0,2,2,1,0,1,1,2,1,0,2,1,1,1,2,2,0,0,0,1,2,2,0,1,1,2,1,1,0,0,1,0,0,1,2,2,1,1,2,0,0,1,0,1,1,0,2,1,1,1,0,1,1,1,1,0,0,0,0,0,0,0,1,0,0,0,0,1,0,0,0,1,0,0,1,1,0,0,0,1,0,0,2,0,0,2,0,0,1,1,0,1,1,1,2,1,0,2,0,0,1,2,0,1,1,1,1,0,1,1,0,1,0,2,0,1,0,1,0,0,1,1,1,0,1,2,1,0,0,1,0,0,0,1,0,1,1,2,1,0,0,1,2,0,0,0,0,0,2,0,1,1,0,1,0,0,1,0,0,1,1,1,0,0,2,1,1,0,1
KL1451,2,0,1,1,0,1,2,1,0,0,1,2,2,1,0,1,2,1,1,0,1,1,2,1,0,0,2,0,2,0,1,0,1,0,0,0,2,1,1,1,1,1,1,1,0,2,1,2,2,2,1,1,0,1,1,1,1,1,1,1,0,0,0,2,2,1,1,1,1,2,0,2,0,0,1,0,0,1,1,1,2,0,2,1,0,0,0,0,0,0,1,0,0,0,1,0,0,0,2,1,1,1,0,1,1,0,2,0,0,0,1,0,0,1,0,0,0,0,1,2,1,1,1,0,0,1,1,0,2,1,0,2,1,1,0,2,1,1,1,2,1,1,1,1,1,0,1,1,2,1,1,1,0,0,1,2,2,0,0,0,1,0,0,0,1,0,0,0,2,0,2,1,2,2,0,0,0,1,0,1,1,1,1,0,0,0,0,2,0,1,2,0,0,0,1,1,1,1,1,0
KL1452,1,1,0,2,1,1,1,2,0,2,2,0,1,1,0,0,0,2,2,1,1,2,1,1,2,1,2,1,2,0,2,2,1,1,2,2,0,0,1,2,2,2,0,1,2,2,0,1,1,2,0,1,2,1,0,2,0,0,0,1,1,1,1,2,0,1,1,1,1,2,1,0,1,1,0,0,0,0,2,0,1,0,1,0,1,1,1,0,0,1,0,0,0,0,0,1,0,1,1,1,0,0,2,0,0,0,1,1,0,0,2,0,0,0,0,1,0,1,0,1,2,0,1,1,0,2,0,0,0,1,0,1,1,0,1,1,1,2,1,1,0,0,1,1,0,1,0,1,1,0,1,0,0,0,1,1,2,0,1,0,1,0,0,0,0,1,1,2,2,1,1,1,0,1,1,0,0,1,0,0,1,1,0,0,0,0,1,1,0,0,0,1,0,0,1,0,1,0,0,1
KL1453,1,0,2,0,0,1,1,2,2,1,1,2,1,1,0,0,2,1,1,1,2,2,2,0,0,0,2,1,1,0,2,1,2,1,1,1,1,1,1,1,1,2,0,1,0,2,1,1,1,1,0,1,2,1,1,2,1,0,1,1,2,0,1,1,0,1,0,1,0,1,0,0,2,1,0,0,0,1,0,0,2,0,1,0,1,1,0,0,0,1,1,1,0,0,0,0,0,0,1,1,0,1,1,0,0,1,1,1,0,0,1,2,2,1,0,1,1,0,1,0,0,1,1,1,0,0,0,0,0,1,0,1,1,1,1,1,1,0,0,0,0,1,1,0,0,1,0,0,1,0,0,0,0,0,0,0,0,0,2,1,2,1,1,0,1,1,0,0,2,1,1,1,0,1,0,0,0,2,0,1,0,1,0,0,1,0,2,1,1,0,0,1,1,0,0,1,1,1,0,2
KL1454,1,1,0,2,0,1,2,1,0,1,1,1,2,1,0,1,0,2,1,1,2,1,1,0,0,2,2,0,1,0,2,2,1,2,1,2,2,0,2,1,1,1,0,1,2,2,1,2,2,1,0,2,2,1,1,2,2,0,2,1,2,0,1,0,0,1,2,1,1,2,0,2,1,2,0,1,0,1,0,1,2,0,1,1,1,1,0,0,1,0,1,0,0,0,1,0,1,2,0,2,0,0,2,2,1,0,0,1,0,0,1,2,1,2,0,1,1,2,0,1,0,1,1,1,1,0,1,0,0,1,0,1,0,1,1,1,1,2,1,0,1,0,0,2,0,0,2,0,1,0,1,1,0,0,0,0,1,0,0,1,1,1,0,0,0,0,0,1,1,1,0,0,1,0,0,0,0,0,1,0,1,1,1,1,1,0,0,1,1,0,1,2,0,0,0,1,1,1,0,0
KL1455,0,0,1,2,0,2,2,2,2,1,2,1,1,2,2,1,2,0,2,1,2,1,2,1,1,1,2,1,1,0,2,1,1,1,0,2,2,1,1,2,0,1,2,1,1,1,1,2,0,1,0,1,1,0,1,1,2,1,2,1,0,1,1,1,0,1,0,1,0,2,0,2,1,1,0,1,0,1,1,0,0,0,1,2,1,0,0,0,0,1,0,0,1,1,0,0,0,1,0,1,0,0,1,1,0,1,0,2,0,0,2,1,1,2,0,0,2,0,0,0,1,0,0,2,1,1,0,0,0,1,0,1,1,0,1,2,0,1,1,0,0,0,2,1,1,0,0,0,2,0,2,0,1,1,1,1,1,0,2,0,1,1,1,0,1,1,0,1,2,1,1,1,1,0,0,0,0,2,1,1,0,0,2,1,0,0,0,2,1,0,1,1,0,1,1,1,1,0,2,0
KL1456,0,1,0,0,0,1,1,1,0,0,1,2,1,1,0,1,1,2,2,1,2,2,1,2,0,1,1,1,2,1,2,2,0,1,2,2,0,2,2,0,1,0,1,1,1,2,1,1,2,1,0,1,2,1,0,1,1,1,1,0,1,1,1,1,1,2,2,1,1,1,0,0,1,1,0,2,1,1,0,1,2,0,1,1,1,1,0,0,0,1,1,0,0,0,1,0,1,1,0,2,1,0,1,0,0,0,0,0,0,0,0,0,1,1,0,0,1,0,2,0,1,0,1,2,0,0,0,0,1,0,1,1,0,0,0,0,1,0,1,2,1,0,0,0,0,0,1,0,0,0,1,0,0,0,0,0,1,0,0,0,1,1,0,1,1,1,0,1,0,0,0,1,0,0,0,0,0,0,1,0,0,1,2,0,0,0,0,1,0,0,0,2,0,0,1,0,1,2,1,1
KL1457,1,1,2,1,0,2,2,1,0,1,1,0,2,0,0,1,1,1,0,1,1,0,2,1,0,1,1,1,1,0,1,1,2,1,0,0,2,1,1,0,0,1,2,2,0,2,2,0,2,2,0,1,1,2,1,1,2,0,1,2,1,1,1,0,1,0,1,2,1,1,1,1,1,1,0,2,0,0,0,0,1,0,0,1,0,0,1,0,0,0,1,0,0,0,0,0,0,2,0,2,0,0,1,0,0,0,0,0,0,0,1,1,1,0,0,1,1,0,1,0,0,0,1,0,0,1,0,0,1,0,0,1,1,1,1,2,1,1,2,0,0,0,1,0,0,1,1,1,1,1,0,0,0,1,1,0,2,0,2,0,1,0,0,0,2,1,0,0,2,0,0,2,0,0,0,0,1,2,0,2,2,0,0,0,1,0,1,2,0,0,1,1,0,1,1,0,0,0,1,0
KL1458,1,0,1,1,1,2,2,1,1,2,1,2,2,0,0,1,2,2,1,2,1,1,2,1,1,0,2,1,2,1,1,2,2,1,0,1,2,2,2,2,0,0,1,2,1,1,0,1,2,2,2,2,1,2,0,2,1,1,1,0,1,1,1,2,0,2,2,2,1,2,0,1,1,1,1,1,0,2,1,1,2,2,0,0,0,0,1,0,0,0,1,0,0,0,2,0,1,0,0,1,0,0,1,0,1,0,1,2,1,0,1,0,2,0,0,1,1,0,0,0,1,0,0,1,1,1,1,0,0,0,0,1,2,1,1,2,2,2,0,1,1,0,0,0,1,0,2,0,2,0,1,0,1,0,0,1,0,0,2,0,1,1,1,1,0,2,1,0,0,0,2,0,0,1,0,0,0,1,0,0,0,0,0,0,0,0,2,1,1,1,1,0,0,0,1,2,0,1,1,1
KL1459,1,1,2,2,1,1,2,1,1,2,1,1,0,0,1,1,1,2,1,0,1,1,1,1,0,0,2,1,0,0,0,0,2,2,1,0,0,0,2,1,0,0,1,1,0,1,2,1,2,2,0,1,1,1,0,2,2,0,1,1,0,2,0,1,0,0,2,2,1,2,0,0,0,0,0,1,2,2,0,0,2,0,1,1,0,0,0,0,0,1,0,0,0,2,0,0,0,0,0,1,1,0,0,0,0,0,2,2,0,1,0,2,1,1,0,0,1,1,1,0,0,0,0,1,1,2,1,0,1,1,1,1,1,0,1,1,0,1,0,2,0,0,0,2,0,1,1,2,1,0,2,0,0,0,0,1,0,1,1,0,1,2,1,0,0,2,0,0,0,1,0,1,0,0,0,0,1,1,1,1,0,0,0,1,1,1,0,2,0,0,0,2,0,1,0,2,0,0,0,1
KL1460,2,0,1,2,1,1,2,2,2,1,1,1,2,1,1,2,1,2,1,1,1,1,2,2,0,2,0,2,1,1,2,1,2,1,0,0,1,1,2,1,2,1,0,2,2,1,0,1,2,1,1,2,1,1,1,2,0,0,0,1,1,0,1,2,1,2,2,1,1,2,0,1,1,1,1,1,0,2,0,1,1,0,2,0,1,1,0,0,0,0,0,0,0,1,0,1,0,1,0,0,1,1,1,0,0,2,0,2,0,1,0,2,0,1,0,1,0,0,1,0,0,0,1,1,0,1,0,0,1,1,2,2,1,0,1,0,0,1,1,1,1,0,1,0,0,0,1,1,0,1,1,0,0,1,0,2,2,0,0,0,1,1,2,0,0,2,0,0,2,1,0,0,1,1,1,0,0,1,0,1,1,0,1,0,0,0,1,2,0,1,1,2,1,0,1,0,0,1,2,1
KL1461,1,1,1,1,0,2,1,2,0,1,1,0,1,1,1,1,2,1,1,0,1,2,0,1,0,1,2,2,1,1,2,0,2,0,2,1,2,1,1,2,2,1,1,1,2,1,1,1,0,2,0,1,0,1,1,1,2,2,2,1,2,2,2,1,2,1,1,0,2,1,2,0,0,0,0,1,0,1,1,1,2,0,1,0,0,1,2,0,0,1,0,0,0,0,0,1,0,1,1,1,0,1,0,0,1,0,1,0,0,1,0,0,0,1,0,1,2,0,1,0,0,1,0,1,0,0,0,0,0,1,0,1,1,1,1,0,1,1,0,1,1,0,2,0,1,1,1,1,0,0,1,0,0,1,1,0,2,0,2,0,0,0,1,1,0,0,1,0,1,0,0,2,1,0,0,0,2,1,2,1,0,1,1,0,0,0,0,1,1,0,2,2,0,1,1,0,1,1,0,2
KL1462,2,1,1,2,1,2,2,2,1,1,0,0,1,2,1,1,2,2,0,0,1,1,2,1,1,1,1,0,0,0,2,1,2,1,2,0,2,0,0,1,1,1,0,1,1,1,1,1,2,1,1,2,1,2,0,1,1,0,0,1,1,1,0,1,1,2,1,1,1,2,0,1,0,1,1,2,0,2,1,0,1,0,1,0,0,2,1,1,0,1,0,0,0,1,1,0,0,0,0,1,0,0,2,2,0,0,2,0,1,0,0,2,1,0,0,0,0,0,1,1,1,0,1,1,0,0,0,0,1,1,0,2,0,0,0,1,0,1,0,2,0,0,2,0,1,0,1,1,0,0,1,0,0,0,0,2,2,1,0,0,1,0,0,1,1,1,0,1,1,0,1,0,2,0,0,0,0,1,0,1,0,1,1,1,0,0,0,2,1,0,0,0,1,1,1,2,1,1,0,1
KL1463,0,1,1,2,2,1,1,1,1,1,0,1,2,1,1,1,2,0,1,2,1,0,1,0,0,1,1,2,2,1,2,2,1,0,2,1,2,0,2,2,1,0,1,0,1,2,2,1,2,2,1,1,2,1,0,1,1,1,2,0,2,1,1,2,0,0,0,1,1,0,0,1,1,0,1,0,0,0,1,0,1,0,1,2,1,1,1,0,1,0,0,0,0,1,1,0,0,1,1,1,0,0,2,0,1,1,0,1,1,0,0,1,1,0,0,1,1,0,1,0,0,0,0,0,2,1,0,0,0,2,1,0,1,2,0,0,1,2,0,2,0,2,0,0,0,0,1,2,1,0,0,0,0,1,1,1,1,1,0,1,1,0,0,2,1,1,0,1,1,1,0,0,0,2,0,0,0,2,1,2,2,0,1,0,0,0,1,1,1,1,1,2,0,0,0,1,2,0,1,1
KL1464,1,1,1,1,2,1,2,1,0,1,0,2,1,2,1,2,0,2,1,1,1,0,1,1,2,0,2,1,0,0,2,2,1,1,2,1,1,1,2,1,0,0,1,2,1,1,0,1,1,2,2,2,2,1,0,2,0,1,2,2,2,0,2,1,1,2,1,2,2,1,2,1,1,1,0,0,0,0,1,0,1,1,1,0,1,1,2,1,1,0,0,0,0,0,1,0,0,1,1,1,0,0,1,1,1,2,2,0,0,0,0,0,2,1,0,1,0,0,1,0,1,0,1,0,0,0,0,0,1,0,0,0,0,0,1,2,0,0,2,1,0,1,2,0,0,0,1,0,2,0,1,0,0,1,0,1,0,1,1,0,0,0,2,1,1,2,2,0,1,1,0,1,0,0,1,1,0,1,1,0,1,1,2,0,0,0,0,2,0,0,1,1,1,0,1,0,1,1,1,0
KL1465,0,0,0,1,0,2,2,1,1,1,1,2,1,1,1,2,0,0,1,1,0,0,2,1,0,0,2,0,1,1,2,2,0,2,1,1,2,0,2,0,1,1,1,1,1,1,1,0,1,2,1,0,1,0,0,2,0,0,1,2,0,2,0,1,2,1,2,0,1,1,0,2,1,0,1,1,0,0,0,1,2,0,1,1,0,1,1,0,0,1,1,1,0,1,1,0,0,1,1,0,0,1,1,1,0,1,1,0,0,0,1,1,1,0,0,0,0,0,0,2,1,0,1,0,1,0,1,0,0,1,1,2,1,2,1,0,1,1,0,0,0,0,1,2,1,0,0,0,2,0,1,0,0,1,1,1,1,0,1,0,0,0,1,0,1,1,0,0,0,1,0,0,0,0,0,0,1,1,1,1,0,0,0,0,0,0,0,0,0,1,0,0,1,0,0,1,1,0,1,2
KL1466,1,1,0,0,0,2,2,0,1,1,2,1,1,1,2,2,0,2,1,0,1,2,2,2,1,2,1,1,0,2,2,1,1,0,2,1,1,1,2,1,1,0,2,2,2,2,1,0,2,2,1,1,0,2,0,2,0,1,1,1,0,1,2,1,1,2,1,1,0,1,0,0,1,0,1,1,1,0,2,1,1,1,1,1,1,0,0,0,0,1,0,0,0,1,0,0,1,2,0,1,0,0,1,1,1,0,1,0,1,1,0,1,1,1,0,0,0,1,1,1,0,1,0,0,1,0,0,0,1,2,1,2,1,2,1,0,1,1,1,0,1,2,2,0,0,0,1,1,0,0,1,0,0,0,1,0,1,0,1,0,1,1,1,1,0,0,1,0,1,2,0,1,0,1,1,2,1,0,0,1,0,0,0,0,0,0,1,0,0,1,2,1,1,0,1,1,1,0,1,2
KL1467,1,1,1,2,0,2,2,1,0,1,0,2,1,1,0,0,1,2,2,2,1,1,1,1,1,0,1,1,0,0,1,1,2,1,2,0,1,0,1,2,1,2,1,1,2,2,0,1,1,0,0,1,2,1,2,1,2,0,1,2,1,0,0,2,1,1,2,1,2,1,2,0,1,1,1,2,0,2,1,2,1,1,0,0,0,1,2,0,0,0,1,0,0,0,1,0,0,2,1,0,0,0,1,0,1,0,0,1,0,0,0,1,1,1,0,1,2,1,1,0,0,0,0,1,1,1,2,0,0,0,1,1,1,2,1,2,1,1,0,1,0,0,1,0,0,0,1,2,0,0,1,1,0,0,0,1,0,0,1,0,1,0,1,1,0,1,0,0,1,1,0,1,0,1,0,0,0,1,1,0,1,0,2,0,0,0,1,2,0,1,1,1,0,1,1,0,0,0,0,0
KL1468,0,0,2,1,0,2,2,1,0,0,0,0,2,0,1,0,1,2,2,0,1,1,1,1,0,0,1,0,1,0,1,0,1,1,1,1,1,2,2,1,0,0,2,1,1,1,1,0,2,2,2,2,0,0,1,2,1,0,2,0,0,1,1,1,2,1,1,1,2,1,1,1,0,0,0,2,1,0,1,0,0,0,1,0,1,1,1,1,0,0,0,0,0,1,0,0,0,1,0,0,0,0,1,0,0,0,0,1,0,0,0,2,1,1,0,0,1,0,0,0,1,1,0,0,2,0,1,0,1,1,1,1,2,0,1,1,1,0,1,2,1,0,2,2,1,0,1,0,0,1,0,0,0,0,1,0,2,1,2,0,1,0,0,0,1,1,1,0,1,0,0,1,1,1,0,0,1,2,0,0,1,1,1,0,1,0,1,2,0,0,1,2,0,1,0,2,1,0,1,1
KL1469,2,1,1,1,1,2,2,0,1,1,2,2,2,2,2,2,2,2,2,2,2,2,0,0,1,1,2,0,1,0,1,1,1,1,1,0,1,1,2,1,1,1,1,1,0,2,0,0,2,2,0,0,2,2,1,1,2,1,1,2,1,2,2,2,1,1,2,2,2,2,1,0,1,1,0,1,1,0,1,0,0,0,2,0,0,1,0,0,2,0,0,0,0,0,0,0,1,0,0,0,0,0,1,1,0,0,0,0,0,0,1,0,1,2,0,0,1,1,2,0,0,0,1,1,0,0,1,0,0,0,0,1,1,1,1,1,1,2,1,0,0,0,2,0,1,1,1,0,1,1,0,1,0,1,1,1,1,0,1,0,0,0,1,0,0,0,1,1,1,0,0,0,1,0,0,0,1,1,0,0,0,1,0,1,1,0,0,1,0,0,1,0,0,1,0,2,2,0,0,0
KL1470,1,0,1,2,1,1,2,2,1,2,0,2,1,0,2,2,2,2,2,1,2,1,1,1,0,1,2,1,2,0,2,1,1,2,0,1,2,1,2,0,2,0,0,2,0,2,0,1,1,1,1,1,0,2,0,2,1,2,1,2,1,0,1,1,1,0,1,2,1,2,2,0,0,1,1,1,1,1,0,0,1,0,2,0,2,0,0,0,0,1,0,0,0,0,0,0,1,1,1,2,1,1,1,0,0,1,0,1,0,0,0,1,1,1,0,0,1,0,0,1,0,1,0,0,0,1,0,1,1,1,0,1,1,0,1,0,0,1,2,2,0,0,1,0,0,0,0,0,2,0,2,1,0,0,2,1,1,1,1,0,0,2,0,1,0,0,2,0,1,0,0,1,0,1,1,0,0,1,0,0,0,0,0,0,2,0,0,1,2,1,0,1,0,0,0,1,0,0,0,1
KL1471,1,1,0,2,1,1,1,1,1,2,0,2,2,1,0,1,0,1,1,1,1,0,0,2,1,1,2,1,2,1,1,0,2,0,1,2,2,1,2,0,0,1,0,2,1,2,1,1,0,1,2,2,2,1,1,1,1,1,0,1,1,0,0,1,0,1,2,0,0,0,2,0,2,1,0,1,0,1,0,1,2,0,2,1,1,1,1,0,0,0,0,0,0,1,1,0,0,0,2,0,0,0,1,0,0,0,1,0,0,0,0,1,1,1,0,1,1,0,0,0,1,1,1,1,1,0,1,0,1,1,0,0,1,1,1,0,0,0,1,0,1,1,0,1,0,1,0,1,1,0,0,0,0,1,0,2,0,0,1,0,0,0,0,0,0,0,0,0,2,1,0,0,0,0,0,0,0,2,1,1,0,1,2,1,0,0,0,0,1,0,1,1,0,0,0,1,0,1,1,0
KL1472,2,0,0,2,0,1,1,1,1,2,2,1,2,1,1,1,1,2,1,1,1,2,1,0,1,2,2,1,1,0,2,2,0,1,1,0,1,0,1,1,1,1,1,1,0,1,1,0,2,0,1,2,0,2,1,1,1,0,0,2,0,1,0,1,2,1,2,1,1,2,0,0,1,1,1,2,0,1,1,1,1,0,2,1,0,0,1,0,0,0,0,0,1,0,2,1,0,1,2,0,0,0,2,1,1,1,0,0,0,0,2,2,1,1,0,0,0,1,1,1,1,0,0,1,0,2,0,0,0,2,0,1,1,2,0,1,1,1,0,1,1,0,0,1,0,1,1,1,2,0,2,0,0,2,1,2,1,0,1,0,2,1,2,0,0,1,0,1,1,0,0,2,0,1,1,0,0,1,1,1,1,1,0,0,0,0,0,1,0,0,1,1,0,0,0,1,0,2,0,1
KL1473,1,1,1,1,0,2,2,2,1,1,2,1,2,1,1,1,2,2,1,0,1,0,0,1,0,1,2,1,1,0,1,2,2,1,1,0,2,2,1,1,0,1,1,1,0,1,0,0,0,2,0,2,1,0,1,1,2,0,1,1,0,1,1,2,1,0,0,0,2,2,2,0,0,1,0,2,0,2,0,1,0,0,0,0,2,0,1,0,0,0,0,0,0,0,1,0,1,1,0,1,0,0,1,0,1,1,1,1,0,0,2,2,2,0,0,0,0,0,0,0,1,0,0,1,1,0,0,0,0,0,0,1,1,0,1,0,2,0,1,1,2,0,0,2,0,0,2,1,2,0,1,0,0,0,0,2,2,1,1,0,1,1,1,0,0,1,1,0,0,0,0,0,0,0,1,0,1,0,0,2,0,0,0,0,0,0,1,2,1,2,0,1,0,0,0,0,0,1,0,0
KL1474,1,0,1,1,0,1,1,1,1,1,2,2,1,0,1,1,2,2,2,1,0,1,1,1,1,1,2,1,2,0,2,1,0,1,1,0,1,0,2,1,1,1,0,1,0,2,1,0,1,1,0,1,1,2,1,2,2,1,2,0,1,1,1,1,2,1,0,1,1,2,1,0,0,1,1,1,0,0,0,0,2,1,0,0,1,1,0,0,0,0,2,1,0,1,1,0,0,2,2,0,1,0,0,1,0,0,1,0,0,0,1,1,1,1,0,0,1,0,0,1,2,0,0,0,0,1,1,0,1,1,0,2,2,1,1,2,1,1,1,1,0,1,0,0,0,1,0,2,1,0,1,0,1,1,1,1,1,2,2,0,1,0,2,1,0,0,1,1,1,0,1,1,0,1,1,0,1,2,1,0,1,1,1,0,0,1,1,1,0,1,0,0,1,0,1,0,0,0,2,2
KL1475,0,2,0,1,1,1,2,1,1,0,2,2,2,1,1,0,1,0,1,1,0,1,2,2,1,2,1,1,1,0,1,2,1,2,1,0,2,2,1,2,1,1,0,1,0,2,0,1,2,2,1,2,0,1,0,2,2,0,2,0,2,1,1,1,1,1,2,2,2,0,0,0,0,1,0,0,2,0,0,0,2,2,0,1,1,1,2,0,0,1,0,0,0,0,0,0,0,2,1,0,0,1,1,1,0,0,0,1,0,0,1,1,1,1,0,0,1,1,0,0,0,0,1,2,0,0,1,0,1,2,1,1,1,0,0,2,1,1,0,2,0,0,1,1,0,0,0,1,1,0,1,0,0,0,1,1,1,0,0,0,0,1,1,0,0,0,0,0,1,1,0,1,0,0,0,0,2,0,1,0,1,0,1,0,1,0,1,2,1,0,1,1,0,0,1,2,0,1,1,1
KL1476,0,2,2,1,0,2,2,1,1,0,1,2,2,0,1,1,1,1,2,1,1,2,1,2,1,1,2,1,0,1,2,2,2,1,2,0,2,1,1,2,0,1,0,2,1,2,0,2,2,2,0,1,2,0,0,2,2,2,0,1,1,0,1,2,1,2,1,2,0,1,1,1,1,1,0,0,2,1,0,0,0,1,0,1,2,1,2,0,0,0,0,0,0,1,1,0,1,1,2,1,0,1,2,1,1,0,1,1,0,0,0,1,2,1,0,0,1,1,1,0,2,0,1,1,0,1,0,0,0,2,1,1,1,0,0,2,1,1,2,0,0,0,0,1,0,0,1,0,0,0,1,0,0,1,2,0,1,1,0,0,1,0,1,2,0,1,1,0,2,1,0,2,1,1,0,0,1,0,1,1,0,1,1,0,0,0,0,0,1,0,1,0,1,1,1,2,1,2,0,1
KL1477,1,1,0,2,1,2,2,1,1,1,1,1,2,2,2,0,0,1,1,0,1,0,1,1,0,1,2,0,1,0,2,1,2,1,0,2,1,0,1,1,0,2,1,1,0,2,1,0,2,2,0,2,1,2,0,2,2,1,1,2,2,0,2,0,2,2,2,1,1,2,1,1,1,0,0,1,1,1,0,1,0,1,0,1,0,0,0,0,0,0,0,1,0,1,0,0,0,1,1,2,0,0,1,0,0,0,0,2,1,0,0,0,1,1,0,0,1,0,0,0,0,0,1,1,1,1,1,0,1,1,1,0,0,0,1,1,2,1,1,1,1,0,0,1,0,1,1,0,2,0,1,1,0,2,1,1,2,0,1,0,0,0,0,0,0,0,1,1,0,2,0,0,2,0,0,1,1,1,1,0,0,1,0,0,0,0,0,0,1,1,2,2,1,0,0,1,0,1,1,1
KL1478,0,1,0,2,0,1,1,1,1,2,1,1,2,2,1,2,2,2,1,1,0,2,2,0,0,1,1,1,1,1,2,1,2,0,1,1,1,0,2,1,1,2,0,1,1,2,2,0,1,2,1,0,2,1,0,2,1,2,1,0,1,0,1,1,0,1,1,1,1,1,0,1,0,1,0,0,1,0,2,0,2,0,1,0,2,1,1,0,0,0,2,0,0,1,2,0,0,2,0,1,1,1,1,0,0,0,1,1,0,0,1,1,1,0,0,0,2,0,0,0,1,0,1,0,1,0,1,0,0,0,0,2,1,0,0,0,1,1,1,2,0,1,1,0,0,1,2,0,1,0,1,0,0,0,1,1,1,0,0,0,2,0,1,0,2,0,0,2,1,2,0,0,0,1,1,0,0,1,1,2,1,1,0,0,1,0,1,0,0,0,0,2,0,0,1,2,0,1,1,1
KL1479,2,1,2,1,2,1,1,1,1,0,1,1,1,0,0,2,0,0,0,0,1,1,1,1,0,1,2,2,2,1,2,1,2,0,1,2,1,0,2,0,1,0,1,2,1,2,2,2,2,1,0,1,0,1,1,2,1,0,2,2,1,1,1,2,0,0,1,2,0,1,0,1,1,1,1,0,1,2,1,1,1,1,1,0,2,1,0,0,0,0,1,1,0,1,0,0,1,0,2,0,0,0,0,0,1,1,1,2,0,2,0,0,1,0,0,0,1,1,1,1,1,0,0,0,0,0,0,0,0,1,0,1,1,1,0,2,2,2,0,1,1,0,1,1,1,0,0,1,1,1,0,0,0,0,0,1,0,0,0,0,0,0,1,2,1,0,2,0,1,0,1,1,2,0,0,0,1,1,0,1,1,1,1,0,2,1,0,1,2,1,1,0,0,0,0,2,0,0,1,1
KL1480,1,0,0,2,0,1,2,1,0,0,1,2,2,1,2,0,0,2,1,1,1,1,2,1,0,2,1,2,2,0,0,1,2,1,1,0,0,0,2,1,0,0,2,0,2,1,1,2,2,2,2,2,0,1,0,1,2,0,1,2,0,0,0,2,0,1,1,2,2,2,1,0,1,1,0,0,0,2,1,0,1,1,2,1,0,2,0,0,1,0,1,1,0,0,0,0,0,0,1,0,1,1,2,1,1,0,1,0,0,0,0,2,2,2,0,0,0,0,1,1,0,0,0,0,0,2,0,0,0,0,0,2,1,1,1,1,0,2,0,1,0,1,0,0,0,0,0,2,2,0,0,0,2,0,1,2,0,0,1,0,2,0,0,0,1,0,0,0,1,1,0,0,1,1,2,0,0,1,1,1,0,1,1,0,0,0,0,2,0,0,1,0,0,0,1,1,1,1,1,1
KL1481,1,0,0,2,0,2,2,2,1,2,0,2,2,1,1,1,2,1,1,0,0,1,2,1,1,0,1,1,0,2,1,1,1,2,1,0,1,0,1,0,2,0,2,0,0,1,1,1,1,1,1,2,1,1,1,1,1,2,2,1,1,1,1,0,0,0,2,2,1,2,0,0,1,1,0,1,1,0,0,0,1,1,1,1,0,1,2,0,0,0,0,0,0,0,1,0,0,0,1,1,0,0,1,1,0,1,1,1,0,0,1,1,0,0,0,0,1,0,0,0,1,1,0,2,2,1,2,1,0,1,1,1,1,0,1,2,1,0,1,1,0,0,1,1,0,2,2,1,1,1,1,0,0,0,2,1,2,0,1,0,0,1,0,1,1,0,0,0,1,1,0,0,0,0,0,0,0,0,2,0,1,1,1,0,0,0,0,0,0,0,2,0,0,0,0,1,0,0,0,0
KL1482,2,2,0,1,0,2,2,1,1,2,1,2,1,1,2,2,1,1,1,1,1,1,2,2,2,1,2,2,2,0,2,2,2,0,1,1,2,2,0,0,0,1,0,2,1,2,1,1,2,2,0,2,1,1,0,2,0,1,1,2,2,1,1,1,2,2,1,2,1,1,0,0,2,0,0,1,0,2,1,0,0,0,1,2,0,2,0,1,0,0,0,1,0,2,0,1,1,1,1,2,0,1,0,1,2,0,0,0,0,0,0,0,1,1,0,0,1,1,1,0,0,1,0,0,0,1,0,0,1,1,0,1,0,0,2,1,1,2,1,2,0,0,1,2,0,0,0,0,0,0,1,0,1,0,1,2,2,0,2,1,2,0,1,1,1,1,1,1,0,0,0,1,2,0,0,0,0,1,1,1,0,0,1,0,1,0,1,0,1,0,1,1,0,1,0,1,1,2,0,0
KL1483,2,1,1,2,0,1,2,0,0,1,1,1,1,1,1,1,1,2,1,0,1,2,2,0,1,1,2,1,1,0,2,1,2,2,2,1,1,0,0,1,0,2,1,2,0,1,0,2,1,1,0,1,1,1,2,1,1,1,1,1,1,1,2,2,1,1,1,1,2,1,0,0,2,1,0,2,0,1,1,0,1,1,1,0,0,2,0,0,0,0,0,0,0,1,0,0,0,1,0,0,0,0,1,0,1,0,1,0,0,0,1,2,2,1,0,0,1,0,1,0,1,0,1,1,1,0,2,0,0,1,1,0,0,2,1,2,1,1,1,1,0,0,1,0,0,0,2,2,2,0,1,1,0,1,0,0,0,1,0,0,0,0,2,0,1,1,1,1,1,0,0,1,0,1,0,0,1,1,0,2,0,0,1,1,0,0,0,2,0,0,0,0,0,0,2,1,0,1,0,0
KL1484,2,0,1,2,0,1,1,1,0,1,2,2,2,1,1,2,2,1,1,0,1,0,1,1,1,1,2,0,1,0,1,0,1,0,0,0,1,1,2,1,0,2,0,2,0,2,1,0,1,2,0,2,1,2,0,1,1,1,1,1,1,1,1,1,1,1,1,2,1,1,0,0,0,2,0,0,0,0,2,0,1,1,1,0,1,0,0,0,0,0,0,0,0,0,1,0,0,1,1,1,0,2,1,1,0,1,1,0,0,0,0,1,2,1,0,0,2,0,1,1,0,0,0,0,1,0,0,1,1,1,0,1,2,0,1,1,2,0,2,2,0,0,1,1,0,0,2,0,1,0,2,1,0,1,1,1,1,0,1,0,1,0,1,0,1,1,0,0,0,0,0,0,0,0,0,1,1,0,0,0,1,1,1,0,0,0,1,1,0,0,0,2,0,0,1,1,0,1,0,2
KL1485,1,0,1,1,0,1,0,2,1,0,1,2,2,1,1,1,2,2,2,1,1,2,1,2,0,1,2,0,0,1,1,1,2,2,2,0,1,0,1,1,1,1,0,1,1,2,2,1,2,1,1,1,1,0,1,1,0,0,2,1,0,0,1,0,0,1,2,1,0,2,0,1,0,1,1,2,0,2,1,0,1,0,2,0,1,2,0,0,0,0,0,0,0,0,0,1,0,0,1,2,0,1,0,1,1,0,0,0,0,0,0,0,0,1,0,0,0,0,1,0,0,1,2,1,0,1,0,0,0,2,0,2,2,0,0,0,0,1,1,1,1,1,1,0,1,2,2,2,0,1,1,1,0,1,2,0,1,0,2,0,1,0,1,1,2,1,1,0,1,1,1,1,1,1,0,0,1,1,0,1,1,1,0,0,1,0,0,2,0,0,2,1,0,0,0,1,0,1,0,0
KL1486,1,1,0,2,0,2,0,2,1,1,1,1,2,0,0,1,2,2,2,2,1,0,0,1,1,1,2,1,2,1,1,2,1,1,1,2,2,0,2,2,1,1,1,2,2,2,1,0,1,1,1,1,2,0,1,0,2,0,1,1,1,0,1,2,1,1,2,1,1,1,0,0,1,1,0,0,0,1,0,0,0,0,1,0,0,0,0,0,0,0,0,0,0,2,1,0,0,0,0,1,0,0,1,0,0,0,1,1,1,1,0,0,2,0,0,1,2,0,0,0,2,0,0,1,0,0,0,0,0,2,0,0,1,1,1,1,0,0,1,1,1,1,1,0,0,1,0,1,2,0,0,0,1,2,0,1,0,1,1,0,1,0,2,0,0,1,1,0,1,2,0,1,0,1,0,1,1,2,1,0,0,1,0,0,0,0,0,2,1,0,2,1,1,1,1,1,0,0,1,1
KL1487,2,2,2,0,2,1,2,1,1,0,0,2,2,1,0,2,0,1,1,2,1,2,2,2,1,2,2,1,1,1,1,0,2,1,1,0,1,2,1,1,2,1,1,1,0,2,1,0,0,2,1,1,1,0,2,2,2,0,0,0,2,1,0,2,1,0,1,1,0,2,1,0,0,1,2,2,0,2,0,0,1,0,1,2,2,0,0,0,0,0,1,1,0,1,1,0,0,2,0,1,0,0,1,0,0,1,2,1,0,0,1,2,2,0,0,0,1,0,0,1,1,1,1,0,0,1,0,0,0,2,0,1,0,1,1,1,2,1,2,0,0,0,1,1,0,0,1,2,0,0,0,0,0,1,1,1,0,0,2,0,2,1,0,2,2,0,0,1,1,0,0,1,1,1,1,0,1,0,1,0,2,1,0,0,0,0,0,0,1,2,0,1,1,0,0,2,0,0,0,0
KL1488,0,0,0,1,1,0,1,1,1,1,2,1,2,0,2,2,0,1,1,0,1,1,0,1,1,0,1,1,1,2,2,2,1,0,0,0,2,1,0,0,0,0,1,0,0,2,0,0,1,2,1,1,1,2,1,2,1,1,2,0,1,1,1,0,2,2,1,2,0,0,0,0,1,1,0,0,1,0,0,0,1,1,1,2,0,1,0,0,0,0,0,1,0,2,0,0,0,1,0,0,0,1,2,1,1,0,1,0,0,0,1,2,1,1,0,0,0,1,0,1,0,1,1,0,0,0,0,0,1,1,1,1,2,2,1,1,1,1,1,0,1,0,0,0,1,1,1,1,0,0,1,0,0,0,2,2,2,1,0,0,0,0,2,0,1,0,1,0,0,1,0,1,1,1,1,0,0,0,0,1,0,1,1,1,0,0,1,0,0,0,2,1,1,0,1,1,0,1,1,1
KL1489,0,0,0,2,0,2,2,1,0,0,1,1,2,1,0,2,0,1,2,0,0,1,2,0,0,0,2,1,2,1,1,1,1,2,1,0,1,0,1,0,0,1,1,2,2,2,2,1,1,1,0,2,1,0,0,1,1,0,2,0,1,0,0,1,2,0,1,1,1,0,0,0,1,0,0,1,1,2,1,1,0,2,1,0,0,1,0,0,1,0,1,0,0,0,2,0,0,0,2,0,1,1,1,1,0,0,0,2,1,0,0,0,0,1,0,1,1,1,2,1,1,0,0,0,1,0,0,0,1,1,1,1,1,1,1,2,1,1,0,1,1,0,1,0,0,0,2,1,0,0,0,0,0,0,1,0,2,0,1,0,1,0,1,0,0,0,1,1,1,2,0,1,0,2,1,0,0,2,0,0,1,0,2,0,1,1,2,2,0,1,0,0,0,0,0,1,1,0,0,1
KL1490,0,1,0,2,1,1,2,1,1,0,1,2,1,1,1,0,1,1,2,1,2,2,2,1,0,1,2,1,1,2,2,1,2,1,2,0,2,1,1,1,1,2,1,0,1,1,1,1,0,2,1,1,0,1,0,2,1,0,1,2,1,0,1,2,1,1,1,2,1,2,0,1,2,2,1,0,0,2,0,2,1,0,1,1,0,1,0,0,0,1,0,0,1,1,1,0,0,2,0,1,0,2,1,1,0,0,0,1,1,0,1,1,0,0,1,1,2,0,0,0,0,0,1,2,0,0,0,1,1,1,0,1,1,1,1,0,1,2,1,0,1,0,1,0,0,0,1,1,0,0,1,0,0,1,1,0,2,0,0,0,2,1,0,0,2,0,1,2,2,1,1,1,0,2,1,0,0,2,1,2,0,1,2,2,0,0,1,2,0,1,1,1,0,0,0,1,0,0,0,0
KL1491,1,2,1,1,1,2,2,2,1,0,0,2,1,0,1,1,2,2,2,0,0,1,1,1,1,1,2,1,1,1,2,1,2,1,1,1,2,1,1,0,2,1,1,2,0,1,1,0,2,1,0,1,0,1,0,2,1,0,1,0,1,1,0,1,2,1,0,1,1,1,1,0,2,0,1,0,0,1,0,0,0,0,0,0,1,1,1,0,1,0,0,1,0,1,1,0,1,2,0,1,0,1,2,0,0,0,0,1,0,0,1,1,0,2,0,0,0,0,0,0,0,1,0,2,1,0,0,1,0,0,1,1,1,0,1,1,1,1,0,1,1,0,2,2,0,0,2,2,0,0,0,0,1,1,0,2,1,0,0,0,1,1,1,1,1,1,1,0,1,2,1,0,0,0,0,0,1,1,1,2,1,0,1,0,2,0,2,0,1,2,0,2,0,0,0,1,0,1,0,0
KL1492,1,0,1,2,0,1,2,1,1,1,0,2,1,0,1,1,2,2,1,0,1,1,0,1,2,1,1,0,0,0,1,0,0,0,2,0,2,0,2,0,0,2,2,0,1,2,2,1,0,2,1,2,0,1,1,2,2,0,2,1,2,1,1,2,1,0,1,1,1,2,0,0,0,2,0,2,1,1,0,0,0,1,1,2,0,1,1,0,0,0,0,0,0,1,1,0,0,0,1,0,0,0,2,1,0,1,0,0,0,0,0,2,2,0,0,0,1,0,2,1,1,1,0,1,0,0,0,0,0,0,2,1,1,1,0,0,0,0,0,1,0,1,0,0,0,0,1,1,0,0,0,0,1,0,0,2,1,0,1,0,1,1,1,1,0,1,0,1,2,2,1,0,0,0,0,0,0,0,1,0,2,0,0,0,1,0,2,1,0,0,1,2,1,0,0,2,0,1,0,0
KL1493,0,2,0,1,0,2,2,1,0,1,0,0,2,1,0,2,0,2,2,1,1,0,1,1,0,1,2,1,2,1,2,1,2,0,1,1,2,1,2,0,1,1,1,2,0,2,0,1,1,1,1,1,2,2,0,2,0,1,1,0,0,2,1,1,1,1,0,2,2,2,0,0,2,1,1,1,2,2,0,0,1,0,2,1,0,1,2,0,0,0,1,0,1,1,1,1,0,2,0,1,0,0,1,0,0,0,0,1,0,0,1,2,1,0,0,0,0,0,1,0,0,0,0,1,2,0,1,0,1,1,0,0,2,0,2,0,2,0,1,1,0,0,1,1,0,0,1,1,0,0,1,2,0,0,0,2,1,1,0,0,2,0,1,1,1,1,0,1,0,1,1,0,0,1,0,0,0,1,2,0,1,2,1,0,0,0,2,0,0,1,0,1,1,0,1,1,1,0,1,2
KL1494,0,0,0,0,0,2,2,0,0,0,1,1,1,0,1,1,1,2,0,0,2,1,0,1,2,1,2,2,2,2,2,0,2,1,2,1,2,0,1,2,0,2,1,1,1,2,2,0,2,2,1,2,2,0,1,2,1,1,1,2,1,2,0,2,1,2,1,1,2,2,1,1,1,0,0,1,0,2,0,1,1,1,0,0,1,0,1,0,0,0,1,0,0,0,0,0,0,1,2,2,0,0,2,0,0,1,0,1,1,1,0,0,1,1,1,0,0,0,1,0,0,0,1,2,1,0,1,0,0,0,0,2,2,1,0,1,1,2,0,0,2,0,1,1,1,1,1,1,0,0,1,0,1,1,0,0,2,2,2,0,0,1,0,1,0,1,0,0,2,0,0,0,0,1,0,0,1,1,0,0,1,0,2,1,0,0,2,0,0,1,1,0,1,0,1,0,1,2,0,1
KL1495,2,1,2,1,2,1,2,0,1,0,1,1,1,0,1,2,2,0,1,0,1,1,2,2,2,1,0,1,1,2,2,1,1,0,2,0,1,0,2,0,2,2,0,1,0,2,1,0,1,1,1,1,1,1,1,2,0,1,2,0,1,1,1,1,2,2,1,1,2,1,0,1,0,1,0,0,0,1,0,2,2,1,1,1,1,0,1,0,1,1,0,0,0,1,2,0,0,0,1,0,0,1,1,0,1,0,1,2,0,0,0,1,1,0,0,1,2,1,1,0,1,0,0,1,0,0,0,0,1,2,1,1,1,0,1,0,1,0,1,1,0,0,2,0,0,0,0,2,0,0,1,0,0,0,1,1,2,0,1,0,1,0,1,1,2,0,0,1,2,0,0,0,0,0,1,1,0,1,0,0,0,1,1,1,0,1,1,1,0,1,1,2,0,0,0,1,1,0,0,0
KL1496,0,2,1,2,1,1,1,2,1,2,1,1,2,1,2,1,1,2,2,0,1,1,1,1,1,1,1,2,0,1,0,1,2,0,1,1,2,1,1,1,1,1,0,0,1,2,0,1,1,0,2,0,2,2,0,2,2,1,1,1,2,1,0,1,1,2,2,2,1,1,2,1,1,1,1,0,0,1,1,0,1,0,0,1,1,0,1,0,0,0,0,0,0,0,0,1,1,0,1,0,0,0,0,1,0,1,0,1,0,0,1,1,1,0,0,0,1,0,0,0,0,0,2,2,0,0,1,1,1,0,0,0,1,1,0,1,1,0,1,2,1,0,1,1,0,0,1,1,0,0,1,0,1,1,0,1,2,1,2,0,1,1,1,1,1,1,1,0,0,1,1,1,0,0,1,0,0,1,0,1,0,2,2,0,1,0,0,1,0,1,1,2,2,1,0,0,1,0,0,1
KL1497,0,2,1,1,0,0,2,2,2,1,1,2,2,0,1,2,1,0,2,0,1,1,1,2,1,0,2,0,1,2,2,0,2,0,1,1,2,0,0,2,1,0,0,2,0,2,1,1,1,1,1,1,1,1,0,2,1,0,1,1,0,0,0,1,1,0,1,1,2,2,0,1,0,2,0,2,0,2,0,1,1,0,2,0,0,0,0,0,1,0,0,1,0,0,0,0,0,1,1,0,0,0,2,1,0,1,0,0,0,0,0,0,2,1,0,1,0,1,1,1,0,1,0,0,1,1,1,1,0,1,0,1,2,0,0,0,2,1,1,1,0,0,1,1,0,1,2,0,1,1,0,0,0,1,0,1,0,0,1,0,0,0,0,1,1,2,1,1,1,1,0,1,0,1,0,0,1,1,1,0,1,1,1,0,1,0,1,1,0,1,2,1,0,0,0,1,0,1,0,0
KL1498,1,1,0,2,0,2,2,2,0,1,2,1,2,2,1,1,2,2,1,1,0,2,2,2,0,1,2,1,1,1,2,0,2,1,1,2,1,0,2,1,0,2,0,0,1,1,1,0,1,2,0,1,2,1,1,1,2,1,1,1,2,2,0,2,0,2,1,1,2,2,1,0,0,1,1,1,1,1,2,0,2,2,1,1,1,0,1,0,0,0,1,1,1,0,1,0,0,0,0,0,0,0,1,1,1,1,0,0,0,0,0,0,1,0,0,0,1,1,0,0,0,0,0,1,1,0,0,0,0,1,0,1,2,0,0,0,0,1,1,1,0,1,0,2,0,0,1,0,1,0,1,0,0,0,1,1,0,1,1,0,1,1,2,2,1,0,1,0,1,1,0,1,0,0,1,0,0,2,1,0,2,1,0,0,1,0,2,0,0,2,2,1,0,2,0,0,0,1,1,0
KL1499,2,1,1,1,0,1,2,2,1,0,1,2,2,1,1,1,1,1,2,1,1,1,1,1,0,0,0,1,2,1,0,1,1,0,0,1,2,0,2,1,1,1,1,2,0,1,0,1,1,1,2,1,2,1,1,1,1,1,2,1,1,1,0,1,1,1,1,1,0,1,0,0,1,0,0,1,2,1,1,0,1,1,1,0,1,1,0,0,0,0,0,0,0,1,1,1,0,0,2,0,0,0,1,1,0,0,0,1,0,1,1,2,2,2,0,0,2,0,1,0,1,0,1,0,1,0,0,0,1,0,0,0,1,0,1,1,0,1,0,2,0,0,0,1,0,0,0,2,0,0,0,0,1,1,2,2,1,1,1,0,1,0,1,1,0,0,1,1,1,1,0,1,0,0,0,0,0,0,1,1,0,1,2,0,0,1,1,1,0,1,1,1,0,0,0,0,0,2,0,1
KL1500,0,1,2,2,0,2,2,1,0,1,2,2,1,2,1,1,0,1,2,0,1,1,2,1,0,2,2,1,1,0,2,1,2,1,0,2,2,0,2,0,0,0,1,2,1,1,1,2,2,2,2,2,2,1,1,2,1,1,1,2,0,2,1,1,1,0,2,1,2,2,0,1,1,1,1,0,0,2,1,2,1,0,0,1,1,0,0,0,0,0,1,1,1,0,0,0,0,0,0,2,1,1,1,1,1,0,0,0,0,0,0,0,1,1,0,1,1,0,2,1,1,1,1,1,1,1,1,0,0,1,0,0,1,1,1,0,1,2,1,1,0,0,1,0,0,0,0,2,2,0,1,0,0,1,0,1,1,0,0,1,1,1,2,1,0,0,1,1,2,0,0,2,0,1,0,0,0,2,2,0,1,0,1,0,0,1,0,1,1,0,2,1,0,0,1,0,0,1,1,2
