iid,pop,age,sex,bmi,ldl,disease,fh_carrier,snp_LDLR,snp_LD1,snp_LD2,snp_AIM,snp_N1,snp_N2,snp_N3,snp_N4,snp_N5,snp_N6,PC1,PC2,PC3,PC4
KL0001,Group1,35,0,21.7,2.03,0,0,0,0,0,0,2,0,0,0,0,1,-4.5983,1.0325,0.004,-1.6388
KL0002,Group1,45,0,25.3,2.27,0,0,1,1,1,0,1,2,0,1,1,1,-2.1912,1.5325,-0.7199,0.2848
KL0003,Group1,62,0,27.7,3.57,0,0,0,0,0,0,0,0,0,0,1,0,-2.4683,-0.0275,0.8109,0.155
KL0004,Group1,56,0,20.8,3.01,1,0,1,1,1,0,0,1,1,1,0,0,-4.1954,-2.3147,-0.3208,-0.6707
KL0005,Group1,47,0,26.5,2.03,0,0,0,0,0,0,0,1,2,0,0,1,-4.7464,2.8016,-0.7899,-0.2736
KL0006,Group1,59,1,22.1,3.4,1,0,1,1,1,1,1,1,1,0,0,0,-4.7806,-0.348,-1.996,0.0164
KL0007,Group1,67,0,30.7,3.46,1,0,0,0,0,0,0,0,1,1,1,1,-3.6053,0.7639,-1.0048,-0.7758
KL0008,Group1,59,1,21.4,3.12,0,0,1,1,1,0,1,2,0,2,0,0,-4.2394,-0.6597,-0.8199,0.6917
KL0009,Group1,40,0,22,2.49,0,0,0,0,0,0,2,0,0,0,1,0,-4.9154,-1.0838,-0.4396,1.0822
KL0010,Group1,47,1,26.6,3.3,0,0,1,1,1,0,1,0,0,1,0,1,-4.674,2.9779,-0.1871,2.7115
KL0011,Group1,54,1,27.3,2.52,0,0,1,1,1,0,0,1,0,1,1,1,-4.8624,1.7885,0.6174,-0.1909
KL0012,Group1,56,0,21.2,2.92,0,0,1,1,1,0,0,0,1,1,0,1,-3.6041,-0.2492,0.9346,0.7426
KL0013,Group1,48,1,28.6,3.12,1,0,1,0,1,0,2,1,1,0,0,0,-3.2774,-1.9161,-0.2833,-1.6074
KL0014,Group1,60,1,25.2,2.67,0,0,2,2,2,1,1,1,2,0,1,0,-2.6709,3.0229,2.2788,-0.8855
KL0015,Group1,57,1,28.1,3.53,1,0,1,1,1,1,1,1,1,1,0,0,-3.8314,-0.9468,-0.3983,0.6616
KL0016,Group1,53,1,19.3,3.01,0,0,0,0,0,0,0,0,0,0,2,1,-5.1469,-2.2205,0.5737,-0.1071
KL0017,Group1,64,0,27.5,2.73,0,0,0,0,0,1,1,1,0,1,1,1,-3.8446,-2.882,0.2575,-0.0994
KL0018,Group1,60,1,19.7,2.93,0,0,0,0,0,0,2,1,2,1,1,1,-1.9219,0.5493,0.3252,0.9548
KL0019,Group1,56,0,21.4,2.95,0,0,1,1,1,0,1,0,2,2,0,2,-4.3302,-2.3029,0.8732,-0.2615
KL0020,Group1,67,1,28.6,3.22,1,0,0,0,0,0,0,1,1,1,0,1,-5.7364,-1.6289,0.3965,1.9125
KL0021,Group1,52,1,27.7,2,0,0,1,1,2,0,1,0,0,1,1,0,-4.6138,-0.221,-1.1371,2.1148
KL0022,Group1,62,0,23.1,2.48,0,0,0,0,0,0,0,1,1,1,0,1,-4.706,-0.0515,-0.3382,1.1922
KL0023,Group1,53,0,26.6,3.13,0,0,1,1,1,2,0,2,1,1,1,0,-4.7985,0.109,-2.9573,0.0758
KL0024,Group1,61,1,21.1,3.36,1,0,1,1,1,0,1,0,0,1,0,2,-3.9777,1.1875,1.1998,-1.2526
KL0025,Group1,78,1,25.1,3.78,0,0,0,0,0,1,1,2,1,1,1,1,-2.3083,0.61,1.2753,-0.1908
KL0026,Group1,45,1,26.1,1.87,0,0,0,0,0,1,0,0,1,1,0,1,-4.5872,1.9117,-2.9818,-0.4379
KL0027,Group1,55,0,22.7,2.55,0,0,1,1,1,1,0,1,0,0,2,0,-4.362,-1.5242,1.3149,-0.5143
KL0028,Group1,51,0,22.1,2.52,0,0,1,1,1,0,0,0,0,2,1,0,-3.3706,1.5621,1.0761,0.5101
KL0029,Group1,59,0,25.8,3.64,1,0,2,2,2,1,1,1,1,0,0,1,-3.907,0.1196,-1.0318,-1.1747
KL0030,Group1,55,1,29.1,3.62,0,0,0,0,0,1,0,1,1,0,2,0,-4.6951,1.2857,-0.8888,1.2458
KL0031,Group1,54,1,24.8,2.79,0,0,0,0,0,0,1,0,1,1,1,1,-3.1282,-1.48,-0.8831,-1.2479
KL0032,Group1,51,0,23,1.99,0,0,1,1,1,0,1,1,2,1,1,1,-3.1141,-0.2111,-0.3994,0.4659
KL0033,Group1,58,1,25,2.25,1,0,1,1,1,0,1,0,1,1,0,0,-4.392,0.0717,-1.344,-0.5363
KL0034,Group1,54,1,26.1,3.71,0,0,1,1,0,0,0,0,0,1,2,0,-3.5772,-2.1287,0.1856,-0.9814
KL0035,Group1,47,0,26.8,2.97,0,0,0,0,0,0,1,1,1,0,0,1,-3.7223,-0.1761,-1.2558,0.0245
KL0036,Group1,48,1,27.9,3.55,0,0,1,1,1,1,1,1,1,0,0,0,-4.3976,2.1195,-0.1895,0.0579
KL0037,Group1,42,0,21.3,2.72,0,0,0,0,0,0,0,0,0,1,1,2,-4.0019,-0.8852,1.9936,0.2388
KL0038,Group1,52,1,26,3.15,0,0,1,1,1,1,1,0,1,1,0,0,-3.2818,-1.2636,-0.0192,-0.0913
KL0039,Group1,50,0,22.5,1.52,0,0,0,0,0,0,1,1,0,1,0,1,-4.0892,-1.4661,0.4601,-0.7783
KL0040,Group1,42,1,17.6,2.6,0,0,0,0,0,0,0,0,0,1,1,0,-3.8119,-4.6795,0.7734,-0.5885
KL0041,Group1,59,1,24.5,3.62,0,0,1,1,1,1,1,1,1,0,0,1,-5.0731,-1.4604,3.0372,-2.5396
KL0042,Group1,73,1,26.3,4,1,0,1,1,1,0,1,0,1,0,2,1,-4.6119,-2.8094,-0.1739,-0.4027
KL0043,Group1,51,0,19.1,1.74,0,0,0,0,0,0,0,0,0,1,0,0,-3.4019,-1.4612,-0.8803,2.4431
KL0044,Group1,46,0,20.8,1.68,0,0,1,1,1,0,1,1,0,2,2,2,-3.822,0.1956,0.9646,-0.5493
KL0045,Group1,54,1,20.7,2.82,0,0,1,1,1,1,0,1,1,1,1,0,-2.1446,0.3984,0.7418,-2.8319
KL0046,Group1,52,1,24.1,4.18,1,0,1,1,1,1,2,1,1,1,1,1,-4.508,-0.5152,0.6611,0.05
KL0047,Group1,46,1,22.6,3.21,0,0,1,1,1,0,1,1,0,0,0,1,-4.3135,0.926,1.4206,0.0372
KL0048,Group1,63,0,22.2,3.82,0,0,0,0,0,0,1,0,0,0,0,1,-4.4144,0.0926,-1.4643,-0.6976
KL0049,Group1,48,1,22.7,1.5,0,0,0,0,0,0,1,1,0,0,1,1,-3.7608,2.4247,0.0321,-0.036
KL0050,Group1,51,0,23.2,1.65,0,0,1,1,1,0,0,0,1,1,1,1,-5.1404,0.9893,1.4516,0.5852
KL0051,Group1,48,1,20.9,1.75,0,0,0,0,0,0,0,0,1,0,1,0,-4.7004,1.3836,-1.0116,0.042
KL0052,Group1,43,0,29.1,1.78,0,0,0,0,0,1,0,1,1,2,1,0,-3.7423,-1.4093,0.243,0.2797
KL0053,Group1,56,0,21.9,2.62,0,0,0,0,0,0,0,0,2,0,2,1,-4.989,1.4287,-0.5238,2.3314
KL0054,Group1,51,0,26.5,3.3,0,0,1,1,1,0,1,1,1,0,2,0,-4.3546,0.2208,-1.8056,1.3776
KL0055,Group1,63,0,25.2,3.3,0,0,2,0,2,0,0,0,0,1,0,1,-3.8306,0.9903,-1.4173,-0.7186
KL0056,Group1,61,0,26.5,4.07,1,0,0,0,0,0,1,1,2,1,1,0,-3.0438,1.4722,-1.0812,0.0834
KL0057,Group1,55,0,26,1.94,0,0,0,0,0,0,1,0,2,1,1,0,-1.8288,-1.5805,-1.8572,0.2383
KL0058,Group1,66,0,18.8,3.44,0,0,2,2,2,0,0,1,0,1,2,0,-3.5531,0.3978,-0.8823,0.7919
KL0059,Group1,70,1,21.6,2.37,0,0,0,0,0,0,0,2,1,2,0,2,-3.4354,0.4091,0.9933,-0.6277
KL0060,Group1,49,0,24.4,3.05,0,0,0,0,0,0,1,1,2,1,1,1,-3.3872,-0.8634,0.0446,0.4355
KL0061,Group1,49,0,27.6,2.64,1,0,0,0,0,0,1,0,1,1,0,2,-4.064,-1.3866,-1.3733,-0.162
KL0062,Group1,47,1,26.5,2.99,0,0,0,0,0,0,2,1,0,0,1,0,-4.7478,0.0037,1.1891,-0.8097
KL0063,Group1,55,0,16.9,3.09,1,0,0,0,0,0,0,2,2,0,1,1,-3.2902,-1.5308,-0.1568,0.6394
KL0064,Group1,57,0,25.5,2.57,0,0,0,0,2,0,1,0,1,0,0,0,-5.0735,1.7597,0.6618,0.5901
KL0065,Group1,57,1,24,3.26,1,0,1,0,1,0,1,0,1,1,0,0,-4.0627,0.1432,-0.6764,0.98
KL0066,Group1,47,1,22.9,2.05,0,0,0,0,0,1,0,0,1,1,0,1,-4.9978,-1.099,-0.7999,0.2859
KL0067,Group1,49,0,20.3,2.44,0,0,2,2,2,0,0,0,1,1,0,0,-5.2557,-0.5372,-0.2574,-0.374
KL0068,Group1,55,0,22.1,2.57,0,0,0,0,0,1,2,1,0,1,2,0,-3.8541,0.3257,1.6015,-0.4946
KL0069,Group1,49,1,21.7,3.64,0,0,1,1,1,1,2,0,0,0,2,0,-3.5787,0.5702,-0.4092,-0.7407
KL0070,Group1,56,1,30.2,1.81,1,0,0,0,1,0,1,0,1,1,2,0,-3.6926,-1.8509,-0.9515,-1.191
KL0071,Group1,53,0,26.2,3.74,0,0,1,1,1,1,0,0,0,0,0,2,-3.7846,0.7478,1.0804,0.0377
KL0072,Group1,55,1,20.6,3.08,0,0,1,1,1,1,0,0,2,1,0,2,-3.9039,-0.7632,-0.1867,0.6704
KL0073,Group1,56,0,33,2.57,0,0,1,1,1,0,0,1,1,1,2,1,-3.0214,1.1812,-2.0792,-0.3924
KL0074,Group1,52,1,26.7,3.66,0,0,0,0,0,0,0,1,0,0,1,1,-1.4379,0.5539,-0.251,-1.3575
KL0075,Group1,51,1,14,3.02,0,0,1,0,1,0,1,1,1,2,1,0,-4.1975,-0.6689,-1.3628,0.3641
KL0076,Group1,51,1,26.1,3.27,0,0,2,2,2,0,0,0,1,0,0,0,-3.1723,-0.1567,-0.2776,-0.3949
KL0077,Group1,54,0,17.5,2.48,0,0,1,1,1,0,0,1,0,2,2,1,-2.844,-1.6079,0.1168,-2.1228
KL0078,Group1,46,1,24.6,2.97,0,0,2,2,0,0,0,0,0,0,0,1,-3.5481,-0.7106,-1.0158,-0.3095
KL0079,Group1,53,0,24.1,3.1,0,0,1,1,1,0,1,1,0,0,0,0,-3.5593,1.1453,0.8056,-2.353
KL0080,Group1,65,1,29.8,3.59,0,0,0,0,0,0,2,0,1,0,1,0,-4.4509,0.4401,-0.5077,1.3816
KL0081,Group1,52,1,21,2.24,0,0,0,0,0,0,0,1,1,0,1,0,-3.3944,-0.3481,-0.8992,0.5247
KL0082,Group1,58,0,23.3,3.69,0,0,0,0,0,0,0,1,0,0,0,1,-3.951,1.0155,0.5841,-1.1272
KL0083,Group1,58,1,21.2,2.93,0,0,0,0,0,0,1,0,1,0,1,0,-4.0947,0.7466,-0.8302,0.8222
KL0084,Group1,68,0,21.3,3.97,0,0,0,0,0,0,1,1,2,1,1,0,-4.602,-0.6958,0.9153,-0.3439
KL0085,Group1,56,0,18.5,2.3,0,0,0,0,0,0,1,2,1,0,0,0,-5.1812,-0.5088,-1.3887,1.6554
KL0086,Group1,57,0,19.6,2.58,0,0,0,0,0,0,1,0,1,2,1,2,-2.8326,0.217,-1.5013,0.7223
KL0087,Group1,58,1,26.4,3.77,0,0,2,2,2,1,2,1,0,1,1,0,-3.382,-1.1539,-0.8786,-0.7256
KL0088,Group1,55,1,19.2,3.09,1,0,0,0,0,0,0,0,1,0,1,0,-4.6149,1.6892,-1.3153,-1.1727
KL0089,Group1,41,0,26.2,1.85,0,0,0,0,0,0,1,1,1,1,0,0,-4.8625,2.8957,-0.3056,3.0043
KL0090,Group1,61,0,23.2,3.4,0,0,0,0,0,0,2,0,1,1,2,1,-4.3381,-1.7763,0.5919,-0.502
KL0091,Group1,46,1,25.8,2,0,0,0,0,0,1,0,0,0,1,1,0,-4.473,2.1643,-0.4965,-1.9699
KL0092,Group1,49,1,22,2.31,0,0,0,0,0,0,0,1,1,0,0,0,-4.4591,-1.073,0.4883,0.1996
KL0093,Group1,67,0,25.6,1.97,0,0,0,0,0,1,0,0,0,0,2,1,-4.0701,-1.6005,0.1056,-0.1232
KL0094,Group1,57,0,26.4,2.54,0,0,2,2,2,1,1,2,0,1,1,0,-3.4852,-0.095,-0.7446,2.8996
KL0095,Group1,62,1,28.2,3.31,0,0,1,1,1,0,2,1,1,0,0,1,-3.8595,-0.2366,0.3738,1.7826
KL0096,Group1,48,1,24.3,2.57,1,0,0,0,0,0,0,0,2,0,0,0,-3.6883,-0.0884,1.0352,0.3376
KL0097,Group1,55,0,21,1.83,0,0,0,0,0,0,0,1,0,0,0,0,-3.6979,-0.6048,-1.2584,0.1752
KL0098,Group1,57,0,23.9,1.91,0,0,0,0,0,0,0,0,1,0,1,0,-4.4399,-0.1553,0.1928,0.9027
KL0099,Group1,57,1,30.7,3.36,1,0,0,0,0,0,1,2,1,0,0,2,-3.1129,1.132,-1.6082,-0.2112
KL0100,Group1,70,1,21.8,3.94,1,0,2,2,2,0,0,0,1,1,1,1,-3.3743,-0.4309,-2.8471,2.6997
KL0101,Group1,36,0,24.4,3.44,0,0,0,0,0,0,0,1,1,2,1,0,-4.2931,-0.7119,-0.5773,0.9979
KL0102,Group1,62,0,28.1,1.87,0,0,0,0,0,0,0,0,1,0,1,2,-3.237,-0.0933,-1.8325,0.4105
KL0103,Group1,48,1,23.6,2.74,1,0,1,1,1,0,0,0,0,1,0,1,-5.9045,-0.904,-0.4151,-1.2797
KL0104,Group1,60,1,21.4,2.95,1,0,0,0,0,0,0,0,1,1,1,0,-4.1888,0.4837,0.4545,0.6098
KL0105,Group1,43,0,20.7,2.89,0,0,2,2,2,2,1,1,1,1,1,0,-4.8773,-1.0359,2.5654,0.0724
KL0106,Group1,56,1,25.5,3.77,1,0,2,2,2,0,1,0,0,1,0,0,-3.0446,0.6474,-0.3115,-0.9646
KL0107,Group1,40,1,17.4,2.14,0,0,1,1,1,1,0,1,1,1,1,0,-4.3231,-1.6036,0.8507,0.484
KL0108,Group1,49,0,21.4,2.29,0,0,0,0,0,0,0,1,1,1,0,1,-3.5313,-1.3899,3.4179,0.8498
KL0109,Group1,60,1,19.6,3.03,1,0,1,1,1,0,1,1,1,2,2,0,-5.5689,-0.3141,0.0979,1.4819
KL0110,Group1,46,1,28.4,4.15,1,0,1,1,1,0,1,0,1,0,0,0,-3.1314,2.5588,-1.2753,1.7193
KL0111,Group1,68,0,25.2,2.96,0,0,0,0,0,0,0,0,1,0,1,0,-3.8723,0.2634,0.5496,0.6534
KL0112,Group1,41,1,28.5,2.62,0,0,0,0,0,0,0,0,1,0,2,0,-3.5783,-0.4284,0.4528,-0.1305
KL0113,Group1,63,0,21.8,1.16,0,0,1,1,1,0,0,1,0,0,1,0,-4.1366,1.7881,-2.2985,-0.1315
KL0114,Group1,51,1,24.5,2.71,0,0,0,0,0,0,0,0,0,0,0,0,-3.8711,0.8802,-0.1372,1.1522
KL0115,Group1,47,0,21.1,2.82,0,0,1,1,1,0,0,2,1,2,0,2,-5.2129,-0.1512,-0.8724,1.2899
KL0116,Group1,52,0,25.4,3.37,0,0,0,0,0,1,0,0,2,1,1,0,-5.3249,1.5227,2.0222,1.1806
KL0117,Group1,62,1,24.2,2.82,1,0,0,0,0,0,0,0,1,2,0,1,-4.0592,-1.1774,0.6263,0.7128
KL0118,Group1,74,0,24.3,9.53,1,1,2,2,2,0,2,1,0,1,0,1,-3.1852,-2.0699,-1.5997,-2.424
KL0119,Group1,33,0,19.8,2.86,0,0,0,0,0,0,0,1,1,0,0,0,-4.3297,0.298,1.3943,-0.5529
KL0120,Group1,41,1,24.1,2.73,0,0,0,0,0,0,1,1,0,1,1,2,-2.9315,-0.5512,0.867,0.5871
KL0121,Group1,46,1,23.4,3.32,1,0,1,1,1,0,1,1,1,0,0,0,-3.0141,0.5036,1.3923,-1.8853
KL0122,Group1,59,0,18.7,1.88,0,0,1,1,1,0,0,0,2,0,0,0,-3.8995,-0.3161,0.5766,0.6452
KL0123,Group1,46,1,22.6,2.21,0,0,0,0,0,0,2,0,0,1,1,2,-4.812,-0.8111,-0.3946,-2.5685
KL0124,Group1,47,1,22,3.17,0,0,0,0,0,0,1,0,1,0,0,0,-3.0039,0.3416,0.3,0.2107
KL0125,Group1,47,0,20,2.53,0,0,0,1,0,0,1,1,1,2,1,0,-3.1601,-1.0202,-0.0933,0.9784
KL0126,Group1,53,1,23.7,3.34,0,0,1,1,1,0,0,1,0,1,0,0,-2.7732,-0.7541,-0.3547,0.9422
KL0127,Group1,41,0,26.6,2.49,0,0,1,1,2,0,2,1,1,0,2,0,-2.8832,0.4681,-0.7552,-0.5635
KL0128,Group1,40,0,26.4,2.2,0,0,0,0,0,0,0,1,1,1,1,0,-4.1893,0.98,0.8827,-0.8851
KL0129,Group1,63,1,25,2.04,0,0,0,0,0,0,0,2,1,0,1,1,-4.1733,-2.4969,1.6185,0.2898
KL0130,Group1,66,1,25.7,2.74,0,0,1,1,1,0,1,0,0,0,0,0,-2.8117,-1.0304,-0.3274,0.2765
KL0131,Group1,44,1,24.7,2.7,0,0,0,0,0,0,0,1,0,1,1,0,-3.9019,-0.344,-1.1894,1.4708
KL0132,Group1,65,1,20.8,3.79,0,0,1,1,1,0,0,1,0,0,1,1,-3.2273,1.7062,-0.0122,1.7455
KL0133,Group1,57,1,23.2,2.91,0,0,0,0,0,1,0,1,0,1,0,1,-5.0729,0.2259,0.1662,-0.1962
KL0134,Group1,57,1,17,2.69,0,0,0,0,0,0,0,0,0,0,1,1,-3.5481,0.8755,-0.9856,-0.711
KL0135,Group1,61,1,20.5,3,0,0,0,0,0,1,2,1,1,0,0,1,-4.4842,-0.3936,-1.0797,-0.0712
KL0136,Group1,62,0,23.7,3.58,0,0,1,1,1,0,1,1,0,1,1,1,-3.491,0.4612,-2.0761,-1.2112
KL0137,Group1,66,1,24.1,3.43,0,0,1,1,1,1,0,0,0,0,1,0,-4.3929,0.6521,-1.6819,0.6596
KL0138,Group1,70,1,25,2.88,0,0,0,0,0,0,0,1,0,0,0,0,-3.114,0.0864,1.2079,-0.9777
KL0139,Group1,52,0,29,2.93,0,0,1,1,1,0,0,0,1,0,1,0,-4.8442,-0.5588,1.9438,0.0994
KL0140,Group1,64,0,22.3,3.44,1,0,1,1,1,0,0,1,0,0,0,1,-4.4818,-0.8417,-1.94,-0.6652
KL0141,Group1,44,1,21.8,2.03,0,0,0,0,0,0,0,1,1,0,0,1,-3.4302,0.7375,0.3493,0.0467
KL0142,Group1,33,1,19.8,3.47,0,0,0,0,0,0,1,1,0,1,0,1,-4.7959,0.2512,-0.321,-0.7793
KL0143,Group1,42,1,24.5,2.85,0,0,1,1,1,0,1,1,1,0,1,0,-3.3376,1.9811,-0.0753,-0.1605
KL0144,Group1,54,0,25.9,2.18,0,0,1,1,1,0,1,1,0,1,0,1,-5.4674,0.4485,-0.7517,0.9241
KL0145,Group1,51,0,25,3.48,1,0,0,0,0,0,2,0,0,1,0,0,-4.6293,2.1938,-0.2795,-3.2334
KL0146,Group1,60,1,23.3,3.69,0,0,1,1,1,0,0,0,0,1,0,1,-4.0741,-0.6955,1.5587,-1.5842
KL0147,Group1,53,0,25.6,3.19,0,0,0,0,0,1,1,1,1,1,1,1,-3.6815,-1.0717,1.3933,-1.0572
KL0148,Group1,61,0,23.6,2.77,0,0,1,1,1,0,0,2,2,0,0,0,-5.3446,0.4891,2.2877,-0.1218
KL0149,Group1,62,1,25.3,2.38,0,0,1,1,1,0,1,0,0,0,0,0,-3.7642,-0.1733,1.5406,0.9544
KL0150,Group1,53,0,20.7,2.3,0,0,0,0,0,0,0,2,0,0,1,1,-4.5623,0.2646,-0.7503,0.4614
KL0151,Group1,68,1,25.3,2.74,0,0,0,2,0,0,1,1,0,0,1,1,-3.8397,-0.7309,-1.0546,0.4884
KL0152,Group1,52,0,21.5,2.76,0,0,1,1,1,0,0,1,1,0,0,0,-4.81,0.2928,0.1608,0.8291
KL0153,Group1,63,1,20.9,2.81,0,0,0,0,0,0,1,0,0,0,1,1,-2.3645,0.0075,0.9168,-1.6854
KL0154,Group1,46,1,17.2,3.33,0,0,1,1,1,1,1,1,0,2,2,1,-4.6054,2.2163,0.1443,-0.2609
KL0155,Group1,58,1,28.9,3.28,0,0,0,0,0,0,0,0,0,0,1,1,-3.6884,0.3571,1.6713,0.2956
KL0156,Group1,73,1,24.4,3.52,1,0,0,0,0,1,0,0,0,0,1,1,-3.3889,1.6619,0.1563,-0.3117
KL0157,Group1,51,1,24.5,3.35,0,0,1,1,1,0,1,0,1,1,1,0,-2.1247,-2.0118,-0.4864,0.1645
KL0158,Group1,61,0,21.5,2.56,0,0,1,1,0,0,1,1,0,0,0,0,-6.0561,-0.0462,1.6524,1.4709
KL0159,Group1,65,0,23,3.49,0,0,1,1,1,1,0,1,0,1,1,1,-2.7324,3.0234,-0.8899,-0.3983
KL0160,Group1,51,0,23.7,2.45,0,0,1,1,1,0,1,0,1,1,1,0,-5.1968,-0.3188,-0.9459,2.6841
KL0161,Group1,65,1,23.5,3.56,1,0,0,0,0,0,2,2,2,0,0,2,-4.1829,-0.2528,-0.3428,-0.4506
KL0162,Group1,44,1,23.2,3.23,1,0,0,0,0,0,0,0,0,0,0,1,-3.0231,-1.6578,-0.1345,-1.4076
KL0163,Group1,63,0,28.2,2.68,0,0,1,1,1,1,0,0,1,2,0,0,-5.4582,0.3465,-1.6868,-0.85
KL0164,Group1,48,0,20.5,3.28,0,0,1,1,1,0,0,0,2,0,0,0,-4.9228,-0.1079,1.6009,0.8338
KL0165,Group1,61,1,31.4,2.46,0,0,1,1,1,0,0,2,1,2,1,0,-4.764,-1.4654,-1.4932,-3.0084
KL0166,Group1,54,0,22.7,2.31,1,0,1,1,0,0,0,1,1,0,1,1,-3.4818,-1.7436,0.9772,0.6506
KL0167,Group1,45,0,21.9,2.81,0,0,0,0,1,1,1,1,0,1,1,1,-4.6372,1.4411,-1.7618,-0.6433
KL0168,Group1,59,0,24.4,2.54,0,0,0,0,0,0,2,0,1,0,0,0,-5.1129,-0.4542,-0.8431,0.3346
KL0169,Group1,52,1,28.4,3.31,0,0,1,1,0,1,1,0,0,1,1,0,-1.5945,1.1455,-0.9474,-1.1311
KL0170,Group1,58,0,23.5,2.71,1,0,0,0,0,0,1,1,0,0,1,0,-5.2073,-0.2642,0.0209,-0.157
KL0171,Group1,48,1,26.5,2.94,0,0,0,0,0,0,1,1,0,0,1,0,-4.3737,2.6011,1.4439,-1.7407
KL0172,Group1,59,0,31,3.69,1,0,2,2,2,0,0,1,1,1,1,1,-4.3749,0.3538,0.598,1.5682
KL0173,Group1,64,0,22.6,2.24,1,0,1,1,1,0,1,0,0,0,0,1,-4.0011,0.2527,-2.0992,0.3868
KL0174,Group1,56,0,21.2,2.84,0,0,0,0,0,0,0,0,1,1,1,1,-5.1592,-1.516,0.8534,0.1768
KL0175,Group1,39,1,28.6,1.15,0,0,0,0,0,0,0,0,1,0,1,1,-3.7029,1.8837,-1.0468,-0.1899
KL0176,Group1,68,1,26.7,3.97,1,0,1,1,1,0,0,1,0,0,1,0,-4.0258,-0.1268,-2.0066,3.8505
KL0177,Group1,47,0,24.9,2.84,0,0,1,1,1,0,1,1,0,1,0,1,-4.4485,1.5144,-1.8245,-0.3328
KL0178,Group1,48,0,23.7,3.32,1,0,1,1,1,0,0,0,1,1,1,0,-3.3279,0.6475,-2.3889,-1.5822
KL0179,Group1,52,1,27.9,2.55,0,0,0,0,0,0,2,1,0,2,1,0,-4.0829,-2.3815,-0.436,-1.5072
KL0180,Group1,67,0,21.6,1.45,0,0,0,0,0,0,1,1,1,1,1,1,-3.5267,-0.7011,-0.4401,0.0757
KL0181,Group1,42,0,23.4,2.39,0,0,0,0,0,2,1,0,2,0,0,1,-2.6032,-0.8926,-0.6526,-0.3473
KL0182,Group1,59,1,20.5,4.36,1,0,1,1,0,0,1,0,0,1,2,1,-2.6491,2.2973,-0.2678,-0.48
KL0183,Group1,50,1,16.7,1.82,0,0,0,0,0,0,1,1,0,1,1,1,-2.6273,1.1507,-0.0152,-0.3866
KL0184,Group1,46,1,24.7,3.26,1,0,0,0,0,0,2,0,0,0,0,1,-3.7334,1.3648,1.4836,-1.2863
KL0185,Group1,51,0,24.7,3.55,0,0,0,0,0,0,1,0,2,1,0,0,-3.9477,0.0238,-0.2669,2.3315
KL0186,Group1,57,1,22.8,3.88,0,0,0,0,0,0,0,1,0,1,1,0,-3.1643,-1.2706,0.2015,-1.9798
KL0187,Group1,63,1,28.6,4,1,0,1,1,1,0,0,0,0,2,2,0,-4.6462,0.7667,1.4522,-0.7563
KL0188,Group1,71,1,19.7,4.17,1,0,2,2,2,0,0,1,1,1,1,0,-3.1485,-1.5741,1.4144,1.2158
KL0189,Group1,56,0,23.4,2.3,0,0,0,0,0,0,1,0,0,2,0,0,-3.6941,0.2967,-2.1669,-1.0552
KL0190,Group1,48,0,19.6,2.6,1,0,0,0,0,0,0,0,0,1,0,1,-4.1537,0.8253,-0.418,-1.3955
KL0191,Group1,62,1,22.5,2.88,0,0,1,1,1,0,0,0,0,1,0,0,-3.9831,2.6824,-1.1647,-2.5475
KL0192,Group1,63,0,22.7,2.73,0,0,0,0,0,0,0,0,1,0,1,0,-4.3724,0.0685,-0.9052,2.0626
KL0193,Group1,45,1,20.1,2.03,0,0,0,0,0,0,1,1,0,1,1,0,-2.9424,-1.257,-1.5194,0.3393
KL0194,Group1,53,1,26.1,3.04,1,0,0,0,0,1,1,1,0,1,1,1,-3.8421,0.8572,-1.1957,0.0395
KL0195,Group1,61,1,21.6,2.35,0,0,1,1,1,0,2,0,0,0,0,0,-2.7149,-0.9113,1.4598,0.5462
KL0196,Group1,40,0,21.7,2.11,0,0,0,0,0,0,2,1,1,0,0,1,-3.9168,-1.4954,-0.9983,0.2885
KL0197,Group1,72,0,28.8,3.02,0,0,0,0,0,1,0,2,0,0,1,2,-2.6849,-1.4795,-0.1573,0.0879
KL0198,Group1,62,0,21.3,2.86,1,0,1,1,1,0,0,1,1,1,1,0,-4.855,0.9528,0.8332,0.3818
KL0199,Group1,66,1,27.3,2.98,1,0,0,0,0,0,1,1,0,0,0,0,-3.859,2.0621,-0.1404,-0.7827
KL0200,Group1,37,1,25.4,3.11,0,0,0,0,0,0,1,2,0,1,1,1,-4.1845,-0.0309,-0.3468,-1.6913
KL0201,Group1,59,1,25.9,2.22,0,0,1,1,1,0,0,1,0,1,0,0,-3.7409,1.1321,1.2881,-0.307
KL0202,Group1,44,0,20,2.77,0,0,0,0,0,0,2,1,1,0,0,1,-3.879,-1.6939,-1.9092,-0.8046
KL0203,Group1,65,0,25.2,3.9,0,0,1,1,1,0,0,1,0,0,0,1,-4.0198,0.1969,0.709,0.651
KL0204,Group1,47,1,27.8,2.87,0,0,0,0,0,0,0,1,1,0,1,1,-2.7851,1.5139,1.8093,3.3033
KL0205,Group1,50,1,22.4,3.34,0,0,1,1,1,2,0,1,1,1,1,0,-6.0648,-0.5408,0.5693,-0.8368
KL0206,Group1,38,0,18.7,2.26,0,0,0,0,1,0,1,0,1,1,0,1,-4.4456,-1.1421,-0.9045,0.4791
KL0207,Group1,55,1,24.7,2.63,0,0,0,1,0,0,2,1,0,1,0,1,-3.2864,-0.2498,-2.9016,1.437
KL0208,Group1,49,0,23.4,1.66,0,0,2,2,2,0,1,2,0,0,1,0,-4.4182,0.1626,0.0772,1.1995
KL0209,Group1,53,0,25.1,1.92,0,0,0,0,0,1,0,0,0,0,1,0,-2.3328,-0.8071,0.3168,-0.5264
KL0210,Group1,37,1,23.3,2.38,0,0,1,1,1,1,1,0,1,2,0,1,-4.2188,-0.4522,0.5606,-0.0897
KL0211,Group1,43,1,23.5,2.69,0,0,1,1,1,1,0,0,1,0,1,0,-2.9496,0.6573,-0.0631,0.0874
KL0212,Group1,67,1,20.3,2.95,1,0,0,0,1,0,1,0,1,0,1,2,-4.9071,1.0361,0.7102,0.1043
KL0213,Group1,58,1,26.4,2.67,0,0,1,1,1,1,1,1,0,1,0,0,-5.0432,-0.262,-1.296,-2.7873
KL0214,Group1,61,1,25.7,2.58,1,0,0,0,0,1,1,1,1,0,1,1,-4.3862,1.2392,-0.7547,-0.7169
KL0215,Group1,51,1,27.3,2.77,1,0,0,0,0,0,1,1,0,0,0,1,-3.9747,1.5265,-2.8386,0.9803
KL0216,Group1,49,0,24,1.34,0,0,1,1,1,1,0,1,2,1,1,1,-3.5735,0.1126,1.2365,0.1082
KL0217,Group1,43,0,27,3.02,0,0,0,0,0,0,1,0,0,0,1,1,-2.4044,0.4212,0.3079,-1.7674
KL0218,Group1,59,0,26.5,3.55,1,0,2,2,2,0,0,0,0,0,2,0,-3.6883,2.272,0.5356,-0.0599
KL0219,Group1,78,1,24.1,3.13,0,0,0,0,0,1,0,1,1,1,0,1,-2.2385,-0.6524,1.9773,-0.1481
KL0220,Group1,58,1,22.7,3.01,0,0,1,1,1,0,1,1,0,2,1,0,-5.0145,1.5857,1.4248,0.6642
KL0221,Group1,48,0,25.1,2.17,1,0,0,0,0,0,0,1,1,1,0,1,-4.7592,-0.1868,0.6995,-1.3011
KL0222,Group1,51,1,22.4,4.26,1,0,1,1,1,0,0,1,1,1,0,0,-3.4337,-1.8765,-1.5223,-0.9265
KL0223,Group1,51,1,25.1,3.11,0,0,1,1,1,0,0,1,1,0,1,1,-3.0153,-0.2382,1.0614,2.9401
KL0224,Group1,69,1,28.3,1.92,0,0,0,0,0,0,1,0,1,2,1,0,-3.2947,0.1127,-2.832,-0.7995
KL0225,Group1,56,0,24.4,3.08,0,0,0,0,0,1,0,0,1,0,1,1,-3.3792,0.1244,-1.6542,-0.7311
KL0226,Group1,65,1,22.9,2.31,0,0,0,0,0,0,1,0,0,0,0,1,-2.6755,-1.6764,1.0999,0.1233
KL0227,Group1,54,1,22.3,1.91,0,0,1,1,1,0,1,1,1,1,0,1,-3.6112,-0.1738,2.3264,-0.5159
KL0228,Group1,41,0,23.5,2.95,0,0,1,1,1,0,0,0,0,0,1,0,-3.952,0.0652,-1.041,0.0394
KL0229,Group1,58,1,17.8,3.61,1,0,1,1,1,0,1,1,0,1,0,0,-3.3598,-0.3897,-0.4978,-3.8923
KL0230,Group1,61,1,23.3,3.11,0,0,0,0,0,0,2,0,0,2,1,0,-4.1676,1.0806,3.5544,0.4865
KL0231,Group1,58,0,20.4,2.21,0,0,1,1,1,0,1,1,0,0,0,0,-4.4563,-1.0885,-1.3016,1.1719
KL0232,Group1,58,1,23.3,3.52,0,0,0,0,0,0,0,1,2,0,0,0,-4.6906,-0.1647,0.236,1.7366
KL0233,Group1,53,0,22.1,2.7,1,0,0,0,0,0,2,1,2,1,0,0,-3.4937,-0.8734,0.1428,0.1194
KL0234,Group1,46,0,22.1,2.45,0,0,1,1,1,0,1,0,0,1,0,1,-5.2985,1.0807,1.4166,0.6704
KL0235,Group1,62,1,25.4,4.02,0,0,0,0,0,0,0,1,1,1,0,0,-3.1633,-1.0801,0.3625,-0.1642
KL0236,Group1,48,0,17.9,3.06,0,0,1,1,1,0,0,0,1,0,2,0,-2.5672,0.0727,-0.2167,-1.1769
KL0237,Group1,68,1,22,4.38,1,0,1,1,1,1,1,0,1,2,0,1,-3.3898,0.8529,-0.174,1.4033
KL0238,Group1,50,1,22.9,2.69,0,0,0,0,0,0,2,1,1,1,2,1,-4.1585,0.5742,0.9726,-0.588
KL0239,Group1,70,1,21.6,2.68,1,0,0,0,0,0,0,1,0,1,2,0,-3.3271,-0.8964,1.1167,-1.3028
KL0240,Group1,62,0,24.6,2.94,0,0,1,1,1,1,1,1,2,0,1,1,-3.7218,-0.6061,-0.0818,0.8265
KL0241,Group1,68,1,26.3,3.62,0,0,0,0,0,1,2,0,0,1,0,0,-4.5549,2.0709,-1.6434,0.3169
KL0242,Group1,41,1,22.3,3.05,1,0,0,0,0,0,1,0,1,0,1,0,-2.5043,-1.1811,0.5258,-0.2199
KL0243,Group1,56,0,25.1,2.24,0,0,0,0,0,0,1,0,1,1,0,0,-3.3922,0.3876,1.1457,-1.299
KL0244,Group1,59,1,23.9,3.01,0,0,0,0,0,1,0,0,1,1,1,1,-3.5193,-1.8074,-1.9202,0.4244
KL0245,Group1,52,1,19.8,2.73,0,0,1,1,1,0,0,1,1,1,0,0,-3.0004,0.1213,0.76,1.086
KL0246,Group1,45,1,20,3.68,0,0,1,1,1,1,0,2,0,1,0,1,-3.7199,0.9905,0.1969,-1.4379
KL0247,Group1,47,1,24,3.57,1,0,1,1,1,0,1,1,2,2,0,0,-3.2956,0.6806,0.4473,-0.2788
KL0248,Group1,68,0,24.6,3.02,0,0,1,1,1,0,0,0,0,2,1,1,-3.0262,-0.9891,1.7393,-1.0762
KL0249,Group1,54,0,24.9,3.33,1,0,2,2,2,0,1,1,1,0,1,1,-4.2118,3.893,-2.0078,0.0453
KL0250,Group1,67,0,19.9,3.22,0,0,1,1,1,1,1,0,0,0,0,1,-4.7095,0.3287,0.2505,-0.8538
KL0251,Group1,76,0,29.9,3.93,1,0,1,1,1,0,1,2,0,0,1,2,-4.3762,0.4035,1.9144,0.0741
KL0252,Group1,51,0,23.3,3.41,0,0,1,1,1,1,1,1,1,1,0,1,-4.2282,-0.1509,1.4765,1.0979
KL0253,Group1,51,1,24.5,3.01,0,0,1,1,1,0,1,0,1,1,0,0,-5.1394,-0.8536,-1.5558,1.4589
KL0254,Group1,56,1,28.5,2.45,1,0,0,0,0,1,1,0,2,0,1,0,-3.3706,1.4785,-0.2478,2.0179
KL0255,Group1,41,0,25.6,2.6,0,0,0,1,0,0,1,0,0,0,1,0,-3.8041,-0.9414,-0.8793,-0.1316
KL0256,Group1,73,0,26.6,3.32,1,0,0,0,0,0,0,0,1,1,1,0,-4.8461,0.4189,0.5052,-1.4037
KL0257,Group1,57,1,25.3,4.05,1,0,1,1,1,1,0,0,2,2,0,1,-4.6092,-0.3581,0.5953,0.1962
KL0258,Group1,67,0,23.6,2.37,1,0,0,0,0,0,0,1,1,1,1,0,-4.1746,0.8062,1.1011,-0.0237
KL0259,Group1,62,1,20.8,2.36,0,0,0,0,0,0,0,0,1,0,1,1,-4.7898,-0.1398,-1.2978,0.3944
KL0260,Group1,58,1,28.8,3.58,0,0,1,1,1,1,0,1,1,1,1,1,-2.3386,0.4072,0.4571,0.4721
KL0261,Group1,60,0,25.6,3.36,0,0,1,1,1,0,0,0,0,1,0,0,-4.0002,-0.6251,3.3366,-0.9145
KL0262,Group1,60,1,24.4,3.82,0,0,1,1,1,0,1,2,1,0,0,1,-4.2006,-0.6886,-0.224,-1.2156
KL0263,Group1,47,1,27,2.85,0,0,1,1,1,0,0,0,1,1,2,0,-3.2806,0.3483,0.3251,-0.4833
KL0264,Group1,48,1,24,3.54,1,0,1,1,1,1,0,0,1,0,1,0,-3.8612,0.5494,-0.154,-1.451
KL0265,Group1,50,0,23.5,2.08,0,0,0,0,0,1,0,0,1,1,0,1,-5.0585,1.1409,1.178,-0.9588
KL0266,Group1,57,1,22.9,2.86,0,0,1,1,1,0,1,0,0,0,1,0,-4.2739,1.3363,0.9594,-1.5207
KL0267,Group1,55,0,27.9,3.03,1,0,1,1,1,1,0,0,0,1,0,0,-4.388,-1.5036,0.93,-1.9623
KL0268,Group1,61,1,19,3.54,0,0,0,0,0,1,1,2,0,1,0,0,-3.1091,2.6695,-0.8165,0.7072
KL0269,Group1,68,0,21.8,2.03,0,0,0,0,0,0,0,1,0,2,1,0,-3.673,-1.9531,-1.1507,-0.5062
KL0270,Group1,45,1,24.6,2.77,0,0,0,0,0,0,0,0,0,0,0,1,-4.9914,1.3395,0.3814,1.2386
KL0271,Group1,47,1,25.2,4.85,1,0,0,0,0,0,0,1,0,2,0,1,-5.6702,0.6214,0.1099,1.1289
KL0272,Group1,46,1,19.1,3.03,1,0,0,1,0,0,0,1,1,0,1,1,-4.9072,-0.4451,-1.1374,2.7528
KL0273,Group1,57,0,26.2,3.25,0,0,2,0,2,0,0,0,1,0,2,0,-4.1607,2.0384,1.2714,0.2944
KL0274,Group1,70,1,22.5,4.02,0,0,1,1,1,0,2,0,0,1,0,0,-4.7936,-0.1832,-0.0477,0.868
KL0275,Group1,60,1,27.5,4.15,1,0,1,1,1,0,0,1,0,0,0,1,-4.9611,0.0384,-0.8984,-0.3558
KL0276,Group1,59,0,23.9,4.4,0,0,1,1,1,1,0,0,1,0,0,1,-4.8923,1.6308,-0.4654,2.3867
KL0277,Group1,54,1,29.5,2.84,0,0,0,0,0,0,1,0,0,1,0,0,-4.0297,2.0128,1.8486,-1.1433
KL0278,Group1,58,1,23.6,3.01,1,0,1,1,0,0,0,1,0,0,2,2,-4.251,-0.1405,1.1285,1.4831
KL0279,Group1,53,0,26.2,2.24,1,0,1,0,1,0,1,0,1,1,0,1,-4.2536,-0.9176,0.2212,0.0486
KL0280,Group1,53,1,24.7,3.2,0,0,0,0,0,0,0,0,1,1,0,2,-4.0723,-1.8064,1.3175,1.5543
KL0281,Group1,57,0,30.3,3.5,0,0,0,0,0,0,1,1,1,0,1,1,-5.2255,-2.6554,0.6545,0.1978
KL0282,Group1,55,0,22.6,1.74,0,0,0,0,0,0,0,1,0,1,0,1,-3.2256,0.158,2.5523,-0.316
KL0283,Group1,56,0,26.5,3.33,0,0,0,0,0,1,1,2,1,1,0,0,-3.9455,-2.4407,0.4023,0.6335
KL0284,Group1,41,0,27.6,2.51,0,0,0,0,0,1,1,1,1,2,1,1,-5.3217,2.0091,-0.8347,-0.1578
KL0285,Group1,45,1,23.3,3.08,1,0,0,0,0,0,1,0,1,0,1,2,-2.2743,-2.9076,-0.7415,-0.0876
KL0286,Group1,48,1,30.8,3.22,1,0,1,1,1,0,0,0,1,0,1,2,-3.3106,-1.1799,-0.1481,-2.1457
KL0287,Group1,45,1,20,3.23,0,0,1,1,1,0,0,1,0,2,2,1,-2.5637,-0.3312,1.886,0.8823
KL0288,Group1,59,1,20.5,2.26,0,0,0,0,0,0,1,1,0,0,0,1,-3.8032,-0.3676,1.6738,-1.0646
KL0289,Group1,56,0,23.2,3.9,0,0,0,0,0,0,1,1,1,0,0,1,-3.8149,0.9492,1.5019,0.6469
KL0290,Group1,54,0,23,2.55,0,0,1,1,0,1,2,0,0,1,0,1,-3.6152,0.2831,0.2893,-0.4849
KL0291,Group1,66,1,27.2,3.49,0,0,0,0,0,0,0,0,2,1,0,1,-3.9122,0.642,-0.2177,2.0695
KL0292,Group1,53,0,22,2.7,0,0,0,0,0,0,0,0,1,1,0,0,-4.6332,-0.0242,-0.2263,-0.6893
KL0293,Group1,62,1,26.9,3.27,0,0,0,0,0,0,1,0,1,0,1,1,-4.6919,1.75,0.9599,1.3971
KL0294,Group1,36,0,25.9,2.62,0,0,1,1,1,0,1,1,0,0,0,0,-4.2787,0.1841,-1.1907,1.6689
KL0295,Group1,58,1,19.7,1.59,0,0,1,1,1,0,1,0,2,0,1,1,-3.5096,0.0591,0.4377,-1.3963
KL0296,Group1,69,0,24.1,3.76,1,0,0,0,1,0,1,0,0,1,0,0,-3.7236,-0.0646,-1.0368,-0.9862
KL0297,Group1,39,0,23.6,2.37,0,0,0,0,2,0,0,1,0,0,0,0,-4.3043,0.0183,0.3798,2.2963
KL0298,Group1,49,1,25.3,2.53,1,0,1,1,1,0,0,1,0,1,1,2,-3.4848,-0.0443,-0.5773,-2.0522
KL0299,Group1,60,1,24.3,3.32,0,0,1,1,0,0,1,0,0,0,2,1,-4.198,-2.9961,-0.5623,-0.2942
KL0300,Group1,55,0,23.9,1.83,0,0,0,0,0,1,0,0,1,0,0,0,-5.2667,0.3478,-0.7393,0.7637
KL0301,Group1,71,0,26.4,2.69,1,0,0,0,0,0,1,0,1,1,0,0,-4.092,0.1813,0.537,0.377
KL0302,Group1,58,0,24.2,2.63,0,0,0,0,0,0,0,1,1,1,1,0,-2.4678,0.533,-2.0137,-0.8776
KL0303,Group1,45,0,24,2.56,0,0,0,0,1,0,0,0,1,1,1,0,-4.7761,-1.1528,1.5728,-0.0885
KL0304,Group1,53,1,29.1,3.67,0,0,0,0,0,1,1,1,0,0,1,1,-2.0684,1.5065,0.5758,-1.1965
KL0305,Group1,56,0,30.9,3.27,0,0,1,1,1,0,1,0,0,0,0,2,-5.1122,-2.2135,-0.3157,2.8553
KL0306,Group1,52,0,25.3,2.86,0,0,0,0,0,0,1,2,1,0,1,0,-5.409,0.5488,0.1815,2.2976
KL0307,Group1,57,0,26,3.42,0,0,1,0,1,0,2,0,0,0,0,1,-4.2451,0.7144,-0.4597,-0.0149
KL0308,Group1,62,1,28.6,3.29,0,0,1,1,0,0,2,1,0,0,0,0,-2.4507,-0.4069,-1.2035,-0.4893
KL0309,Group1,56,0,26.6,3.07,0,0,0,0,0,0,2,1,0,1,0,0,-4.3898,-0.0066,0.802,0.5191
KL0310,Group1,54,0,26,8.13,1,1,2,2,1,0,0,1,1,0,1,1,-2.8949,-0.5291,0.5511,-2.9883
KL0311,Group1,45,1,21.4,2.34,0,0,1,1,1,0,0,1,0,1,0,1,-5.1538,-0.2277,-1.2061,0.9982
KL0312,Group1,60,0,24,4.16,0,0,1,1,1,0,1,1,1,1,1,0,-3.5611,-0.7806,-0.0811,1.953
KL0313,Group1,58,1,21.7,3.99,1,0,1,1,1,1,2,0,1,0,0,0,-3.3396,-0.5674,-2.3459,-1.5755
KL0314,Group1,55,1,26.1,3.33,1,0,1,1,1,0,0,0,0,1,0,0,-4,1.3298,-1.0092,-0.707
KL0315,Group1,49,0,18.6,1.73,0,0,0,0,0,0,0,1,0,0,2,0,-3.5388,-1.7808,-0.1734,-1.8921
KL0316,Group1,70,1,20.4,4.15,0,0,2,2,2,0,0,1,0,0,1,1,-3.4362,2.4062,0.1742,-0.0656
KL0317,Group1,51,1,26.5,3.45,0,0,1,1,1,1,1,0,0,0,1,2,-3.9865,0.2038,-0.2382,0.8139
KL0318,Group1,67,0,22.3,2.82,0,0,1,1,1,0,1,1,0,0,1,0,-3.952,-0.4162,-1.2201,0.1248
KL0319,Group1,47,0,25.8,2.8,0,0,0,0,0,0,0,1,1,0,0,1,-4.3632,0.1165,-0.189,2.4474
KL0320,Group1,42,0,28.2,2.97,0,0,1,1,1,0,0,1,0,2,0,2,-3.465,1.117,1.8348,0.9436
KL0321,Group1,52,1,29.3,3.6,0,0,1,1,1,0,2,0,0,0,1,0,-4.1712,-0.0702,1.9366,-0.2026
KL0322,Group1,40,1,21.3,3.21,0,0,0,0,0,0,1,1,1,0,1,2,-3.5559,0.6425,-0.7721,0.4775
KL0323,Group1,66,0,23,2.32,0,0,0,0,0,0,1,0,0,0,0,1,-3.3003,0.065,-1.0971,-0.9631
KL0324,Group1,59,1,21.6,2.79,0,0,0,0,0,0,1,1,0,0,1,0,-3.9249,1.8538,-1.1265,0.8157
KL0325,Group1,45,1,22,4.08,0,0,1,1,0,1,0,0,0,1,0,2,-3.9573,-0.2053,-0.1069,1.661
KL0326,Group1,61,1,24.9,2.48,0,0,0,0,0,0,0,0,0,0,0,0,-3.5848,-0.0362,0.5367,1.3334
KL0327,Group1,45,0,18.7,1.61,0,0,1,0,1,0,1,0,0,0,0,0,-3.0268,0.7132,-1.4445,-0.4077
KL0328,Group1,53,1,22,1.8,0,0,0,0,0,1,0,1,0,0,0,0,-4.4153,-0.0286,2.6667,-0.3793
KL0329,Group1,62,0,32.2,2.94,0,0,1,1,0,1,1,1,0,1,0,1,-3.3574,-0.2728,-1.9023,1.2731
KL0330,Group1,58,1,23.1,2.63,0,0,0,0,0,0,1,1,0,0,1,0,-3.843,0.7135,1.8278,-0.8585
KL0331,Group1,63,1,22.4,3.6,0,0,0,0,0,0,0,1,1,1,0,0,-3.6553,1.5598,0.5142,1.1651
KL0332,Group1,53,0,13.5,1.47,1,0,0,0,0,0,0,0,2,1,0,2,-3.9064,2.2527,0.579,-0.0218
KL0333,Group1,52,0,25.6,2.53,1,0,0,0,0,1,0,2,1,1,2,0,-5.186,-0.9431,1.8216,-2.0612
KL0334,Group1,58,1,25.4,2.9,0,0,0,0,0,1,1,1,1,0,1,0,-3.4089,2.2127,0.6475,-1.2935
KL0335,Group1,54,1,23.1,3.1,0,0,0,0,0,0,1,0,1,0,0,0,-3.0312,-1.6579,0.8463,-0.4528
KL0336,Group1,52,0,20,2.99,1,0,1,1,1,0,1,0,0,0,1,0,-3.1446,0.9148,-1.3386,0.5477
KL0337,Group1,46,0,22,2.62,0,0,1,1,1,0,1,1,0,0,0,1,-2.5014,1.9256,0.1892,-1.203
KL0338,Group1,57,1,21.5,3.52,0,0,1,1,0,0,2,0,0,2,0,0,-5.1884,-0.3908,-1.1285,0.4998
KL0339,Group1,62,1,24.3,3.9,1,0,0,1,0,0,0,0,0,0,1,0,-3.4157,-1.8365,-1.0447,-0.0111
KL0340,Group1,59,1,23.3,2.74,0,0,1,1,1,0,1,1,2,0,1,0,-4.1003,-0.3328,-1.932,0.6882
KL0341,Group1,65,0,23.2,1.83,0,0,0,0,0,1,0,1,1,1,1,1,-3.9637,-0.2243,-2.7612,-3.1071
KL0342,Group1,47,1,28.3,3.37,0,0,2,2,2,1,0,0,0,1,1,1,-2.6628,-1.0749,0.1163,-1.4974
KL0343,Group1,52,1,23.3,3.04,0,0,1,1,1,0,0,0,2,0,1,1,-2.419,-1.9162,0.3528,-1.7447
KL0344,Group1,55,0,24.1,2.95,0,0,0,0,0,0,1,2,0,0,0,0,-5.8176,1.9037,0.1821,-1.7937
KL0345,Group1,52,0,18.6,2.22,0,0,0,0,0,1,0,0,1,1,1,1,-4.7804,0.3258,-0.859,-1.0947
KL0346,Group1,48,0,24.5,2.31,0,0,0,0,0,0,1,0,1,0,1,0,-4.121,1.2174,-0.4785,2.8761
KL0347,Group1,53,0,27.4,3.08,0,0,1,1,1,1,1,0,2,2,1,0,-3.8745,0.0161,-0.1747,1.0864
KL0348,Group1,39,1,24.5,3.25,0,0,1,1,1,1,0,2,0,0,1,1,-4.0186,0.0367,0.029,-0.8663
KL0349,Group1,54,0,16.6,1.67,0,0,0,0,0,0,1,1,0,0,1,0,-3.943,-0.07,1.8497,-0.5337
KL0350,Group1,56,1,23.4,3.81,0,0,1,1,0,0,2,2,0,1,1,0,-4.6237,0.2908,-0.3503,1.0826
KL0351,Group1,56,0,19.6,3.78,1,0,0,0,0,0,0,0,0,1,0,0,-3.4795,0.689,0.017,-0.081
KL0352,Group1,77,0,21,3.62,1,0,0,0,0,0,2,2,1,2,1,1,-3.2609,0.3775,-0.6734,-0.2196
KL0353,Group1,45,1,18,3.15,0,0,1,1,1,0,1,1,0,0,1,2,-3.9182,-1.1353,-0.3312,1.4896
KL0354,Group1,47,1,20.9,2.32,0,0,0,0,0,0,0,1,0,2,0,1,-5.0408,0.6947,-0.479,0.4674
KL0355,Group1,46,0,25.7,1.68,0,0,1,1,1,0,0,0,1,1,1,0,-4.487,-0.5128,0.994,-1.1384
KL0356,Group1,68,1,24.9,3.16,1,0,1,1,1,0,1,1,1,1,0,1,-2.3756,0.2209,0.8439,-4.3714
KL0357,Group1,53,0,21.2,2.99,1,0,0,0,0,0,0,1,1,0,0,1,-2.9768,1.2951,-1.0885,-0.8431
KL0358,Group1,55,1,22,2.85,0,0,0,0,0,0,0,2,1,0,0,0,-2.8392,-0.9379,1.4658,1.3348
KL0359,Group1,61,0,29.2,3.34,1,0,1,1,1,0,0,1,0,0,0,0,-3.6979,-0.8482,1.901,2.2025
KL0360,Group1,50,1,19.7,2.83,0,0,1,1,1,1,2,0,0,0,0,1,-4.1619,-1.6833,-0.0243,-1.0856
KL0361,Group1,42,0,27.8,3.19,0,0,0,0,0,0,1,0,0,0,0,0,-1.9798,-1.365,-0.0848,0.032
KL0362,Group1,50,0,21.5,3.27,0,0,0,0,0,0,0,1,2,1,1,0,-3.954,0.0674,0.3943,-0.1173
KL0363,Group1,53,1,27.8,4.22,1,0,1,1,1,0,0,0,0,0,0,1,-3.7963,0.1474,-0.9769,-1.3016
KL0364,Group1,62,0,26.3,1.9,0,0,1,1,1,0,0,1,1,2,0,2,-3.1495,-0.157,1.9112,-0.8838
KL0365,Group1,67,0,22.5,1.6,0,0,0,0,0,0,0,0,0,0,0,0,-3.7009,0.5258,0.1175,-0.7823
KL0366,Group1,55,0,23.4,3.24,0,0,1,1,0,0,0,2,1,2,1,1,-3.5003,-1.2353,0.2535,0.8874
KL0367,Group1,53,0,21.9,7.09,1,1,2,2,2,0,1,2,1,1,1,0,-6.0199,-1.2654,-0.5026,-0.5357
KL0368,Group1,69,1,24.6,3.93,1,0,0,0,0,0,2,1,0,0,1,0,-5.0447,1.189,-0.2784,1.7019
KL0369,Group1,61,1,22,3.38,0,0,1,1,1,1,1,1,2,1,1,0,-3.8307,-1.8089,-0.0736,0.3374
KL0370,Group1,60,0,26.1,2.39,1,0,0,0,0,0,0,1,1,2,1,1,-5.0561,-0.1664,-1.6449,1.7174
KL0371,Group1,53,1,26.8,3.36,0,0,1,1,1,0,0,1,0,1,2,1,-2.3248,-0.1173,0.1921,1.6459
KL0372,Group1,64,0,22.7,3.63,1,0,1,1,1,0,0,0,0,0,0,1,-3.7045,0.5775,-1.1154,-2.0939
KL0373,Group1,57,0,20.2,1.24,1,0,1,1,1,0,1,0,0,1,0,0,-2.2288,0.0709,0.1367,-0.2036
KL0374,Group1,47,0,24.6,2.8,0,0,2,2,2,0,2,1,1,1,1,0,-4.8482,0.0329,-0.385,-0.5475
KL0375,Group1,52,1,22.1,3.66,1,0,0,0,0,1,0,0,0,0,2,1,-4.5582,1.8288,3.751,-0.2069
KL0376,Group1,51,0,24.2,2.16,0,0,1,1,1,0,1,0,2,0,0,0,-5.0449,0.2127,0.6745,-1.3763
KL0377,Group1,49,0,27.5,2.27,0,0,1,1,1,1,0,0,0,1,2,1,-3.8099,0.8487,1.5226,0.9645
KL0378,Group1,65,1,28.2,4.35,1,0,1,1,1,1,1,1,0,0,1,2,-3.4097,-0.079,0.7535,1.3358
KL0379,Group1,45,1,21.2,1.98,1,0,0,0,0,0,1,1,2,0,0,1,-3.4033,1.446,0.4224,-0.0201
KL0380,Group1,49,1,19.6,3.33,1,0,1,1,1,1,1,0,2,0,0,1,-4.4568,-0.518,-2.1875,0.7983
KL0381,Group1,50,0,21.8,2.49,0,0,0,0,0,0,0,1,0,2,0,1,-2.0247,0.6865,-0.4228,-2.9291
KL0382,Group1,61,0,22.9,4.07,0,0,0,0,0,1,0,1,1,2,1,0,-3.2316,-1.4781,1.4814,0.5089
KL0383,Group1,30,0,21.8,2,0,0,0,0,0,0,0,0,0,0,1,1,-3.6635,-1.1086,-0.6481,0.3461
KL0384,Group1,58,0,28.3,2.91,0,0,1,1,0,0,1,0,1,1,1,0,-4.195,-0.6055,0.1026,-0.6642
KL0385,Group1,54,0,22.5,3.44,0,0,0,0,0,1,2,0,1,1,1,1,-5.5157,-1.0807,1.934,1.2477
KL0386,Group1,36,1,19.8,2.01,0,0,0,0,0,0,0,1,0,0,2,1,-3.9009,1.1654,-1.7333,-1.8999
KL0387,Group1,60,1,27.3,3.13,1,0,0,0,0,0,0,0,1,0,0,1,-3.6555,0.9495,-1.1907,0.793
KL0388,Group1,46,0,23.3,2.45,0,0,1,1,1,0,1,1,0,1,1,0,-4.0684,1.4118,1.3653,0.9601
KL0389,Group1,54,0,23.8,2.34,0,0,0,0,0,1,1,2,0,1,0,0,-3.8384,0.5664,-1.3804,1.0518
KL0390,Group1,56,1,21.3,2.39,0,0,1,1,1,0,1,1,0,1,0,1,-3.7085,-1.3689,1.1887,-0.6203
KL0391,Group1,43,0,23.6,2.39,0,0,1,1,1,2,1,0,1,0,2,0,-4.3005,-0.8567,1.5033,-1.0634
KL0392,Group1,60,0,30,2.65,0,0,0,0,0,1,0,0,0,0,0,0,-3.7244,-1.7518,-0.3042,-1.3283
KL0393,Group1,74,0,22.1,3.22,0,0,0,0,0,0,1,0,1,0,0,1,-3.9281,2.8313,0.3976,-0.5842
KL0394,Group1,58,1,26.5,2.33,0,0,0,0,0,0,1,1,0,0,1,1,-5.022,1.2021,-0.3534,-0.5456
KL0395,Group1,45,1,20.6,3.02,1,0,1,1,1,0,1,1,0,1,1,0,-4.8334,-1.5973,-0.8698,0.5837
KL0396,Group1,53,0,27.9,2.49,0,0,0,0,0,0,0,1,0,1,0,0,-4.3056,0.6007,0.9574,-0.1476
KL0397,Group1,52,1,24.1,3.12,0,0,1,1,1,0,1,0,1,1,0,0,-4.2352,2.4732,0.0789,-0.1238
KL0398,Group1,59,1,23.4,3.55,1,0,0,0,0,1,1,1,0,1,1,0,-3.8581,-1.2276,0.398,-0.308
KL0399,Group1,66,1,18.1,2.82,0,0,0,0,0,0,0,0,0,0,0,1,-3.6499,1.9165,0.2202,-1.7428
KL0400,Group1,54,0,23.5,3.24,1,0,0,0,0,0,0,0,1,1,0,1,-3.0896,0.6186,0.5846,0.7024
KL0401,Group1,47,0,20.4,2.24,0,0,0,1,0,0,1,1,0,1,0,0,-5.1431,0.5887,0.84,-1.5124
KL0402,Group1,60,0,27.6,2.75,0,0,1,1,1,0,0,0,0,1,1,2,-4.4533,-0.2847,1.6256,0.2705
KL0403,Group1,60,0,23.7,2.26,0,0,1,1,1,0,1,1,1,1,0,1,-4.5103,-0.8844,-0.236,-1.476
KL0404,Group1,49,1,29,3.81,0,0,1,1,1,0,0,0,0,0,1,0,-3.4982,-0.5816,-1.0915,0.8533
KL0405,Group1,57,1,22.8,3.41,0,0,0,0,0,0,0,1,1,0,1,1,-1.8495,1.7003,-0.7389,-0.2848
KL0406,Group1,32,1,24.6,3.47,0,0,1,1,1,1,1,1,1,1,1,1,-4.4547,-0.6367,2.9623,1.0926
KL0407,Group1,60,1,24.2,3.84,1,0,1,1,1,0,0,0,1,1,0,0,-4.5962,0.4143,-0.3945,-0.3396
KL0408,Group1,47,1,18.4,1.74,1,0,1,1,1,1,1,0,0,0,1,1,-4.015,1.27,-0.8669,0.2508
KL0409,Group1,53,1,24.1,3.73,1,0,0,0,0,0,1,0,0,0,1,1,-2.9452,0.7024,-0.3556,0.0263
KL0410,Group1,62,1,27.6,3.48,1,0,0,0,0,0,1,1,0,0,2,0,-3.4583,-0.2108,1.7105,0.2039
KL0411,Group1,53,1,27.8,2.63,0,0,1,1,1,0,1,2,2,1,0,1,-4.7777,-0.5898,-0.515,-0.9214
KL0412,Group1,43,1,20.5,2.84,1,0,1,1,0,0,1,0,0,1,1,1,-3.2315,2.4775,-1.4843,-2.0784
KL0413,Group1,53,0,27.8,2.86,0,0,0,0,0,1,0,0,0,1,1,1,-2.8208,0.0726,-0.9232,-0.8688
KL0414,Group1,52,0,26.6,3.67,0,0,1,0,1,0,1,0,1,1,0,1,-4.1783,-1.9234,-0.16,-0.0721
KL0415,Group1,64,0,26.7,3.85,0,0,1,1,1,0,1,0,0,1,1,1,-4.7025,-1.269,1.1384,-1.4926
KL0416,Group1,61,1,22.1,3.1,1,0,0,0,0,0,1,0,1,0,1,1,-4.2033,0.1741,0.078,-1.5973
KL0417,Group1,51,1,18.6,1.96,0,0,0,0,0,0,2,1,0,0,0,0,-4.5671,-1.3064,1.4415,-1.6054
KL0418,Group1,63,1,27.6,3.49,0,0,0,0,0,0,1,2,0,1,0,2,-2.6351,-2.9148,0.146,0.1829
KL0419,Group1,61,0,23.6,1.89,0,0,0,0,0,1,0,0,1,1,0,1,-4.1655,0.2448,0.0265,0.0467
KL0420,Group1,61,1,24.4,2.65,0,0,0,0,0,0,1,0,2,0,0,1,-4.9536,-1.4,-0.4919,-0.8198
KL0421,Group1,45,0,27.6,3.25,0,0,1,1,1,0,0,1,0,1,1,0,-2.6791,1.4319,0.1685,-1.0289
KL0422,Group1,65,0,23.3,2.27,1,0,2,2,2,0,1,0,0,0,0,2,-4.2487,1.913,-0.9875,1.5741
KL0423,Group1,67,1,25.3,3.09,1,0,1,1,1,1,1,2,1,0,0,0,-3.7049,-0.4636,-1.0378,-0.8761
KL0424,Group1,63,0,23.7,2.81,0,0,2,2,2,0,0,1,2,0,0,1,-3.749,-0.6765,1.6996,-0.9401
KL0425,Group1,45,0,22.9,1.94,0,0,0,0,0,1,0,1,1,1,0,2,-3.7287,0.6538,2.1361,1.4525
KL0426,Group1,58,0,29.6,3.48,0,0,1,1,1,0,0,1,1,0,0,0,-4.6691,0.4021,0.1572,-0.8072
KL0427,Group1,45,0,22.6,2.7,0,0,0,0,0,1,2,1,0,0,1,1,-3.6762,0.0493,-1.4751,-1.7231
KL0428,Group1,53,1,19.5,3.49,0,0,1,1,1,1,1,0,0,1,0,1,-1.93,0.54,-0.6096,-0.8903
KL0429,Group1,72,1,26.7,2.8,1,0,1,1,1,0,0,0,0,0,0,0,-5.0215,-0.6497,-0.6802,0.1633
KL0430,Group1,69,1,16.7,3.88,1,0,1,1,1,0,2,1,1,1,0,0,-3.0605,-1.0906,-1.3629,0.0673
KL0431,Group1,48,0,18.8,2.89,0,0,0,0,0,0,0,0,1,0,0,0,-5.2086,-0.1584,0.1848,-1.6153
KL0432,Group1,63,0,24.9,3.72,0,0,2,2,2,1,1,2,1,0,1,1,-2.7056,-0.6443,-0.517,0.8851
KL0433,Group1,53,0,23.8,1.8,0,0,1,1,1,0,1,0,0,1,1,0,-3.3468,0.093,-2.4151,-0.0653
KL0434,Group1,48,0,19.2,2.42,0,0,1,1,1,0,0,2,1,1,0,0,-3.3978,-0.6405,1.4486,-0.2939
KL0435,Group1,69,1,19.6,2.69,1,0,1,1,1,0,1,1,0,0,0,0,-4.3059,-1.3087,0.0623,-0.0174
KL0436,Group1,54,0,22.2,3.33,0,0,1,1,1,0,0,0,0,0,0,1,-5.0698,-1.9433,-0.7568,1.2416
KL0437,Group1,58,0,28.7,3.34,1,0,2,2,2,0,0,0,2,0,0,1,-3.6376,-0.2074,-1.9184,-0.4547
KL0438,Group1,59,1,26.2,2.78,0,0,0,0,0,0,0,0,1,0,1,1,-5.9427,-1.5285,-3.3104,0.5096
KL0439,Group1,68,1,25.2,1.83,0,0,0,0,0,0,0,0,2,1,0,1,-3.3833,-1.3075,-0.9792,-0.1414
KL0440,Group1,53,0,22.8,3.02,0,0,0,0,0,0,0,0,0,1,0,0,-4.0203,1.1604,0.829,0.369
KL0441,Group1,31,1,26.3,2.48,0,0,0,0,0,0,0,2,1,1,0,0,-4.2036,0.1003,1.4768,0.7713
KL0442,Group1,74,1,27.1,3.59,0,0,1,1,1,0,0,1,2,0,0,0,-3.6094,0.549,-0.2524,-1.9157
KL0443,Group1,59,1,24.2,3.36,0,0,0,0,0,0,0,0,0,1,0,1,-2.4901,2.9427,1.2066,-0.7326
KL0444,Group1,58,1,14.7,2.7,0,0,1,1,1,0,1,1,0,0,0,0,-3.9257,0.5041,0.6925,2.2681
KL0445,Group1,55,0,26.7,3.4,0,0,0,0,0,0,1,0,1,0,1,0,-4.418,-2.3356,2.0934,1.0197
KL0446,Group1,48,0,22.5,2.36,0,0,1,1,1,0,1,1,1,0,1,0,-4.5398,-1.2563,1.9691,-1.3749
KL0447,Group1,58,1,26.8,3.39,1,0,1,1,1,0,0,1,0,2,1,2,-4.2469,0.1003,3.1058,-0.3447
KL0448,Group1,67,1,22.1,3.76,1,0,0,0,0,0,2,0,1,0,0,1,-4.3222,-0.3215,1.2471,-0.2405
KL0449,Group1,54,1,22.6,2.19,0,0,0,0,0,1,1,1,0,0,1,0,-4.0677,1.607,-0.2994,-0.5623
KL0450,Group1,65,1,24.1,3.54,1,0,0,0,0,1,0,2,0,2,2,1,-2.1723,-1.0062,0.4833,-0.0794
KL0451,Group1,46,0,22.7,3.03,0,0,2,2,2,0,1,0,0,0,0,0,-3.7502,-2.7391,0.2542,-0.2086
KL0452,Group1,62,1,24.4,2.79,1,0,0,0,0,0,1,0,2,0,0,1,-4.7903,-0.7767,-1.1185,-0.8169
KL0453,Group1,68,1,27,2.65,0,0,0,0,1,0,1,0,2,1,1,2,-3.2973,1.4099,1.6008,0.4387
KL0454,Group1,51,1,24.2,2.78,0,0,1,1,1,0,0,0,1,1,1,1,-4.1898,-1.2586,0.266,1.4368
KL0455,Group1,64,0,22.5,7.86,1,1,2,2,2,0,0,1,2,1,1,1,-4.2749,0.3017,-0.2595,1.0163
KL0456,Group1,62,0,21.2,2.91,0,0,1,1,1,0,0,0,0,1,0,1,-5.4244,-0.6663,-0.6022,1.1628
KL0457,Group1,42,0,28.2,1.81,0,0,0,0,0,0,0,0,1,1,0,1,-6.4505,-2.1912,1.564,0.1131
KL0458,Group1,60,1,17.3,2.36,0,0,0,0,0,0,0,1,1,1,2,1,-3.7208,-0.8126,0.827,-1.1285
KL0459,Group1,65,0,22.3,3.52,1,0,0,0,0,0,0,1,1,0,0,0,-4.7587,-2.3288,-1.1305,0.6168
KL0460,Group1,37,1,19.3,3.35,0,0,1,1,1,1,0,0,1,0,0,0,-2.8927,-0.3373,1.2632,-1.3547
KL0461,Group1,69,0,26.9,3.2,0,0,0,0,0,1,2,0,0,0,0,1,-3.0156,1.7954,-2.1438,-1.2566
KL0462,Group1,61,1,25.9,3.88,1,0,0,0,0,0,0,1,0,0,0,0,-3.8401,-0.806,-0.6552,0.9982
KL0463,Group1,43,0,27,2.36,0,0,0,0,0,0,1,0,0,0,2,1,-4.3241,-0.0209,-0.3229,-1.1684
KL0464,Group1,62,0,22.9,2.46,1,0,0,0,0,0,1,2,0,1,0,1,-4.1839,-0.2169,0.1084,1.1023
KL0465,Group1,44,0,26,2.49,0,0,1,1,1,0,1,1,0,0,0,1,-3.8225,0.7959,0.4745,-0.3542
KL0466,Group1,50,0,19.9,1.85,1,0,0,0,0,0,1,0,1,0,1,0,-2.9659,0.2313,-0.5119,-0.5706
KL0467,Group1,53,0,19,2.22,0,0,0,0,0,0,1,0,1,0,1,1,-3.7153,0.2084,-1.7959,0.595
KL0468,Group1,61,0,22.6,2.65,0,0,0,0,0,0,0,0,0,2,0,2,-3.7249,-4.0199,-0.2841,-0.8552
KL0469,Group1,71,0,28.2,3.91,0,0,1,1,1,1,0,1,0,1,0,1,-3.7676,-0.1459,-0.2836,0.3989
KL0470,Group1,68,1,23.8,3.82,0,0,0,0,0,0,0,2,0,1,0,1,-2.7936,-1.2573,-1.1848,1.5705
KL0471,Group1,38,0,23.4,2.85,0,0,1,1,1,1,1,1,1,2,0,1,-3.7867,-0.2204,-0.4075,-1.2108
KL0472,Group1,61,0,17,2.6,0,0,1,1,1,1,0,1,0,1,2,2,-3.9042,0.136,-1.5068,1.8187
KL0473,Group1,52,1,23.8,2.73,0,0,0,0,0,0,0,0,1,1,1,0,-3.9808,1.5796,-0.3913,-0.2579
KL0474,Group1,65,0,22.4,2.59,1,0,0,0,0,0,1,1,0,1,0,1,-4.6641,0.2303,1.4887,0.1009
KL0475,Group1,74,1,25.5,3.12,0,0,0,0,0,0,1,1,0,0,0,0,-3.7118,0.3841,0.4788,-1.4578
KL0476,Group1,55,1,29.3,2.2,0,0,0,0,0,0,1,0,1,1,0,0,-2.2738,1.1234,-1.4693,-0.7848
KL0477,Group1,80,1,24.7,3.67,1,0,0,0,0,0,0,1,1,1,0,0,-3.8288,0.555,0.3095,-1.6171
KL0478,Group1,44,1,26.6,3.26,0,0,1,1,1,1,0,1,1,1,0,0,-4.9759,-0.1798,1.004,-0.3885
KL0479,Group1,50,0,26.1,2.74,0,0,0,0,0,1,0,1,1,0,0,0,-3.3199,-2.0725,1.5205,0.8213
KL0480,Group1,58,0,24.9,2.47,0,0,0,0,0,0,1,1,0,0,1,1,-3.4261,1.5677,-0.068,2.575
KL0481,Group1,57,0,24.4,2.8,0,0,0,0,0,0,0,1,1,1,0,0,-2.4279,0.384,-0.3976,-1.0203
KL0482,Group1,64,0,27.9,3.69,1,0,1,1,1,0,1,0,1,0,0,1,-3.4087,0.8182,0.5944,-1.5873
KL0483,Group1,57,1,31.9,2.79,0,0,2,2,2,1,1,1,1,0,0,1,-3.3498,-0.6883,1.3459,0.869
KL0484,Group1,56,1,24.1,2.7,0,0,0,0,0,0,1,1,0,2,0,0,-4.0543,-1.9803,0.3745,-0.5369
KL0485,Group1,47,0,18.2,2.87,0,0,1,1,1,0,2,0,1,0,2,0,-4.331,0.9062,2.241,-0.5305
KL0486,Group1,52,1,28.3,2.46,1,0,1,1,1,0,0,0,0,2,1,0,-3.6229,-0.1572,-0.4077,0.277
KL0487,Group1,69,0,23.9,2.06,0,0,0,0,0,0,0,0,1,0,1,1,-4.4917,-0.4957,-2.1029,1.4047
KL0488,Group1,60,1,23.4,3.47,0,0,0,0,0,0,1,0,1,0,0,2,-3.3659,-2.4725,-3.3108,-0.3435
KL0489,Group1,70,0,28,2.86,1,0,1,1,1,0,0,0,1,0,0,1,-3.7057,2.1898,-0.2083,0.7056
KL0490,Group1,68,1,17.5,2.41,0,0,0,0,2,0,0,0,1,1,1,1,-4.1092,-2.0466,-0.9219,-1.1989
KL0491,Group1,50,1,26.4,1.99,0,0,0,0,0,0,1,0,1,0,2,0,-3.6717,-0.0988,-0.4573,-1.707
KL0492,Group1,53,0,25,2.92,0,0,1,1,1,1,0,1,1,0,1,1,-4.6355,0.3541,-1.2096,1.5226
KL0493,Group1,53,0,19.3,1.76,0,0,1,1,0,1,2,2,0,1,0,0,-3.6022,-0.4264,-0.5788,0.7319
KL0494,Group1,56,0,25.8,2.52,0,0,0,0,0,1,1,1,0,1,0,1,-4.7932,-1.0602,0.3478,0.1958
KL0495,Group1,48,1,25.2,2.45,0,0,0,0,0,1,0,0,1,0,1,0,-3.8936,-2.3553,-1.1865,0.6182
KL0496,Group1,60,1,25.2,2.36,1,0,0,0,0,0,1,0,0,0,0,1,-3.5486,2.4208,-0.8097,1.1205
KL0497,Group1,49,0,23.6,1.22,0,0,1,1,1,0,1,0,0,2,1,1,-2.6781,0.0606,1.3887,-1.3232
KL0498,Group1,63,0,27.6,2.31,0,0,0,0,0,0,2,1,0,0,1,2,-3.4852,-0.4116,-0.6979,-0.2628
KL0499,Group1,68,1,21.8,3.24,1,0,1,1,1,1,0,1,2,2,1,0,-4.7324,-0.7132,0.2555,-0.1938
KL0500,Group1,68,1,20.6,3.07,1,0,1,1,1,0,0,1,0,0,1,0,-4.3115,-3.327,2.0706,0.8736
KL0501,Group1,67,0,26.6,4.49,1,0,2,2,2,0,1,1,1,1,1,0,-4.021,0.37,0.6067,0.7587
KL0502,Group1,40,0,26.5,2.09,0,0,1,1,1,0,1,0,0,0,0,1,-3.9702,2.077,-0.8243,-2.4869
KL0503,Group1,55,0,17.4,2.14,0,0,1,1,1,0,1,1,0,0,1,0,-4.7586,1.3744,-0.1461,-0.9803
KL0504,Group1,68,0,25.7,3.62,1,0,0,0,1,0,0,0,0,0,1,0,-2.8857,1.5534,-0.0877,0.7226
KL0505,Group1,46,0,25.3,1.87,0,0,1,1,1,0,0,0,0,1,1,0,-3.3088,-1.1643,0.319,-0.2618
KL0506,Group1,43,1,22.1,2.63,0,0,0,0,0,0,0,0,1,1,1,1,-5.2067,-1.531,-0.1316,1.142
KL0507,Group1,62,1,31.6,4.33,1,0,1,1,1,0,0,0,1,1,0,2,-3.5634,-0.4634,-0.1406,1.0595
KL0508,Group1,59,0,27.8,3.5,0,0,1,1,2,0,0,0,1,1,1,1,-4.6651,0.3767,0.7029,-1.6765
KL0509,Group1,74,1,23.7,2.52,0,0,0,0,0,0,0,0,0,2,2,0,-2.5836,-2.3094,-0.5328,-0.2355
KL0510,Group1,40,1,20.5,2.53,0,0,0,0,0,0,0,0,0,0,1,0,-2.8754,-0.4281,0.0719,-0.8461
KL0511,Group1,61,0,30.7,2.85,0,0,0,0,0,0,2,1,1,0,1,1,-4.1588,1.7313,0.1825,-0.5044
KL0512,Group1,59,1,28.4,2.66,0,0,0,0,0,0,1,1,1,1,0,0,-5.1974,-1.2055,0.1964,0.8121
KL0513,Group1,62,0,19.8,1.86,1,0,1,1,1,0,1,0,2,0,0,2,-4.0672,0.339,2.0281,2.6013
KL0514,Group1,61,1,20.6,2.95,0,0,0,0,0,0,1,0,0,1,0,1,-3.9757,1.7976,-0.066,0.8874
KL0515,Group1,59,1,20.4,1.97,0,0,1,1,1,0,0,1,1,2,0,0,-3.9344,0.3588,2.1134,-0.7411
KL0516,Group1,72,0,15.2,2.56,0,0,1,1,1,0,0,1,1,1,1,1,-4.0284,1.071,-0.1671,-0.5568
KL0517,Group1,53,1,29.9,3.62,0,0,1,1,1,1,0,0,1,1,0,1,-4.3358,2.2127,0.9081,-0.4297
KL0518,Group1,55,0,25.2,3.46,0,0,0,0,0,0,0,0,1,2,1,1,-4.2909,-1.8499,-0.4059,-1.081
KL0519,Group1,53,1,21,3.74,0,0,2,2,2,0,0,1,2,0,1,2,-4.3606,0.2316,-1.3466,-0.3705
KL0520,Group1,56,1,20.5,2.92,0,0,0,0,0,0,1,1,1,0,0,2,-5.4499,0.5828,-0.3947,-0.3312
KL0521,Group1,55,1,24.6,2.43,0,0,0,0,0,1,2,1,0,2,0,2,-3.4987,0.1194,1.0665,-2.8594
KL0522,Group1,41,0,19.9,2.48,0,0,1,1,1,0,1,0,1,0,1,2,-2.0144,-3.1638,0.4624,0.8403
KL0523,Group1,61,0,25,2.33,0,0,1,1,1,0,1,1,1,0,0,1,-3.5086,-0.3031,-0.9866,0.6395
KL0524,Group1,66,0,23.6,2.97,0,0,1,1,1,0,1,0,0,2,0,1,-4.5274,-0.4275,-0.4058,-0.5676
KL0525,Group1,61,0,22.1,3.3,0,0,0,0,0,0,2,0,0,1,0,0,-1.8889,-0.066,0.8876,-1.4349
KL0526,Group1,47,1,19.7,3.29,0,0,1,1,1,0,0,1,0,0,1,1,-5.5243,-0.3253,1.1893,0.6415
KL0527,Group1,65,0,24.7,2.29,0,0,0,0,0,1,1,0,1,0,0,1,-3.886,2.05,1.355,-2.3819
KL0528,Group1,46,1,29.8,3.81,0,0,0,0,0,0,0,0,2,1,1,1,-5.1492,-1.0187,1.1995,0.1484
KL0529,Group1,53,1,21.8,1.5,0,0,0,0,0,0,1,1,0,0,2,1,-3.8416,-0.5443,0.0999,-0.2725
KL0530,Group1,80,1,26.2,4.49,1,0,1,1,1,0,0,1,1,1,2,0,-4.0384,-1.7182,-0.0361,-1.6693
KL0531,Group1,47,0,26.5,2.05,0,0,0,0,0,0,0,2,1,0,0,0,-4.6806,-0.4458,-0.6191,-0.6574
KL0532,Group1,53,1,22.8,2.44,0,0,1,1,1,1,0,0,0,2,0,1,-4.9129,0.237,-0.976,1.4801
KL0533,Group1,59,0,22.8,1.97,0,0,0,0,0,1,1,1,1,1,1,1,-3.302,-0.6998,0.1748,0.5848
KL0534,Group1,57,1,18,3.12,0,0,2,2,2,0,0,1,1,1,2,1,-4.4801,-0.0746,-0.2902,-1.9173
KL0535,Group1,52,0,19.7,2.14,0,0,0,0,0,0,0,0,0,0,0,1,-3.9603,2.2886,0.5331,-0.1764
KL0536,Group1,80,1,22.3,2.9,0,0,0,0,0,0,1,1,2,0,0,0,-2.701,-0.0634,0.8909,0.0074
KL0537,Group1,37,0,25,2.65,0,0,1,1,1,1,1,1,0,0,0,0,-2.7873,-0.5808,0.4528,-0.1493
KL0538,Group1,47,0,19.8,2.28,0,0,1,1,1,1,0,1,1,0,1,2,-4.5939,0.3851,2.5564,-3.7599
KL0539,Group1,44,1,25.8,2.52,0,0,0,0,0,0,0,1,1,1,0,1,-3.5471,-0.6644,0.3223,-0.9153
KL0540,Group1,58,1,22.5,3.79,0,0,2,2,2,0,1,1,1,0,2,1,-4.9841,-0.2541,1.0841,-0.7043
KL0541,Group1,66,0,21.6,1.35,0,0,0,0,0,1,1,0,1,2,0,0,-3.9544,2.1855,1.8826,0.6357
KL0542,Group1,56,0,20.8,1.41,0,0,0,0,0,0,0,0,1,0,1,0,-4.6172,1.6542,-0.2565,0.5021
KL0543,Group1,64,1,24.1,3.02,1,0,0,0,0,2,0,0,0,0,1,1,-4.8771,1.1632,-0.1196,0.0993
KL0544,Group1,67,1,24.7,3.2,1,0,0,0,0,0,0,1,1,1,0,0,-4.3099,1.3652,-2.0675,-1.1924
KL0545,Group1,64,0,27.3,1.95,0,0,1,1,1,1,1,1,0,1,1,0,-4.0738,-0.609,2.5544,1.6696
KL0546,Group1,62,1,30.5,4.15,1,0,1,1,1,1,1,0,0,2,0,0,-2.3616,2.1443,1.6267,0.5307
KL0547,Group1,70,0,23.3,3.26,1,0,2,2,2,0,0,0,0,0,0,0,-3.5982,-0.0833,-0.1827,-0.4111
KL0548,Group1,45,1,24.3,2.24,0,0,0,0,0,0,1,0,0,0,1,0,-3.0388,-0.051,-0.0793,1.9501
KL0549,Group1,59,1,26.7,2.65,0,0,1,1,1,0,2,0,1,0,0,1,-3.3213,-0.551,3.618,2.1015
KL0550,Group1,42,1,19.8,1.66,0,0,0,0,0,0,1,0,0,0,1,0,-3.135,1.3629,1.7887,1.09
KL0551,Group1,67,0,25.7,3.4,0,0,1,1,1,1,0,1,1,2,0,0,-4.2009,-1.5073,-1.1827,-2.0565
KL0552,Group1,55,1,18.9,3.1,0,0,1,1,1,0,1,0,0,1,1,0,-2.8898,0.1885,0.8547,-0.0132
KL0553,Group1,53,0,20.9,2.1,1,0,0,0,0,0,1,1,1,1,1,0,-5.652,0.3571,-0.2055,-0.9889
KL0554,Group1,51,0,22.5,2.79,0,0,0,0,0,1,2,1,0,2,0,2,-4.6138,-2.2637,0.2719,0.3567
KL0555,Group1,48,0,25.2,3.11,0,0,0,0,0,0,1,0,1,0,0,0,-3.0091,-0.1524,2.0806,-0.2001
KL0556,Group1,52,0,28.2,2.83,0,0,0,0,0,1,1,0,1,2,1,0,-4.4131,-0.2717,-0.9245,-0.1738
KL0557,Group1,73,0,21.5,3.75,1,0,1,1,1,0,0,1,2,1,1,1,-5.5664,0.2297,0.4338,0.6864
KL0558,Group1,59,0,20.9,2.73,0,0,1,1,1,0,0,0,0,1,2,0,-5.5779,0.2007,-0.2933,1.0352
KL0559,Group1,53,0,25.5,3.09,0,0,0,0,0,0,1,0,0,0,0,0,-6.2819,-0.64,-3.454,-0.9512
KL0560,Group1,63,0,25.7,3.2,1,0,0,1,0,0,1,0,2,1,1,0,-3.2124,2.1098,1.0324,-1.1527
KL0561,Group1,64,0,27.7,3,1,0,0,0,0,0,1,0,1,0,0,1,-4.0942,-0.976,-0.0828,1.332
KL0562,Group1,57,0,27.8,2.29,0,0,1,1,1,0,1,0,1,0,0,0,-4.6083,1.7607,0.3402,0.6326
KL0563,Group1,46,1,23.2,2.79,1,0,1,1,1,0,1,1,2,0,0,1,-3.3055,-1.2194,-0.7243,0.7832
KL0564,Group1,57,1,28.8,4.29,1,0,1,1,1,0,0,0,1,1,2,1,-4.1435,-0.6031,1.1663,1.0953
KL0565,Group1,61,0,31.2,3.08,0,0,1,1,1,0,0,1,0,0,1,1,-3.5936,0.0264,0.9408,-0.1832
KL0566,Group1,56,1,21.9,1.97,1,0,1,1,1,0,0,0,0,2,1,2,-5.092,-0.3612,-0.1809,-0.6974
KL0567,Group1,48,1,25.4,3.21,0,0,1,1,1,0,1,1,0,2,2,0,-4.1882,1.7519,-0.2621,-0.4643
KL0568,Group1,50,1,21.6,3.38,0,0,0,0,0,0,1,1,0,1,0,0,-3.4017,0.9879,-2.1069,0.0767
KL0569,Group1,57,0,22.4,2.65,0,0,2,2,2,1,0,0,0,2,0,0,-4.3886,-0.7206,0.5266,1.4725
KL0570,Group1,63,1,26.6,2.95,1,0,1,1,1,0,1,0,0,1,0,0,-2.712,-1.883,1.3961,1.7337
KL0571,Group1,49,1,21.9,3.18,1,0,1,1,1,0,0,1,1,1,0,1,-5.0232,-2.069,-0.4567,-0.812
KL0572,Group1,39,0,25.9,1.54,0,0,0,0,0,0,0,0,0,0,0,1,-3.7062,-1.4018,0.3274,0.4502
KL0573,Group1,63,0,23.7,3.34,0,0,0,0,0,0,0,0,0,1,0,1,-3.6933,0.9965,-0.8441,0.0729
KL0574,Group1,56,1,29.2,3.8,0,0,1,1,1,0,0,2,1,0,0,1,-3.2122,0.116,1.6785,-2.3863
KL0575,Group1,49,1,20.5,2.18,0,0,0,0,0,1,0,1,0,0,2,1,-4.2353,0.286,1.814,0.9516
KL0576,Group1,52,0,21.2,2.78,0,0,2,2,2,0,2,0,0,2,0,0,-4.2315,-1.0482,-0.4533,1.6266
KL0577,Group1,47,1,19.1,3.14,0,0,1,1,1,2,0,0,1,0,0,0,-4.3002,0.141,-2.9698,0.1496
KL0578,Group1,62,1,32.4,1.39,0,0,0,0,0,1,1,0,0,1,1,1,-4.7734,0.1899,-0.5518,0.4537
KL0579,Group1,56,1,26,3.86,0,0,0,0,0,1,0,1,1,1,0,0,-4.1705,-0.1952,1.7453,-0.1084
KL0580,Group1,56,1,20.9,2.34,0,0,0,0,0,0,1,0,0,1,0,0,-3.85,-1.4985,0.7892,-0.4116
KL0581,Group1,40,0,24,2.27,0,0,1,1,1,0,1,0,1,1,1,0,-2.4777,-0.7565,-0.2876,-2.7253
KL0582,Group1,45,1,19.3,1.88,0,0,0,0,0,0,1,0,2,0,2,0,-3.3646,-0.371,-2.6639,-0.4737
KL0583,Group1,65,0,23.1,3.14,0,0,1,1,0,1,0,0,0,1,1,0,-3.463,-0.3195,-0.3396,0.5126
KL0584,Group1,38,1,24.7,3.4,0,0,0,0,0,0,1,0,1,1,1,0,-3.7049,-0.7289,-1.6756,1.2014
KL0585,Group1,65,1,23.3,3.8,0,0,0,0,0,0,1,0,1,0,0,0,-1.8968,-0.0946,1.3325,0.4182
KL0586,Group1,70,0,16.2,3.44,0,0,1,1,1,1,0,1,0,0,2,0,-1.9739,-0.7009,-0.8723,1.3684
KL0587,Group1,64,1,22.8,2.59,0,0,1,1,1,0,2,0,1,0,2,0,-2.4392,-0.5411,-1.2655,-1.9823
KL0588,Group1,56,0,22.1,2.7,0,0,0,0,0,0,0,0,0,2,1,0,-3.8993,-0.5137,1.9073,-2.0957
KL0589,Group1,58,1,18.5,1.81,0,0,0,0,0,0,1,0,0,1,0,1,-5.4974,0.3485,0.7559,-1.1772
KL0590,Group1,65,0,23.2,2.56,0,0,0,0,0,0,1,1,0,0,2,1,-1.5117,-0.682,-0.8606,-0.2306
KL0591,Group1,58,1,22.9,2.72,0,0,0,0,0,1,1,1,1,2,1,0,-3.2005,0.6794,-1.4284,2.3664
KL0592,Group1,59,0,25.2,1.51,0,0,1,1,1,0,0,0,0,1,0,1,-3.2332,-1.1401,2.6003,0.3027
KL0593,Group1,48,1,24.1,2.43,0,0,0,0,0,0,1,2,0,1,1,2,-5.6898,-0.5901,0.1954,1.2001
KL0594,Group1,50,0,25.8,3.03,0,0,1,1,1,0,1,0,1,0,1,0,-4.6909,0.8656,-0.4992,1.4748
KL0595,Group1,50,1,30.1,3.67,1,0,0,0,0,0,0,1,0,0,1,1,-3.2996,-1.0294,1.8923,-1.6485
KL0596,Group1,53,0,19.5,3.39,1,0,2,2,2,0,2,1,0,1,0,0,-2.8757,-1.1676,2.146,0.8499
KL0597,Group1,47,1,28.4,2.35,0,0,0,0,0,0,1,2,0,0,1,0,-4.2946,-1.2514,0.1222,-0.4573
KL0598,Group1,48,0,30.6,1.16,0,0,0,0,0,1,1,1,1,0,2,0,-3.2012,2.0094,-3.335,-0.9686
KL0599,Group1,54,0,20.8,2.38,0,0,2,2,0,0,0,2,1,1,0,1,-4.1263,2.6175,0.979,-1.5072
KL0600,Group1,57,0,21.7,2.84,0,0,1,1,1,0,0,1,0,1,0,1,-3.1575,-0.9074,0.8733,-1.0567
KL0601,Group1,64,1,17.7,4.25,1,0,1,1,1,0,0,1,0,0,1,0,-4.6861,-0.7334,1.4876,1.7034
KL0602,Group1,42,0,19.8,1.83,0,0,0,0,0,0,1,1,1,0,1,0,-3.3357,1.6803,1.4776,-0.8635
KL0603,Group1,50,0,22.2,2,0,0,0,0,0,0,0,0,1,1,1,0,-4.512,-1.2705,0.7056,-0.4141
KL0604,Group1,52,1,19.3,3.55,0,0,1,1,1,0,2,1,0,1,2,0,-3.9559,1.1593,0.3145,-0.5409
KL0605,Group1,52,1,17.8,3.41,0,0,1,1,1,1,0,0,0,0,2,1,-2.4908,-0.3472,-1.3103,-1.1232
KL0606,Group1,55,0,16.7,3.75,1,0,0,0,0,0,1,2,1,1,2,1,-4.0533,1.0385,-2.5408,-1.7313
KL0607,Group1,58,0,23.4,3.49,0,0,0,0,0,0,0,1,1,0,1,0,-3.78,0.9644,-1.7645,1.7325
KL0608,Group1,55,1,26.7,1.93,0,0,0,0,1,1,0,0,0,0,1,1,-2.3702,0.1721,-0.2572,1.2046
KL0609,Group1,46,1,21.3,3.12,0,0,1,1,1,0,0,0,1,0,1,1,-4.5684,0.8417,-0.7751,0.7771
KL0610,Group1,51,0,23.1,2.24,0,0,0,0,0,0,0,1,1,1,1,0,-5.0945,-1.5345,1.7418,-1.3105
KL0611,Group1,51,0,22.5,2.29,0,0,1,1,1,0,1,1,0,0,1,0,-4.7149,1.0079,-0.0549,-0.9529
KL0612,Group1,36,1,27.5,3.56,0,0,0,0,0,0,0,0,0,0,1,1,-4.6962,-0.1319,-0.3791,0.0327
KL0613,Group1,36,1,24.2,3.51,0,0,1,1,1,0,1,1,1,1,1,0,-4.6232,-0.8267,-2.2799,-1.1474
KL0614,Group1,56,0,28.3,3.23,1,0,1,1,1,0,0,1,1,0,0,0,-3.2847,-0.4255,0.6815,1.669
KL0615,Group1,50,1,26.6,2.23,0,0,0,0,0,0,0,0,0,0,0,1,-3.9505,1.0464,-0.6447,-0.442
KL0616,Group1,57,1,25.6,2.87,0,0,0,0,0,0,1,1,1,1,0,1,-3.2114,-0.0668,0.5675,0.4817
KL0617,Group1,65,0,25.3,2.76,0,0,0,0,0,0,2,1,0,0,0,1,-3.9954,0.7541,0.0455,-0.9783
KL0618,Group1,35,0,24.3,3.14,0,0,0,0,0,1,0,1,1,0,0,2,-3.1589,-0.3896,-1.9977,1.1994
KL0619,Group1,39,1,27.6,3.72,0,0,0,0,0,0,0,1,2,1,0,0,-3.218,-1.0546,-1.1624,-0.2106
KL0620,Group1,49,1,24.7,2.43,0,0,0,0,0,0,0,0,0,1,2,1,-4.5476,-2.8675,0.6507,-0.4237
KL0621,Group1,43,0,24.3,2.15,0,0,0,0,1,0,0,1,0,1,0,0,-3.3798,-0.1033,-1.6308,0.4984
KL0622,Group1,43,1,22,2.58,0,0,0,0,1,0,0,0,0,0,0,1,-3.0264,-0.648,-1.4657,-2.6766
KL0623,Group1,46,0,13,0.84,0,0,1,1,1,1,1,1,1,0,1,0,-3.166,2.2722,-1.3681,-1.7014
KL0624,Group1,43,1,27.2,2.37,0,0,0,0,0,0,0,0,0,0,2,0,-2.128,-0.911,0.3149,0.6902
KL0625,Group1,56,0,19.7,2.44,0,0,0,0,0,0,1,1,1,1,0,1,-2.0743,2.3493,-0.0956,-1.645
KL0626,Group1,65,0,22.7,2.94,0,0,0,0,0,0,1,0,1,0,0,0,-4.0143,-1.0886,-0.0134,-0.0744
KL0627,Group1,69,1,22.4,3.68,1,0,0,0,0,0,1,0,2,0,0,0,-5.709,-1.7697,0.5933,-0.2939
KL0628,Group1,33,0,25.7,1.28,0,0,0,0,0,1,0,1,0,0,0,2,-3.8304,0.7594,0.4787,-0.9073
KL0629,Group1,43,0,21.9,1.55,0,0,0,0,0,0,1,0,0,1,0,0,-3.9615,-1.7774,-0.4879,-0.637
KL0630,Group1,49,1,21.3,2.26,0,0,0,0,0,1,0,2,0,1,0,0,-4.7405,-0.1512,-0.3481,-2.6672
KL0631,Group1,48,1,24.3,3.7,0,0,1,2,0,0,2,0,0,0,1,0,-5.017,0.7611,-0.5381,-1.3974
KL0632,Group1,48,0,20.5,2.93,0,0,1,1,1,1,1,0,0,1,0,0,-4.8135,1.659,-0.3654,1.0189
KL0633,Group1,63,0,24.4,2.52,0,0,0,0,0,0,0,0,1,2,0,2,-3.358,-0.9208,0.9833,-1.5476
KL0634,Group1,60,0,24.4,3.68,1,0,1,1,1,1,0,2,1,0,0,1,-3.6076,0.4288,-0.46,-0.5896
KL0635,Group1,66,0,26.3,3.2,1,0,0,0,0,0,1,1,1,0,1,1,-3.9919,0.6759,1.6402,-0.9128
KL0636,Group1,55,0,25,3.33,0,0,1,1,1,1,0,1,0,0,0,1,-5.0063,-0.1994,-0.224,-0.096
KL0637,Group1,39,0,21.8,2.21,0,0,1,1,1,0,2,1,2,1,2,1,-4.2652,0.7733,0.9312,-1.1534
KL0638,Group1,66,1,28.4,2.76,0,0,0,0,0,1,1,1,0,2,0,0,-3.7952,1.0608,1.019,0.0129
KL0639,Group1,65,0,21.4,2.08,0,0,1,1,1,0,0,0,2,0,1,1,-3.9993,-1.8265,-1.3823,1.3282
KL0640,Group1,46,1,26.3,2.67,0,0,1,1,1,0,0,1,1,0,1,0,-4.0674,-1.0325,-3.1457,-0.258
KL0641,Group1,58,1,25.3,3.87,1,0,1,1,1,0,1,1,1,0,1,1,-2.564,1.3057,-1.325,-1.8114
KL0642,Group1,64,0,21,2.9,0,0,1,1,0,0,0,1,0,1,0,1,-4.4296,-0.5364,-0.5414,-0.9085
KL0643,Group1,40,0,18.9,4.15,0,0,1,1,1,0,1,1,1,0,0,0,-5.8263,1.605,-0.9669,-0.3299
KL0644,Group1,62,1,23.9,3.5,0,0,1,1,1,0,1,0,0,1,1,1,-4.5473,0.58,0.8794,-0.9005
KL0645,Group1,68,1,16.9,2.47,0,0,0,0,0,0,0,1,1,0,0,1,-4.4714,0.1876,0.3182,-0.7886
KL0646,Group1,80,0,22.4,3.26,0,0,2,2,0,0,0,0,2,0,1,1,-4.4222,0.3546,-0.3455,0.1045
KL0647,Group1,56,1,24.8,2.74,0,0,0,0,0,1,2,0,1,1,1,0,-4.5868,1.378,-0.1787,2.3286
KL0648,Group1,51,0,22.8,1.7,0,0,1,1,1,0,0,1,1,0,0,0,-4.0097,1.5573,2.9043,0.8702
KL0649,Group1,44,0,27.7,2.12,0,0,0,0,0,0,0,0,0,0,0,0,-1.9236,0.671,2.26,0.0037
KL0650,Group1,49,0,30.9,3.33,0,0,1,1,1,0,0,0,0,0,0,0,-3.6802,1.5919,-1.9815,-0.4444
KL0651,Group1,60,0,27.3,2.26,0,0,1,1,1,0,0,2,0,0,2,1,-3.1054,-0.4134,0.0128,1.6396
KL0652,Group1,51,0,29.1,3.41,0,0,0,0,0,0,1,0,0,0,1,1,-4.9245,-1.3808,-0.6807,-0.0586
KL0653,Group1,39,1,21.8,2.55,0,0,2,2,1,0,0,1,1,0,2,1,-4.4195,0.9863,1.6788,1.8087
KL0654,Group1,37,0,22.3,2.08,0,0,0,0,0,0,0,1,1,0,0,1,-2.9895,0.3801,-0.2153,-0.2107
KL0655,Group1,58,0,26.4,2.68,0,0,0,0,0,1,0,0,1,0,0,1,-3.1742,0.2266,0.6617,0.068
KL0656,Group1,49,1,23,3.35,0,0,0,0,0,0,0,0,1,2,0,1,-4.3299,0.4707,-0.3299,-2.6691
KL0657,Group1,43,1,24.9,2.88,1,0,0,0,0,0,0,1,1,1,0,0,-2.3518,-0.8576,-1.2382,1.935
KL0658,Group1,51,1,24.9,2.36,0,0,0,0,0,1,0,1,1,1,2,0,-4.4896,-1.6439,0.5963,0.7837
KL0659,Group1,43,0,20.9,2.77,0,0,0,0,0,2,0,1,0,0,0,0,-2.9237,-0.3956,0.6229,-1.9185
KL0660,Group1,43,0,22,1.55,0,0,1,1,1,1,0,0,1,1,1,2,-3.7197,1.6075,0.3653,1.8772
KL0661,Group1,45,1,24.3,2.45,1,0,1,1,1,1,2,0,1,1,0,0,-2.6984,0.657,0.2367,-0.7875
KL0662,Group1,47,1,25,2.04,0,0,0,0,0,0,1,0,2,2,0,1,-2.9679,1.3609,-1.0072,1.0335
KL0663,Group1,57,0,27.3,2.77,0,0,0,0,0,0,0,1,2,1,2,2,-3.2174,0.1914,0.8027,-0.9142
KL0664,Group1,78,1,21.5,2.6,1,0,2,2,2,0,0,1,1,0,2,0,-5.1464,0.4677,-0.6648,0.6688
KL0665,Group1,43,1,23.2,3.3,0,0,1,1,1,1,1,0,1,1,1,1,-3.8785,2.1995,0.1261,-0.3211
KL0666,Group1,60,0,19.6,2.43,0,0,1,1,1,0,0,1,1,0,1,0,-4.4557,0.6056,0.6019,-1.0444
KL0667,Group1,57,0,26.1,3.05,0,0,1,1,1,0,0,1,1,1,1,0,-3.4503,0.9072,-0.0253,0.6519
KL0668,Group1,46,0,18.4,3.03,0,0,0,0,0,0,0,2,1,0,0,1,-4.4466,-0.8283,-2.7407,0.5186
KL0669,Group1,60,0,22.4,2.15,0,0,0,0,0,0,1,0,1,0,0,0,-3.4247,1.6078,-2.3872,1.8037
KL0670,Group1,42,1,23.3,1.5,0,0,0,0,0,2,0,1,1,1,0,2,-4.4767,3.418,-0.734,-0.9355
KL0671,Group1,63,1,25.3,1.2,0,0,0,0,0,0,1,0,1,1,1,1,-4.8595,-0.037,-0.391,-0.8918
KL0672,Group1,63,1,21.4,3.58,1,0,1,1,1,1,1,0,0,0,0,0,-4.5448,0.5394,-0.297,-0.1911
KL0673,Group1,37,0,26.6,3.03,0,0,0,0,0,0,0,1,0,0,0,0,-4.9176,1.2832,-0.0056,1.043
KL0674,Group1,46,0,22.9,3.64,0,0,1,1,1,0,0,1,2,1,1,0,-3.7603,1.3455,0.0101,-1.3054
KL0675,Group1,73,0,25.2,2.65,1,0,0,0,0,1,0,1,0,2,1,1,-2.7952,-0.1632,-0.0115,1.4044
KL0676,Group1,50,0,24.3,3.26,0,0,1,1,1,0,0,2,0,2,1,0,-4.4376,-1.7229,1.1765,1.18
KL0677,Group1,49,1,22,2.35,0,0,0,0,0,0,1,0,1,2,0,0,-4.9939,1.0824,-2.7592,0.6803
KL0678,Group1,56,1,29,3.19,1,0,0,0,0,1,0,0,0,1,1,2,-5.9465,0.9991,-0.1703,2.354
KL0679,Group1,54,0,30.7,3.05,1,0,1,1,1,0,1,0,1,0,0,0,-3.4581,1.0693,-1.5964,1.2498
KL0680,Group1,56,1,19.9,3.43,0,0,1,1,1,0,0,1,1,2,1,0,-4.4456,-0.365,0.219,1.1737
KL0681,Group1,53,0,17.9,2.39,0,0,0,0,0,2,1,2,0,0,1,0,-2.7116,-0.6505,0.9742,-1.6807
KL0682,Group1,43,0,24.5,3.3,1,0,1,1,1,0,0,0,1,1,0,1,-4.2571,1.6724,0.824,-1.9825
KL0683,Group1,46,0,22,2.26,0,0,1,1,1,0,1,2,1,1,1,1,-3.8931,0.0436,1.5766,-1.2371
KL0684,Group1,50,1,26.6,2.81,1,0,0,0,0,0,0,1,1,0,0,2,-2.9257,-0.1989,0.1551,0.5014
KL0685,Group1,60,0,25.4,2.21,0,0,0,0,0,0,0,1,0,0,1,1,-3.3906,-1.9128,0.5237,1.5183
KL0686,Group1,60,0,23.4,2.86,0,0,0,0,0,0,1,0,0,0,1,1,-3.221,-0.3534,0.1891,-0.1109
KL0687,Group1,60,1,27.3,3.38,0,0,0,1,0,0,1,0,1,1,0,1,-4.1038,-0.1435,-1.0239,-1.1665
KL0688,Group1,48,0,25.3,2.28,0,0,1,1,0,0,0,0,0,1,2,0,-4.4037,-1.2967,0.0612,-1.8059
KL0689,Group1,43,1,19.6,2.63,0,0,1,1,1,0,0,1,0,0,1,1,-4.9137,2.0874,-2.0969,-0.7259
KL0690,Group1,75,1,22.6,3.55,0,0,2,2,2,1,0,1,1,2,2,0,-3.8862,-0.134,1.5198,0.1086
KL0691,Group1,53,1,25.8,2.95,0,0,0,0,0,1,2,2,0,1,0,1,-4.6286,-1.7966,1.0924,1.1488
KL0692,Group1,62,0,20.7,2.98,0,0,0,0,0,0,0,2,1,0,0,1,-4.1135,-0.9765,1.1315,-2.3087
KL0693,Group1,53,1,29,3.55,1,0,0,0,0,1,0,0,1,0,0,0,-3.33,0.5679,-0.132,0.355
KL0694,Group1,68,0,19.6,2.48,0,0,2,2,2,0,0,1,1,0,0,2,-4.224,0.1823,-0.0192,1.1932
KL0695,Group1,62,0,28.3,3.71,0,0,2,2,2,0,1,0,0,1,1,1,-3.8368,0.0498,1.3044,0.8028
KL0696,Group1,59,1,27.4,3.15,0,0,1,1,1,0,0,1,0,0,0,1,-3.3554,1.6319,2.1868,1.8376
KL0697,Group1,62,1,25,3.18,0,0,0,0,0,0,1,0,1,0,0,1,-5.7812,-0.1652,1.0996,-0.7353
KL0698,Group1,62,1,26.2,1.98,1,0,0,0,0,0,0,1,1,0,0,1,-3.41,-1.2542,-1.1663,-1.0688
KL0699,Group1,53,1,19,2.78,0,0,0,0,0,0,2,0,0,1,0,0,-3.4559,1.4183,-1.1846,-0.6202
KL0700,Group1,57,1,22.9,3.81,1,0,0,0,0,0,0,1,0,1,0,0,-3.79,-0.8666,-0.3322,-2.4412
KL0701,Group1,59,0,30.5,3.11,0,0,0,0,0,0,0,1,0,1,0,1,-3.7687,-0.5111,-0.9927,0.8025
KL0702,Group1,49,0,26.6,1.28,0,0,1,1,1,0,0,0,1,0,1,1,-4.1227,-0.317,1.0798,0.3487
KL0703,Group1,50,0,25.8,2.27,0,0,0,0,0,0,0,0,0,2,1,1,-5.3816,0.726,-0.8773,-0.9152
KL0704,Group1,52,0,24.5,2.87,0,0,0,0,0,0,0,1,1,0,1,0,-4.7482,0.9916,0.3178,1.9388
KL0705,Group1,58,1,26.6,2.42,0,0,0,0,0,0,0,0,0,1,0,0,-2.9169,-0.5575,0.136,-0.5301
KL0706,Group1,59,1,24,3.51,1,0,0,0,1,0,1,1,1,0,1,0,-3.8658,1.1736,0.3369,1.0055
KL0707,Group1,60,0,21,2.39,0,0,0,0,0,0,0,0,1,1,1,2,-3.2368,1.6734,-0.952,-0.0669
KL0708,Group1,42,1,19.8,2.71,0,0,0,0,0,0,0,0,1,1,1,1,-4.3479,0.1663,0.6559,0.2349
KL0709,Group1,70,1,28.9,3.82,0,0,1,1,1,0,1,2,1,0,1,1,-3.7556,0.1349,2.5639,-0.0745
KL0710,Group1,56,1,22.5,2.12,1,0,2,2,2,0,0,1,0,0,0,0,-4.6158,1.5527,0.4048,-0.5971
KL0711,Group1,57,1,25.6,3.59,0,0,0,0,0,0,0,1,2,0,2,2,-2.9371,1.4138,0.9468,0.8578
KL0712,Group1,54,1,25.4,3.04,1,0,0,0,2,0,0,0,0,0,1,1,-2.5783,-1.7574,1.2645,2.0528
KL0713,Group1,44,1,24.8,3.61,0,0,0,0,0,0,1,0,1,1,0,0,-4.7203,0.4693,-0.06,-0.852
KL0714,Group1,60,1,26.7,4.03,0,0,0,0,0,0,0,1,0,1,0,1,-3.7528,1.2858,0.1369,0.2686
KL0715,Group1,42,0,27.4,2.77,0,0,0,0,0,1,1,2,1,0,0,1,-4.0187,-0.4212,-0.6642,-2.1462
KL0716,Group1,50,1,19.5,2.42,0,0,0,0,0,0,0,2,0,1,1,1,-4.9573,-1.2043,-0.074,0.5844
KL0717,Group1,62,1,20.2,2.74,1,0,2,2,2,0,1,1,0,2,1,2,-4.6067,-0.9133,0.4207,2.2379
KL0718,Group1,60,0,26.5,3.07,0,0,2,2,2,0,1,1,0,0,0,0,-2.8248,1.3903,-0.3569,0.2686
KL0719,Group1,56,0,23,2.23,0,0,1,1,1,0,0,0,0,1,0,1,-3.4938,1.3776,0.3083,-0.551
KL0720,Group1,51,0,23.2,1.93,0,0,1,1,1,0,0,1,0,0,2,0,-4.5206,1.2258,-0.8345,-0.2341
KL0721,Group1,53,1,23.1,2.92,0,0,1,1,1,0,1,1,0,1,0,1,-4.1653,0.2594,0.7633,0.8011
KL0722,Group1,48,0,20.1,1.78,0,0,0,1,0,1,1,1,0,0,0,2,-4.6809,-1.3192,-0.4187,-0.7432
KL0723,Group1,56,1,24.5,2.17,0,0,0,0,0,0,1,1,2,0,2,1,-2.9853,-1.6647,-0.3085,2.1784
KL0724,Group1,55,0,28.2,3.31,1,0,0,0,0,0,0,1,0,2,1,0,-4.3339,-2.0502,-0.0261,-1.337
KL0725,Group1,64,0,21.7,2.77,0,0,0,0,0,0,1,0,1,1,1,0,-2.3409,1.6108,0.7062,-0.1753
KL0726,Group1,61,0,24.2,2.95,0,0,0,0,0,0,0,0,0,0,0,2,-3.5807,1.0216,0.8433,-1.1481
KL0727,Group1,63,0,24.3,3.16,0,0,1,1,1,0,1,1,1,0,1,2,-4.2043,0.0588,-0.5708,2.6381
KL0728,Group1,59,0,18.9,1.55,1,0,0,0,0,0,0,2,0,0,0,0,-4.9134,0.602,-1.4274,-1.2907
KL0729,Group1,37,1,26.6,2.85,0,0,1,1,2,1,0,1,0,0,1,0,-4.4943,0.9698,0.0025,0.661
KL0730,Group1,59,1,28.6,3.83,0,0,0,0,0,0,1,0,1,1,0,1,-2.1571,-0.76,-1.6377,0.8696
KL0731,Group1,43,0,28.3,2.85,0,0,0,0,0,1,1,0,0,1,1,1,-5.1099,0.9443,1.5563,-0.3671
KL0732,Group1,71,1,23.6,3.31,1,0,0,0,0,0,0,0,1,0,0,1,-3.3798,1.9743,0.8212,0.2619
KL0733,Group1,58,0,26.9,2.84,0,0,0,0,0,0,0,2,1,0,2,1,-2.9088,-0.6761,0.6849,1.0377
KL0734,Group1,50,1,30.1,3.38,0,0,1,1,1,1,1,1,1,1,2,0,-3.7242,-1.1936,-1.4675,1.001
KL0735,Group1,53,0,22.6,2.99,0,0,0,0,0,1,0,0,0,1,1,0,-2.9546,1.4933,-0.1384,-1.7381
KL0736,Group1,63,0,22.9,3.96,1,0,2,2,2,1,0,0,0,2,2,0,-4.3977,0.4624,-1.2275,0.634
KL0737,Group1,52,1,28.2,4.02,1,0,1,1,1,0,1,0,0,1,1,0,-2.9097,-0.5886,-1.3401,0.2526
KL0738,Group1,69,0,23.6,2.78,0,0,0,0,0,0,1,1,1,1,0,1,-3.9797,1.3802,-0.3085,-0.6181
KL0739,Group1,49,0,23.7,2.72,0,0,0,0,0,0,1,1,0,0,0,1,-4.4994,0.3309,0.3986,0.1683
KL0740,Group1,56,0,18.6,1.37,0,0,0,0,0,1,1,0,0,2,1,1,-4.3547,1.5068,-2.7188,-0.9122
KL0741,Group1,56,0,25.7,3.69,1,0,1,1,1,0,1,2,2,0,1,0,-3.792,0.4068,0.9318,-1.5076
KL0742,Group1,60,0,22.7,2.05,0,0,0,0,0,0,0,1,0,1,0,1,-3.2916,-2.1257,-2.8673,0.9244
KL0743,Group1,65,0,24.2,3.34,1,0,0,0,2,0,0,1,1,0,0,1,-3.5833,-0.8904,-2.4336,1.6742
KL0744,Group1,58,0,25.8,2.98,0,0,1,1,1,1,1,0,2,1,0,0,-3.6392,-1.5219,0.3292,-1.7571
KL0745,Group1,68,0,20,2.59,0,0,0,0,0,0,0,0,1,1,0,1,-4.0316,-2.6326,0.0974,-1.9101
KL0746,Group1,57,0,22.1,2.14,0,0,0,0,0,1,1,1,1,1,0,0,-4.4505,-0.1222,-1.0032,1.0706
KL0747,Group1,37,1,26.3,3.77,1,0,2,0,0,0,1,2,0,0,0,1,-3.6579,-0.7119,0.2538,1.2449
KL0748,Group1,71,0,20.6,1.89,1,0,1,1,1,0,1,0,0,1,0,1,-5.1346,-0.4446,0.1686,2.8398
KL0749,Group1,56,1,23.2,4.72,1,0,1,1,1,0,1,1,1,0,0,1,-3.3884,0.1621,-1.4393,-0.61
KL0750,Group1,76,0,21.3,3.21,0,0,0,0,0,1,1,0,2,1,0,0,-3.1229,-0.3354,-0.8961,1.1176
KL0751,Group1,64,1,27.3,3.22,0,0,1,1,1,0,1,0,1,1,0,1,-5.9353,-0.9505,-1.9691,0.2523
KL0752,Group1,64,1,19.8,3.02,1,0,1,1,1,0,1,0,1,2,1,1,-4.8968,0.4715,0.8015,-0.9525
KL0753,Group1,53,0,25.1,2.45,0,0,1,1,1,0,1,0,0,0,0,1,-4.8144,0.9135,0.1586,-0.6923
KL0754,Group1,71,1,24.5,2.87,0,0,1,1,1,0,1,2,1,0,1,1,-3.6347,-0.5723,-0.0477,1.5488
KL0755,Group1,59,0,26.1,1.95,0,0,0,0,0,0,1,1,0,1,1,1,-3.0564,-1.299,1.218,-0.2248
KL0756,Group1,44,1,18.9,3.12,0,0,1,1,1,1,0,0,2,0,0,0,-4.3187,0.0326,-0.1203,0.6096
KL0757,Group1,69,0,24.1,2.74,0,0,1,1,1,0,1,0,0,0,1,1,-3.7023,-0.1894,1.7349,-0.9249
KL0758,Group1,51,0,26.3,2.99,0,0,1,1,1,0,0,0,1,1,0,1,-2.5389,0.7197,0.7103,1.5667
KL0759,Group1,54,1,27.8,3.22,1,0,0,0,0,1,0,1,0,0,0,0,-3.6826,-0.156,0.6483,1.2675
KL0760,Group1,53,0,24.9,3.12,0,0,0,0,0,0,0,1,0,1,0,0,-3.5282,-1.4811,1.0869,1.9235
KL0761,Group1,56,1,27.5,2.55,0,0,0,0,0,1,1,0,1,1,1,0,-1.3835,-0.1157,-0.9773,-0.0909
KL0762,Group1,70,1,23.8,3.05,0,0,1,1,0,0,1,1,0,1,1,0,-4.473,1.6082,-1.5415,-2.1805
KL0763,Group1,48,0,23.8,3.32,0,0,0,0,0,1,1,0,0,1,1,1,-3.6509,-2.5585,-0.4752,1.9733
KL0764,Group1,55,1,24.5,2.18,0,0,0,0,0,0,1,1,1,1,0,0,-5.4016,-0.998,0.886,0.4374
KL0765,Group1,56,0,22,2.1,1,0,0,0,0,0,1,1,1,0,0,0,-4.6508,-0.623,-2.0841,-0.11
KL0766,Group1,59,1,23.6,2.94,1,0,1,1,0,0,1,1,0,2,1,0,-5.5388,-0.3924,0.4469,-1.3468
KL0767,Group1,55,1,23.8,3.48,0,0,2,2,2,0,2,1,1,1,0,2,-4.3979,-1.0962,-0.1378,-1.1158
KL0768,Group1,60,0,24.4,3.33,0,0,1,1,1,1,1,1,1,0,1,1,-2.7362,2.2783,-0.098,1.8615
KL0769,Group1,59,1,20.8,2.7,0,0,0,0,0,0,0,0,2,0,1,1,-2.5522,3.3773,0.8964,0.8281
KL0770,Group1,47,1,23.8,3.06,0,0,0,0,0,1,1,0,0,1,1,1,-3.9935,0.1009,-0.7156,1.7112
KL0771,Group1,54,0,20.3,2.89,0,0,0,0,0,1,1,1,0,0,1,1,-2.5608,1.2654,1.4507,-0.0707
KL0772,Group1,44,0,25.9,2.07,0,0,1,1,1,0,1,0,1,0,0,2,-5.2535,-3.0204,-0.2372,-0.1842
KL0773,Group1,58,0,19.5,2.66,0,0,1,1,1,0,0,0,0,0,1,1,-3.2226,0.0322,-1.1837,1.0695
KL0774,Group1,60,1,28.3,2.69,0,0,0,0,0,0,1,2,1,1,2,1,-4.2764,-0.6733,1.8959,-0.4992
KL0775,Group1,45,1,21,2.52,1,0,1,1,1,0,0,1,1,1,1,0,-4.6368,-1.3922,0.1627,1.8379
KL0776,Group1,52,1,26.7,2.57,0,0,1,1,1,1,1,0,1,0,1,0,-5.5703,2.4979,-2.4974,2.5726
KL0777,Group1,52,0,26.8,2.57,0,0,0,0,0,0,0,0,1,0,0,0,-5.0887,-0.5728,-1.1124,-1.1261
KL0778,Group1,42,0,25.2,2.67,0,0,1,1,1,0,0,1,1,1,0,0,-2.6421,1.5856,1.6534,-0.5023
KL0779,Group1,48,1,19.7,1.97,0,0,0,0,0,0,1,1,0,0,1,0,-4.1011,-0.1281,-0.7846,-1.4526
KL0780,Group1,49,1,22,3.16,0,0,0,0,0,0,0,1,2,2,1,0,-4.2756,-0.3318,0.7183,0.7712
KL0781,Group1,78,1,20.5,3,0,0,0,1,0,0,1,0,0,2,0,1,-4.5625,0.8817,-1.9745,3.1828
KL0782,Group1,45,0,22.8,2.43,0,0,0,0,1,0,1,1,1,1,0,0,-2.9156,-0.9069,-0.0561,-2.7263
KL0783,Group1,56,0,22.1,1.69,0,0,0,0,0,1,1,1,1,1,2,0,-4.5722,-2.3794,0.9067,1.6735
KL0784,Group1,59,0,20.4,4.82,0,0,2,2,2,0,2,0,1,0,1,0,-4.2618,-1.0916,1.0309,2.0357
KL0785,Group1,60,0,23.2,2.93,0,0,1,0,1,0,2,0,1,1,0,1,-3.7669,0.1024,-0.4105,2.5665
KL0786,Group1,49,0,23.1,2.75,0,0,0,0,0,0,1,0,0,0,1,1,-3.201,-0.1357,-4.334,0.4902
KL0787,Group1,37,0,17.6,1.48,0,0,0,0,0,0,0,1,1,2,1,0,-3.9936,0.7673,-0.6816,-0.5084
KL0788,Group1,45,0,24,2.92,1,0,1,1,1,0,0,1,0,1,1,1,-3.6937,-0.859,-1.4394,0.8437
KL0789,Group1,50,0,29.1,3.76,0,0,1,1,1,0,1,1,0,0,2,1,-4.0723,2.8465,0.0932,-1.0671
KL0790,Group1,41,0,22.5,2.04,0,0,0,0,0,0,1,0,0,0,0,0,-4.3662,0.4445,-0.0589,2.0362
KL0791,Group1,61,1,26.4,3.01,0,0,0,0,0,1,0,1,1,1,1,1,-2.9043,-1.3113,-0.4813,1.0647
KL0792,Group1,55,1,24.5,2.21,0,0,0,0,0,0,0,0,0,0,0,1,-3.6898,1.5864,0.7232,0.3458
KL0793,Group1,37,0,23.7,2.78,0,0,2,2,2,0,0,2,2,0,2,0,-3.6912,0.4617,-0.385,0.2753
KL0794,Group1,49,1,26.4,3.54,1,0,0,2,0,1,2,0,0,0,0,1,-4.1637,-0.6301,0.3789,0.6788
KL0795,Group1,43,0,25.3,2.08,0,0,1,1,1,0,0,1,1,0,0,0,-2.6124,-1.6132,0.0601,-1.729
KL0796,Group1,55,1,26.2,2.89,0,0,1,1,1,0,0,1,1,0,0,0,-2.7256,0.5261,1.4101,0.2369
KL0797,Group1,71,1,25.3,3.31,0,0,1,1,1,0,0,1,0,0,0,0,-5.0774,-1.7887,-0.1124,-1.9603
KL0798,Group1,57,0,17.6,1.64,0,0,1,1,1,0,0,1,0,0,0,0,-4.2915,1.1837,0.6577,2.0432
KL0799,Group1,55,1,20.2,2.95,0,0,1,1,1,0,0,1,0,1,1,1,-3.5852,0.991,1.7231,2.9734
KL0800,Group1,62,0,22,3.67,0,0,1,1,1,0,1,0,0,1,1,0,-3.5342,0.2737,0.1763,-0.7824
KL0801,Group1,47,0,24.4,2.23,0,0,0,0,0,0,1,1,0,1,0,1,-3.1066,0.7792,0.3872,-1.5132
KL0802,Group1,46,0,23.3,2.9,0,0,0,0,0,1,0,0,1,2,0,0,-4.9703,0.1951,0.0228,1.2171
KL0803,Group1,55,0,18.9,3.18,1,0,1,1,1,0,0,0,0,0,1,1,-3.047,-0.21,1.0285,2.5006
KL0804,Group1,60,0,19,3.46,0,0,0,0,0,0,0,0,0,0,0,0,-4.408,0.6168,-0.7336,-0.9818
KL0805,Group1,55,1,24,2.03,0,0,0,0,0,0,2,0,0,0,1,0,-3.5635,-0.0941,0.2666,-1.7612
KL0806,Group1,60,0,25.1,3.78,0,0,1,1,1,0,2,1,1,0,0,1,-5.3579,0.3124,1.0328,2.0584
KL0807,Group1,69,0,25.4,3.3,0,0,0,0,0,0,1,1,1,1,0,1,-3.3304,-0.9689,1.5534,0.1416
KL0808,Group1,64,1,26.6,3.43,1,0,0,0,0,0,2,2,1,1,0,1,-2.8525,0.4962,-1.2615,-0.1551
KL0809,Group1,57,0,27.2,3.84,0,0,0,0,0,0,1,0,0,1,0,0,-3.3362,-1.0135,2.4972,-1.6415
KL0810,Group1,65,0,23.8,2.25,0,0,1,1,1,1,0,0,2,0,0,0,-2.4002,-1.2583,0.1247,1.0691
KL0811,Group1,62,1,19.6,2.82,0,0,0,0,0,0,2,0,0,1,0,2,-3.933,0.4802,-0.8565,-1.3141
KL0812,Group1,65,1,22.8,5.26,1,0,2,2,2,0,1,1,1,1,1,2,-4.5734,-0.8643,3.0133,2.1927
KL0813,Group1,62,1,27.9,3.5,0,0,1,1,1,1,1,2,0,2,1,0,-5.209,1.023,0.9122,0.172
KL0814,Group1,78,0,26.5,3.45,0,0,0,0,0,0,0,1,0,1,0,0,-2.3773,-1.2867,0.1955,1.0845
KL0815,Group1,70,0,25.2,3.67,0,0,1,1,1,0,0,0,2,0,1,0,-2.8232,0.741,-0.5237,1.2292
KL0816,Group1,42,0,25.5,3.06,1,0,1,1,1,0,0,1,0,2,0,0,-3.8688,-1.7146,-0.403,0.1257
KL0817,Group1,67,1,20.8,3.2,0,0,0,0,0,1,1,1,0,2,1,0,-4.849,-0.6234,1.4856,-1.6738
KL0818,Group1,55,1,27.8,3.14,0,0,0,0,1,0,0,0,2,0,1,1,-2.2264,2.1267,3.7656,0.71
KL0819,Group1,56,1,22.5,2.07,0,0,0,0,0,1,1,0,1,1,0,1,-3.0922,0.5448,1.909,-0.2246
KL0820,Group1,57,0,27.9,2.68,1,0,0,0,0,0,1,1,1,0,0,1,-3.9883,-0.5198,-1.4036,-0.6208
KL0821,Group1,40,1,25.2,2.77,0,0,0,0,0,0,0,0,2,1,0,1,-4.1944,-1.8094,0.4824,1.5574
KL0822,Group1,58,0,29.5,3.43,0,0,1,1,1,0,0,0,0,0,0,0,-2.7406,-0.9855,0.6925,0.6589
KL0823,Group1,67,0,17.9,3.11,1,0,1,1,1,0,0,0,0,1,0,2,-4.7766,-0.8763,-0.8843,-0.1824
KL0824,Group1,46,1,28.3,2.89,0,0,1,1,1,0,0,1,2,1,1,1,-4.1259,0.8246,0.5387,-1.2196
KL0825,Group1,55,1,17.3,3.45,0,0,0,0,0,0,1,1,0,1,1,0,-3.9491,-0.2401,0.208,0.052
KL0826,Group1,51,1,21.6,3.26,1,0,0,0,0,0,0,1,1,1,0,0,-3.1369,-0.8886,-0.1348,1.0129
KL0827,Group1,62,1,23,2.86,0,0,1,1,1,2,1,0,0,1,1,0,-2.8369,-0.1265,2.5874,0.835
KL0828,Group1,68,0,22.3,3.15,0,0,0,0,0,0,1,0,1,0,1,1,-3.8136,0.1414,-1.2474,0.3027
KL0829,Group1,34,1,27.2,2.26,0,0,1,1,1,0,0,0,1,2,1,2,-3.6771,2.5386,-1.4979,-0.1297
KL0830,Group1,67,0,30.5,3.69,0,0,1,1,0,0,1,0,1,2,0,0,-5.2098,-0.7322,1.8708,-1.4651
KL0831,Group1,59,0,26.9,1.26,0,0,0,0,0,1,1,2,1,0,0,1,-4.0024,-0.1415,-0.9099,0.1846
KL0832,Group1,66,1,30.5,3.5,0,0,0,0,0,0,1,1,0,0,0,0,-4.3569,-1.7969,-0.3934,-3.1729
KL0833,Group1,53,1,28.5,3.07,0,0,0,0,0,0,1,1,1,0,0,1,-5.2461,0.6137,0.4663,0.3933
KL0834,Group1,59,0,22.6,1.73,0,0,0,0,0,1,1,2,0,1,0,0,-4.2227,-1.4018,-0.392,1.5471
KL0835,Group1,55,0,23.4,3.24,0,0,1,1,1,0,1,1,1,0,1,1,-4.7856,0.4718,0.9124,-0.4962
KL0836,Group1,47,1,21.1,2.64,0,0,0,0,0,0,1,1,1,0,1,0,-5.1108,1.0086,1.2509,1.3582
KL0837,Group1,62,1,26.7,2.31,0,0,0,0,0,1,1,0,0,0,0,1,-5.3989,-0.2998,0.1269,3.5922
KL0838,Group1,42,1,22.6,2.9,0,0,2,2,2,0,0,0,1,1,1,0,-3.4053,0.3361,-0.2887,0.8092
KL0839,Group1,34,1,25.3,3.31,1,0,1,1,1,0,1,1,0,0,1,1,-3.4731,0.7947,0.9277,-0.5754
KL0840,Group1,43,0,23,2.31,1,0,0,0,0,2,0,0,0,2,1,0,-3.8681,-0.7739,-0.7614,-0.6955
KL0841,Group1,51,1,29.4,3.16,1,0,2,2,2,0,0,1,0,1,1,0,-4.1953,0.1535,0.8813,0.6004
KL0842,Group1,54,0,18.4,2.08,0,0,0,0,0,0,1,0,1,1,0,2,-4.2502,0.2438,0.8438,-1.6428
KL0843,Group1,53,0,22.7,2.64,0,0,2,2,2,0,0,1,0,0,1,0,-4.0507,0.8292,-0.1449,0.6217
KL0844,Group1,41,1,20.9,2.25,0,0,0,0,1,0,1,0,0,0,2,1,-3.6562,-0.1311,-0.0795,0.964
KL0845,Group1,60,1,20.9,3.6,0,0,1,1,1,0,0,1,0,0,2,0,-4.544,1.0862,-2.3656,-3.2665
KL0846,Group1,80,0,23.7,3.38,1,0,1,1,1,0,0,0,2,1,0,1,-3.3111,-2.0284,0.6099,-0.7117
KL0847,Group1,58,0,27.6,3.03,0,0,1,1,1,0,1,1,1,0,0,1,-4.1076,1.2347,0.18,1.9943
KL0848,Group1,55,0,19.2,3.03,0,0,0,0,0,0,0,0,0,0,0,1,-4.0959,1.6726,0.2958,-1.9037
KL0849,Group1,43,0,20.1,2.17,1,0,0,0,0,0,1,1,0,0,1,2,-2.8322,-0.2784,-0.3567,2.4523
KL0850,Group1,40,0,23.8,1.88,0,0,0,0,0,0,0,0,0,1,0,0,-3.0641,-0.4032,-0.235,-0.1622
KL0851,Group1,50,1,23.8,2.6,0,0,1,1,1,0,0,2,0,1,1,1,-3.9249,0.6782,0.2504,-1.8515
KL0852,Group1,63,1,26,3.84,1,0,0,0,0,0,0,1,1,1,0,2,-3.8936,-1.6099,-0.0119,0.84
KL0853,Group1,56,1,19.5,2.74,0,0,0,0,0,0,0,1,0,0,0,0,-4.1473,1.5669,0.9517,1.2648
KL0854,Group1,41,1,20.7,2.79,0,0,2,2,2,0,0,1,1,1,0,1,-4.0804,1.0628,-2.1088,1.2368
KL0855,Group1,68,0,27.4,2.71,0,0,1,1,1,0,0,0,0,0,1,0,-3.0745,-0.7697,-1.1449,0.2197
KL0856,Group1,66,0,21.2,2.39,0,0,1,1,1,1,0,0,1,2,0,0,-4.674,-0.63,1.009,1.6073
KL0857,Group1,55,1,22.4,2.15,0,0,0,0,1,0,2,1,2,0,1,0,-4.8484,0.5369,-0.7808,-0.4598
KL0858,Group1,69,0,27.8,2.86,0,0,0,0,0,0,1,0,1,1,1,0,-3.6962,-0.9824,0.0581,1.1353
KL0859,Group1,63,0,25.9,3.84,0,0,1,1,1,0,0,1,0,0,2,2,-3.0218,0.2694,1.211,-0.1543
KL0860,Group1,51,0,21.8,2.1,0,0,0,0,0,0,0,1,2,1,0,1,-4.0169,0.5854,0.265,0.4056
KL0861,Group1,43,1,26.1,4.14,0,0,1,1,1,0,2,0,0,0,1,1,-4.0483,1.381,-3.8863,-0.2846
KL0862,Group1,68,1,25.1,3.39,1,0,0,0,0,1,0,0,0,0,0,0,-5.4908,-0.9041,-0.2446,-0.8579
KL0863,Group1,42,0,27.3,2.6,0,0,0,0,0,0,1,1,1,0,0,1,-4.0363,0.2278,1.502,1.764
KL0864,Group1,64,1,23,4.11,1,0,2,2,2,1,0,0,0,0,1,0,-3.1045,0.8979,0.6879,0.6741
KL0865,Group1,48,1,28.2,2.67,0,0,2,2,2,1,0,0,0,0,0,0,-2.8006,-0.3892,-0.6467,-0.5078
KL0866,Group1,51,0,27,1.88,1,0,0,0,0,0,2,1,1,1,1,0,-4.2274,-0.9014,1.3365,0.0068
KL0867,Group1,70,1,24.9,3.3,0,0,0,0,0,0,1,1,0,0,0,1,-4.2175,-1.4543,-1.5756,-2.3648
KL0868,Group1,42,0,23.5,1.91,0,0,0,0,1,0,1,0,0,0,2,0,-3.2544,0.9977,-0.4635,0.046
KL0869,Group1,60,0,25.1,2.36,0,0,1,1,1,0,0,1,0,1,1,1,-5.3699,-0.3384,2.3758,-0.7872
KL0870,Group1,64,0,24.3,2.62,0,0,0,0,0,0,0,0,0,1,0,1,-4.2083,-1.5181,0.2237,-0.5828
KL0871,Group1,50,1,25.2,2.04,0,0,0,0,0,0,1,0,0,0,1,1,-4.3355,0.0027,-1.9646,1.258
KL0872,Group1,49,0,18.5,1.96,0,0,0,0,0,0,0,1,1,1,1,1,-4.0228,-2.3604,1.1857,-1.1571
KL0873,Group1,60,1,17.7,2.55,0,0,1,1,1,0,1,1,0,0,1,1,-3.6613,0.3809,-1.7013,1.0881
KL0874,Group1,55,0,14,2.24,0,0,0,0,0,0,0,0,2,0,0,1,-3.8612,-0.2422,1.2471,0.4294
KL0875,Group1,54,1,24.5,3.48,1,0,1,1,1,0,1,1,2,1,1,1,-3.009,-0.4621,-0.0442,-0.1006
KL0876,Group1,54,0,20.6,2.3,0,0,0,0,0,0,0,2,1,0,1,1,-4.3427,0.4769,0.357,-1.0652
KL0877,Group1,51,0,22.4,1.88,0,0,1,1,1,0,0,2,1,0,0,1,-4.6649,1.5786,0.1956,0.4243
KL0878,Group1,50,1,21.7,2.25,0,0,1,1,1,0,1,1,0,0,0,0,-5.2484,0.642,-0.2387,0.5209
KL0879,Group1,64,0,18.5,2.11,0,0,0,0,0,0,1,0,1,1,1,1,-2.8604,-2.1446,0.2344,-0.4747
KL0880,Group1,61,1,23.2,3.33,0,0,0,0,0,0,1,2,1,0,0,0,-2.6507,0.4657,-1.0095,2.2081
KL0881,Group1,64,1,28.8,3.07,0,0,1,1,1,1,2,0,0,0,1,1,-5.4588,-0.5561,-0.9724,1.2588
KL0882,Group1,64,0,23.6,2.39,0,0,0,0,0,0,2,0,0,1,1,0,-3.7861,1.6876,-0.3893,-0.8608
KL0883,Group1,52,0,22.7,3.07,0,0,0,0,0,0,0,0,0,1,1,0,-4.3685,0.9219,0.3362,-0.8436
KL0884,Group1,73,0,23.2,3.12,0,0,0,0,0,0,0,2,0,1,0,0,-4.9947,-0.215,2.2333,-0.3737
KL0885,Group1,49,1,21.7,2.41,0,0,1,1,1,0,2,0,0,0,0,2,-4.0583,-0.9253,-1.1657,-1.5626
KL0886,Group1,53,0,21.8,3.22,1,0,1,1,1,0,1,0,1,0,1,1,-3.2506,0.2358,-0.6925,-0.4408
KL0887,Group1,56,1,20.7,2.72,0,0,0,0,0,0,1,1,0,0,0,0,-3.6893,0.0702,-1.0424,-1.4046
KL0888,Group1,51,0,24.5,2.07,0,0,0,0,0,0,0,0,1,1,1,0,-3.9469,-0.4055,0.9129,-0.5456
KL0889,Group1,64,0,24.8,2.91,1,0,1,1,1,0,0,2,0,0,0,1,-3.5787,1.1991,0.8486,-0.5831
KL0890,Group1,58,0,25.5,2.32,0,0,0,0,0,0,1,0,0,2,1,0,-4.511,-0.5231,-1.7938,-0.9778
KL0891,Group1,49,0,25.4,4.26,1,0,2,0,2,1,1,2,0,0,0,1,-2.9273,-0.8321,-1.0414,1.7528
KL0892,Group1,48,1,20.8,3.62,0,0,1,1,1,0,0,1,2,1,0,1,-5.7992,0.1149,0.6088,1.171
KL0893,Group1,65,0,23,2.97,0,0,1,1,1,0,1,1,1,0,1,1,-4.075,1.5495,-0.8632,-1.7554
KL0894,Group1,49,1,26.1,4.1,0,0,2,0,2,0,0,0,1,1,1,0,-3.8283,1.9159,-3.1107,0.7733
KL0895,Group1,56,0,20.5,2.2,0,0,1,1,1,1,0,2,0,2,1,1,-2.8081,-0.6584,0.8792,0.6386
KL0896,Group1,44,1,29.1,4.2,1,0,1,1,1,0,1,0,1,1,0,2,-2.7662,0.959,1.0895,1.9092
KL0897,Group1,58,1,23.5,2.69,0,0,0,0,0,0,1,1,2,0,1,2,-2.4872,0.1171,-1.71,-1.5288
KL0898,Group1,39,0,22,2.4,0,0,0,0,0,0,1,1,1,0,1,1,-4.8812,-1.5125,0.2634,0.3357
KL0899,Group1,80,0,32.3,1.88,1,0,0,0,0,0,1,1,1,0,0,0,-2.9057,0.5266,2.0769,0.1925
KL0900,Group1,55,0,25.7,2.74,0,0,0,0,0,0,2,1,0,0,1,1,-4.5004,-1.3624,-0.0822,1.3198
KL0901,Group2,54,1,25.4,3.03,0,0,0,0,0,1,0,1,1,1,1,2,7.0879,-0.1099,0.3764,-0.4995
KL0902,Group2,67,1,25.2,4.03,1,0,0,0,0,2,0,1,1,1,0,0,6.1345,1.9324,-2.0141,1.0395
KL0903,Group2,42,1,24.5,3.03,1,0,1,1,1,2,1,0,0,1,1,0,5.5192,-0.381,0.4293,-0.3094
KL0904,Group2,54,0,25.4,3.71,0,0,1,1,0,1,0,0,1,2,2,1,6.4721,-3.5306,-0.8281,1.9365
KL0905,Group2,56,1,27.6,3.93,0,0,0,0,0,1,0,0,1,1,0,1,5.8621,0.7339,-2.158,-0.3307
KL0906,Group2,55,1,19.8,3.5,1,0,0,0,0,1,1,1,0,2,0,1,7.5606,-1.2519,-3.0427,-0.0076
KL0907,Group2,56,1,21.5,3.16,1,0,1,1,1,2,1,1,1,1,1,1,4.1109,0.9138,3.127,0.0367
KL0908,Group2,39,1,29.3,3.34,0,0,0,0,0,0,0,1,0,1,0,0,6.8607,-0.0014,0.1881,0.4375
KL0909,Group2,66,1,21.4,3.38,0,0,0,0,0,2,2,2,1,0,0,0,6.3771,-0.6239,2.5591,1.485
KL0910,Group2,73,0,24.1,3.73,1,0,0,0,0,1,0,1,1,0,2,1,5.7686,0.0092,-2.5857,-1.1227
KL0911,Group2,33,1,28.5,3.35,0,0,2,2,2,1,0,1,0,2,1,0,5.2627,0.4516,-0.5497,0.5176
KL0912,Group2,49,0,28.5,3.08,0,0,1,1,1,1,0,0,0,1,0,1,6.1174,-0.5948,-2.9043,-1.2234
KL0913,Group2,63,1,28.3,4.04,0,0,2,2,2,2,0,1,0,2,1,1,3.4234,-1.9864,1.3222,1.8652
KL0914,Group2,73,1,25,3.72,0,0,1,1,1,0,0,1,1,1,0,2,5.6138,0.3501,1.704,-1.3833
KL0915,Group2,43,0,25.5,3.18,0,0,0,0,0,2,1,1,0,1,0,2,4.8597,-0.8245,-1.3786,-0.6392
KL0916,Group2,61,1,21.3,2.87,0,0,0,0,0,1,0,1,1,0,0,0,6.6923,1.7714,-2.1929,-0.8626
KL0917,Group2,52,0,28.5,3.72,0,0,0,0,0,1,1,0,1,1,0,1,3.1009,0.9505,-0.2422,0.1975
KL0918,Group2,52,0,26.3,2.34,0,0,1,2,1,2,1,1,1,1,0,0,6.467,0.608,1.2997,0.3011
KL0919,Group2,62,1,27.2,3.66,0,0,0,0,0,2,2,1,0,0,0,2,6.3496,0.952,-0.6925,-0.4453
KL0920,Group2,72,1,23.3,3.75,0,0,0,0,0,0,1,1,1,1,0,1,5.0329,1.3598,-0.1823,0.1042
KL0921,Group2,53,0,20.9,3.58,0,0,0,0,0,0,0,0,1,0,1,0,4.6537,0.159,-0.112,-0.7277
KL0922,Group2,43,1,27,3.73,0,0,0,0,0,1,1,1,0,0,0,0,7.245,-1.8887,2.1008,-0.6096
KL0923,Group2,62,0,30.8,3.07,0,0,0,0,0,2,0,0,1,1,0,0,5.255,-1.3428,1.0977,-1.7502
KL0924,Group2,48,1,26.5,4.24,0,0,0,0,0,1,0,0,1,2,2,0,6.2773,2.1876,-0.8255,0.3658
KL0925,Group2,44,0,25.1,3.13,0,0,0,0,0,0,2,1,1,0,2,0,5.2985,1.2743,2.9862,-0.6469
KL0926,Group2,57,0,24.5,2.89,0,0,0,0,0,1,0,1,1,1,0,0,7.2197,-0.0069,-1.064,0.3537
KL0927,Group2,54,1,23.2,4.71,1,0,2,2,2,0,2,1,1,0,1,0,6.0452,1.7257,1.1319,-0.2211
KL0928,Group2,45,1,24.8,4.2,0,0,0,0,0,0,2,0,0,0,1,1,7.1389,0.314,-0.0642,-0.9574
KL0929,Group2,48,0,22.6,3.4,1,0,0,0,0,1,1,1,1,1,0,2,4.3777,1.3908,0.6099,-2.3984
KL0930,Group2,47,0,28.2,4.38,1,0,1,1,1,2,1,0,1,0,0,0,6.2153,-1.2378,0.6613,-0.7208
KL0931,Group2,80,0,27.8,4.45,1,0,0,0,0,1,1,0,0,2,1,0,5.4859,-0.5444,-1.3902,-0.3301
KL0932,Group2,60,1,20.8,2.97,0,0,0,0,0,1,0,1,1,1,0,1,6.6861,0.5359,1.1462,1.564
KL0933,Group2,60,0,23.6,3.89,0,0,1,0,0,2,0,1,2,0,1,1,4.8075,-2.5869,-0.0093,-1.464
KL0934,Group2,36,1,26.3,2.5,0,0,0,0,0,1,0,0,1,1,1,1,5.1433,2.0901,-0.8219,1.5702
KL0935,Group2,43,1,26.5,4.84,0,0,1,1,1,0,0,0,1,1,2,1,4.8426,0.2439,-0.1962,0.1189
KL0936,Group2,43,1,26.2,2.74,1,0,0,0,0,1,2,0,2,0,1,1,7.8436,0.5817,-0.5698,0.7102
KL0937,Group2,55,1,17.1,3.42,0,0,2,2,2,1,1,0,0,1,1,0,7.0711,0.3995,-0.6694,0.5218
KL0938,Group2,51,0,24.7,3.47,1,0,1,1,0,1,1,1,1,0,0,1,4.5813,2.6614,-0.1437,-0.8899
KL0939,Group2,68,0,25.2,2.12,1,0,1,1,1,2,1,0,0,1,0,1,5.5725,0.5966,0.3151,-1.1427
KL0940,Group2,61,1,21.5,4.5,0,0,1,1,1,1,0,1,0,2,1,1,5.1887,1.1064,1.1506,0.7597
KL0941,Group2,74,0,26.9,4.29,0,0,0,0,0,1,1,1,1,1,0,1,8.2772,2.2048,0.2801,-0.1705
KL0942,Group2,70,0,21.4,4,1,0,2,2,2,1,1,1,0,0,1,1,6.4072,0.1533,1.3694,-2.8394
KL0943,Group2,57,1,28.8,2.67,0,0,0,0,0,1,2,1,0,1,0,1,4.9945,1.3396,-1.2044,0.663
KL0944,Group2,50,1,23.3,3.91,0,0,1,1,1,0,2,2,1,0,0,0,5.9053,2.1119,-0.1904,0.1897
KL0945,Group2,64,1,26.2,3,0,0,2,2,2,2,1,0,0,1,1,0,5.9307,-0.141,-1.7208,-0.0688
KL0946,Group2,50,1,21.3,2.14,0,0,1,1,1,1,2,0,1,0,1,0,5.5719,0.6138,1.9186,-1.2816
KL0947,Group2,50,0,23.2,3.31,1,0,0,0,0,2,0,0,0,0,1,1,4.4937,-1.812,1.2082,-1.0921
KL0948,Group2,40,0,27.7,3.69,0,0,0,0,0,0,0,1,0,0,1,0,4.9537,0.7634,1.342,0.8634
KL0949,Group2,67,0,28.8,3.7,0,0,1,0,0,2,0,0,1,0,1,0,4.6584,0.7834,-1.4787,-0.0293
KL0950,Group2,60,0,26.7,3.3,0,0,0,0,0,2,0,0,0,1,2,0,5.5813,-0.8503,-0.6735,0.7015
KL0951,Group2,41,0,32.1,4.83,0,0,1,1,1,2,1,0,0,0,1,0,5.7705,-1.7045,-2.5456,-2.0417
KL0952,Group2,62,1,27.4,4.23,0,0,2,2,2,1,1,0,0,0,2,2,5.9956,-1.5366,-0.513,-2.7287
KL0953,Group2,75,1,27.9,4.05,1,0,1,1,1,2,0,0,1,0,0,0,5.7256,1.7409,-0.7077,1.7544
KL0954,Group2,53,0,21.7,3.42,0,0,1,1,1,1,1,1,1,0,1,2,7.2048,2.1406,1.3902,-0.3233
KL0955,Group2,50,1,26.3,3.9,0,0,1,1,1,1,0,0,0,0,0,1,5.1774,-0.0813,-0.5838,-2.0597
KL0956,Group2,54,1,29.3,3.81,0,0,0,0,0,1,1,0,0,0,0,1,5.1824,0.5231,0.7827,1.2998
KL0957,Group2,62,1,25,3.3,0,0,1,1,1,1,0,0,2,1,0,2,4.699,-0.6333,1.6356,-0.4445
KL0958,Group2,56,0,26.1,4.24,0,0,0,0,0,2,1,2,1,1,0,1,6.0244,-1.4529,-0.0429,0.1703
KL0959,Group2,48,1,22.5,3.74,0,0,0,0,0,1,0,1,1,0,1,1,5.9308,0.3197,0.3791,0.9822
KL0960,Group2,62,0,23.5,3.17,0,0,1,1,1,0,0,0,0,0,0,2,6.5635,0.2124,-1.6985,-1.2052
KL0961,Group2,58,1,28.6,4,1,0,2,2,2,0,1,0,1,0,2,1,7.4142,-1.3539,0.9404,1.7421
KL0962,Group2,61,0,28.7,3.34,0,0,0,0,1,1,1,0,1,2,1,0,5.636,0.0518,0.7873,0.202
KL0963,Group2,43,1,26.9,4.04,0,0,0,0,0,2,1,1,1,0,1,2,7.0238,1.5268,-0.1158,0.2922
KL0964,Group2,62,0,24.4,3.54,1,0,0,0,0,0,0,1,1,0,2,1,5.171,-0.9634,1.026,-0.933
KL0965,Group2,51,1,33.9,4.3,1,0,0,0,0,1,0,1,2,0,0,0,7.3031,0.3256,0.5302,-0.0499
KL0966,Group2,60,1,23.5,3.31,0,0,1,1,1,0,0,0,0,0,0,0,5.0147,-1.0248,-1.3047,0.1769
KL0967,Group2,58,0,27.5,2.77,1,0,0,0,0,2,1,2,0,1,1,0,4.0292,-0.6544,-0.9923,-1.3732
KL0968,Group2,58,1,22.3,2.52,1,0,0,0,1,2,1,0,2,1,0,0,6.2367,0.7595,0.4961,1.2333
KL0969,Group2,59,0,26.1,3.9,1,0,0,0,0,2,0,1,0,1,1,0,6.8613,0.3934,1.0244,-0.3657
KL0970,Group2,55,1,25.4,2.65,0,0,1,1,1,1,1,0,1,0,0,0,8.88,0.3632,0.3009,0.9327
KL0971,Group2,40,1,24.4,3.16,0,0,0,0,0,0,0,0,0,0,1,1,6.8568,2.0155,0.0819,1.7623
KL0972,Group2,46,1,17,2.36,0,0,0,0,0,2,1,0,1,0,0,0,6.7488,-1.611,-1.3137,0.7115
KL0973,Group2,67,0,23.4,3.86,0,0,2,2,2,1,0,2,1,1,1,0,7.7708,-1.4435,-0.3695,1.0944
KL0974,Group2,54,0,21.1,3.8,1,0,2,2,2,0,0,0,0,1,2,1,2.9813,-1.3066,0.4806,3.029
KL0975,Group2,51,1,22.7,3.63,0,0,1,1,1,1,0,0,0,0,0,0,5.0859,0.3594,2.5836,-0.0195
KL0976,Group2,58,1,27.8,3.65,0,0,0,0,0,2,2,0,0,0,1,1,6.6724,-0.2317,-1.492,-2.4463
KL0977,Group2,61,0,25.4,2.41,0,0,0,0,0,2,0,1,0,0,2,0,6.2256,-0.5637,-1.0126,0.0283
KL0978,Group2,42,1,28.4,3,0,0,0,0,0,0,2,1,0,0,0,0,5.2496,1.439,-1.9569,-0.5546
KL0979,Group2,47,1,22,3.51,0,0,1,1,1,0,1,1,1,1,0,0,5.7536,1.9005,-1.1711,-0.5753
KL0980,Group2,57,1,16.3,3.02,0,0,1,1,1,1,1,0,0,2,0,1,6.1633,-2.4539,-3.3308,0.6126
KL0981,Group2,67,0,27.4,3.16,1,0,0,0,0,1,0,0,1,2,0,1,3.7451,0.8125,-0.8648,-0.9428
KL0982,Group2,72,0,30.7,2.93,1,0,0,0,0,1,1,0,2,0,0,1,4.8937,2.1049,3.2126,2.2872
KL0983,Group2,39,0,21.5,3.3,1,0,0,0,0,2,1,0,1,1,0,1,5.2468,1.4981,2.8017,-3.0485
KL0984,Group2,60,1,21.1,4.04,1,0,1,1,1,1,1,1,1,1,0,0,5.0384,-0.7296,-1.5066,1.2177
KL0985,Group2,52,0,27.6,3.63,0,0,1,1,1,0,0,1,1,0,0,0,5.198,0.3185,1.1841,-0.3883
KL0986,Group2,47,0,23.6,2.98,0,0,0,0,0,2,1,1,1,0,0,1,5.855,1.0097,1.4319,0.12
KL0987,Group2,53,1,23,4.11,0,0,1,1,1,1,1,0,1,1,1,0,6.1698,-0.6862,-0.7198,1.5802
KL0988,Group2,62,1,27.8,3.59,0,0,1,1,1,1,0,0,1,0,0,0,6.0304,-1.1192,-2.5001,0.3156
KL0989,Group2,56,1,17.1,2.83,0,0,0,0,0,1,0,1,0,0,0,2,5.9008,-0.1652,0.2576,1.4493
KL0990,Group2,62,1,24.1,3.81,1,0,1,1,1,1,0,2,0,2,1,0,5.8192,0.062,-1.8166,-2.6818
KL0991,Group2,62,1,24.6,3.83,0,0,0,0,0,2,1,1,1,0,0,0,7.0247,-0.2157,-1.7192,1.0576
KL0992,Group2,59,1,24,3.5,0,0,0,0,0,0,1,1,0,0,1,0,6.1148,-0.3024,-0.4637,0.1136
KL0993,Group2,49,1,25.2,3.6,1,0,1,1,1,0,2,0,0,1,1,1,6.1316,-1.2283,2.5983,-0.6228
KL0994,Group2,61,0,26.8,3.13,1,0,0,0,0,1,0,0,0,1,0,0,8.6445,0.9576,2.1929,-1.3353
KL0995,Group2,78,0,24.1,2.62,0,0,0,0,0,1,0,0,0,0,2,0,4.9685,-1.937,-1.6014,2.92
KL0996,Group2,60,1,19.4,3.23,0,0,0,0,0,0,0,0,0,2,0,1,5.4114,-2.4297,0.8331,1.3597
KL0997,Group2,33,1,29,4.06,0,0,0,0,0,0,1,1,0,2,0,0,5.3123,-2.1167,-3.2524,1.9129
KL0998,Group2,65,1,27.9,3.64,0,0,0,0,0,1,1,0,1,1,1,0,5.7406,-1.4197,-2.0568,-0.7649
KL0999,Group2,78,0,24.1,4.19,0,0,0,0,0,0,1,1,1,0,1,0,4.7668,-0.5825,1.2739,-1.3954
KL1000,Group2,31,0,25.4,3.98,0,0,1,1,1,2,0,1,1,1,1,0,7.5214,-0.1626,-1.1873,1.2875
KL1001,Group2,64,1,25.4,4.81,1,0,1,1,0,1,2,2,0,1,0,0,6.027,1.3978,-1.5538,1.8753
KL1002,Group2,74,0,23,3.6,1,0,2,2,2,1,0,1,0,1,0,0,7.0045,-1.6114,-1.8771,-0.7292
KL1003,Group2,47,0,25.8,3.36,0,0,0,0,0,1,1,1,0,0,1,1,4.9836,3.9906,-0.3752,-1.3913
KL1004,Group2,54,0,24.8,3.73,0,0,2,2,2,0,0,1,1,0,1,0,6.3586,-2.663,-1.1491,-1.0156
KL1005,Group2,53,1,22.9,3.5,0,0,1,1,1,2,1,0,0,0,1,0,5.8994,-0.7944,0.3595,-0.4594
KL1006,Group2,67,0,27,2.96,0,0,1,1,1,1,0,1,1,1,1,1,5.7643,-1.38,1.3328,-2.5761
KL1007,Group2,62,1,26.5,4.78,1,0,2,2,2,2,1,1,2,0,1,0,6.5627,1.5907,1.2601,-0.2886
KL1008,Group2,67,1,24.3,5.65,1,0,1,1,1,1,1,1,0,1,0,0,7.2126,-1.176,0.3415,-1.3661
KL1009,Group2,55,1,28.4,4.96,0,0,1,1,1,2,0,0,1,0,2,0,5.9961,-1.9641,-0.9863,0.6985
KL1010,Group2,47,0,32.1,2.96,0,0,0,0,0,1,1,0,1,0,2,0,7.142,-2.1542,1.3309,-1.2333
KL1011,Group2,43,1,23.1,3.42,0,0,1,1,1,1,1,2,0,0,0,0,6.142,1.7971,0.3272,-1.3879
KL1012,Group2,60,0,21.5,3.08,0,0,0,0,0,2,0,0,0,0,1,2,6.5205,-0.3712,-3.1888,-1.8724
KL1013,Group2,49,0,23.1,2.55,0,0,0,0,0,1,0,1,1,1,1,1,6.7816,0.281,2.6904,0.3848
KL1014,Group2,54,0,26.3,3.47,1,0,2,2,2,1,1,0,0,2,0,0,6.0194,2.0397,2.1139,1.6061
KL1015,Group2,58,0,19.6,3.29,1,0,0,0,0,2,0,1,1,1,1,1,4.6121,-2.1894,-0.1046,-1.1673
KL1016,Group2,46,0,27.1,3.18,0,0,1,1,1,1,1,1,0,2,0,0,5.5668,2.3283,0.7004,0.8499
KL1017,Group2,52,1,25.4,3.39,0,0,0,0,0,1,0,0,1,0,0,1,5.7477,1.1247,-0.3497,-0.4053
KL1018,Group2,43,1,23,3.47,0,0,1,0,1,1,0,1,0,0,1,1,5.8417,-0.3145,-1.2978,0.2719
KL1019,Group2,49,1,21.9,3.06,0,0,0,0,0,0,1,1,1,0,1,1,5.2462,0.2404,-0.957,-1.5933
KL1020,Group2,57,1,26.4,3.89,0,0,0,0,0,1,0,1,0,1,1,1,5.0313,-0.1541,-0.0949,1.0556
KL1021,Group2,60,0,24,3,0,0,1,1,1,0,0,1,1,0,1,0,5.5139,-0.0596,-1.9793,0.7704
KL1022,Group2,64,0,26.2,4.24,0,0,0,0,0,1,1,1,0,0,1,1,6.8388,0.1458,0.0124,0.1422
KL1023,Group2,49,0,18.9,1.78,0,0,0,0,0,1,1,2,0,0,2,0,6.7933,0.8111,0.1704,-2.7432
KL1024,Group2,57,0,22.1,3.52,1,0,1,1,1,0,0,1,1,0,0,0,3.9729,0.0073,0.7136,0.0241
KL1025,Group2,51,0,21.5,3.55,0,0,0,0,0,2,1,1,0,0,0,0,5.78,-2.0577,1.0495,0.5434
KL1026,Group2,50,1,27.5,3.42,0,0,1,1,1,1,0,0,0,0,0,0,4.8986,0.745,0.7197,2.3101
KL1027,Group2,47,0,27.2,4.63,0,0,0,0,0,1,1,1,0,0,1,1,7.2695,1.8048,-1.861,0.4865
KL1028,Group2,50,0,25.7,3.29,1,0,0,0,0,2,1,0,1,1,1,0,6.1085,0.6912,1.3686,-2.7944
KL1029,Group2,46,1,26.2,2.34,0,0,0,0,0,2,1,2,2,1,0,1,5.6356,0.357,0.6645,0.3758
KL1030,Group2,58,1,28.2,3.11,0,0,0,0,0,1,0,0,0,2,0,1,6.2977,-0.3605,0.8758,0.2456
KL1031,Group2,44,0,23.6,3.63,0,0,0,0,0,1,1,2,1,0,1,0,6.6152,0.9868,-0.178,0.7597
KL1032,Group2,74,1,25.7,4.04,0,0,1,1,1,1,1,0,1,1,1,0,8.7225,-0.9719,-0.278,0.4013
KL1033,Group2,41,0,17.4,3.61,0,0,1,1,1,1,2,1,0,0,1,1,4.3098,2.3425,-0.5358,-1.0653
KL1034,Group2,49,0,27.5,3.09,0,0,1,1,0,2,0,0,0,1,0,0,6.5364,-1.5508,1.2066,-2.6345
KL1035,Group2,45,1,23.8,3.2,0,0,1,1,1,1,1,0,0,1,0,1,7.138,-0.8489,2.6883,-0.4473
KL1036,Group2,63,1,24.3,2.84,0,0,0,0,0,2,0,0,0,1,0,0,6.5268,-1.0591,-0.754,1.1077
KL1037,Group2,63,1,27.7,4.16,0,0,1,1,1,1,1,1,0,1,0,1,8.1714,1.5374,1.2938,0.6053
KL1038,Group2,64,0,27.8,2.5,0,0,0,0,0,2,0,1,0,0,1,0,5.9653,-3.5576,-2.6777,-0.0432
KL1039,Group2,54,1,23,3.58,0,0,0,2,0,1,1,0,1,1,1,1,6.9322,2.0281,-0.9455,2.3075
KL1040,Group2,55,1,23,2.88,1,0,1,1,1,0,0,0,1,1,0,1,6.8388,1.2908,-2.4833,0.7256
KL1041,Group2,70,0,27.6,3.48,0,0,1,1,1,0,0,1,0,1,0,1,6.7615,-1.5111,3.0947,1.456
KL1042,Group2,41,1,27.4,2.38,0,0,0,0,0,1,0,1,0,1,1,1,5.5275,-0.419,-0.4005,-1.7752
KL1043,Group2,55,0,26.3,2.74,0,0,0,0,0,0,0,1,1,1,1,0,6.4919,-1.3401,0.2054,-0.6204
KL1044,Group2,41,1,26.4,8.58,1,1,2,2,2,1,0,1,0,0,0,1,6.1929,-2.0453,1.3509,1.1149
KL1045,Group2,46,0,21,3.69,1,0,1,1,1,0,1,0,0,1,0,0,4.8407,1.0477,-0.1534,-0.7537
KL1046,Group2,62,0,25,4.1,0,0,0,0,0,0,1,0,1,0,1,0,5.7757,0.4774,0.0475,1.8513
KL1047,Group2,43,1,26.6,4.16,0,0,1,2,1,0,1,0,0,0,1,1,5.3987,-0.5821,2.4116,-0.8691
KL1048,Group2,55,1,29.7,4.82,0,0,0,0,0,2,1,1,0,0,1,1,5.9813,1.4676,-1.0765,0.5111
KL1049,Group2,57,0,19.3,2.64,0,0,1,1,1,1,1,1,1,1,1,0,6.9779,-0.8139,2.2443,0.9832
KL1050,Group2,55,0,24.4,3.14,0,0,0,0,0,1,0,2,1,0,1,1,5.7857,1.8613,1.2482,0.7275
KL1051,Group2,55,0,21,2.74,0,0,0,0,0,0,0,2,1,1,1,0,5.8087,0.479,1.2668,0.648
KL1052,Group2,54,1,23.4,3.78,0,0,0,0,0,2,1,2,1,1,0,1,6.8651,0.4892,0.5769,-0.7616
KL1053,Group2,45,0,23.3,3.7,1,0,1,1,1,2,0,1,1,1,1,1,4.1212,1.1565,-2.162,0.4134
KL1054,Group2,50,1,22.3,3.36,0,0,1,1,1,1,1,2,0,1,0,1,4.7637,-0.9153,0.4858,-1.4721
KL1055,Group2,49,1,23.2,2.98,0,0,1,1,1,1,1,0,0,1,0,0,5.1872,-2.6206,1.8832,0.1049
KL1056,Group2,51,0,26.2,3.68,0,0,1,1,1,1,0,1,0,1,0,0,5.5075,-0.3293,0.9035,1.2091
KL1057,Group2,56,1,25.2,5.04,0,0,1,1,0,1,0,0,1,1,0,1,6.98,-0.4408,-1.0281,0.4301
KL1058,Group2,48,1,25.6,3.48,0,0,1,1,1,2,0,1,1,2,0,0,6.1503,2.736,1.4343,2.1969
KL1059,Group2,46,0,22.8,2.97,1,0,1,1,1,1,1,0,0,2,0,1,6.3632,-0.9707,0.6032,-0.939
KL1060,Group2,50,0,24,2.09,0,0,0,0,0,1,0,1,0,0,0,1,7.5025,-1.694,-0.2453,4.1626
KL1061,Group2,46,1,24.1,4.18,0,0,0,0,0,2,0,1,1,0,2,1,5.8936,0.347,-1.3664,-0.2615
KL1062,Group2,79,1,24.3,3.08,0,0,0,0,0,1,0,0,0,2,0,0,4.3951,-0.3116,1.0035,1.2755
KL1063,Group2,68,1,25,4.19,1,0,1,1,1,0,0,0,0,1,1,1,5.7994,0.2508,1.7123,0.0833
KL1064,Group2,56,1,22.1,3.85,0,0,0,0,0,1,2,1,1,0,1,0,6.5799,0.6821,0.5153,2.1147
KL1065,Group2,68,0,21.3,1.97,0,0,0,0,0,1,1,0,0,0,1,0,7.2761,-1.7758,0.1633,-0.1513
KL1066,Group2,63,1,19.5,3.21,1,0,1,1,1,2,1,0,1,0,0,0,6.0126,1.472,-0.5879,1.1946
KL1067,Group2,57,0,30.9,3.45,0,0,1,1,1,1,0,1,1,1,1,1,5.6371,0.2214,-0.7853,-2.2331
KL1068,Group2,56,1,16.8,3.28,1,0,0,0,0,1,1,2,0,1,0,0,7.1051,-0.2955,-0.8221,1.7911
KL1069,Group2,58,0,22.6,2.34,0,0,0,0,0,0,1,1,1,1,2,1,5.5706,-0.2672,-1.6561,-2.6404
KL1070,Group2,58,0,25.3,4.06,1,0,1,1,1,2,0,2,1,2,1,0,6.9156,1.1748,-0.7629,-1.3746
KL1071,Group2,52,0,21.7,2.53,0,0,0,0,0,0,1,1,1,1,1,0,4.8365,1.264,1.2217,-0.6135
KL1072,Group2,78,0,26.7,3.49,0,0,0,0,0,1,0,1,1,1,1,0,4.8615,0.4073,1.3253,0.5081
KL1073,Group2,62,0,19,2.69,0,0,0,0,0,1,1,1,0,0,0,1,3.8048,-3.0412,0.9103,-0.8322
KL1074,Group2,46,0,27.2,4.03,1,0,1,1,0,1,0,0,0,2,1,1,6.6034,-0.0655,-1.6827,1.0778
KL1075,Group2,70,0,25.3,2.95,0,0,0,0,0,2,0,1,0,1,0,0,5.3767,1.524,1.5939,0.4834
KL1076,Group2,51,0,26.8,3.49,0,0,0,0,0,2,0,1,1,0,1,1,5.346,-0.3695,-0.3885,0.3306
KL1077,Group2,51,1,23.7,2.94,0,0,0,0,0,1,1,1,1,0,0,0,6.7111,-1.5814,-0.5168,-0.8999
KL1078,Group2,67,0,27.9,3.57,0,0,0,0,0,2,1,1,1,1,1,1,7.2534,-2.4238,1.2622,0.2894
KL1079,Group2,55,0,20.5,2.96,0,0,0,0,0,1,0,2,2,1,0,0,5.2732,-0.3232,-0.3195,-0.7132
KL1080,Group2,62,0,24.8,3.97,0,0,2,2,2,1,0,1,1,2,1,1,4.9584,-3.1949,1.6113,-1.6533
KL1081,Group2,48,1,25.5,3.36,1,0,0,0,0,1,1,0,0,1,0,0,5.9458,-1.3753,-0.4445,0.9812
KL1082,Group2,63,0,26.2,3.15,0,0,0,0,0,1,0,0,0,1,2,0,5.6891,-2.4422,-0.2447,0.7727
KL1083,Group2,53,0,25,2.98,0,0,0,0,0,0,0,2,0,2,0,1,5.6517,-1.0669,0.7911,3.1772
KL1084,Group2,67,1,21.1,2.2,0,0,0,0,0,2,0,0,0,0,0,1,4.6043,1.4691,0.5474,1.1276
KL1085,Group2,46,0,26.4,8.36,0,1,2,2,2,0,1,1,0,0,1,1,4.6213,0.5656,-1.1267,0.3951
KL1086,Group2,49,1,24.9,3.12,0,0,0,0,1,1,0,0,1,0,1,1,4.4908,0.0228,0.4187,-1.1945
KL1087,Group2,54,0,22.9,3.89,0,0,2,1,2,1,2,0,0,1,1,0,4.8119,-1.095,1.9736,0.5513
KL1088,Group2,50,1,21.3,3.2,0,0,1,1,1,1,0,1,0,0,1,0,7.6119,-1.6101,0.8358,-0.937
KL1089,Group2,68,0,21.4,2.83,0,0,1,1,1,2,1,1,0,1,0,1,6.7842,0.4733,0.9958,0.2424
KL1090,Group2,65,0,26.2,3,1,0,1,1,1,2,1,1,1,1,1,0,3.9525,-0.8347,0.9848,0.1332
KL1091,Group2,57,0,21.3,2.66,0,0,1,1,1,1,1,1,0,0,0,0,7.3653,0.46,-0.2245,-1.4434
KL1092,Group2,74,1,20.2,2.51,0,0,0,0,0,0,0,1,1,1,1,1,5.6695,1.9578,1.446,-0.1896
KL1093,Group2,50,1,28.2,4.67,0,0,1,1,1,0,0,1,1,0,0,0,3.7168,0.1955,0.0494,-0.4191
KL1094,Group2,50,0,21.3,2.31,0,0,0,0,0,2,1,1,1,0,0,1,6.7661,-0.9982,-1.309,0.0972
KL1095,Group2,66,1,24.9,3.48,0,0,0,0,0,0,0,0,1,1,2,1,5.7858,1.1262,2.4115,-0.3351
KL1096,Group2,50,0,21.2,2.89,0,0,1,1,1,2,1,0,0,2,0,1,6.2001,0.1911,-0.1299,2.7311
KL1097,Group2,45,1,23.7,3.44,0,0,0,0,0,2,1,1,0,1,0,2,5.0095,-1.8077,-0.3821,0.7563
KL1098,Group2,60,1,25,3.97,1,0,0,0,0,1,0,1,1,2,0,1,6.507,-0.9251,0.1083,1.0521
KL1099,Group2,64,1,29,4.49,1,0,2,2,2,2,1,0,1,0,1,0,5.8056,-0.2901,-4.9025,0.44
KL1100,Group2,47,1,26.6,3.75,1,0,2,2,2,1,1,0,1,1,1,0,6.1199,-0.8213,0.3326,-0.673
KL1101,Group2,53,0,23.2,3.5,0,0,1,1,0,0,2,2,0,0,0,1,3.1852,1.3957,1.1821,1.043
KL1102,Group2,52,0,25,2.26,0,0,0,0,0,1,0,1,0,1,1,1,3.4059,-0.2891,0.0725,-1.943
KL1103,Group2,55,1,28.4,4.21,1,0,1,1,1,0,1,0,0,1,0,1,6.3062,-1.0903,0.113,-0.8333
KL1104,Group2,42,1,25.2,2.71,0,0,0,0,0,0,0,1,0,0,0,0,4.5562,-0.6126,1.0847,1.4626
KL1105,Group2,61,1,24.5,3.05,0,0,0,0,0,2,0,2,1,0,1,1,6.3334,-2.3358,1.1035,0.689
KL1106,Group2,50,0,27,3.07,0,0,0,0,0,1,1,2,2,1,1,0,5.6964,-2.4353,0.0166,2.0174
KL1107,Group2,50,1,22,3.36,1,0,1,1,1,2,1,0,0,0,0,2,3.5805,1.2809,-0.3363,-1.3264
KL1108,Group2,54,0,29.4,3.14,0,0,1,1,1,2,1,2,1,0,0,1,3.9898,-0.6574,-0.1892,0.1131
KL1109,Group2,67,1,24.3,3.41,1,0,0,0,0,1,1,1,0,0,1,1,5.8889,1.4702,0.19,-1.3755
KL1110,Group2,66,0,21.1,4.22,0,0,1,1,1,1,0,0,1,0,0,0,7.7729,3.0445,-0.7908,-0.0843
KL1111,Group2,42,0,21.3,2.65,0,0,0,0,0,1,0,0,0,2,1,1,4.1448,-0.3463,1.43,-1.4996
KL1112,Group2,45,0,22.1,2.71,0,0,1,1,1,1,1,1,1,1,0,0,4.7475,-1.7585,0.0836,1.2879
KL1113,Group2,46,1,24.9,3.38,0,0,0,0,0,2,1,0,1,1,0,1,4.0525,-1.7663,-3.0084,-0.2386
KL1114,Group2,69,1,20.4,4.06,1,0,1,1,1,1,0,1,0,0,1,1,5.4871,-0.6896,-1.7718,-1.3927
KL1115,Group2,47,0,29.4,3.71,0,0,0,1,0,2,1,1,0,1,0,1,4.6643,-0.3527,-0.0985,0.4829
KL1116,Group2,53,1,24.7,4.22,0,0,1,1,1,0,0,0,0,0,0,0,4.7367,-1.5303,1.0586,-1.2079
KL1117,Group2,63,0,19.5,3.34,0,0,0,0,0,0,0,0,0,0,1,2,5.3039,-0.7289,-0.3157,-0.4034
KL1118,Group2,49,1,23.4,2.7,0,0,0,0,0,0,1,2,1,1,2,0,5.1309,1.6547,0.0444,-0.9818
KL1119,Group2,48,0,25.1,4.17,1,0,0,0,1,0,1,0,0,1,1,1,4.4208,-1.8126,-0.4652,-0.192
KL1120,Group2,56,0,18.8,2.97,1,0,0,0,0,1,0,1,0,1,0,2,6.8337,1.086,-0.4849,-0.0055
KL1121,Group2,41,1,27.5,3.95,1,0,0,0,0,1,2,0,0,1,1,0,5.9446,-2.1229,0.746,1.1907
KL1122,Group2,49,0,21.5,2.38,0,0,1,1,1,1,1,0,0,1,0,0,4.3833,-0.6009,-2.0222,0.3404
KL1123,Group2,54,0,24.4,4.02,0,0,0,0,0,2,2,1,2,1,1,1,4.5635,0.0751,-0.2428,-1.7717
KL1124,Group2,53,0,23.6,2.93,1,0,1,1,1,0,0,1,0,1,0,0,6.4483,0.412,0.1919,0.4365
KL1125,Group2,48,1,20.1,3.99,1,0,2,2,2,0,0,1,1,1,0,1,6.3306,0.078,-0.8762,-0.4697
KL1126,Group2,66,0,26.8,3.36,0,0,1,1,0,1,0,0,0,1,0,0,6.1286,3.2512,-0.2894,-0.2226
KL1127,Group2,58,0,19.6,3.05,0,0,0,0,0,1,0,1,1,1,0,0,4.615,3.7762,0.1331,0.3454
KL1128,Group2,51,1,23.3,2.99,0,0,0,0,0,0,0,1,1,1,0,1,6.2504,-0.0034,0.0244,0.9781
KL1129,Group2,54,1,30.1,2.77,0,0,1,1,1,2,1,0,0,1,0,1,6.5555,2.0115,-1.411,-0.6731
KL1130,Group2,48,0,22.1,2.58,0,0,0,0,0,0,0,1,0,1,0,2,4.8402,-1.4514,-1.6509,1.0393
KL1131,Group2,50,1,23,3.43,1,0,1,1,1,1,0,0,0,2,0,2,4.8734,0.4426,-0.8537,0.2926
KL1132,Group2,54,0,24,3.29,1,0,0,0,0,0,1,1,1,0,2,0,7.4892,1.3442,1.0665,-1.519
KL1133,Group2,71,1,30.1,3.28,0,0,1,1,0,1,0,2,1,0,0,1,5.5869,1.4053,2.0145,1.508
KL1134,Group2,61,0,23.4,2.3,0,0,0,0,0,0,0,0,1,0,0,1,5.1613,2.9921,-0.6953,-0.1046
KL1135,Group2,48,1,27.4,3.16,1,0,1,1,1,1,0,1,0,1,0,1,5.2714,0.396,1.012,-1.4646
KL1136,Group2,52,0,24.2,2.69,0,0,0,0,0,1,0,0,1,2,0,1,5.7224,0.3787,2.8463,-2.0683
KL1137,Group2,71,1,23.6,3.21,0,0,0,0,0,1,0,0,1,0,0,2,6.225,-2.1903,-0.5625,-0.5535
KL1138,Group2,61,0,26,2.75,0,0,1,1,0,1,0,0,1,0,0,1,5.6827,0.9161,2.8115,2.9536
KL1139,Group2,41,0,23.1,2.44,0,0,0,0,0,0,1,2,0,2,0,2,6.3038,0.3889,-1.354,-0.1586
KL1140,Group2,43,1,24.9,3.74,1,0,0,0,0,2,1,1,0,1,0,1,7.0287,0.2739,-0.4894,2.4307
KL1141,Group2,41,1,25.5,3.07,0,0,0,0,0,2,1,1,1,0,0,0,6.3936,0.5482,0.5154,1.8974
KL1142,Group2,54,1,23.2,3.58,0,0,0,0,1,1,1,1,0,2,0,0,7.5369,-1.5826,1.0185,0.6907
KL1143,Group2,62,0,22.4,3.38,1,0,0,0,0,1,0,2,0,0,1,0,7.0813,0.1771,-2.5889,-0.5704
KL1144,Group2,49,1,20.8,3.85,1,0,1,1,1,2,2,0,1,0,1,0,6.072,-0.972,-0.9816,0.3343
KL1145,Group2,57,0,20.9,2.68,0,0,0,0,0,1,0,0,1,1,0,0,7.114,-0.3742,1.4719,0.2949
KL1146,Group2,53,0,24.7,3.84,0,0,0,0,0,1,0,0,0,1,0,1,4.8846,-0.6302,-1.8762,-1.5125
KL1147,Group2,48,0,23.5,2.19,1,0,0,0,0,1,1,0,0,0,2,1,6.6438,3.9452,-0.6294,-0.6489
KL1148,Group2,62,0,23.8,3.53,1,0,1,1,1,1,0,1,1,0,1,2,5.6703,2.2726,-2.2369,0.8065
KL1149,Group2,64,1,27.4,3.85,0,0,0,0,0,2,2,0,1,1,1,0,7.083,-1.3185,1.24,0.1103
KL1150,Group2,65,0,19,2.73,0,0,0,0,0,1,0,0,0,0,2,1,7.1487,0.3209,-0.5152,0.4047
KL1151,Group2,65,1,28.3,4.11,0,0,2,2,2,1,0,0,1,2,0,1,5.4201,0.7896,2.8852,0.5289
KL1152,Group2,52,1,25.8,4.07,1,0,1,1,1,2,0,0,1,0,1,0,7.9128,0.2002,0.6626,1.8086
KL1153,Group2,67,1,27.6,3.51,1,0,0,1,0,0,2,0,1,0,0,2,4.8911,-1.7759,0.7819,1.2132
KL1154,Group2,73,0,23.9,3.18,0,0,0,0,0,1,2,1,1,1,0,0,6.9038,-0.9649,1.0035,0.9211
KL1155,Group2,67,0,18.8,3.41,1,0,0,0,0,0,2,1,1,2,0,1,4.6867,0.4236,1.5894,-0.1735
KL1156,Group2,66,0,17.9,3.75,1,0,0,0,2,2,0,1,0,1,2,0,6.8778,-0.1027,0.1048,0.3034
KL1157,Group2,65,1,27.8,3.71,1,0,0,0,0,2,0,0,1,0,1,1,4.8877,-0.3165,-3.1367,-0.1595
KL1158,Group2,46,1,29.1,1.81,0,0,0,0,0,2,0,0,0,1,1,1,6.5341,1.6956,1.0605,3.0438
KL1159,Group2,59,0,29.8,3.38,0,0,0,0,0,1,0,0,2,2,0,1,5.6675,0.8258,1.6468,-1.4454
KL1160,Group2,60,1,23,3.72,0,0,0,0,0,1,1,1,1,1,0,0,5.812,-3.8982,-0.0342,-1.1222
KL1161,Group2,64,1,28.2,4.53,0,0,1,1,1,2,0,0,1,1,0,0,6.1806,1.6054,0.5797,-1.426
KL1162,Group2,58,0,24,3.24,0,0,0,0,2,2,0,2,1,1,1,2,5.3537,-1.9945,0.5611,0.5006
KL1163,Group2,64,0,20,2.69,0,0,0,0,0,1,1,1,0,1,2,0,6.5526,-1.7211,-0.6248,-1.0122
KL1164,Group2,57,1,22.5,3.52,0,0,0,0,0,2,0,1,0,0,1,0,5.4396,1.5331,0.6831,-1.3424
KL1165,Group2,66,1,24.1,2.23,0,0,0,0,0,1,1,0,0,1,1,0,6.5858,-2.3572,-0.7555,1.0806
KL1166,Group2,50,1,25.2,2.11,0,0,0,0,0,1,0,0,0,1,0,1,5.9238,0.4143,-0.3524,-0.8508
KL1167,Group2,53,1,24.7,4.99,1,0,2,2,2,1,1,0,0,1,1,0,5.9077,1.7553,-0.4839,-0.2332
KL1168,Group2,66,1,23.2,4.63,1,0,2,2,2,2,1,1,1,1,0,1,3.7398,-1.1114,-0.4305,1.1474
KL1169,Group2,56,0,26.4,2.16,1,0,0,0,0,0,1,0,1,0,0,0,7.0242,-0.9422,-2.0536,0.0208
KL1170,Group2,38,0,22.5,3.71,0,0,0,0,0,1,0,1,0,0,0,1,6.0589,0.2471,-0.3633,0.7654
KL1171,Group2,51,0,20.8,3.02,1,0,0,0,0,1,2,1,1,1,0,1,6.0033,0.0987,-0.7022,-1.0514
KL1172,Group2,60,0,25.2,3,1,0,0,0,0,0,1,1,0,0,1,1,4.8017,-1.5635,0.8217,1.6795
KL1173,Group2,55,1,24.9,4.01,0,0,0,0,0,1,1,2,1,1,1,0,6.8762,1.1693,0.2095,-0.0485
KL1174,Group2,51,0,28,3.57,0,0,0,0,0,1,1,1,0,1,1,2,5.1427,0.0039,-0.8855,-2.2316
KL1175,Group2,56,0,26.6,4.03,1,0,0,0,2,1,1,0,2,0,1,1,6.2074,-1.2276,2.6624,1.91
KL1176,Group2,46,0,24.6,2.68,1,0,1,1,1,2,0,0,1,0,0,1,5.8994,0.0745,0.3714,1.3067
KL1177,Group2,60,0,25.2,4.07,1,0,0,0,0,1,0,2,1,0,2,0,4.3985,0.5756,-0.202,-3.945
KL1178,Group2,54,0,24.4,3.35,1,0,0,0,0,2,0,1,1,0,2,2,5.8264,0.5413,-0.8657,2.5808
KL1179,Group2,35,1,26.7,3.94,0,0,2,2,2,1,1,0,1,1,0,0,5.5995,0.42,1.4452,-1.2919
KL1180,Group2,56,0,25.3,4.22,1,0,0,0,0,1,0,0,2,0,0,1,5.5486,0.0511,1.322,1.3621
KL1181,Group2,77,0,29.3,4.16,0,0,0,0,2,2,1,0,0,1,1,1,3.8089,-0.0226,-1.4362,-1.1471
KL1182,Group2,55,1,29.3,3.41,0,0,0,0,1,0,1,1,0,1,0,1,5.1128,-1.0416,-0.768,-0.2692
KL1183,Group2,48,0,24.3,2.43,0,0,1,1,1,1,1,1,1,0,1,0,6.7932,-2.5735,-0.4992,0.5291
KL1184,Group2,56,0,18,2.25,0,0,0,1,0,2,1,1,0,0,1,0,7.3434,0.966,0.8243,-0.9826
KL1185,Group2,52,0,25.4,3.16,0,0,1,1,1,2,1,2,0,0,1,0,6.7179,-1.649,-2.755,-0.9514
KL1186,Group2,59,0,30,3.6,1,0,0,0,0,1,2,0,1,0,2,0,6.7964,-0.9929,1.2627,-0.5057
KL1187,Group2,49,0,32.7,4.88,0,0,2,2,2,1,1,1,1,0,1,1,4.2571,-0.0049,-0.2523,0.7633
KL1188,Group2,57,1,24,4.13,1,0,1,1,1,2,0,0,0,2,1,1,5.7821,-1.2913,-0.6178,-1.3869
KL1189,Group2,56,0,25.8,2.56,0,0,0,0,0,2,1,0,2,0,1,0,3.6834,-0.3988,-1.6715,1.8843
KL1190,Group2,51,0,24.8,3.82,0,0,1,1,1,1,0,1,1,0,1,2,4.2753,-1.4859,-0.4684,1.6042
KL1191,Group2,30,0,24.5,2.44,1,0,1,1,1,0,0,1,0,0,1,0,5.6511,0.3748,1.5186,1.1918
KL1192,Group2,48,0,20.2,2.72,0,0,0,0,0,0,1,1,1,1,0,1,4.8828,-1.0538,2.3599,-2.4263
KL1193,Group2,48,1,25.1,4.21,1,0,1,1,1,1,0,1,0,0,0,1,4.3549,-0.6909,-0.8263,2.6035
KL1194,Group2,59,1,18.8,2.56,0,0,0,0,0,1,0,1,0,1,1,1,6.7981,0.142,0.7167,-1.3815
KL1195,Group2,44,1,25,3.44,0,0,0,0,0,0,1,0,0,2,0,0,5.6515,0.713,-1.316,-0.1475
KL1196,Group2,45,1,22.3,3.05,0,0,1,1,1,0,1,0,1,0,0,1,5.5399,0.5741,0.3692,0.2978
KL1197,Group2,44,0,29,2.34,0,0,0,0,0,2,0,0,2,0,1,1,5.8308,-1.4229,1.6983,0.6134
KL1198,Group2,61,0,30.2,3.79,0,0,1,1,1,0,0,0,1,0,2,0,5.7348,0.3924,-0.0276,0.4702
KL1199,Group2,54,0,23.3,3.11,0,0,0,0,0,0,0,0,0,1,0,0,5.0489,1.2849,1.6641,-0.8052
KL1200,Group2,53,0,21.5,2.63,0,0,1,1,1,2,1,1,2,1,0,1,6.6009,-1.0618,-1.0235,-3.3392
KL1201,Group2,57,1,23.9,3.27,0,0,1,1,1,1,1,2,1,0,1,1,5.1363,3.7659,-2.4882,-0.3601
KL1202,Group2,44,1,27.8,3.47,0,0,1,1,1,1,0,1,0,0,1,0,4.9312,-2.099,1.3156,-2.3794
KL1203,Group2,50,0,27,3.64,0,0,2,2,2,2,0,0,0,0,1,0,5.4967,-1.3213,-0.8341,0.3252
KL1204,Group2,44,0,24.8,2.1,0,0,1,1,1,1,0,2,1,1,2,2,6.4721,0.1302,-1.1034,-0.0078
KL1205,Group2,54,1,24,3.06,0,0,0,0,0,2,0,1,0,0,0,2,6.1558,1.0762,-0.4947,-2.2394
KL1206,Group2,50,0,27.5,3.58,0,0,2,2,2,1,1,0,0,0,1,0,6.5457,0.6054,0.0952,-1.8091
KL1207,Group2,52,0,21.2,2.5,0,0,0,0,0,0,1,2,0,0,0,0,5.0832,-1.3953,-2.1522,-0.7723
KL1208,Group2,55,1,21.6,4.31,0,0,1,1,1,1,0,0,1,1,0,0,5.4709,-2.2702,1.2363,0.7544
KL1209,Group2,50,0,24.7,4.46,0,0,0,0,0,1,1,0,0,0,2,0,5.4955,-0.0228,1.3245,0.4132
KL1210,Group2,42,0,23.1,2.23,0,0,0,0,0,0,0,1,1,1,2,1,5.6811,2.4214,1.4064,-0.6888
KL1211,Group2,57,0,25.7,3.1,1,0,0,0,0,2,1,2,0,1,0,0,7.4847,0.5515,1.0509,0.9265
KL1212,Group2,64,1,23.3,3.35,0,0,1,1,1,1,0,2,0,0,0,1,5.7009,2.4906,0.8113,1.2319
KL1213,Group2,53,1,25.7,2.81,0,0,0,0,0,0,0,0,1,1,0,1,5.9879,2.3291,-0.5411,1.5749
KL1214,Group2,42,0,27.9,2.35,0,0,0,0,0,1,2,2,0,0,1,1,6.5618,-0.4436,2.5548,0.0451
KL1215,Group2,72,1,26.3,4.05,1,0,0,0,0,0,0,1,0,1,1,2,4.1345,0.2649,-2.5759,-1.5162
KL1216,Group2,48,1,23.3,3.75,0,0,2,2,2,2,0,1,0,1,0,1,6.6156,6e-04,-1.6018,-0.4711
KL1217,Group2,59,0,25.2,3.26,1,0,1,1,1,1,0,0,0,0,1,1,6.3014,-0.0779,1.1575,-1.8836
KL1218,Group2,66,0,21.9,4.07,0,0,1,1,1,1,1,2,1,0,0,2,5.7806,2.5123,-1.5337,-0.0951
KL1219,Group2,40,1,26.3,3.81,1,0,0,0,0,0,0,1,1,0,1,1,4.5711,1.223,-0.4611,0.441
KL1220,Group2,75,1,28.3,4.49,0,0,0,0,0,0,0,0,0,1,0,1,7.5597,-0.6318,0.0731,0.6805
KL1221,Group2,52,0,22.2,4,0,0,1,1,1,0,0,0,1,0,1,0,7.1483,-1.1263,0.85,-3.1314
KL1222,Group2,49,0,21.4,2.54,0,0,0,0,0,1,1,0,1,1,1,0,5.7643,1.2125,1.2329,0.622
KL1223,Group2,52,1,28.2,4.12,1,0,1,1,1,1,1,1,0,1,0,1,7.2701,-1.176,0.8014,-0.5518
KL1224,Group2,64,1,26.4,3.77,0,0,0,0,0,1,1,0,1,0,1,0,6.2395,-3.7182,-0.7707,-0.2827
KL1225,Group2,38,1,26.3,3.26,0,0,1,1,1,0,2,0,1,1,0,2,5.3238,1.4302,-0.0283,-1.8622
KL1226,Group2,51,0,28.3,3.83,0,0,1,1,1,2,1,2,1,0,2,0,6.7197,0.9704,2.0309,1.8799
KL1227,Group2,58,0,28.2,4.06,1,0,1,1,1,2,1,1,0,0,1,0,5.6698,0.8933,-0.7543,-0.4593
KL1228,Group2,52,1,27.2,3.73,0,0,0,0,0,1,1,0,1,1,0,0,6.2188,-2.6898,-1.2589,-1.4297
KL1229,Group2,53,1,21.4,2.97,0,0,0,0,1,0,1,0,1,2,0,2,6.6094,-0.0736,0.799,-1.0828
KL1230,Group2,56,0,24.2,2.78,0,0,1,1,0,1,1,2,0,0,0,1,7.1691,0.4417,0.1826,-0.2661
KL1231,Group2,64,0,20.8,3.99,1,0,1,1,1,1,1,1,0,1,1,1,5.8256,1.6521,0.1033,-0.2619
KL1232,Group2,65,0,24.1,3,0,0,0,0,0,1,1,0,1,2,1,0,6.0465,-0.1326,-0.6424,1.6209
KL1233,Group2,57,1,25.2,3.5,0,0,1,1,1,1,1,1,1,2,0,1,5.2714,0.3899,0.1453,0.3793
KL1234,Group2,51,1,23.2,3.47,0,0,0,0,0,1,0,0,0,0,0,1,6.1871,-2.2194,-1.7027,-1.1156
KL1235,Group2,58,1,22.1,4.28,0,0,1,1,1,2,0,0,1,0,1,0,5.2179,-1.8213,0.9801,0.2689
KL1236,Group2,60,0,23.1,3.06,0,0,0,0,0,0,2,1,1,2,1,0,6.9602,-0.5082,-0.5501,2.0762
KL1237,Group2,49,0,30.5,3.19,0,0,2,2,2,1,1,0,1,1,0,0,6.8532,-2.0347,0.7244,0.4419
KL1238,Group2,69,1,24.3,3.91,0,0,0,0,0,1,1,1,0,1,0,1,7.4433,1.4488,1.2114,1.2766
KL1239,Group2,55,0,30.2,3.29,1,0,0,0,0,1,0,0,0,0,1,0,4.9177,-0.7,1.5544,0.8216
KL1240,Group2,58,0,27.4,2.7,0,0,0,0,0,2,1,1,1,2,0,1,7.6709,-2.3294,-2.989,1.9897
KL1241,Group2,71,0,26.9,4.11,1,0,0,0,0,1,1,1,0,0,0,1,6.5198,1.9528,0.0319,0.4161
KL1242,Group2,59,0,25.2,2.64,0,0,0,0,0,1,0,0,1,0,0,1,5.1889,-0.4178,1.1147,-1.3016
KL1243,Group2,62,1,29.9,5.16,0,0,0,0,0,2,0,0,0,0,0,0,5.5601,-2.0495,-0.0269,1.3795
KL1244,Group2,66,1,28.5,3.72,0,0,1,1,1,1,0,1,0,0,1,0,5.0713,0.1988,0.9299,0.1375
KL1245,Group2,40,1,23.4,3.03,0,0,1,1,1,2,0,0,0,1,0,2,5.7564,1.5469,-1.4427,1.5752
KL1246,Group2,72,1,25.1,3.96,1,0,0,0,0,1,0,0,0,1,0,1,5.5707,0.5221,-0.226,-0.5042
KL1247,Group2,59,1,22.6,3.02,1,0,1,1,1,0,2,0,1,1,2,1,7.1248,2.5586,2.53,-0.7042
KL1248,Group2,71,1,27.7,3.31,0,0,0,0,1,2,0,2,0,1,1,1,6.1747,-0.3166,1.5385,-1.2518
KL1249,Group2,78,1,25.1,3.6,0,0,1,1,1,2,1,1,2,0,0,0,5.0696,-2.0882,-2.5988,2.1116
KL1250,Group2,56,1,26.5,4.52,1,0,0,0,0,0,0,0,1,0,1,0,5.4285,0.9831,-1.6482,-0.2464
KL1251,Group2,47,1,19.9,2.25,0,0,0,0,0,1,0,1,1,0,2,1,6.3542,-2.131,0.7277,-1.9623
KL1252,Group2,57,0,24.4,3.8,0,0,0,0,0,0,0,0,1,0,1,1,5.3283,-1.6378,0.3814,-0.08
KL1253,Group2,50,1,19.5,3.94,0,0,0,0,0,2,0,1,1,0,1,1,6.893,-0.6658,1.1219,0.0923
KL1254,Group2,60,1,17.7,3.15,0,0,0,0,0,2,1,1,0,0,0,1,5.5918,0.6248,0.7664,0.3117
KL1255,Group2,51,0,28.6,3.26,0,0,0,0,0,1,1,1,0,2,0,0,6.6604,1.5408,-1.2983,-3.4433
KL1256,Group2,57,1,20.3,3.34,1,0,0,0,0,1,1,1,1,1,1,0,5.2951,0.9942,0.4979,1.9813
KL1257,Group2,50,0,24.6,3.31,0,0,0,0,1,0,2,1,0,2,2,1,6.1915,-1.0202,0.5773,1.1559
KL1258,Group2,42,1,22.8,3.09,0,0,0,0,0,1,1,1,0,0,1,1,7.4722,0.7296,-0.8105,0.7338
KL1259,Group2,51,0,26,3.5,0,0,0,0,0,0,0,0,1,0,0,0,6.5441,1.3377,-1.3872,-0.3375
KL1260,Group2,64,0,22.4,3.33,0,0,0,0,0,2,0,0,0,1,1,0,5.2285,1.2035,-1.0881,-0.5199
KL1261,Group2,41,0,26.8,2.21,0,0,0,0,0,2,0,1,1,1,0,0,6.2177,-1.1183,3.1928,-0.6985
KL1262,Group2,48,0,24.8,3.16,0,0,0,0,0,1,2,1,1,0,0,0,5.0041,1.2661,0.9603,1.3344
KL1263,Group2,51,0,23.9,2.82,0,0,2,2,2,0,0,1,0,1,0,1,5.466,0.1607,0.5535,-1.4234
KL1264,Group2,52,1,17.4,2.94,1,0,1,1,1,2,1,2,0,0,0,2,6.3908,-0.4784,0.2841,-1.329
KL1265,Group2,53,1,27.6,3.65,0,0,0,0,0,2,0,0,0,1,0,1,8.3431,-2.4294,-0.9973,0.8008
KL1266,Group2,72,0,24.7,3.03,1,0,0,0,0,1,1,0,0,0,0,1,6.0479,1.6397,0.4123,1.2308
KL1267,Group2,51,0,25.7,2.94,0,0,0,0,0,1,1,0,1,1,1,1,6.6432,-0.1888,-0.1516,-1.42
KL1268,Group2,58,1,24.1,4.27,0,0,1,1,1,2,0,1,0,2,1,0,3.7205,-1.5508,-0.1592,0.2852
KL1269,Group2,69,1,18.9,3.33,1,0,0,0,0,1,1,1,1,1,1,2,4.5795,1.8747,-0.8919,1.1104
KL1270,Group2,57,0,25.9,4.47,0,0,2,2,2,1,1,0,0,1,0,0,6.4332,-0.3988,0.63,-1.0714
KL1271,Group2,42,1,25.9,2.93,0,0,0,0,0,1,1,0,0,1,2,0,5.0277,-0.5608,0.7574,-0.4161
KL1272,Group2,65,0,20.4,3.64,0,0,0,0,0,1,0,0,0,0,0,1,4.8417,0.0398,-0.4284,-1.3089
KL1273,Group2,61,1,26.3,3.75,0,0,0,0,0,2,0,1,1,1,2,0,7.238,1.8993,-2.675,-0.345
KL1274,Group2,55,0,30.2,4.91,0,0,0,0,0,0,1,1,0,1,1,0,5.23,2.2606,-0.7058,0.4297
KL1275,Group2,61,0,24.9,3.87,1,0,2,2,2,1,0,1,1,1,0,0,4.4429,0.6999,0.651,0.3269
KL1276,Group2,59,0,25.9,2.7,0,0,0,0,0,1,0,0,0,0,0,0,4.7639,0.4617,1.9457,-1.6623
KL1277,Group2,63,0,22.7,2.04,0,0,0,0,0,0,1,0,0,0,1,0,4.6346,-1.187,-0.6795,1.4269
KL1278,Group2,70,1,22.9,1.98,1,0,0,0,0,2,0,0,0,0,0,0,5.3714,0.5777,-0.6123,-0.2486
KL1279,Group2,58,0,24.7,3.27,0,0,2,1,2,1,1,0,2,0,1,2,5.553,1.767,0.6231,0.4782
KL1280,Group2,47,1,25.4,3.92,1,0,2,2,2,2,2,0,1,0,1,1,5.8685,-1.7297,-0.7399,-0.7809
KL1281,Group2,41,1,27.1,2.8,0,0,0,0,0,1,0,0,1,0,2,0,7.5151,1.9534,-0.4261,-0.1468
KL1282,Group2,52,0,24.4,1.84,1,0,0,0,1,1,0,1,2,1,1,1,4.6565,1.6567,0.466,0.7028
KL1283,Group2,48,1,25,2.8,1,0,0,0,0,1,0,0,0,2,1,1,5.9801,-1.1171,-1.7121,0.0018
KL1284,Group2,46,1,20.7,3.52,0,0,0,0,0,2,0,0,0,1,1,2,3.4532,0.304,2.7003,2.2146
KL1285,Group2,56,0,24.9,4,1,0,2,2,2,0,1,1,0,1,1,1,6.925,1.0518,0.1214,0.3681
KL1286,Group2,60,1,23.5,4.66,1,0,1,1,1,1,0,1,0,0,1,0,5.4309,1.5681,-0.3426,2.1227
KL1287,Group2,51,1,27.7,3.34,1,0,0,0,0,1,1,0,1,1,0,0,4.9997,3.6754,-3.6494,2.2142
KL1288,Group2,49,0,23.1,2.94,0,0,0,0,0,2,1,1,0,1,0,1,4.7652,0.2166,-1.2627,0.5706
KL1289,Group2,63,0,23.9,2.23,0,0,0,0,0,1,0,2,1,1,0,0,5.6442,0.0777,-3.2656,-0.3954
KL1290,Group2,62,1,21.6,2.71,0,0,0,0,0,2,1,1,1,1,1,1,4.9883,-1.3149,0.4178,-1.9361
KL1291,Group2,49,1,18.3,3.54,0,0,1,1,1,0,0,0,1,0,2,1,6.4893,2.2454,1.2406,-0.8584
KL1292,Group2,64,1,27.1,3.32,0,0,1,1,0,1,1,2,1,2,2,0,7.6667,0.3095,-0.7084,-0.6567
KL1293,Group2,44,0,20.8,3.34,0,0,0,0,0,1,1,1,2,1,1,0,4.8727,1.0768,2.9774,-2.2002
KL1294,Group2,48,0,25.5,3.53,0,0,1,1,1,1,0,0,1,0,2,1,5.5063,-1.3886,-2.0291,-2.0561
KL1295,Group2,52,0,20.4,2.95,0,0,1,1,1,2,0,1,0,0,0,2,5.5603,-1.1186,2.4788,1.5437
KL1296,Group2,73,1,17.2,3.54,1,0,1,0,1,1,2,0,1,1,2,1,4.5419,1.6933,0.0464,0.5588
KL1297,Group2,54,0,26.1,3.77,0,0,0,0,0,2,1,0,1,0,1,1,6.6452,0.3505,1.5923,-0.9139
KL1298,Group2,67,0,23.7,3.61,0,0,0,0,0,2,1,0,0,1,2,0,6.8533,-0.497,2.0509,-0.0535
KL1299,Group2,60,0,21.6,4.36,0,0,1,1,1,2,1,1,2,1,0,1,8.5339,0.4544,1.8842,0.1771
KL1300,Group2,52,0,23,4.11,0,0,0,0,0,2,1,0,0,0,0,0,5.7388,1.0917,0.8438,-0.9761
KL1301,Group2,56,0,21.3,3.06,0,0,0,0,0,1,0,1,0,0,0,1,5.4579,-1.0291,0.0066,-0.9176
KL1302,Group2,35,1,26.8,2.64,0,0,0,2,0,0,1,1,1,0,0,0,7.55,0.0313,1.6005,-0.5272
KL1303,Group2,48,1,20.3,3.32,0,0,0,0,0,0,1,2,1,0,0,0,5.0741,0.1659,1.0943,-0.8096
KL1304,Group2,45,1,21.7,2.41,0,0,0,0,0,0,2,0,0,0,2,1,5.9387,-1.0819,0.862,-1.457
KL1305,Group2,57,1,19.7,4.1,1,0,2,2,2,0,0,1,0,0,1,1,5.8707,0.4308,0.5238,-2.2133
KL1306,Group2,47,0,24.2,2.87,1,0,0,0,0,2,0,0,1,1,2,1,7.6388,-0.0087,0.4891,-0.7423
KL1307,Group2,46,0,23.8,2.84,1,0,0,0,0,1,1,0,0,1,0,0,5.465,0.516,1.4203,-1.398
KL1308,Group2,51,0,24.2,1.94,0,0,1,1,1,0,1,1,1,0,0,2,5.1325,2.7014,1.674,-1.305
KL1309,Group2,74,0,25.6,3.07,1,0,1,1,1,0,1,0,1,1,1,0,5.6393,-0.8967,0.4779,0.4581
KL1310,Group2,41,0,30.6,4.68,1,0,1,1,1,1,0,1,0,0,0,2,6.0622,-0.1456,-2.5135,1.4981
KL1311,Group2,32,1,30.3,3.58,1,0,0,0,0,1,1,1,1,1,1,1,6.5007,-0.8028,0.2832,-0.3256
KL1312,Group2,39,1,26.7,3.38,0,0,1,1,1,2,1,0,1,0,0,0,7.1899,-1.6131,-0.9141,0.1967
KL1313,Group2,34,1,22.7,2.68,0,0,1,1,1,1,0,0,0,2,0,0,4.0279,-2.2171,0.2146,-2.1053
KL1314,Group2,43,0,26.2,3.4,0,0,0,0,0,2,1,0,0,0,1,1,7.0035,0.8758,2.0693,0.3359
KL1315,Group2,60,0,16.1,2.05,0,0,1,1,0,2,0,0,0,0,0,0,6.8406,1.0665,1.2348,2.1199
KL1316,Group2,45,0,19.7,3.11,0,0,0,0,0,1,0,1,1,1,0,1,4.8442,0.5752,0.3857,2.0331
KL1317,Group2,62,0,20.4,3.37,1,0,0,0,0,1,2,0,0,0,1,1,4.1395,-1.0896,0.4463,-0.1358
KL1318,Group2,63,0,26.9,4.08,1,0,0,0,0,1,1,0,1,1,0,2,5.5804,0.4384,-1.5888,-1.4937
KL1319,Group2,57,1,21.7,3.46,0,0,1,1,1,1,1,1,0,1,0,0,5.4028,-0.1417,-1.7203,-0.6117
KL1320,Group2,52,0,23.2,2.94,0,0,1,1,1,1,0,2,0,0,1,0,5.2751,2.3899,0.9362,1.9293
KL1321,Group2,42,0,23.2,2.99,0,0,1,1,1,1,0,2,1,0,1,1,5.9015,-2.8654,0.6233,0.5798
KL1322,Group2,51,1,20.4,3.7,0,0,0,0,0,1,1,0,0,0,1,0,6.2237,0.3156,2.83,-1.0608
KL1323,Group2,62,1,22.8,2.86,1,0,1,1,1,0,1,2,1,1,0,2,6.1069,2.1649,-1.1182,0.0958
KL1324,Group2,53,1,30.5,3.85,1,0,1,1,1,0,1,1,0,0,0,0,5.9568,-2.8003,-1.7203,0.7841
KL1325,Group2,52,0,22.4,2.94,0,0,1,1,1,0,0,0,1,1,1,2,4.3889,2.1498,-0.542,0.5702
KL1326,Group2,51,1,25.3,2.54,0,0,0,0,0,1,1,0,0,0,0,0,4.6407,-0.2376,0.0968,0.5198
KL1327,Group2,46,1,22.8,2.98,0,0,0,0,0,1,0,2,1,0,0,1,4.9982,-2.6423,-1.37,-2.2583
KL1328,Group2,62,0,25.3,2.97,0,0,1,1,1,2,0,0,0,2,0,0,5.1181,1.2377,-1.1426,-1.5944
KL1329,Group2,64,0,28,2.77,1,0,0,0,0,0,0,0,0,0,1,0,5.3104,2.8598,-0.5904,-1.1352
KL1330,Group2,56,0,19.8,3.8,1,0,1,1,1,2,0,1,1,0,0,1,4.8227,-0.426,-1.8318,0.9323
KL1331,Group2,60,1,19.3,3.25,1,0,1,1,1,1,1,0,1,2,0,0,4.3689,-0.7162,0.1771,2.4478
KL1332,Group2,64,1,27.2,2.72,0,0,0,0,0,1,0,0,0,0,1,2,4.6434,0.9124,-1.2485,-0.5137
KL1333,Group2,56,0,19.7,2.95,0,0,0,0,0,2,0,0,0,0,1,2,6.3814,1.3253,0.2786,0.9875
KL1334,Group2,56,0,25,2.87,0,0,0,0,0,0,0,1,1,0,0,2,6.1561,1.0487,-1.5917,-0.6757
KL1335,Group2,60,0,24.1,4.23,0,0,1,1,1,2,0,1,1,1,2,2,6.1514,-0.1592,-0.8506,0.7454
KL1336,Group2,49,0,27.5,3.61,1,0,1,1,1,0,1,0,0,1,1,0,6.7147,0.9068,-1.2777,-1.5953
KL1337,Group2,51,0,22.8,3.05,0,0,0,0,0,1,0,0,0,2,0,0,5.1991,-0.5511,-1.214,0.7482
KL1338,Group2,65,1,25.3,4.25,0,0,0,1,0,0,0,0,0,0,0,0,6.2653,1.0453,-1.1477,2.0194
KL1339,Group2,40,1,25,2.16,0,0,2,2,2,0,1,0,0,0,2,0,7.3247,3.3907,-1.8628,0.3154
KL1340,Group2,46,1,27.5,4.38,1,0,0,0,0,2,0,1,1,1,0,0,5.1015,-1.2514,1.2254,-0.5465
KL1341,Group2,55,0,30.6,4.42,1,0,1,1,0,0,0,0,1,0,0,0,6.1498,0.0711,-1.8281,-2.1802
KL1342,Group2,51,0,19.4,3.12,0,0,0,0,0,1,1,0,0,0,0,2,5.5373,0.3921,1.3853,-1.8029
KL1343,Group2,56,0,18.2,2.6,0,0,2,2,2,2,0,1,1,1,0,2,5.2385,2.0396,-0.1825,-0.9016
KL1344,Group2,57,1,23.5,2.52,0,0,0,1,0,2,1,0,1,1,0,1,6.076,1.4694,0.1609,1.178
KL1345,Group2,52,1,26.9,3.14,0,0,0,0,0,0,0,1,1,1,1,0,6.3144,-1.3974,-0.6157,1.8742
KL1346,Group2,44,0,27.4,3.76,0,0,1,1,1,1,1,1,1,0,0,1,6.6359,-1.3034,2.2472,-2.5451
KL1347,Group2,64,0,20.6,2.99,0,0,1,1,1,1,0,1,0,1,0,1,4.9543,-0.3591,-0.4614,2.2911
KL1348,Group2,55,0,23.1,3.69,1,0,0,1,0,1,0,0,1,1,1,0,4.4377,-0.3912,-2.111,1.5731
KL1349,Group2,49,1,22.2,2.91,0,0,0,0,0,1,0,0,1,1,0,1,7.7917,0.4259,0.4113,1.3709
KL1350,Group2,52,0,24.6,3.61,0,0,0,0,0,1,1,1,1,2,0,0,5.2648,-0.1303,-0.6758,1.2602
KL1351,Group2,47,1,27.6,3.19,0,0,0,0,0,0,0,0,0,1,0,0,6.8422,-1.6885,1.9047,2.1956
KL1352,Group2,63,1,20.9,4.33,0,0,2,2,2,1,0,0,1,2,1,0,5.7468,-0.6896,0.6671,0.7161
KL1353,Group2,58,0,27.9,2.64,1,0,1,1,1,2,0,0,0,2,1,0,6.4777,0.045,-0.1395,-2.3141
KL1354,Group2,55,0,22.6,3.72,1,0,0,0,0,1,0,2,0,2,0,0,6.6968,0.2494,0.2969,1.3249
KL1355,Group2,54,0,19.9,3.38,1,0,1,1,0,2,1,1,0,1,0,0,5.0148,-0.2827,2.1013,-0.0667
KL1356,Group2,56,0,25.6,3.57,1,0,0,0,0,2,1,1,0,0,1,0,5.3207,2.1014,-0.3704,0.9228
KL1357,Group2,59,0,20.9,3.12,0,0,0,0,0,0,1,0,0,0,1,1,4.3402,1.3292,1.463,-0.9097
KL1358,Group2,54,0,27.7,2.58,0,0,1,1,1,2,0,0,1,0,2,2,4.971,0.6656,-0.515,-1.1466
KL1359,Group2,66,0,21.5,2.63,0,0,0,0,0,2,1,1,0,1,0,0,6.4096,-1.4789,0.6827,0.2553
KL1360,Group2,50,1,30.2,3.61,0,0,0,0,0,2,0,0,1,0,0,0,4.8066,-0.2307,-1.589,-1.7265
KL1361,Group2,62,0,21.6,3.47,0,0,2,2,2,1,0,0,1,1,0,2,5.1209,-1.385,0.2439,1.597
KL1362,Group2,51,0,24.9,2.53,0,0,1,1,1,1,1,0,0,1,1,0,6.2087,-0.8179,0.5952,1.7832
KL1363,Group2,62,0,23.8,2.96,0,0,0,0,0,2,1,1,1,0,0,1,6.8641,3.2591,1.1734,0.3528
KL1364,Group2,78,1,17,3.63,1,0,1,1,1,1,1,0,0,1,1,0,7.5364,1.3595,-1.0999,-0.6298
KL1365,Group2,47,0,24.3,2.88,1,0,0,0,0,2,0,0,0,0,0,0,7.2428,0.5565,-0.4686,-0.8753
KL1366,Group2,49,0,27.9,2.55,1,0,0,0,0,1,1,0,1,0,2,0,5.7742,-1.9709,-2.6085,1.1172
KL1367,Group2,56,0,23.9,2.84,0,0,1,1,1,2,0,1,1,0,1,0,4.6097,1.5243,1.4537,-0.067
KL1368,Group2,67,0,23.8,3.16,1,0,1,1,1,1,0,2,1,0,1,0,6.4766,-3.9476,1.4084,-2.9735
KL1369,Group2,51,1,23.2,3.05,1,0,0,0,0,0,0,1,1,1,0,1,5.6209,1.6943,-1.4021,-0.5092
KL1370,Group2,61,1,27.3,4.36,1,0,0,0,0,0,0,0,0,0,1,0,5.7159,-1.8193,-1.1695,2.7219
KL1371,Group2,68,0,16.8,2.65,0,0,0,0,0,0,1,0,0,0,1,0,6.3979,-2.8852,-0.6235,2.3274
KL1372,Group2,33,1,29.5,2.95,0,0,0,0,0,1,0,0,0,0,0,1,5.8775,-1.5504,-0.9758,-0.6706
KL1373,Group2,61,1,24.3,4.04,0,0,0,0,0,1,1,1,1,1,1,1,4.0528,0.6721,-1.1149,-0.157
KL1374,Group2,60,0,25.9,3.93,1,0,1,1,1,0,2,0,0,1,1,1,7.4589,-0.1004,-2.5338,-3.1611
KL1375,Group2,66,0,26.4,3.95,0,0,1,1,1,0,0,0,1,0,1,1,5.6478,0.331,-0.77,0.5394
KL1376,Group2,54,0,24.3,2.94,0,0,0,0,0,0,0,1,0,1,0,2,8.0585,2.4547,1.1173,-2.0218
KL1377,Group2,72,1,25.4,2.53,0,0,1,1,1,2,1,1,0,0,0,1,4.6004,-0.9895,-0.6534,0.8545
KL1378,Group2,38,1,20.3,3.11,1,0,0,0,0,0,0,1,1,1,1,0,5.7212,0.413,0.8081,1.3647
KL1379,Group2,65,1,24.5,4.17,0,0,0,0,0,1,0,1,0,1,0,0,7.45,0.0799,0.1185,-0.4562
KL1380,Group2,60,1,26.1,4.04,1,0,0,0,0,2,1,1,0,2,0,0,6.0672,0.2967,1.1652,-2.103
KL1381,Group2,43,0,15.7,2.37,0,0,0,0,0,1,2,1,1,1,0,0,5.0722,0.4517,1.031,-0.677
KL1382,Group2,37,1,30.1,4.26,0,0,1,1,0,0,2,2,1,1,0,1,5.3666,-0.4832,-0.273,0.8194
KL1383,Group2,54,1,26.5,3.82,0,0,1,1,1,2,0,1,0,0,2,0,5.4627,0.1585,-0.6558,-0.307
KL1384,Group2,47,0,24.2,2.29,0,0,0,0,0,1,1,0,1,1,0,1,5.5469,-0.1122,-1.8552,-0.9416
KL1385,Group2,53,0,26.4,2.36,0,0,0,0,0,2,0,1,0,0,0,0,5.3569,1.3904,1.0243,-1.1874
KL1386,Group2,72,1,24.9,4.21,0,0,0,0,0,2,1,1,1,0,2,1,6.6784,-1.5019,-2.1561,-0.3124
KL1387,Group2,40,1,24.8,3.22,1,0,1,1,1,0,0,0,0,0,0,1,4.5548,0.2367,0.1071,3.3549
KL1388,Group2,55,0,23.6,3.31,0,0,1,1,1,1,0,1,1,1,1,0,4.0105,-0.2685,0.7822,1.9063
KL1389,Group2,75,0,23.3,3.23,0,0,1,1,1,2,0,1,0,1,1,1,5.4531,-2.2158,-1.6375,0.3032
KL1390,Group2,47,0,28,4.06,0,0,1,1,1,1,0,0,0,1,1,0,6.279,-0.3434,-0.2268,1.4465
KL1391,Group2,53,1,29.7,4.24,1,0,1,1,1,2,1,1,0,0,2,1,5.5232,-1.5808,3.0141,1.6193
KL1392,Group2,55,1,28.7,4.58,1,0,1,1,1,0,1,0,0,1,0,0,5.1922,-0.5229,0.3694,-1.0609
KL1393,Group2,63,0,28.1,3.02,0,0,0,0,0,1,0,2,0,0,1,0,5.7203,-2.4696,-0.486,0.0206
KL1394,Group2,43,1,29.3,4.36,0,0,0,0,0,1,1,0,1,0,1,0,5.0278,-0.5579,-1.6079,-0.7908
KL1395,Group2,59,0,25.1,3.89,0,0,2,2,2,0,0,2,1,0,1,0,6.5269,-1.3917,0.5214,0.6871
KL1396,Group2,52,0,25.1,3.67,0,0,0,0,0,0,1,0,1,0,0,0,6.8441,1.1472,-0.2112,-1.597
KL1397,Group2,73,1,26.1,4.19,1,0,2,2,2,0,0,0,0,0,1,2,5.8087,-0.2467,0.0234,-1.2984
KL1398,Group2,52,1,30.3,3.98,0,0,1,1,1,2,1,0,0,0,1,0,7.1054,-0.3506,-0.6894,-0.2501
KL1399,Group2,47,1,26.6,3.61,1,0,1,1,1,0,0,1,1,0,1,1,4.8542,-0.6322,-0.7046,-0.2968
KL1400,Group2,49,1,26.9,3.97,0,0,1,1,1,1,0,1,0,1,0,0,7.4467,-0.8388,-1.855,1.1315
KL1401,Group2,71,0,22.5,4.02,0,0,1,1,1,2,2,0,0,0,0,1,6.8382,2.4342,-2.0321,-0.6944
KL1402,Group2,53,0,26.6,4.57,0,0,2,2,2,2,0,0,1,1,0,1,4.5753,-0.0897,0.0347,0.9147
KL1403,Group2,53,0,23.6,4.14,1,0,0,0,0,0,1,1,0,0,0,1,5.9756,1.1745,-1.4226,-1.0454
KL1404,Group2,40,0,25.7,3.4,0,0,0,0,0,1,2,1,1,1,0,1,5.1825,-1.3634,-1.2093,0.1929
KL1405,Group2,37,1,24.2,3.59,0,0,1,1,1,1,0,0,0,0,2,1,6.5371,-0.9529,-0.0479,-0.9013
KL1406,Group2,61,0,23.5,3.73,0,0,0,0,0,0,1,1,0,1,0,1,5.3758,1.0654,-1.6661,0.3954
KL1407,Group2,61,1,24.2,2.95,0,0,1,1,1,0,1,0,1,0,0,1,6.6243,0.7458,-0.3544,1.7673
KL1408,Group2,58,1,25.6,4.34,1,0,1,1,1,1,0,1,0,2,0,1,5.7558,1.2321,1.2767,0.9475
KL1409,Group2,50,1,26,3.5,1,0,0,0,0,0,1,1,0,0,0,0,5.7718,2.3497,-0.2229,0.6903
KL1410,Group2,46,1,19.5,3.42,0,0,0,1,0,1,2,0,1,1,1,0,5.1701,-0.4248,-0.5962,0.9991
KL1411,Group2,49,1,24.7,3.81,0,0,0,0,1,2,1,1,1,1,0,1,7.0434,0.8891,-0.0486,0.8938
KL1412,Group2,61,1,20.5,4.12,0,0,0,0,0,1,0,0,2,1,0,1,6.2081,0.8689,0.6586,-0.3393
KL1413,Group2,72,0,24,3.66,0,0,1,1,1,1,0,1,0,1,1,1,5.977,-2.7141,-1.0601,2.6429
KL1414,Group2,64,0,28.9,3.98,0,0,0,0,0,1,1,1,0,0,1,1,6.2074,2.4832,1.6702,4.197
KL1415,Group2,61,0,23.7,4.71,1,0,1,1,1,2,0,1,1,1,1,1,8.0295,-0.3884,-2.7101,-1.7015
KL1416,Group2,62,0,24,3.66,1,0,1,1,1,0,1,0,2,0,1,1,5.2907,-1.8646,1.4444,-0.7747
KL1417,Group2,63,0,22.9,4.98,1,0,0,0,1,1,1,0,1,1,0,0,5.6116,0.8282,-0.0334,1.883
KL1418,Group2,65,0,24.8,3.31,0,0,0,0,0,1,0,1,0,2,1,0,6.3494,1.1634,0.4238,3.2144
KL1419,Group2,55,0,19.4,2.7,1,0,1,1,1,0,1,1,2,0,2,0,4.6768,-1.0871,-1.2731,-0.1977
KL1420,Group2,54,1,27,4.28,1,0,1,1,1,2,0,0,0,1,0,0,6.5108,0.2296,1.5389,-0.1112
KL1421,Group2,57,1,30.1,4.01,0,0,0,0,0,2,2,1,1,0,0,0,5.8842,0.0966,2.0026,1.6094
KL1422,Group2,64,0,28.3,2.39,0,0,1,1,1,1,1,0,1,1,0,1,5.6335,-1.8888,1.352,2.9538
KL1423,Group2,57,1,20.5,3.45,1,0,0,0,0,0,0,0,1,1,1,0,6.5021,1.5105,1.868,-0.3615
KL1424,Group2,64,0,28.6,3.64,0,0,1,1,1,1,1,1,0,2,1,1,7.9406,-1.056,1.0047,0.3599
KL1425,Group2,37,0,24.9,3.26,0,0,1,1,1,1,0,1,0,1,1,0,6.8498,-1.8792,-0.3901,1.5036
KL1426,Group2,64,0,18.6,1.98,1,0,0,0,0,0,0,0,1,1,0,1,4.9,0.9759,2.0452,0.6336
KL1427,Group2,40,0,24.5,4,0,0,0,0,0,2,2,1,0,0,2,0,5.6695,2.3893,1.2395,1.0717
KL1428,Group2,73,0,21.8,3.42,1,0,1,1,1,2,1,0,1,1,1,0,7.3129,-0.7135,1.2135,-0.6601
KL1429,Group2,44,0,25.4,2.66,0,0,1,1,1,1,1,1,0,0,1,0,5.0601,-0.6362,0.1635,-3.241
KL1430,Group2,64,0,26.6,3.46,0,0,0,0,0,0,0,1,0,2,0,0,5.708,-2.2492,-0.0797,0.7594
KL1431,Group2,36,0,23.9,3.56,0,0,0,0,0,0,1,1,1,0,2,0,6.2365,-0.7594,1.4371,-0.107
KL1432,Group2,51,0,23.1,3.37,0,0,1,1,1,1,0,0,1,1,1,0,6.3131,0.3907,-1.5126,0.818
KL1433,Group2,48,1,23.8,3.69,1,0,0,0,0,2,0,1,0,0,2,1,5.4,-0.3948,1.9732,0.0847
KL1434,Group2,60,0,22.9,3.04,0,0,0,0,0,0,0,0,1,0,1,0,5.3762,1.2673,0.427,-1.2506
KL1435,Group2,63,0,23.9,3.45,0,0,0,0,0,1,0,0,0,1,1,0,5.0381,2.0089,0.9144,-0.6966
KL1436,Group2,50,0,22.3,2.71,0,0,0,0,0,2,0,0,1,0,2,0,7.8188,1.2932,-0.1157,-0.3187
KL1437,Group2,44,1,18.5,3.15,0,0,0,0,0,0,0,1,0,0,0,1,5.7223,2.2314,1.5113,1.3573
KL1438,Group2,59,0,26.8,3.46,0,0,1,1,0,1,1,2,1,0,0,2,7.658,-2.7038,0.7336,0.415
KL1439,Group2,41,1,22.4,2.85,0,0,0,0,0,2,1,0,1,2,1,1,5.7321,-1.3213,0.5968,-0.4196
KL1440,Group2,70,1,22.7,3.72,0,0,0,0,0,0,0,1,2,2,0,0,5.2551,-0.9601,2.1866,-0.8888
KL1441,Group2,47,0,25.5,2.41,0,0,1,1,1,1,0,0,0,0,0,1,7.3968,-0.0241,0.8604,-0.297
KL1442,Group2,55,1,24.4,3.35,0,0,1,1,1,1,2,1,1,0,1,0,5.8575,-1.0301,1.7828,-0.0949
KL1443,Group2,70,1,21.8,4.26,1,0,1,1,1,2,1,2,0,2,0,1,7.054,-0.4681,0.5566,1.3391
KL1444,Group2,60,1,17.7,2.87,0,0,1,1,1,2,2,1,0,0,0,1,6.3402,0.9544,0.1697,0.3793
KL1445,Group2,54,0,22.8,2.94,0,0,0,0,0,1,0,1,1,1,0,0,5.2285,-0.3213,0.9521,-0.4724
KL1446,Group2,63,0,31.1,3.27,0,0,0,0,0,2,0,2,0,1,0,2,7.1869,-0.0961,1.5668,-2.2935
KL1447,Group2,58,1,27.9,3.15,1,0,0,0,0,1,1,0,1,1,0,0,5.0933,0.6114,1.1833,0.2478
KL1448,Group2,62,0,23,2.34,0,0,0,0,0,1,0,1,0,1,1,2,4.8927,-0.1753,2.8357,-1.0811
KL1449,Group2,34,1,15.4,3.18,0,0,1,1,0,2,0,0,0,0,1,1,4.4986,-2.0567,0.1423,0.4081
KL1450,Group2,62,1,23.2,3.25,1,0,0,0,0,2,1,0,1,0,1,2,4.8631,-0.8504,1.6306,-0.3137
KL1451,Group2,57,1,19.8,2.3,0,0,2,2,2,1,1,0,1,1,0,0,4.5831,-1.2664,0.7001,-1.1291
KL1452,Group2,57,0,23.1,3.37,1,0,0,0,0,2,0,0,1,2,0,2,5.835,-0.0569,-1.0471,-0.9077
KL1453,Group2,53,1,32.2,5.14,1,0,1,1,1,2,0,1,0,0,0,0,5.4893,1.0979,1.1353,-0.4519
KL1454,Group2,69,0,25.8,3.29,0,0,1,1,1,1,1,0,1,0,0,0,7.1082,0.5293,-0.9366,-1.7107
KL1455,Group2,52,1,21.5,3.1,0,0,0,0,0,2,1,1,1,1,1,0,7.6244,0.1521,-0.8716,0.1107
KL1456,Group2,60,1,25.7,3.79,1,0,0,0,0,0,0,1,0,0,1,0,5.4348,-0.7655,0.3393,0.9214
KL1457,Group2,59,0,24.2,2.4,0,0,1,1,1,1,1,2,1,1,1,0,5.3011,-0.8157,0.9164,-1.9934
KL1458,Group2,45,0,23,3.59,0,0,1,1,1,0,0,1,0,0,2,0,8.4013,0.2191,-1.5823,2.1402
KL1459,Group2,64,1,23.7,3.41,0,0,0,0,0,2,0,0,1,0,1,0,4.2833,-3.1559,-1.7955,-2.5631
KL1460,Group2,52,0,25.3,2.81,0,0,0,0,0,0,2,0,2,1,1,1,6.5087,-1.5627,-0.3991,0.6031
KL1461,Group2,50,0,29.8,3.23,0,0,0,0,0,1,1,1,0,0,1,0,7.0361,-0.2851,1.8898,-0.209
KL1462,Group2,55,0,25.7,2.79,0,0,0,0,0,1,0,0,0,0,0,1,5.0627,0.5463,-0.9955,-2.194
KL1463,Group2,56,0,24.2,2.47,0,0,1,1,1,2,2,0,1,0,0,1,6.4292,0.7689,-0.87,1.6767
KL1464,Group2,52,1,30.2,4.45,1,0,1,0,1,0,0,1,0,1,2,0,6.4725,0.2637,-1.0137,2.7782
KL1465,Group2,58,1,29.1,2.9,0,0,0,0,0,1,1,0,0,1,0,1,4.3925,1.658,-1.7701,0.7098
KL1466,Group2,52,1,28.8,2.66,0,0,1,1,1,1,0,0,1,0,1,0,6.7976,2.453,1.6593,0.6216
KL1467,Group2,63,0,25.7,4,0,0,0,0,0,1,1,1,0,0,1,1,5.4318,-1.041,-1.619,0.2513
KL1468,Group2,60,0,28.4,4.34,0,0,1,1,1,1,2,0,1,0,2,1,4.7451,0.1561,3.1178,0.3667
KL1469,Group2,41,0,24.4,3.26,1,0,1,1,1,0,0,1,0,0,0,0,6.8216,1.379,0.1131,-0.3176
KL1470,Group2,40,0,26.3,3.51,0,0,0,0,0,2,0,1,0,0,1,1,6.5572,-0.4605,-0.4485,0.3516
KL1471,Group2,47,1,26.2,2.96,0,0,1,1,1,2,0,1,0,1,1,1,5.0125,-0.8906,0.6497,2.5306
KL1472,Group2,51,0,25.1,4.17,0,0,1,1,1,1,1,1,0,1,0,1,6.1382,-1.4502,-2.4775,0.2722
KL1473,Group2,63,0,24.4,3.56,1,0,0,0,0,0,1,1,0,0,0,1,5.4338,0.353,-1.2462,0.3409
KL1474,Group2,51,0,24.6,2.68,0,0,0,0,0,1,0,2,0,0,0,0,5.8506,-0.2325,-1.7968,2.3476
KL1475,Group2,36,1,24.2,3.36,1,0,0,0,0,1,2,1,1,0,2,1,6.6706,0.1926,-2.3446,-1.2518
KL1476,Group2,66,1,25.5,2.97,0,0,1,1,1,2,1,2,0,0,0,0,8.3952,1.2085,-0.2084,-2.9529
KL1477,Group2,44,0,22.9,1.85,0,0,0,0,1,0,2,0,1,1,2,1,6.6778,0.2548,0.1519,-0.6943
KL1478,Group2,60,1,21.1,2.86,0,0,0,0,0,1,0,1,1,1,0,1,6.7383,0.7072,-2.1462,-0.2055
KL1479,Group2,42,1,26.3,4.29,1,0,1,1,1,1,1,1,0,1,0,0,5.3861,0.0741,-2.0102,-1.5171
KL1480,Group2,52,0,28.3,3.63,0,0,2,2,2,1,1,0,1,2,1,1,4.9348,-2.3364,1.1654,-1.2995
KL1481,Group2,50,0,27.3,3.35,1,0,0,2,0,1,0,1,1,0,1,1,5.7522,0.2551,-1.8126,-1.2196
KL1482,Group2,63,0,22,2.99,1,0,0,0,0,2,0,1,1,0,0,1,7.5303,1.018,0.3703,-1.9101
KL1483,Group2,66,0,29.8,4,1,0,0,0,0,1,0,1,0,0,2,0,6.8145,-2.6488,-1.8701,-1.328
KL1484,Group2,68,1,24.6,3.68,0,0,0,0,0,2,1,0,0,0,2,0,4.7744,1.1529,-0.735,-0.2696
KL1485,Group2,47,0,25,3.14,0,0,0,0,0,1,0,1,0,0,1,0,5.485,-2.8633,1.6765,-1.9422
KL1486,Group2,60,0,26.9,3.89,0,0,1,1,1,1,1,1,1,0,0,1,6.509,-1.1842,-0.4604,3.5921
KL1487,Group2,55,0,24,2.71,0,0,0,0,0,2,2,0,0,0,1,1,7.7668,0.812,-1.6538,-2.0514
KL1488,Group2,56,1,22.7,3.38,0,0,0,0,0,0,1,0,0,1,1,2,4.0806,2.4222,2.1887,-1.128
KL1489,Group2,51,0,23.8,2.41,0,0,0,0,0,1,0,0,1,0,0,0,3.3891,-0.7328,0.5999,1.1165
KL1490,Group2,71,1,21.3,3.42,1,0,0,0,0,2,1,1,0,2,0,0,6.9258,-1.342,1.5995,-1.6099
KL1491,Group2,58,0,26.1,3.42,0,0,0,0,0,1,0,1,0,2,0,0,6.2101,-0.0547,-0.2997,-0.6399
KL1492,Group2,44,1,23.8,4.38,0,0,1,1,1,1,0,1,1,1,1,0,4.9315,-0.024,0.3753,1.8969
KL1493,Group2,69,0,26.9,2.48,0,0,0,0,0,0,1,0,0,0,0,0,6.7667,2.7529,-1.24,0.761
KL1494,Group2,52,0,21.8,2.1,0,0,1,1,1,2,0,0,0,2,0,1,7.3457,1.0651,0.993,2.2366
KL1495,Group2,72,0,28.9,3.27,1,0,0,0,0,0,0,1,1,2,1,0,6.0693,1.0629,-0.6214,-0.6207
KL1496,Group2,62,1,23.1,3.45,0,0,0,0,0,2,1,1,1,0,0,0,6.1029,1.7895,-0.3782,0.9549
KL1497,Group2,58,0,20.3,3.82,1,0,1,1,1,1,1,0,0,0,0,2,5.1562,-0.4315,-0.3453,0.2787
KL1498,Group2,40,0,28.2,4.01,0,0,0,0,0,0,1,1,0,0,1,0,5.9605,1.1983,-0.4381,1.1559
KL1499,Group2,54,1,23.8,3.05,0,0,0,0,0,2,1,1,2,0,1,0,5.183,0.3879,-1.1129,1.2983
KL1500,Group2,54,0,21,3.16,0,0,0,0,0,1,0,0,1,0,0,0,7.1785,-1.1126,-2.5588,0.7942
