spot,row,col,x,y,depth,region,g01,g02,g03,g04,g05,g06,g07,g08,g09,g10,g11,g12,g13,g14,g15,g16,g17,g18,g19,g20,g21,g22,g23,g24,g25,g26,g27,g28,g29,g30,g31,g32,g33,g34,g35,g36,g37,g38,g39,g40,g41,g42,g43,g44,g45,g46,g47,g48,g49,g50
S001,0,0,0,0,0,GM,1.21,1.364,2.464,1.405,1.108,1.229,0.096,1.361,1.73,1.033,1.528,1.321,0.952,0.408,0.497,0.884,1.329,0.603,0.898,1.005,0.203,0.939,0.839,1.314,1.044,0.809,1.508,0.578,1.513,0.472,0.953,0.97,0.667,0.681,1.412,0.21,0.698,1.613,1.111,0.968,1.1,0.997,0.686,1.19,0.935,1.32,0.506,1.093,0.88,1.999
S002,0,1,1,0,0,GM,1.146,1.368,1.824,0.502,0.305,1.669,-0.202,1.563,1.471,1.098,-0.101,1.87,1.203,0.778,1.768,1.069,0.824,0.337,0.371,0.935,0.473,0.474,0.339,0.751,1.438,0.731,1.71,0.839,0.157,1.153,0.577,0.719,0.822,1.401,1.569,1.129,0.9,1.113,1.492,0.63,2.056,1.316,1.17,1.465,0.808,-0.021,1.068,0.981,1.111,0.94
S003,0,2,2,0,0,GM,-0.298,1.273,2.348,0.232,0.457,1.038,0.398,2.863,0.763,1.763,0.37,0.704,1.697,1.495,0.781,1.88,1.787,0.967,2.059,0.507,1.427,0.391,0.885,1.562,2.169,1.522,1.159,1.885,0.951,1.128,1.024,1.339,0.658,0.574,1.382,1.138,0.612,0.487,0.771,1.128,1.459,2.253,1.412,1.109,1.524,1.758,-0.537,1.324,1.738,0.472
S004,0,3,3,0,0,GM,-0.235,1.241,2.11,-0.138,-0.099,1.082,-0.341,1.515,1.336,1.538,0.759,1.157,1.601,1.699,1.187,0.813,-0.105,1.117,1.732,2.213,0.514,0.26,1.135,0.82,0.051,1.426,1.448,1.635,1.279,1.821,0.629,1.755,0.61,1.388,0.324,1.806,0.276,1.16,0.554,1.461,0.808,0.377,0.571,1.074,1.025,0.396,0.562,0.801,1.376,1.2
S005,0,4,4,0,0,GM,0.429,0.968,1.665,0.849,-1.554,1.367,1.488,1.76,0.871,1.582,1.799,0.652,1.123,1.101,0.931,0.52,0.092,1.744,1.102,0.655,0.813,0.939,0.037,1.316,1.065,2.013,1.287,0.95,1.23,1.102,1.129,1.258,1.304,1.079,0.817,0.797,1.424,1.228,1.583,1.66,0.555,0.912,0.129,1.328,0.293,0.431,0.326,0.941,1.299,0.75
S006,0,5,5,0,0,GM,0.329,0.586,1.473,0.335,0.037,1.429,2.527,1.556,1.195,1.139,0.35,1.157,1.05,0.408,1.847,0.875,1.077,0.3,0.616,1.352,0.504,1.517,1.152,2.231,0.987,0.358,0.995,0.899,0.891,0.186,1.827,1.376,0.97,0.903,1.784,1.353,1.214,0.873,0.473,1.249,1.634,1.514,1.638,0.168,1.03,0.593,0.575,0.888,0.465,0.553
S007,0,6,6,0,0,GM,0.394,0.865,2.111,1.252,0.484,0.792,2.133,1.443,1.713,1.809,0.739,0.006,1.348,0.413,2.086,1.129,1.443,1.953,0.784,0.851,1.068,0.736,1.563,1.304,0.814,1.564,1.063,1.127,1.332,1.302,0.846,0.867,0.978,0.841,-0.209,0.584,1.149,0.708,0.665,1.119,1.618,0.81,0.325,1.215,0.454,1.49,1.153,2.008,0.824,1.724
S008,0,7,7,0,0,GM,-0.123,2.389,1.54,1.263,0.563,0.891,2.12,1.119,1.548,2.059,0.274,1.748,-0.081,0.197,1.7,1.055,1.179,1.103,0.679,0.337,0.609,1.412,1.228,1.54,0.485,1.545,1.295,1.237,1.295,0.507,0.864,1.282,0.229,0.89,0.474,1.653,0.472,0.786,1.882,0.858,1.869,1.066,1.666,0.941,0.114,0.255,2.111,1.744,0.718,0.323
S009,0,8,8,0,0,GM,1.064,0.969,1.277,1.346,1.099,1.227,1.308,0.959,1.219,1.145,0.958,0.82,0.998,1.291,0.139,1.445,1.327,1.149,0.746,1.918,0.936,0.973,0.752,0.751,0.928,0.268,-0.099,0.656,0.938,0.684,0.283,1.131,1.886,-0.391,0.836,1.048,0.254,0.408,1.24,1.095,1.174,0.523,0.826,1.052,0.79,0.845,1.685,1.01,0.716,0.531
S010,0,9,9,0,0,GM,1.493,1.736,0.326,0.774,0.293,1.297,0.463,1.503,1.008,-0.102,1.186,0.471,1.527,0.723,0.952,0.15,0.892,0.798,0.853,1.387,1.206,1.381,1.378,1.668,2.154,1.247,1.546,0.365,1.538,1.256,1.093,1.864,2.263,1.548,1.022,0.84,0.267,1.496,1.168,0.284,1.691,0.831,1.258,0.592,1.186,1.464,1.418,1.072,1.098,2.047
S011,0,10,10,0,0,GM,0.331,0.789,0.223,1.914,1.109,2.167,1.994,2.053,0.457,1.171,0.989,1.197,1.826,1.54,0.845,1.901,1.038,1.129,0.314,0.896,0.594,0.96,1.851,0.92,1.114,-0.285,0.355,0.473,1.982,0.449,0.934,1.134,0.727,2.491,0.838,0.663,0.283,0.466,0.973,1.047,1.189,1.727,0.33,0.218,1.872,1.301,1.439,0.89,1.694,0.863
S012,0,11,11,0,0,GM,1.852,0.9,0.242,2.823,0.714,2.136,0.402,1.789,0.799,0.592,1.609,1.566,0.592,0.65,1.147,0.516,0.473,1.473,1.188,0.713,1.139,0.827,0.096,0.593,1.201,0.665,0.372,1.203,1.302,0.857,0.328,1.044,1.55,0.677,1.457,0.924,0.793,0.555,0.139,1.492,0.759,0.341,1.508,1.005,0.773,2.051,2.11,1.41,0.357,0.299
S013,0,12,12,0,0,GM,2.182,1.084,0.976,2.331,0.739,1.347,2.217,1.568,1.232,1.674,0.976,1.225,0.5,0.742,1.486,0.392,0.298,0.884,0.662,1.593,1.498,1.201,1.7,1.15,0.887,1.057,0.816,0.842,1.268,0.726,2.328,0.277,1.179,1.146,1.735,0.463,1.023,0.765,1.454,0.889,1.335,1.185,0.691,0.763,0.916,0.659,1.408,0.835,1.205,2.219
S014,0,13,13,0,0,GM,1.037,1.617,1.084,2.394,0.375,1.292,2.751,1.104,0.745,1.48,1.4,0.709,1.567,1.016,1.173,0.748,1.862,-0.013,0.533,0.87,0.659,1.452,1.433,0.657,0.468,0.214,0.958,0.454,0.865,1.089,1.241,1.696,1.18,0.362,0.937,1.439,0.528,1.529,1.814,1.803,1.65,0.57,0.969,1.376,0.04,-0.271,1.446,1.019,1.407,0.249
S015,0,14,14,0,0,GM,0.848,0.365,0.551,2.132,0.248,1.395,1.786,0.785,0.518,1.165,0.346,1.64,1.237,1.251,1.606,1.007,0.501,1.396,1.072,0.632,1.423,1.411,1.985,1.245,1.117,1.656,1.318,0.969,1.03,1.126,0.787,0.486,1.333,1.295,1.314,0.635,0.485,1.084,0.722,1.212,0.648,1.312,1.535,0.601,1.079,1.178,0.929,1.574,1.05,1.92
S016,0,15,15,0,0,GM,1.394,0.169,0.976,1.621,0.46,0.78,1.368,0.807,0.574,-0.095,0.728,0.64,0.977,1.917,0.655,0.774,1.268,1.441,1.641,0.839,0.961,1.658,1.82,0.73,0.769,0.914,0.118,0.477,1.434,0.648,0.516,0.396,-0.291,1.556,0.559,0.76,2.362,0.37,0.498,-0.578,0.552,0.759,1.065,1.127,0.907,1.3,0.758,1.596,0.679,1.299
S017,0,16,16,0,0,GM,1.151,1.18,0.589,0.624,0.65,0.978,1.322,1.32,0.409,0.833,0.764,0.364,1.554,1.038,0.429,-0.242,1.516,0.977,0.69,1.384,0.751,0.419,0.497,1.212,0.725,1.06,0.92,0.889,0.622,-0.34,0.6,0.589,0.725,1.14,0.983,1.376,0.976,0.91,1.121,1.127,1.632,1.359,1.332,0.775,1.647,1.165,1.76,1.222,0.869,1.189
S018,0,17,17,0,0,GM,1.401,0.581,0.647,0.504,0.941,1.624,1.837,0.398,0.585,0.432,1.096,1.481,0.717,0.52,0.687,1.593,0.997,1.432,2.124,1.036,1.209,0.883,1.305,1.512,1.143,1.424,1.129,1.435,0.718,0.619,0.799,1.681,0.68,0.534,1.351,0.242,0.828,1.518,1.238,0.345,0.547,1.27,1.799,1.279,0.801,0.975,1.446,0.629,1.539,1.019
S019,0,18,18,0,0,GM,0.977,0.714,2.408,0.159,1.108,1.667,1.602,0.837,0.534,0.48,0.79,0.31,1.789,1.503,1.1,0.484,0.512,0.07,1.244,2.015,0.52,0.572,1.034,1.426,0.819,0.734,0.802,0.792,2,0.939,1.117,1.133,0.773,1.04,0.838,1.697,1.541,1.688,1.231,0.589,1.208,1.278,1.3,0.974,1.554,0.54,1.609,1.119,0.807,1.147
S020,0,19,19,0,0,GM,0.496,1.171,1.367,1.368,0.541,1.771,1.187,0.244,0.549,1.211,0.765,0.811,0.953,1.415,0.742,0.81,0.78,2.413,1.733,0.492,0.051,-0.156,0.709,0.976,1.338,0.693,1.095,-0.182,0.739,0.458,0.504,1.161,1.823,0.522,1.814,0.976,0.712,0.184,1.242,1.003,0.801,0.912,1.66,1.208,0.929,0.507,0.875,1.038,0.895,0.993
S021,0,20,20,0,0,GM,0.24,1.321,1.42,0.643,-0.531,0.548,1.122,1.199,1.202,1.222,1.334,1.311,1.209,1.583,1.426,0.681,1.318,1.37,-0.082,0.738,1.718,1.046,1.12,0.438,1.685,1.149,0.683,1.431,0.66,0.535,1.464,1.032,1.039,1.353,0.307,0.857,0.531,1.71,0.502,1.041,2.213,0.907,1.254,0.06,0.037,1.395,1.007,0.408,0.58,1.386
S022,0,21,21,0,0,GM,0.115,1.661,1.856,0.888,0.843,1.047,1.864,0.87,1.182,1.223,0.866,0.72,2.232,0.68,1.585,1.748,0.658,1.101,1.142,0.667,0.685,1.644,1.047,1.031,1.227,1.296,2.295,0.031,1.736,0.961,0.617,0.829,1.539,0.761,1.213,1.587,1.569,0.713,0.574,1.402,1.421,0.485,1.122,1.906,1.605,0.979,0.62,0.437,2.228,1.191
S023,0,22,22,0,0,GM,1.596,1.835,1.613,0.738,1.139,0.886,1.315,0.85,0.97,0.849,1.654,0.336,0.817,0.744,0.266,1.054,0.366,1.34,0.775,0.63,0.828,1.345,1.209,1.372,0.704,1.383,0.547,1.859,1.656,0.749,1.699,1.442,1.279,0.397,1.167,0.887,0.423,0.607,1.43,1.66,1.16,0.89,1.2,0.737,0.376,1.446,0.658,1.283,0.618,1.924
S024,0,23,23,0,0,GM,1.392,1.874,1.467,1.979,1.223,1.922,0.104,1.115,0.534,1.314,1.65,1.79,1.502,1.814,1.048,0.966,1.37,1.299,1.392,1.17,0.576,0.729,0.097,0.834,0.576,0.492,0.471,1.343,1.225,1.56,1.082,2.005,0.857,0.784,0.669,0.928,0.321,0.608,1.183,0.959,0.978,1.88,1.552,0.832,0.499,1.445,1.849,0.659,1.673,-0.442
S025,1,0,0.5,0.866,0.866,GM,1.458,1.66,2.207,1.056,-0.197,1.157,0.493,1.962,1.108,1.272,0.388,0.69,1.456,0.903,1.836,1.443,1.25,1.293,1.438,1.321,0.526,0.708,0.521,1.09,1.635,0.659,1.617,1.118,0.993,0.262,0.553,1.114,0.255,1.471,-0.007,0.998,1.125,1.245,0.628,1.024,0.883,1.392,-0.055,1.216,1.784,1.43,0.476,0.566,0.718,0.843
S026,1,1,1.5,0.866,0.866,GM,1.262,1.427,1.791,-0.064,-0.881,1.19,0.361,0.753,1.868,0.61,1.217,1.754,0.269,1.401,1.491,1.315,1.323,1.078,0.913,1.249,1.048,1.295,1.551,1.906,1.087,1.24,0.828,1.034,0.835,0.222,0.964,0.576,1.103,1.164,1.496,1.395,0.599,1.571,1.061,1.311,0.976,1.5,0.938,1.354,0.119,1.486,0.592,0.823,1.412,1.883
S027,1,2,2.5,0.866,0.866,GM,1.148,1.241,2.224,0.698,-0.506,1.359,0.636,1.522,0.823,1.456,1.246,0.607,0.842,1.504,0.962,-0.047,0.745,0.32,1.232,1.213,1.102,0.927,0.316,1.745,0.311,1.518,0.747,1.405,1.212,0.701,0.788,1.236,1.243,-0.16,1.427,1.445,2.109,0.88,-0.402,1.017,0.671,-0.024,1.645,0.555,-0.2,1.507,1.134,1.852,0.221,0.987
S028,1,3,3.5,0.866,0.866,GM,0.716,0.676,1.739,1.877,-0.34,1.672,0.217,1.617,1.658,1.767,1.452,1.346,1.29,1.534,1.309,0.768,0.563,0.51,0.512,0.994,0.545,1.034,1.082,0.222,1.338,0.829,0.084,-0.05,-0.197,0.684,0.883,0.333,1.002,0.483,0.599,0.859,0.972,0.53,1.113,0.97,1.551,1.306,0.482,1.307,2.052,0.849,1.011,1.519,1.059,1.862
S029,1,4,4.5,0.866,0.866,GM,0.856,1.925,1.735,0.964,0.548,0.746,0.776,1.532,1.664,2.168,1.563,0.105,1.257,0.871,1.852,1.179,0.665,0.176,0.793,1.293,1.194,0.251,0.935,1.104,0.843,1.427,1.738,1.433,0.632,1.085,1.509,1.524,1.791,0.128,1.167,1.283,0.03,1.25,0.55,0.51,1.182,1.47,1.439,0.18,2.315,1.12,1.17,1.077,0.879,0.972
S030,1,5,5.5,0.866,0.866,GM,1.254,1.561,2.922,0.913,0.521,2.404,1.625,1.46,1.748,1.79,2.249,1.18,1.167,1.001,2.129,1.058,1.079,0.487,1.753,0.731,1.228,0.684,0.966,1.584,0.779,0.864,0.401,1.259,1.03,1.777,0.954,-0.028,2.588,1.462,0.415,0.839,1.523,1.089,1.508,1.091,0.95,0.883,1.417,1.059,0.89,0.601,2.504,0.98,1.653,0.779
S031,1,6,6.5,0.866,0.866,GM,0.658,1.54,2.444,1.726,0.014,2.414,0.907,2.419,0.945,1.626,1.218,0.879,0.314,1.648,1.44,1.209,0.327,0.823,1.596,0.42,1.137,0.541,-0.186,2.404,1.058,0.767,0.445,1.377,0.957,1.162,1.752,0.456,1.55,2.636,0.55,1.247,1.269,0.389,1.089,0.303,1.823,1.116,0.457,0.622,0.919,0.132,1.798,1.828,1.59,0.551
S032,1,7,7.5,0.866,0.866,GM,0.461,1.638,0.624,1.233,0.94,1.73,1.143,1.556,1.622,1.582,0.55,0.632,1.74,1.013,0.425,0.32,0.778,0.819,1.816,1.17,0.61,0.277,1.521,0.65,1.011,1.433,2.277,0.342,1.349,0.574,1.501,0.78,0.99,1.006,0.777,1.211,0.444,1.602,0.434,1.219,1.124,0.805,0.944,1.199,1.764,1.758,-0.154,0.687,0.772,1.032
S033,1,8,8.5,0.866,0.866,GM,1.817,0.435,0.554,1.872,0.649,2.394,1.935,1.731,1.199,1.257,1.419,1.538,1.339,0.814,0.311,1.124,1.089,1.088,0.758,0.905,1.2,0.855,1.48,0.557,-0.072,0.171,0.862,0.733,0.665,1.417,0.788,1.16,1.18,1.626,-0.277,1.415,0.881,0.958,0.212,0.072,1.257,1.196,0.972,1.366,0.103,0.67,1.407,0.409,0.709,1.563
S034,1,9,9.5,0.866,0.866,GM,0.792,0.87,0.336,2.254,-0.019,1.799,1.934,1.563,1.154,1.414,0.77,1.241,1.032,0.97,1.458,1.669,1.36,1.153,0.968,0.576,1.675,1.575,0.342,0.566,1.86,2.027,1.759,0.155,0.291,0.307,1.056,0.552,0.791,0.332,0.481,0.967,-0.175,2.21,0.403,1.623,0.717,1.156,1.009,1.527,0.96,0.992,1.069,1.133,0.948,0.856
S035,1,10,10.5,0.866,0.866,GM,0.935,0.645,0.813,2.527,1.212,1.611,1.304,1.431,0.328,1.62,0.801,1.933,1.352,0.132,1.211,1.165,0.973,0.542,1.216,1.865,0.622,1.556,1.195,0.906,0.981,0.692,1.682,1.934,1.051,0.57,0.382,1.278,1.117,1.223,0.281,0.909,0.213,0.445,0.394,0.336,0.935,1.729,1.403,0.965,1.347,1.899,0.828,0.538,0.422,-0.233
S036,1,11,11.5,0.866,0.866,GM,0.676,1.219,1.204,2.793,1.349,1.901,2.375,1.918,0.79,0.65,0.861,0.827,-0.503,0.732,1.296,1.214,0.751,0.375,0.98,0.846,0.393,0.258,0.704,1.274,0.126,1.428,1.435,1.491,0.706,0.326,0.609,1.77,1.031,0.931,1.582,1.063,1.81,1.391,1.037,0.871,1.721,0.261,1.713,0.819,1.116,1.408,1.491,0.626,1.57,0.965
S037,1,12,12.5,0.866,0.866,GM,1.383,1.138,0.712,3.05,-0.049,1.603,1.442,1.511,0.614,1.77,1.733,0.672,0.652,1.561,1.777,1.689,0.777,0.412,0.441,0.188,1.073,0.049,1.127,1.076,1.676,1.168,0.631,1.5,0.614,0.818,2.15,1.633,0.315,0.809,1.162,0.881,1.19,0.831,0.807,1.331,0.655,1.165,1.779,1.179,0.143,1.254,0.981,1.096,2.061,0.294
S038,1,13,13.5,0.866,0.866,GM,1.313,0.922,1.29,2.438,0.374,1.523,0.407,0.504,0.613,0.426,0.715,1.297,0.962,-0.224,0.142,0.853,1.758,0.727,0.659,1.864,1.055,2.002,1.155,1.395,0.048,0.39,1.713,0.856,0.592,1.028,0.786,1.564,0.261,0.646,0.676,1.137,1.197,0.736,0.403,1.465,1.057,1.472,1.172,1.374,0.514,1.534,1.087,0.947,1.473,1.346
S039,1,14,14.5,0.866,0.866,GM,1.475,0.845,1.407,1.279,0.306,1.336,1.853,1.219,0.265,-0.174,0.774,0.353,2.044,1.518,1.222,1.455,1.152,1.08,1.517,0.99,0.528,0.451,0.506,1.243,0.349,-0.017,1.198,0.724,0.648,1.472,0.611,1.273,0.493,1.039,1.688,1.232,0.498,0.832,0.938,1.32,0.681,1.071,0.823,1.013,0.977,0.658,1.185,-0.09,1.11,0.675
S040,1,15,15.5,0.866,0.866,GM,1.035,1.435,1.09,0.717,0.817,1.139,0.731,0.862,0.868,0.051,1.39,1.606,0.727,1.506,1.527,0.289,1.178,1.283,1.341,-0.024,1.453,0.721,0.672,1.24,0.909,1.381,1.722,1.307,0.575,1.509,1.497,1.291,0.945,1.639,0.621,2.374,0.497,0.736,1.451,1.424,1.255,1.209,1.299,0.654,0.912,0.977,0.998,0.749,1.819,1.278
S041,1,16,16.5,0.866,0.866,GM,0.783,0.688,1.146,-0.148,1.187,1.539,0.56,0.999,0.379,1.508,0.899,1.906,0.505,1.305,0.793,1.18,1.049,1.061,0.394,0.97,-0.03,0.352,1.137,0.239,1.071,0.928,0.947,0.815,0.42,0.895,0.995,0.296,0.42,0.886,1.307,0.646,1.097,1.345,1.517,1.533,1.016,1.752,0.418,1.66,0.679,0.101,-0.19,1.566,0.116,1.019
S042,1,17,17.5,0.866,0.866,GM,1.365,1.406,1.107,1.324,1.22,1.696,1.109,1.855,1.053,0.822,0.636,1.186,0.962,1.428,0.86,0.612,1.318,1.853,1.169,-0.013,-0.142,1.454,0.684,1.806,0.613,0.711,1.388,0.1,1.336,2.219,1.344,0.609,0.387,1.536,1.524,0.662,0.18,0.849,-0.116,1.133,0.52,0.778,1.351,0.494,0.871,1.324,0.662,1.161,0.776,1.318
S043,1,18,18.5,0.866,0.866,GM,0.338,1.329,1.525,1.454,1.421,1.731,1.067,0.156,1.021,1.342,1.115,1.745,1.141,1.644,0.349,0.202,0.735,1.868,-0.506,0.631,0.862,1.558,0.669,1.541,-0.052,1.713,1.088,0.612,1.012,1.379,0.616,0.601,0.403,1.336,0.666,1.2,1.053,0.975,1.214,1.265,0.359,1.363,2.216,1.721,0.669,1.293,2.298,0.295,1.097,1.618
S044,1,19,19.5,0.866,0.866,GM,0.659,1.527,1.554,1.81,1.071,1.371,0.993,0.767,0.626,0.979,-0.097,1.4,0.692,0.435,0.873,-0.19,1.287,1.536,-0.078,0.354,0.767,0.619,1.381,1.666,0.232,0.834,1.079,0.89,1.106,1.317,0.402,1.072,0.403,1.026,0.97,1.595,0.935,0.703,0.795,0.66,1.294,0.755,1.476,1.033,0.994,1.782,0.92,0.369,0.927,1.132
S045,1,20,20.5,0.866,0.866,GM,0.534,2.304,1.309,1.487,-0.115,1.426,2.423,0.665,1.354,1.636,1.963,-0.092,-0.102,1.245,2.102,0.573,2.059,0.815,0.782,0.498,0.59,1.151,1.388,0.704,1.889,0.523,0.754,1.773,-0.163,0.774,0.427,1.236,1.321,1.426,0.988,1.02,0.469,1.273,1.592,1.557,1.117,1.571,1.664,0.673,1.403,0.659,0.5,1.465,1.488,0.842
S046,1,21,21.5,0.866,0.866,GM,1.2,1.918,1.295,0.699,1.508,1.472,1.569,0.254,0.543,0.629,2.225,1.605,0.678,0.917,1.569,1.413,0.979,1.463,1.316,0.955,0.595,1.284,0.565,1.425,1.158,1.157,1.012,1.668,0.875,0.435,0.863,1.665,0.7,1.046,1.279,0.356,1.249,0.752,0.687,-0.115,1.447,0.937,1.064,0.527,0.085,0.896,1.427,1.13,1.218,2.006
S047,1,22,22.5,0.866,0.866,GM,1.484,1.927,0.392,0.569,0.75,1.52,1.072,1.267,0.816,1.21,0.666,1.43,0.688,1.813,0.91,0.066,0.218,0.962,1.144,0.753,0.694,0.786,0.527,0.91,0.986,1.459,0.705,1.082,1.189,-0.022,1.093,0.321,0.815,1.476,1.081,0.797,0.617,1.56,1.014,0.498,1.602,1.713,1.807,0.429,1.221,0.956,1.63,-0.166,1.609,0.624
S048,1,23,23.5,0.866,0.866,GM,0.926,0.932,0.741,0.995,2.064,2.095,0.247,2.326,0.833,1.207,0.988,0.87,-0.189,0.221,1.502,1.104,1.613,1.243,0.623,0.596,1.203,1.531,0.477,0.236,0.903,0.568,0.618,0.635,1.411,0.598,0.501,0.976,0.847,1.631,1.603,0.73,0.857,0.678,1.693,0.354,0.06,0.503,0.883,-0.273,0.564,0.876,1.357,0.491,-0.128,1.462
S049,2,0,0,1.7321,1.7321,GM,2.119,0.89,2.192,-0.027,-0.665,0.747,1.07,1.073,1.315,1.645,1.443,1.155,1.039,1.316,-0.948,0.716,1.868,0.809,1.525,0.988,0.374,0.406,0.676,0.527,0.549,0.028,0.962,1.171,1.081,1.002,1.432,0.583,0.643,0.22,2.272,0.594,-0.457,1.463,0.128,0.552,1.543,1.237,1.757,1.067,1.799,0.951,0.946,1.593,1.48,0.171
S050,2,1,1,1.7321,1.7321,GM,1.053,0.872,0.919,1.16,-0.208,0.881,0.043,0.836,2.101,0.138,0.426,1.29,1.189,0.844,1.756,0.436,1.05,1.368,1.204,-0.139,0.907,2.016,0.463,0.864,1.111,1.148,0.818,0.663,0.894,0.86,0.945,1.205,0.719,0.801,1.875,1.529,1.037,1.649,1.89,1.404,0.655,0.694,0.833,1.175,0.403,0.538,1.521,1.009,1.517,0.277
S051,2,2,2,1.7321,1.7321,GM,0.791,0.84,2.172,0.974,-0.021,1.082,0.944,1.938,2.336,0.735,1.195,0.741,0.101,-0.062,1.083,1.02,1.275,0.499,1.87,1.852,1.793,1.395,0.582,0.319,1.208,0.894,0.776,1.023,0.761,0.57,0.887,0.24,0.132,1.368,1.239,1.83,0.372,0.375,1.023,0.832,1.307,0.755,1.194,1.288,2.173,0.964,1.243,0.688,1.193,0.606
S052,2,3,3,1.7321,1.7321,GM,1.544,0.551,0.733,-0.113,-0.219,0.764,-0.203,2.355,1.98,1.257,1.327,0.704,0.382,1.152,0.806,1.551,0.48,0.688,1.239,1.404,0.668,1.408,1.435,1.224,0.279,0.185,1.295,0.393,0.562,2.004,1.851,0.259,0.566,1.212,0.405,1.637,0.73,0.861,0.276,0.594,1.384,1.197,1.663,0.784,0.986,1.495,0.974,0.769,1.188,0.725
S053,2,4,4,1.7321,1.7321,GM,1.048,1.658,1.014,0.861,0.337,1.48,-0.46,2.085,1.77,1.893,1.864,0.56,1.504,0.952,0.863,0.403,1.193,2.343,1.146,0.643,1.091,0.351,0.384,0.983,2.026,-0.023,1.049,0.894,0.591,1.65,0.429,0.683,0.507,1.703,0.229,1.372,1.195,0.996,0.742,1.781,0.722,1.185,0.594,1.699,0.854,1.69,1.496,0.989,0.87,1.567
S054,2,5,5,1.7321,1.7321,GM,1.37,1.753,2.289,2.214,0.31,1.505,0.882,2.638,1.677,2.383,1.174,0.02,0.479,0.041,0.711,0.848,1.311,2.484,1.275,0.934,0.459,0.436,1.052,1.685,0.847,1.511,0.739,1.215,1.537,0.447,0.857,1.154,1.024,1.323,0.29,1.321,0.524,0.788,1.454,1.289,0.893,1.254,0.384,1.144,0.609,0.985,0.346,1.024,1.582,0.655
S055,2,6,6,1.7321,1.7321,GM,0.841,1.775,2.625,1.504,1.227,2.222,0.587,1.551,1.417,1.51,0.049,1.887,0.914,1.153,0.964,1.091,1.82,1.4,1.413,1.101,1.472,1.801,0.341,2.419,0.847,0.945,0.333,0.386,1.032,0.578,1.556,0.064,1.286,1.434,1.741,-0.366,0.652,1.283,0.573,0.365,1.66,1.383,1.217,1.212,0.743,1.232,0.305,1.084,1.56,0.195
S056,2,7,7,1.7321,1.7321,GM,0.416,1.833,1.39,1.801,-0.26,1.844,1.299,0.645,0.912,1.106,0.206,1.811,1.472,1.812,1.2,1.232,0.67,1.176,-0.365,1.663,1.624,1.246,0.355,0.555,1.39,0.735,0.944,1.548,0.83,1.098,0.485,1.413,1.17,1.683,0.848,0.905,1.582,0.426,1.462,0.359,1.487,0.214,1.064,0.81,1.128,0.828,0.376,0.445,1.327,0.067
S057,2,8,8,1.7321,1.7321,GM,1.452,0.379,0.77,0.686,1.603,1.393,1.336,0.619,0.821,1.229,1.009,1.122,2.099,0.773,-0.031,1.573,1.314,1.209,1.447,1.248,0.085,1.32,1.288,0.599,1.34,1.427,0.535,0.559,1.462,1.164,1.47,0.433,0.64,0.89,1.483,1.334,1.542,1.728,0.977,0.94,0.163,2.033,0.908,1.961,0.685,0.784,0.651,1.09,1.388,1.413
S058,2,9,9,1.7321,1.7321,GM,1.773,-0.071,0.435,2.076,1.002,1.8,1.686,1.128,1.579,1.196,1.938,0.308,0.704,0.788,1.034,1.016,0.594,0.573,1.019,1.176,1.073,1.043,0.564,1.27,1.019,1.699,0.997,1.148,1.83,1.903,1.617,0.994,0.617,1.176,1.511,1.653,1.301,0.046,0.654,0.44,0.607,0.752,1.803,0.638,0.942,1.339,0.577,0.802,1.323,0.429
S059,2,10,10,1.7321,1.7321,GM,2.066,0.411,0.379,1.05,0.99,2.457,1.538,0.635,1.26,0.635,1.156,1.862,1.521,1.217,0.51,0.97,0.29,0.726,0.31,0.894,0.583,1.462,1.492,1.474,1.454,0.823,0.777,1.792,0.477,0.679,1.349,0.398,1.166,1.665,0.83,1.597,1.316,0.521,0.874,0.892,0.809,1.681,0.75,0.646,1.423,0.735,0.716,1.203,0.541,1.221
S060,2,11,11,1.7321,1.7321,GM,1.878,0.655,1.459,1.388,1.12,1.491,1.001,0.877,1.668,-0.169,1.548,-0.377,0.879,0.859,1.02,0.794,1.557,0.888,0.751,1.251,1.485,0.882,1.025,0.507,-0.169,1.208,1.102,1.468,0.752,1.393,0.59,1.335,0.52,1.545,0.766,1.772,1.658,1.303,0.3,0.907,0.45,1.443,1.53,-0.38,0.94,1.068,2.034,1.768,0.818,1.456
S061,2,12,12,1.7321,1.7321,GM,0.843,1.171,1.589,2.019,0.939,1.063,1.103,0.764,1.207,-0.244,1.171,1.312,0.44,1.052,1.358,0.616,1.097,1.326,0.649,1.733,1.24,0.677,0.443,1.064,0.941,0.836,1.351,1.017,1.715,0.111,0.58,1.615,0.311,1.598,1.673,0.916,1.449,0.653,1.459,2.102,0.963,1.408,0.95,1.82,0.825,1.532,0.625,2.152,1.245,1.468
S062,2,13,13,1.7321,1.7321,GM,1.177,1.542,1.073,1.044,1.319,1.823,-0.036,0.793,1.278,1.084,1.245,2.275,2,0.97,0.59,0.452,0.749,0.987,1.008,1.333,1.675,0.77,0.859,1.361,0.799,0.486,0.65,1.459,0.31,1.741,1.078,1.356,1.713,0.839,1.528,1.041,-0.089,2.164,1.227,0.401,0.882,1.309,1.399,1.629,1.701,1.725,1.292,1.076,2.346,0.961
S063,2,14,14,1.7321,1.7321,GM,1.881,1.663,1.535,1.142,1.024,0.975,0.98,0.834,0.958,1.25,1.633,1.569,0.701,0.288,1.167,0.617,0.785,0.829,0.333,0.707,0.845,0.029,0.923,0.991,1.063,1.448,0.687,0.943,0.72,0.512,0.756,1.566,0.174,0.87,1.226,0.455,0.632,1.574,0.951,0.655,1.788,1.641,0.574,0.439,1.189,0.95,1.251,0.169,1.599,1.631
S064,2,15,15,1.7321,1.7321,GM,0.973,1.003,1.359,0.946,1.325,1.219,-0.902,1.434,0.941,0.432,0.431,1.413,0.689,1.304,1.339,1.074,1.778,1.601,1.031,1.078,1.331,1.999,1.99,-0.096,0.948,0.806,0.55,0.925,1.42,1.547,0.987,1.295,1.81,1.899,0.803,1.44,1.39,1.849,0.574,0.955,0.818,1.231,1.434,1.427,1.276,0.209,1.35,0.399,1.325,0.648
S065,2,16,16,1.7321,1.7321,GM,1.616,1.251,0.555,0.239,0.926,1.338,-0.442,0.765,0.725,0.445,1.498,1.519,0.601,0.989,1.293,1.719,0.431,0.4,1.172,1.462,1.553,0.55,0.694,1.027,0.296,1.22,1.02,1.101,1.587,1.384,0.248,0.783,0.862,0.749,1.164,1.597,1.147,1.284,0.559,0.787,0.83,0.973,1.33,1.003,0.85,0.888,0.103,1.573,0.512,0.957
S066,2,17,17,1.7321,1.7321,GM,1.984,0.491,1.874,1.126,0.996,1.455,0.77,0.763,-1.029,0.282,1.705,1.53,1.428,0.237,1.498,1.951,0.579,1.104,0.393,0.971,0.797,1.28,1.288,1.12,1.362,0.771,2.073,0.451,0.469,-0.121,1.155,0.969,0.793,0.235,1.681,0.196,1.017,1.286,1.04,1.318,0.649,0.799,0.954,1.141,1.497,0.66,1.592,1.435,0.661,0.752
S067,2,18,18,1.7321,1.7321,GM,1.239,0.783,0.829,0.368,0.279,0.549,0.483,1.549,0.837,0.718,0.599,1.331,1.07,1.101,0.798,1.234,1.274,0.889,1.2,0.445,0.431,1.485,0.52,1.053,0.768,1.325,1.461,0.165,1.627,0.465,1.093,1.159,1.397,1.046,0.965,0.861,0.727,-0.013,0.897,0.388,1.443,0.831,1.461,0.89,1.057,0.805,0.232,0.954,1.164,1.436
S068,2,19,19,1.7321,1.7321,GM,0.438,1.521,0.863,-0.052,1.604,0.672,2.307,-0.147,1.294,0.507,1.152,1.539,0.07,0.885,0.863,0.894,0.144,0.826,1.033,1.699,1.426,1.839,1.47,0.414,0.581,1.03,0.803,1.083,1.426,1.311,1.108,0.912,1.44,0.937,1.057,0.542,0.737,0.081,0.498,0.915,1.249,0.975,0.927,0.819,0.98,1.109,1.439,0.718,1.595,0.643
S069,2,20,20,1.7321,1.7321,GM,0.704,1.755,0.546,0.856,1.397,0.579,1.243,1.343,0.531,1.368,1.012,0.123,0.254,0.779,0.865,1.419,0.699,0.521,1.379,1.053,0.154,1.024,1.174,-0.026,0.952,0.567,1.478,1.421,1.011,1.444,1.308,1.411,0.583,1.199,1.553,1.737,1.706,1.665,0.354,1.201,1.602,0.65,1.116,1.078,1.086,0.77,1.081,1.231,0.151,0.563
S070,2,21,21,1.7321,1.7321,GM,1.324,1.866,1.691,1.49,0.228,1.703,1.7,0.728,0.34,1.044,0.833,0.079,0.989,0.905,1.263,1.122,0.742,1.691,1.18,1.229,0.514,1.177,0.331,1.54,0.763,0.4,1.185,-0.519,0.92,0.23,0.674,0.95,0.854,1.231,1.063,0.763,0.412,1.239,1.328,1.284,1.649,0.772,0.296,1.231,1.474,0.404,0.681,0.571,1.395,0.805
S071,2,22,22,1.7321,1.7321,GM,1.031,1.04,1.28,1.001,0.728,0.738,1.835,2.261,0.06,1.392,0.895,0.871,0.872,1.653,1.124,0.897,-0.029,-0.283,1.187,1.389,1.231,0.198,0.213,1.243,1.464,1.245,1.218,0.656,0.639,1.156,0.755,0.928,1.881,1.303,1.42,1.024,1.427,0.883,0.793,0.126,0.88,0.684,0.367,1.137,0.093,0.822,1.1,1.533,1.246,1.436
S072,2,23,23,1.7321,1.7321,GM,1.658,1.375,0.907,1.369,2.329,1.73,1.798,0.767,0.631,0.624,0.928,1.485,0.606,0.681,0.601,0.729,0.332,1.291,0.532,1.555,0.583,0.803,0.083,1.513,1.785,0.549,1.157,0.599,1.457,1.461,1.003,1.103,0.744,1.449,0.71,0.705,1.49,1.639,1.292,0.249,1.144,0.688,0.736,1.534,1.066,1.277,0.871,1.513,0.522,0.864
S073,3,0,0.5,2.5981,2.5981,GM,1.235,0.794,2.06,1.391,-1.63,0.728,0.778,1.153,2.241,1.122,1.126,1.431,0.774,1.096,1.049,1.787,0.781,1.101,0.729,1.738,0.154,0.971,1.736,1.328,1.653,1.3,0.996,0.477,1.392,1.322,-0.109,1.184,1.346,1.715,0.212,1.279,0.673,0.858,0.658,0.657,-0.167,1.835,0.924,0.334,0.685,0.064,1.058,0.755,0.6,0.2
S074,3,1,1.5,2.5981,2.5981,GM,1.422,0.779,0.481,1.614,-1.023,0.345,0.465,1.886,2.218,0.128,0.598,0.406,0.391,0.421,0.751,1.813,1.965,0.897,1.437,1.182,0.625,1.137,-0.05,0.912,0.388,1.077,0.521,1,0.826,0.839,0.703,1.196,0.414,1.282,0.704,1.017,1.308,0.378,0.767,0.537,0.596,0.832,0.606,0.949,0.943,0.932,1.248,0.509,2.082,1.332
S075,3,2,2.5,2.5981,2.5981,GM,1.944,1.531,1.122,1.048,-1.59,1.293,-0.863,1.454,1.595,0.694,0.825,1.07,0.63,0.821,0.882,1.266,1.233,1.128,0.734,1.558,0.546,2.039,0.981,0.896,0.069,0.563,0.995,1.161,1.244,0.988,0.864,1.424,0.611,1.732,0.703,0.523,0.74,1.94,0.671,1.256,0.877,1.407,1.247,0.472,0.761,0.771,1.139,0.661,0.846,0.788
S076,3,3,3.5,2.5981,2.5981,GM,2.062,1.452,1.015,1.391,-0.552,2.124,-0.024,2.967,1.671,0.64,0.49,1.729,0.595,0.838,0.235,1.183,1.088,0.376,0.527,1.435,1.167,1.829,1.207,1.337,0.865,0.818,-0.026,1.233,0.762,1.542,0.74,0.88,0.783,1.141,1.096,0.13,1.052,1.096,1.379,0.678,1.19,0.902,1.35,0.308,0.87,0.639,1.548,0.95,1.124,-0.193
S077,3,4,4.5,2.5981,2.5981,GM,1.216,0.86,1.729,0.902,0.457,1.556,-0.135,1.843,1.693,1.556,1.59,0.163,0.81,1.03,1.147,0.989,1.284,0.131,1.41,0.557,0.611,1.023,1.094,0.545,0.694,1.824,0.97,1.95,0.008,0.57,1.29,0.773,1.094,1.088,1.3,1.248,0.059,1.525,1.874,1.374,1.126,1.028,0.859,0.846,0.673,1.15,0.602,0.722,1.125,0.77
S078,3,5,5.5,2.5981,2.5981,GM,0.008,1.659,2.056,1.655,0.81,1.922,0.569,0.971,1.83,0.946,1.163,0.754,1.12,0.892,0.806,1.229,0.38,1.204,1.333,1.393,1.774,1.121,0.878,0.2,0.423,0.725,1.058,1.074,0.321,1.293,1.754,0.963,0.921,1.438,0.819,0.937,0.707,1.318,1.225,0.215,0.898,1.134,1.254,1.453,1.903,1.939,1.688,0.746,1.085,1.258
S079,3,6,6.5,2.5981,2.5981,GM,0.89,0.989,2.641,2.067,0.454,2.932,0.798,0.506,1.376,1.452,1.612,0.694,1.233,0.838,1.619,0.612,1.386,0.729,0.393,1.384,0.816,0.172,1.524,1.172,0.679,1.295,0.867,0.818,0.638,0.956,0.79,1.394,1.314,1.498,1.061,1.236,0.879,1.384,0.457,0.632,0.855,0.756,1.503,1.451,0.446,0.661,0.094,0.468,0.635,0.903
S080,3,7,7.5,2.5981,2.5981,GM,1.609,1.585,1.294,2.377,0.732,2.304,1.462,0.618,1.42,0.337,0.251,0.742,0.403,-0.379,1.842,0.501,0.972,1.685,0.503,1.167,1.172,-0.105,0.102,0.871,0.918,0.242,0.116,0.793,0.793,1.286,0.161,0.939,0.511,1.268,0.162,1.412,0.074,1.706,1.167,0.992,0.169,1.025,-0.125,0.122,0.964,0.902,1.133,-0.112,0.623,1.192
S081,3,8,8.5,2.5981,2.5981,GM,1.722,0.94,0.99,2.103,0.874,2.178,0.832,2.35,1.425,1.148,0.641,0.656,0.965,0.489,1.161,1.634,0.06,0.2,0.76,0.5,1.122,1.308,1.304,0.856,1.54,0.842,0.955,0.557,1.525,1.107,1.607,0.404,1.344,1.121,1.141,1.969,1.354,0.917,0.87,1.177,0.917,1.229,1.485,1.401,1.181,0.836,1.18,1.247,0.738,1.517
S082,3,9,9.5,2.5981,2.5981,GM,1.811,0.555,0.724,0.762,1.115,1.708,1.705,1.811,1.249,1.708,0.292,1.334,1.666,0.348,1.098,1.258,0.789,0.867,1.081,1.567,0.652,1.209,1.001,0.936,0.855,1.063,0.981,1.631,1.524,1.828,2.106,0.987,0.878,0.905,0.822,1.508,0.607,0.594,0.937,1.01,0.965,1.829,0.98,0.284,0.621,0.632,0.981,1.025,1.94,0.441
S083,3,10,10.5,2.5981,2.5981,GM,2.644,0.216,1.179,0.781,2.058,2.891,2.575,2.028,0.579,1.046,1.162,1.132,1.488,1.375,1.037,0.366,0.13,1.07,1.24,1.651,0.809,0.431,0.843,0.923,0.4,1.07,1.276,1.304,1.359,1.007,0.88,0.771,2.033,1.521,1.014,1.616,1.743,0.968,1.116,0.621,0.382,0.404,1.888,0.524,1.221,0.655,0.673,1.396,-0.24,0.85
S084,3,11,11.5,2.5981,2.5981,GM,1.5,0.884,0.647,0.91,1.071,1.394,1.134,0.902,0.765,0.153,-0.171,0.877,0.735,0.693,1.105,1.798,1.325,0.691,1.762,2.094,0.65,1.139,0.938,0.825,0.663,0.82,0.431,1.204,1.235,0.026,1.55,0.661,1.774,1.09,0.057,0.963,0.661,1.152,1.463,0.258,1.383,1.368,1.294,1.627,1.285,1.437,0.819,1.194,0.701,1.426
S085,3,12,12.5,2.5981,2.5981,GM,2.547,0.911,0.896,1.136,1.184,1.875,0.66,1.062,0.386,0.076,1.375,1.128,1.652,1.345,1.395,0.781,0.848,0.611,-0.228,1.397,1.266,1.146,0.967,1.222,1.369,0.44,1.14,0.965,1.283,0.067,1.337,0.904,0.664,1.176,1.328,1.036,1.444,0.765,1.058,1.292,1.159,0.423,0.702,0.964,1.721,1.053,1.546,1.126,0.86,0.884
S086,3,13,13.5,2.5981,2.5981,GM,1.417,0.788,1.576,1.785,1.355,0.856,1.263,1.271,0.042,0.975,0.955,0.345,2.174,0.755,1.58,1.256,1.014,0.466,1.068,0.496,0.777,1.25,1.031,1.236,0.398,-0.211,1.617,0.211,1.477,1.201,0.066,0.264,-0.22,0.837,2.007,1.158,1.126,0.461,1.174,1.075,0.963,0.122,1.522,1.083,0.618,0.998,1.232,1.448,1.55,0.615
S087,3,14,14.5,2.5981,2.5981,GM,1.356,0.495,1.257,-0.099,1.349,0.64,1.594,0.863,0.821,0.763,0.764,1.011,0.715,0.776,1.372,0.832,0.401,1.523,0.649,0.613,0.09,1,1.429,0.645,0.96,0.189,0.868,1.182,1.309,0.795,0.772,1.48,0.468,1.498,1.341,1.04,0.981,0.945,0.966,0.775,1.656,0.78,0.857,1.014,0.984,1.117,0.577,0.475,0.464,0.359
S088,3,15,15.5,2.5981,2.5981,GM,1.609,1.073,1.048,1.296,1.763,0.862,0.832,1.47,0.561,0.484,1.605,0.644,0.977,0.965,1.109,0.925,0.939,1.063,2.384,0.986,1.661,0.665,1.703,1.282,0.716,0.852,1.19,0.184,0.959,1.594,1.423,1.444,1.726,1.153,1.47,1.169,1.111,1.076,1.486,0.751,1.21,0.528,0.492,2.099,0.441,1.312,0.283,1.464,0.858,0.982
S089,3,16,16.5,2.5981,2.5981,GM,1.692,0.747,1.022,0.414,1.003,0.878,0.718,1.59,0.216,0.618,1.167,1.266,0.96,1.412,2.001,0.633,0.76,0.209,0.859,1.25,1.082,1.003,1.089,2.222,0.89,1.1,1.177,0.923,1.339,-0.051,0.795,1.271,1.351,0.421,-0.575,0.803,1.382,0.459,1.47,1.453,0.646,-0.221,-0.048,1.43,1.017,1.686,1.564,1.102,1.457,0.022
S090,3,17,17.5,2.5981,2.5981,GM,0.769,1.51,1.798,0.87,1.485,1.206,0.602,1.036,0.465,2.011,0.817,-0.138,0.938,1.287,2.102,1.08,1.407,0.457,1.484,0.759,0.435,0.896,0.286,0.308,0.929,1.066,0.743,0.915,1.537,0.741,0.574,0.526,1.369,0.683,1.409,0.267,0.822,1.106,0.933,0.667,1.188,0.415,0.33,1.35,1.859,0.872,0.974,0.577,0.976,0.348
S091,3,18,18.5,2.5981,2.5981,GM,0.786,1.313,0.667,0.061,1.685,0.877,1.281,0.83,0.093,1.231,0.459,1.602,0.319,0.974,0.641,1.083,0.551,1.017,1.984,0.471,0.494,1.019,1.033,1.453,0.138,0.344,0.812,0.525,0.535,1.027,1.433,0.059,0.879,0.75,0.549,1.166,1.492,0.109,0.659,1.437,0.684,1.348,1.157,1.961,2.016,1.592,1.108,2.522,1.647,0.501
S092,3,19,19.5,2.5981,2.5981,GM,0.615,1.716,-0.013,0.222,0.978,1.209,1.435,0.92,0.767,0.871,0.912,1.3,1.102,1.504,0.846,0.91,0.923,1.591,0.665,0.977,1.533,0.887,1.128,0.683,1.194,1.019,1.47,0.987,2.297,1.342,0.617,1.029,1.202,0.45,1.407,1.544,1.686,0.689,1.268,0.435,1.692,1.345,0.648,1.355,0.665,0.733,0.484,1.621,1.906,0.289
S093,3,20,20.5,2.5981,2.5981,GM,0.804,1.662,0.48,-0.186,1.522,1.944,2.03,1.365,-0.126,0.899,1.459,0.998,1.264,0.381,1.421,0.833,0.431,1.606,0.348,0.733,1.24,1.292,0.715,0.73,1.123,0.5,0.658,0.786,1.152,0.718,0.864,0.985,1.058,0.673,0.846,0.936,0.751,0.579,0.326,1.788,0.407,0.892,1.626,0.811,0.552,0.886,0.851,1.2,1.878,0.234
S094,3,21,21.5,2.5981,2.5981,GM,1.22,1.399,0.646,1.094,1.416,2.008,0.889,1.453,-0.373,1.939,1.319,0.872,1.041,1.483,1.167,0.792,1.3,0.272,0.888,1.45,0.756,0.994,0.695,0.917,0.846,0.587,0.072,0.949,1.048,0.486,0.398,2.15,1.124,1.584,0.943,1.595,1.214,0.667,1.301,0.643,0.279,-0.271,0.307,0.893,1.408,0.404,0.217,1.158,1.716,2.527
S095,3,22,22.5,2.5981,2.5981,GM,1.853,1.331,0.543,2.222,1.937,2.2,1.848,1.365,0.627,1.539,0.9,0.328,0.919,0.696,0.481,1.142,1.515,0.849,0.377,0.432,0.796,-0.098,1.123,-0.073,1.669,1.335,1.641,1.705,0.419,1.654,1.145,1.513,0.135,0.976,0.888,0.9,1.136,1.749,1.398,0.371,1.13,1.341,0.881,1.305,1.301,1.079,1.059,0.824,1.972,1.464
S096,3,23,23.5,2.5981,2.5981,GM,2.086,1.164,0.953,1.053,0.953,2.295,1.702,1.492,0.097,1.789,0.346,1.023,0.44,1.468,1.052,0.35,1.078,2.389,0.734,0.615,0.684,1.078,1.903,1.358,0.864,1.801,0.797,0.763,1.632,0.804,2.384,0.506,-0.098,1.223,1.247,0.698,-0.003,0.742,1.227,0.438,0.713,0.514,1.061,0.811,0.6,0.905,1.258,0.987,0.445,0.969
S097,4,0,0,3.4641,3.4641,GM,1.365,1.155,1.421,0.763,0.537,1.168,0.744,1.644,1.913,0.482,1.313,0.995,0.669,1.868,1.76,1.895,1.461,1.734,0.632,1.354,1.202,0.832,1.324,1.172,1.381,1.371,0.929,-0.034,0.605,0.304,0.961,1.07,1.07,0.632,1.402,0.894,1.018,1.277,0.729,0.53,0.432,0.957,1.186,1.195,1.296,1.241,1.192,1.53,0.435,0.555
S098,4,1,1,3.4641,3.4641,GM,1.64,1.41,1.834,1.905,-0.628,0.563,1.135,0.818,1.849,1.249,1.157,0.804,0.568,1.535,0.752,1.776,1.463,0.503,0.288,1.454,1.428,1.313,1.133,0.244,0.908,1.208,1.155,0.958,0.244,0.755,2.038,0.683,2.146,0.742,0.162,0.66,0.705,0.438,0.515,0.244,1.472,0.655,0.779,1.089,0.793,1.236,1.045,1.416,0.407,0.237
S099,4,2,2,3.4641,3.4641,GM,1.59,1.211,2.368,2.074,-0.806,1.608,-0.071,1.252,2.315,0.521,1.397,0.056,0.776,0.238,0.597,1.098,0.644,1.097,0.651,-0.14,1.799,-0.016,1.18,0.386,0.78,1.351,-0.018,0.983,1.026,0.02,0.878,1.298,0.785,1.099,1.702,1.743,0.933,1.451,0.998,0.593,0.411,0.43,0.743,1.429,0.811,0.971,1.685,0.278,0.705,0.893
S100,4,3,3,3.4641,3.4641,GM,1.135,0.484,1.76,0.695,0.096,2.063,-0.047,2.552,1.982,0.691,0.842,1.018,0.914,0.806,0.845,1.173,1.379,1.323,1.469,1.236,1.541,0.607,0.113,1.621,0.73,1.445,0.978,1.133,0.558,0.729,1.128,1.603,0.944,1.193,0.202,1.755,1.231,1.145,0.885,0.512,1.306,0.75,1.432,0.86,1.359,0.416,-0.105,0.248,1.173,0.847
S101,4,4,4,3.4641,3.4641,GM,0.771,1.885,0.642,0.726,-0.216,0.843,0.047,2.354,2.629,0.772,1.473,-0.557,1.623,1.3,1.424,0.677,0.64,1.684,0.606,0.775,0.742,1.526,1.299,0.859,0.844,1.082,0.844,0.907,2.326,0.839,0.69,1.391,1.467,1.633,0.647,0.6,1.401,1.174,1.395,1.101,1.464,0.298,1.395,1.267,1.437,0.296,0.709,0.822,1.139,1.141
S102,4,5,5,3.4641,3.4641,GM,1.545,1.885,2.383,1.245,1.079,2.01,0.912,1.959,1.513,0.289,1.012,0.243,1.082,1.317,1.785,0.798,0.762,0.947,1.423,1.617,1.489,0.909,0.989,0.891,0.924,1.781,0.523,1.406,2.033,-0.147,1.464,0.891,0.517,1.993,0.351,1.084,1.069,1.364,1.598,0.93,1.392,1.998,0.71,1.058,0.73,1.242,1.103,1.406,0.285,0.38
S103,4,6,6,3.4641,3.4641,GM,0.978,0.878,1.745,1.322,0.491,2.129,1.036,2.145,2.051,1.647,0.821,0.425,1.194,1.075,0.923,1.08,1.754,0.768,0.791,1.027,1.397,1.046,1.141,1.371,1.466,0.656,0.788,1.793,0.372,1.617,0.695,0.259,1.32,0.54,1.2,0.452,0.772,0.195,1.315,1.625,1.315,0.801,0.719,0.716,0.919,0.627,0.399,1.679,1.482,1.2
S104,4,7,7,3.4641,3.4641,GM,1.236,0.531,2.317,0.873,1.687,2.56,0.781,0.497,0.843,1.128,0.283,1.099,-0.185,0.938,0.94,1.287,1.192,0.928,1.277,1.055,1.433,1.673,1.048,1.055,1.532,1.334,1.467,1.626,2.211,0.732,0.379,0.584,0.988,1.187,0.407,1.607,0.765,1.076,1.922,1.828,1.038,0.988,0.77,1.127,1.491,0.652,1.131,0.568,0.92,1.214
S105,4,8,8,3.4641,3.4641,GM,1.879,1.536,1.77,0.348,0.949,2.594,1.687,1.801,0.937,0.769,1.026,0.49,0.396,1.073,0.445,1.044,1.47,1.749,0.208,1.49,0.623,1.223,1.623,1.205,1.636,1.067,1.306,1.65,1.152,2.318,1.045,1.044,0.737,1.728,0.744,1.607,0.388,0.949,0.732,-0.072,0.444,1.188,0.935,0.134,0.555,1.408,0.745,1.747,1.005,1.366
S106,4,9,9,3.4641,3.4641,GM,2.268,1.116,1.166,0.012,0.505,2.245,1.792,0.573,1.144,1.374,0.767,1.675,0.675,0.403,1.792,0.874,0.568,1.379,0.862,0.482,1.139,1.748,1.405,1.135,1.383,1.395,1.416,1.321,0.923,1.077,1.603,-0.072,0.213,1.25,0.886,0.234,0.458,1.259,1.302,1.496,1.165,-0.281,1.54,0.798,1.364,0.622,1.079,1.04,1.328,0.302
S107,4,10,10,3.4641,3.4641,GM,1.96,0.297,1.606,1.381,0.203,2,1.931,1.508,1.593,1.831,1.54,0.829,0.485,0.649,0.136,-0.611,0.659,1.662,0.851,1.434,0.611,0.794,1.338,0.78,0.256,1.377,1.117,0.856,0.694,0.606,-0.041,0.294,1.271,0.027,1.995,1.485,0.783,0.088,1.273,0.895,1.365,1.331,1.132,1.641,1.261,1.564,0.369,1.81,0.951,0.61
S108,4,11,11,3.4641,3.4641,GM,1.982,1.296,2.072,1.578,0.405,1.844,2.143,1.291,1.351,2.471,2.61,1.563,1.299,0.497,1.405,1.169,0.348,1.553,0.025,1.432,1.049,0.818,1.036,1.277,0.748,0.653,0.668,0.461,1.654,0.56,1.225,1.859,1.703,0.104,1.17,1.169,0.74,0.773,-0.218,1.244,1.655,0.559,0.928,1.48,1.255,0.835,0.987,1.821,0.964,-0.556
S109,4,12,12,3.4641,3.4641,GM,2.575,1.11,0.462,1.326,1.034,0.513,1.698,0.329,0.389,1.189,1.191,1.075,1.296,1.194,1.669,1.316,0.615,1.117,1.506,0.977,1.538,1.01,1.331,0.553,0.648,1.349,0.673,0.33,2.088,1.77,1.16,0.562,0.058,1.309,0.704,1.712,1.178,1.71,0.401,0.515,0.724,1.089,2.015,0.999,1.023,1.387,1.148,1.027,1.008,1.94
S110,4,13,13,3.4641,3.4641,GM,2.151,0.256,1.527,2.781,0.512,0.541,1.406,-0.164,-0.286,0.485,1.575,1.275,1.814,1.364,0.772,0.375,1.549,1.323,0.996,0.985,1.14,1.043,1.002,0.859,0.739,0.901,0.961,2.08,0.931,1.326,0.95,0.991,1.568,1.41,1.094,0.947,0.191,1.221,1.417,0.884,1.087,0.074,0.565,1.713,-0.38,1.494,1.233,0.854,1.093,0.311
S111,4,14,14,3.4641,3.4641,GM,2,1.182,0.956,0.835,1.681,0.017,1.516,0.916,1.27,0.535,2.363,1.345,0.683,1.493,1.062,1.579,0.919,0.868,0.84,0.545,1.138,1.39,0.951,0.326,0.061,0.897,0.94,1.329,1.095,0.699,1.234,1.389,0.77,0.714,1.114,0.954,1.071,0.829,0.465,1.732,1.297,1.054,1.124,1.516,1.096,1.599,0.822,0.557,0.557,0.415
S112,4,15,15,3.4641,3.4641,GM,1.282,0.492,1.733,0.401,2.531,1.196,0.739,1.433,0.278,1.23,1.448,0.437,1.683,1.169,1.455,1.221,1.22,0.305,1.387,0.942,1.226,0.645,1.41,1.656,1.576,1.265,1.316,1.298,0.871,0.269,0.994,0.623,0.986,1.667,1.137,0.929,1.618,0.402,-0.385,1.271,1.707,0.955,0.619,0.629,0.423,0.047,1.328,0.723,1.473,1.157
S113,4,16,16,3.4641,3.4641,GM,1.271,0.892,1.285,1.426,1.68,1.052,0.154,0.371,-0.008,1.536,0.979,0.225,1.088,0.598,0.895,1.315,1.224,1.003,0.508,0.472,1.485,0.928,1.289,0.486,0.056,0.938,1.936,1.313,0.551,0.442,0.376,0.562,0.301,0.847,1.52,1.602,1.795,1.74,0.207,0.931,0.743,1.123,1.263,1.217,0.709,0.834,1.636,1.085,0.826,1.128
S114,4,17,17,3.4641,3.4641,GM,0.904,1.435,1.716,0.271,1.095,0.911,-0.263,1.096,0.916,1.072,0.744,0.752,0.843,0.972,1.254,0.843,1.736,1.202,0.401,1.221,1.616,0.932,0.459,0.485,1.074,1.562,0.592,1.127,1.778,1.394,0.648,1.889,0.597,1.683,-0.055,1.614,0.619,1.453,0.738,0.828,0.872,0.999,0.517,0.856,1.538,1.754,1.461,1.071,1.353,1.251
S115,4,18,18,3.4641,3.4641,GM,-0.258,1.498,2.293,0.232,1.67,1.892,0.94,0.825,0.519,1.021,0.615,1.207,-0.143,0.792,1.757,1.603,0.671,0.655,0.568,1.264,1.819,1.375,0.509,1.456,1.177,1.243,1.003,0.097,0.458,1.339,0.691,0.832,0.295,1.361,0.824,1.091,1.462,0.679,1.316,1.227,0.709,0.252,1.551,0.126,0.729,1.432,0.31,0.808,0.864,1.007
S116,4,19,19,3.4641,3.4641,GM,0.483,2.171,0.664,1.077,1.145,2.135,0.908,0.548,0.237,1.198,1.695,1.204,1.109,0.049,0.734,1.057,1.265,1.642,0.089,1.766,0.946,1.104,1.929,0.88,0.375,0.939,0.485,0.868,0.766,0.679,1.106,0.736,1.186,0.773,1.736,0.355,1.13,0.62,1.686,0.506,1.676,1.07,1.444,0.611,1.004,0.624,0.097,0.985,1.979,1.074
S117,4,20,20,3.4641,3.4641,GM,0.62,1.287,1.537,0.535,0.274,2.304,1.507,0.393,0.026,2.043,0.325,0.627,0.985,0.106,0.831,0.327,0.562,1.702,1.872,1.738,2.179,0.647,0.306,1.52,0.62,0.832,0.261,0.811,1.586,1.079,0.913,1.328,1.479,0.595,0.697,0.362,1.029,1.341,1.037,-0.144,1.103,0.869,0.801,2.16,1.088,0.935,0.852,1.363,1.35,1
S118,4,21,21,3.4641,3.4641,GM,0.777,0.74,0.232,0.423,1.858,2.651,1.233,0.136,-0.133,1.461,0.907,0.512,0.431,0.202,0.666,0.805,0.84,1.028,-0.443,1.318,0.222,0.951,1.613,0.619,0.717,0.647,0.678,0.825,0.266,0.866,1.086,1.464,1.226,1.415,0.839,1.795,1.33,0.776,1.984,1.592,0.199,0.461,1.613,1.505,0.658,1.033,0.882,1.163,0.786,0.972
S119,4,22,22,3.4641,3.4641,GM,1.549,0.482,1.81,1.332,1.746,2.995,1.224,0.659,-0.209,0.873,0.162,1.587,0.839,1.02,-0.247,1.761,0.961,1.919,-0.397,1.563,2.14,1.15,0.311,0.682,1.305,1.316,1.499,0.954,0.246,0.75,-0.079,0.681,1.602,0.532,0.606,0.376,0.85,0.412,1.513,0.852,0.752,1.403,0.022,1.784,1.146,0.18,2.017,0.573,1,1.171
S120,4,23,23,3.4641,3.4641,GM,1.44,1.155,1.127,2.119,0.509,1.803,1.526,1.564,0.444,1.802,0.551,0.438,1.608,1.303,1,1.156,1.672,1.382,1.062,-0.187,1.051,1.529,0.706,1.654,1.335,0.716,0.235,0.912,1.396,0.485,1.606,0.289,1.828,1.034,0.505,0.369,0.943,0.337,1.01,1.866,1.756,1.153,0.661,1.004,1.605,0.997,0.221,-0.106,1.165,0.533
S121,5,0,0.5,4.3301,4.3301,GM,1.679,0.211,1.738,2.238,0.941,1.198,1.45,2.115,1.911,0.288,1.196,1.524,1.265,0.817,0.21,1.084,1.409,1.531,0.148,0.562,1.294,-0.494,0.934,0.812,1.619,1.805,2.016,0.75,0.969,0.963,1.134,1.443,0.389,0.993,0.858,0.592,0.846,0.887,1.207,0.944,1.009,1.077,1.286,0.751,0.465,0.632,1.258,1.649,0,0.696
S122,5,1,1.5,4.3301,4.3301,GM,1.437,0.689,1.427,1.908,-0.261,1.826,0.623,1.718,2.114,0.861,0.917,1.34,1.516,1.127,1.525,1.526,1.047,1.447,1.467,0.843,0.54,1.479,0.721,1.102,1.055,1.934,1.334,0.479,1.154,1.34,1.033,1.475,1.246,0.156,0.984,0.759,1.94,1.284,0.984,1.013,0.564,1.554,1.19,0.768,0.849,1.376,1.76,1.642,0.341,1.486
S123,5,2,2.5,4.3301,4.3301,GM,1.707,1.096,1.912,1.218,-0.727,2.338,1.54,1.336,1.708,0.355,1.007,0.88,1.61,0.228,0.415,0.683,0.113,0.592,0.295,1.133,0.391,1.304,1.343,0.448,1.798,2,1.118,1.488,0.75,0.516,1.384,1.038,0.958,1.88,0.943,0.778,0.543,1.152,1.969,1.008,1.341,-0.269,0.778,1.327,1.919,0.871,1.087,0.862,1.614,1.891
S124,5,3,3.5,4.3301,4.3301,GM,1.377,0.751,1.718,2.536,-0.201,1.549,-0.635,1.513,1.447,1.516,1.661,1.338,1.284,1.015,1.852,1.471,0.297,1.18,0.866,1.523,-0.049,1.073,1.132,1.151,1.096,1.093,1.718,0.408,1.167,1.015,0.397,1.762,1.918,1.003,0.59,0.758,0.949,-0.183,1.266,1.238,0.824,0.928,0.573,0.745,0.573,0.964,1.075,0.084,0.778,1.204
S125,5,4,4.5,4.3301,4.3301,GM,1.488,1.105,1.547,1.535,0.283,1.477,0.868,2.575,0.628,1.465,0.05,0.158,0.76,1.77,0.841,1.146,2.144,0.169,0.653,1.287,0.433,0.058,1.246,1.301,1.042,1.639,1.303,0.33,0.576,1.145,1.067,0.186,1.9,1.164,-0.608,0.839,0.864,0.525,1.393,0.113,1.137,1.604,0.621,1.176,1.643,2.242,1.786,0.965,1.003,1.465
S126,5,5,5.5,4.3301,4.3301,GM,0.337,0.88,1.058,1.458,0.615,0.894,0.973,2.078,2.246,0.86,1.912,1.479,0.837,1.349,-0.312,0.835,-0.151,1.35,1.188,1.78,1.225,2.541,0.923,0.394,0.957,0.211,0.427,1.064,1.887,0.842,1.69,0.76,1.009,1.099,1.424,2.239,0.658,1.209,1.562,1.309,1.276,1.166,0.274,1.019,1.298,0.842,0.977,1.363,0.78,1.29
S127,5,6,6.5,4.3301,4.3301,GM,1.684,1.456,1.309,1.042,0.511,0.987,0.939,1.763,1.053,2.133,0.453,1.047,0.431,0.235,0.227,1.376,0.99,-0.211,0.263,1.064,1.411,1.604,1.144,0.438,1.761,0.101,1.629,1.216,1.174,1.218,0.94,2.336,1.82,0.864,0.461,1.373,1.007,0.873,1.672,0.569,1.291,1.151,0.57,0.49,1.02,0.892,0.24,1.355,1.064,0.426
S128,5,7,7.5,4.3301,4.3301,GM,1.284,0.368,2.22,0.757,1.116,1.973,1.587,1.723,0.637,1.717,1.451,0.217,1.003,0.736,2.038,0.673,0.927,1.053,0.493,0.737,1.208,0.829,0.196,0.865,0.382,0.763,1.226,1.148,0.855,1.059,0.678,0.762,1.109,1.521,0.282,0.874,1.006,0.481,0.795,1.203,1.968,1.67,1.541,0.683,1.768,0.791,-0.128,0.777,1.702,1.279
S129,5,8,8.5,4.3301,4.3301,GM,1.394,1.132,2.117,1.858,1.132,1.459,0.74,1.576,0.709,1.459,0.351,0.481,1.638,0.759,1.27,0.89,0.647,1.093,0.464,1.639,-0.1,1.234,1.506,1.174,0.588,1.079,1.121,1.701,0.769,1.003,1.52,0.855,1.016,1.417,0.847,0.629,0.662,1.589,0.356,1.022,1.056,1.256,1.555,1.134,-0.138,0.882,1.184,1.051,0.954,1.039
S130,5,9,9.5,4.3301,4.3301,GM,2.558,1.398,1.418,0.824,1.268,2.862,1.793,1.252,1.175,1.483,1.152,0.721,0.528,0.541,1.339,0.582,0.875,1.565,1.367,2.08,0.669,1.717,0.561,1.105,1.327,1.419,-0.071,0.967,0.846,1.738,1.662,0.778,1.046,0.796,1.821,0.985,1.346,0.888,1.978,0.884,1.568,1.002,1.005,1.738,0.54,1.006,0.147,0.582,1.252,0.967
S131,5,10,10.5,4.3301,4.3301,GM,1.862,1.925,1.304,1.159,0.848,2.545,0.157,0.915,1.256,2.02,0.863,1.604,1.161,0.596,0.042,1.385,0.093,0.863,1.565,1.355,0.654,0.23,1.483,0.332,1.663,1.105,1.469,0.317,0.661,1.775,1.439,1.08,1.238,1.024,0.852,1.85,1.301,1.548,1.089,0.777,1.862,1.447,0.695,1.271,0.347,0.466,1.611,1.025,0.594,1.044
S132,5,11,11.5,4.3301,4.3301,GM,2.301,1.024,1.064,1.322,0.783,1.121,1.699,0.906,0.724,1.678,1.393,0.303,0.68,1.811,1.236,0.005,0.745,0.703,0.895,1.312,1.167,0.849,1.225,0.639,1.452,1.465,2.424,1.382,0.244,1.243,1.456,1.013,0.918,0.92,0.576,1.748,0.818,0.696,1.46,1.765,1.282,1.134,0.728,1.215,1.012,2.222,0.232,0.47,1.387,1.294
S133,5,12,12.5,4.3301,4.3301,GM,3.445,0.615,2.237,1.565,1.484,1.378,1.81,-0.214,-0.111,1.385,0.722,0.813,0.736,1.213,0.889,0.85,1.527,0.369,0.648,1.389,1.223,0.615,0.538,0.179,0.989,1.138,2.294,0.778,0.933,1.868,0.919,1.774,1.28,1.009,1.892,2.243,1.34,0.892,1.049,0.854,1.328,0.055,0.65,1.477,0.177,0.777,0.798,0.82,1.732,0.985
S134,5,13,13.5,4.3301,4.3301,GM,2.637,0.957,1.677,1.769,1.724,1.44,0.158,0.381,0.581,2.527,0.77,1.086,0.492,0.466,0.569,1.055,0.875,0.615,0.514,0.973,0.972,1.196,1.701,1.043,0.627,1.023,0.432,1.165,1.235,0.418,1.013,1.254,1.506,0.624,1.137,1.966,1.15,0.765,1.372,1.715,0.528,2.402,1.179,1.36,0.797,0.16,1.192,0.471,1.084,1.43
S135,5,14,14.5,4.3301,4.3301,GM,2.218,-0.494,1.615,1.9,0.898,1.747,1.405,0.49,0.182,1.67,1.132,1.894,0.922,1.313,1.4,0.666,1.018,0.635,0.584,1.217,1.444,0.852,0.611,1.057,1.117,0.812,0.805,0.992,1.451,0.776,1.202,1.171,1.351,0.399,0.856,0.396,0.399,0.864,1.149,1.299,0.315,1.011,0.521,0.532,-0.065,1.976,1.045,1.33,0.844,1.784
S136,5,15,15.5,4.3301,4.3301,GM,1.858,0.688,1.418,0.304,1.423,0.894,1.597,1.141,0.033,0.974,1.252,1.334,1.355,1.343,1.133,0.514,0.403,-0.064,1.04,1.33,1.159,0.643,1.239,0.498,0.863,0.853,1.484,0.947,0.858,0.769,-0.275,0.525,0.919,1,1.093,1.793,1.514,1.079,0.797,1.308,0.567,1.253,1.591,1.664,0.646,1.394,0.853,0.936,1.421,0.786
S137,5,16,16.5,4.3301,4.3301,GM,1.101,1.061,1.958,0.095,1.051,0.912,-0.198,0.639,0.118,0.704,0.721,1.98,1.121,1.046,0.835,1.259,0.784,1.152,1.176,1.084,1.173,0.458,2.371,0.474,0.924,1.257,1.613,0.998,0.905,0.583,1.028,0.805,0.817,0.352,0.193,0.621,2.034,1.779,1.602,-0.11,0.429,0.579,1.304,1.897,0.85,0.336,0.699,0.425,1.346,1.293
S138,5,17,17.5,4.3301,4.3301,GM,0.747,1.042,1.672,0.885,1.563,0.911,0.508,0.914,0.559,1.177,1.195,1.179,0.695,0.972,1.039,1.366,1.301,0.702,0.823,0.76,1.251,0.866,0.916,1.029,0.061,0.366,1.184,0.534,0.981,0.381,0.475,0.256,1.479,0.754,1.426,0.562,1.08,0.946,0.021,1.211,0.994,1.603,0.564,-0.412,0.319,1.603,0.656,1.751,0.59,1.07
S139,5,18,18.5,4.3301,4.3301,GM,1.435,1.215,2.007,1.417,0.941,2.105,1.076,0.253,0.163,1.463,0.592,1.392,1.477,0.249,0.412,0.681,0.674,0.442,0.567,0.208,1.607,0.737,0.283,-0.026,0.844,0.755,1.756,1.453,-0.116,1.333,0.819,1.24,0.987,2.015,1.103,1.28,1.026,-0.167,0.946,1.028,1.263,1.021,1.618,1.392,1.583,1.634,0.446,0.826,1.63,0.299
S140,5,19,19.5,4.3301,4.3301,GM,0.859,1.24,1.321,0.727,1.121,1.642,-0.3,0.964,0.571,1.376,0.161,1.424,1.555,0.949,1.728,0.161,0.991,1.058,1.194,1.953,0.614,0.302,1.072,0.303,0.715,0.535,0.726,0.798,1.073,1.12,1.551,1.63,0.893,1.743,0.811,1.504,0.924,0.539,0.836,0.88,0.678,0.647,0.678,1.139,1.058,1.243,0.85,0.912,1.098,0.411
S141,5,20,20.5,4.3301,4.3301,GM,1.712,1.43,1.664,0.295,1.441,2.399,0.506,0.716,-0.195,1.737,1.067,0.403,0.875,0.113,0.596,1.298,0.451,1.091,0.778,0.947,1.668,0.859,0.996,1.033,1.067,0.963,0.039,2.249,1.3,1.342,1.366,1.246,2.396,1.881,1.001,0.248,1.665,0.974,1.6,1.045,1.352,0.977,0.085,0.885,1.34,0.647,0.666,1.333,1.216,0.988
S142,5,21,21.5,4.3301,4.3301,GM,1.708,1.519,1.57,1.502,1.314,3.133,0.956,0.322,-0.211,1.219,1.056,1.439,0.791,1.844,0.562,1.519,0.866,1.132,1.717,1.754,1.193,1.736,0.62,0.336,0.594,0.509,1.219,1.32,2.174,0.651,0.44,-0.106,0.185,0.749,0.739,1.055,0.469,1.049,0.911,0.629,1.31,1.131,2.044,0.723,1.466,2.07,2.087,0.802,1.189,0.959
S143,5,22,22.5,4.3301,4.3301,GM,1.86,1.745,1.229,1.869,1.632,2.485,2.253,1.63,0.176,2.129,1.098,0.588,0.598,0.826,0.756,1.081,1.454,1.071,0.839,1.041,1.737,1.256,0.822,0.623,1.701,1.125,0.875,1.466,0.274,0.468,0.439,0.485,0.594,0.565,0.219,0.675,0.896,1.531,0.58,0.895,1.231,0.195,0.993,1.306,1.272,0.494,0.937,-0.116,1.246,0.078
S144,5,23,23.5,4.3301,4.3301,GM,1.969,1.881,0.879,0.571,1.171,2.168,1.778,0.494,0.77,1.706,1.613,0.718,1.655,1.278,1.038,0.91,1.611,0.973,1.284,0.076,0.827,1.571,1.104,0.555,1.058,0.682,0.516,1.084,0.994,1.086,-0.008,1.122,0.047,1.094,1.053,0.338,0.8,1.33,1.267,1.37,1.365,1.43,1.771,2.052,1.205,0.339,1.399,-0.162,0.521,1.273
S145,6,0,0,5.1962,5.1962,GM,1.496,0.507,1.203,0.641,0.097,1.724,0.424,1.652,1.15,0.167,0.593,1.276,1.142,0.612,1.561,0.708,-0.382,1.078,1.266,0.615,1.782,0.242,0.871,0.695,1.494,0.625,1.147,1.481,0.945,0.656,0.732,0.929,0.827,0.65,1.169,0.429,2.286,0.996,-0.52,0.363,1.226,0.993,0.959,1.51,1.711,0.947,1.057,0.677,1.14,1.964
S146,6,1,1,5.1962,5.1962,GM,2.133,1.077,0.823,1.477,0.442,1.27,1.1,1.688,1.151,0.021,0.381,1.203,1.127,0.707,1.625,0.909,2.257,1.294,0.685,0.83,1.309,0.898,1.331,1.236,-0.012,0.652,1.859,0.748,0.562,1.643,0.406,1.508,1.542,-0.139,1.427,0.96,1.474,0.633,0.642,0.414,0.885,0.646,0.725,1.13,1.673,0.437,1.725,0.872,1.189,0.876
S147,6,2,2,5.1962,5.1962,GM,2.494,1.145,0.296,2.106,1.248,1.986,0.439,1.564,1.682,0.798,0.135,0.518,2.257,1.527,1.594,1.505,0.338,1.396,0.995,2.069,0.626,1.189,1.039,1.13,1.535,0.581,0.655,1.113,0.823,0.851,0.726,1.548,-0.047,1.165,-0.093,0.905,0.467,1.104,0.771,0.651,0.947,1.986,0.235,0.311,0.939,1.453,0.751,1.579,2.493,0.463
S148,6,3,3,5.1962,5.1962,GM,0.62,0.556,1.82,1.552,0.689,1.563,0.904,2.052,1.105,1.537,0.751,0.987,1.602,0.895,0.579,1.061,0.726,1.543,0.516,0.655,0.767,0.404,1.388,0.676,0.701,1.186,1.44,0.388,0.403,1.113,1.651,1.214,1.016,0.44,0.042,1.284,1.528,1.714,0.874,0.643,1.148,0.434,1.624,1.258,1.489,1.825,0.781,0.881,1.2,0.66
S149,6,4,4,5.1962,5.1962,GM,1.741,0.428,2.262,2.051,1.245,2.075,0.056,2.937,0.811,0.528,0.557,0.853,1.541,0.722,1.334,1.709,0.617,0.692,1.454,0.97,0.699,0.407,0.17,0.477,0.459,2.205,0.885,1.295,1.611,0.694,1.025,1.015,1.076,1.853,0.194,1.045,0.626,0.995,1.407,0.469,1.502,1.392,0.509,1.309,0.476,1.374,0.281,0.978,1.636,0.786
S150,6,5,5,5.1962,5.1962,GM,1.212,0.403,1.54,2.704,0.994,1.241,2.17,1.997,1.273,1.146,1.439,0.926,1.308,1.31,1.439,0.537,0.719,0.492,0.954,1.15,0.357,0.953,0.801,0.782,0.885,1.353,1.18,-0.237,0.548,-0.415,0.595,1.338,0.871,1.89,1.36,1.297,0.406,2.319,1.042,0.231,1.377,0.578,2.091,0.214,0.862,1.143,1.869,1.404,1.403,0.876
S151,6,6,6,5.1962,5.1962,GM,0.463,0.961,1.531,1.638,0.623,1.347,0.777,1.574,1.178,0.775,1.379,1.289,0.966,-0.522,1.944,1.42,1.555,1.423,0.834,1.224,1.395,1.194,1.066,1.593,0.791,1.725,0.527,0.875,1.186,1.645,0.615,1.047,0.513,1.438,1.615,0.577,0.845,-0.121,1.348,2.124,1.955,0.502,0.881,1.58,0.497,0.909,1.102,1.205,1.142,0.562
S152,6,7,7,5.1962,5.1962,GM,1.45,1.302,2.109,1.285,1.721,2.213,1.195,2.237,0.749,0.99,0.713,1.312,1.094,1.29,1.564,-0.052,0.904,1.167,1.312,1.636,0.676,1.818,2.177,0.724,1.318,0.765,1.56,1.605,1.517,0.836,1.017,0.391,0.712,0.972,1.756,1.855,1.196,1.294,0.115,0.881,1.541,0.396,1.661,0.389,1.655,1.116,1.418,1.597,1.133,1.431
S153,6,8,8,5.1962,5.1962,GM,1.93,0.85,1.669,0.31,1.36,2.073,1.436,1.64,1.452,0.408,1.362,1.349,1.914,0.891,1.47,0.622,0.582,0.941,0.247,1.503,1.228,1.143,1.83,1.156,0.996,1.24,0.517,0.801,0.588,0.198,0.818,-0.264,0.357,0.772,0.443,0.969,0.178,1.848,1.03,-0.608,0.646,1.048,1.85,0.635,0.69,0.899,0.631,1.226,1.469,0.96
S154,6,9,9,5.1962,5.1962,GM,2.12,0.441,2.201,0.905,0.704,2.063,2.114,2.106,1.075,-0.055,2.294,2.04,1.049,0.835,1.47,1.221,1.428,1.233,0.239,0.365,0.546,0.6,0.586,1.125,0.887,0.749,0.798,0.4,1.7,1.497,0.634,0.225,0.204,1.011,0.86,1.09,0.616,0.168,0.486,0.512,1.812,1.123,1.506,-0.032,1.626,1.001,0.624,0.564,0.725,1.036
S155,6,10,10,5.1962,5.1962,GM,1.771,0.867,1.777,1.489,2.204,1.665,-0.162,1.441,0.619,0.412,0.518,0.513,0.583,1.022,1.488,0.584,1.114,0.309,1.182,0.828,1.076,1.505,0.544,0.158,1.483,0.969,0.158,1.203,1.431,1.36,0.566,1.243,1.07,0.685,1.371,2.076,1.72,1.693,1.266,0.929,1.567,0.998,1.729,1.063,1.568,0.943,0.32,0.075,0.166,1.037
S156,6,11,11,5.1962,5.1962,GM,1.883,0.888,1.113,1.709,1.638,1.303,0.191,-0.308,0.954,1.03,0.498,0.69,1.268,1.219,0.779,1.705,1.14,0.57,1.075,0.292,1.052,1.578,1.606,1.217,0.269,1.275,1.659,1.251,1.732,1.446,1.044,1.704,1.546,0.926,1.342,1.332,1.887,1.197,1.185,1.753,1.7,0.895,0.449,0.462,1.223,1.266,0.328,1.085,0.733,0.597
S157,6,12,12,5.1962,5.1962,GM,2.416,1.345,1.835,0.36,0.995,1.691,1.354,0.613,1.501,1.703,1.378,0.362,1.12,1.099,0.984,1.486,2.127,1.397,1.352,1.174,2.042,0.889,0.61,0.593,1.28,1.247,1.483,1.275,0.669,1.57,1.456,0.65,1.883,1.325,0.401,0.827,0.658,0.118,1.456,0.656,1.356,1.72,2.214,0.662,1.795,0.871,1.599,1.418,0.952,0.924
S158,6,13,13,5.1962,5.1962,GM,2.562,1.695,2.017,2.005,1.406,2.467,0.779,0.782,0.975,1.583,0.246,1.024,0.307,0.266,1.362,0.545,1.859,1.041,0.928,1.189,1.373,1.365,1.204,1.963,1.955,0.953,1.322,0.832,1.451,-0.101,0.842,1.094,0.9,1.464,1.013,0.901,1.561,0.442,1.217,0.913,0.746,0.744,0.464,0.521,0.972,0.068,1.454,1.082,1.029,1.37
S159,6,14,14,5.1962,5.1962,GM,1.725,0.972,1.204,2.575,1.654,1.811,0.092,0.424,0.137,1.643,0.52,0.58,1.842,1.383,1.163,1.108,1.271,0.789,0.973,0.504,-0.179,1.32,2.067,0.647,0.652,1.622,1.892,1.619,0.688,1.326,1.632,1.072,0.908,0.828,1.01,1.091,1.861,0.429,0.851,0.796,1.633,1.538,0.776,0.685,0.538,1.466,1.093,1.962,1.146,0.64
S160,6,15,15,5.1962,5.1962,GM,1.204,1.055,1.908,0.084,1.014,1.734,0.161,0.281,-0.415,1.057,1.082,0.968,1.607,1.27,0.655,1.373,0.609,0.988,1.917,1.274,0.998,0.043,1.521,1.347,0.581,1.73,0.488,0.484,0.76,0.897,0.925,0.757,1.205,0.533,1.088,1.274,1.649,0.67,0.67,1.148,1.406,1.177,1.606,0.705,0.473,0.943,0.292,0.791,0.178,0.515
S161,6,16,16,5.1962,5.1962,GM,1.106,0.248,1.773,0.178,1.218,2.497,0.601,1.267,-0.459,1.974,1.695,1.332,-0.15,1.733,0.527,1.022,0.087,0.634,0.894,0.272,0.526,1.393,0.227,0.716,1.232,0.751,1.195,0.693,0.999,0.227,1.268,1.03,0.401,1.189,0.715,2.048,1.526,1.43,1.625,1.251,0.858,1.383,0.527,0.652,1.227,1.766,1.042,0.74,2.138,0.672
S162,6,17,17,5.1962,5.1962,GM,1.187,0.88,1.362,0.473,0.984,2.571,0.465,1.233,1.087,0.636,0.036,1.403,1.433,0.479,0.512,1.523,0.866,0.547,1.173,1.581,1.53,0.542,0.743,1.18,0.683,0.558,1.896,1.077,0.948,0.409,0.953,1.366,1.941,1.506,1.52,1.48,0.703,1.482,0.698,0.535,1.491,1.221,0.375,1.014,0.433,1.071,0.411,1.491,0.917,1.186
S163,6,18,18,5.1962,5.1962,GM,0.834,1.168,1.464,1.007,2.188,2.251,0.354,1.133,-0.068,0.982,1.378,1.16,0.477,0.267,1.261,1.224,0.872,1.471,0.451,1.095,0.649,1.109,1.162,1.056,1.221,0.394,1.231,0.659,0.9,0.812,1.088,-0.624,0.91,1.142,1.866,0.894,0.793,1.467,1.155,0.808,0.963,2.055,1.143,1.317,1.17,0.518,1.627,1.017,2.064,0.752
S164,6,19,19,5.1962,5.1962,GM,1.759,1.222,1.536,1.12,1.344,2.717,0.141,0.829,-0.162,1.73,0.8,1.119,1.879,0.33,2.186,0.673,0.686,1.529,0.323,0.373,0.686,0.308,0.714,0.772,0.355,0.759,0.914,1.6,1.094,-0.039,1.184,0.933,1.441,1.03,0.437,0.607,0.988,0.724,1.81,1.466,0.947,-0.221,1.479,1.363,1.698,0.898,1.001,1.075,0.849,1.412
S165,6,20,20,5.1962,5.1962,GM,1.247,1.987,2.168,0.967,1.396,2.27,0.255,0.206,-0.068,1.754,1.02,-0.017,0.586,0.692,0.88,0.464,1.457,0.66,1.244,0.888,0.365,1.435,1.594,0.613,0.955,1.418,0.86,1.113,1.391,1.436,0.999,1.352,1.564,1.223,0.921,0.961,1.525,0.144,0.413,1.261,0.483,0.949,0.795,1.339,0.723,0.917,1.352,0.509,1.267,0.773
S166,6,21,21,5.1962,5.1962,GM,1.589,1.45,2.224,0.861,0.577,1.938,1.437,0.91,-0.089,1.268,1.022,0.772,0.829,0.697,0.752,0.798,1.56,0.544,1.241,0.651,1.002,0.811,0.584,2.435,1.656,1.283,-0.004,1.261,1.529,0.239,-0.288,0.846,0.47,1.345,1.078,1.127,0.052,0.895,0.532,0.622,1.577,0.753,0.627,1.609,0.872,1.703,1.392,1.123,0.883,1.465
S167,6,22,22,5.1962,5.1962,GM,2.768,0.693,1.615,0.874,1.416,2.433,1.893,1.639,-0.381,1.408,0.585,0.661,1.573,1.287,1.237,1.143,0.945,1.079,1.386,1.773,1.909,1.283,1.171,0.659,0.278,0.366,1.971,0.365,0.841,1.656,1.202,0.879,1.16,0.419,0.036,0.331,1.04,0.565,0.983,0.873,1.451,0.753,1.164,1.133,1.476,1.902,1.394,1.215,0.248,0.786
S168,6,23,23,5.1962,5.1962,GM,2.305,1.002,1.59,1.901,0.607,1.858,2.492,1.651,0.837,1.123,1.139,1.203,1.709,0.396,1.161,0.396,0.876,1.387,0.546,0.598,0.823,0.676,0.634,0.18,0.819,0.752,0.855,0.527,0.46,1.374,0.867,1.346,0.789,1.431,1.393,0.383,1.19,1.667,1.568,1.397,1.999,0.452,1.088,1.371,0.594,0.727,0.401,1.186,0.712,1.288
S169,7,0,0.5,6.0622,6.0622,GM,2.109,0.113,1.116,0.197,1.562,2.701,1.114,1.796,0.772,0.911,0.526,1.466,0.988,1.337,0.565,0.675,1.302,0.919,1.022,1.599,1.029,1.042,1.409,1.49,0.803,1.919,0.255,1.479,1.404,1.212,0.021,1.049,0.814,1.059,0.68,1.453,1.47,1.089,0.401,0.23,1.105,1.161,0.671,1.59,0.883,1.608,1.382,1.842,0.569,1.252
S170,7,1,1.5,6.0622,6.0622,GM,1.636,0.378,1.973,1.746,1.342,1.139,1.722,2.031,1.796,0.665,0.821,1.223,1.652,0.978,0.252,0.212,1.097,1.493,0.121,0.795,0.113,1.741,1.287,0.759,1.172,1.093,1.709,0.631,0.567,-0.546,1.026,1.239,0.158,0.772,0.803,0.805,1.53,1.155,1.173,1.939,1.125,1.283,0.232,1.001,1.357,1.584,0.631,0.423,0.858,1.31
S171,7,2,2.5,6.0622,6.0622,GM,2.655,0.447,1.592,2.108,0.841,1.295,0.837,2.107,1.19,0.995,0.429,1.749,0.314,1.589,1.491,-0.019,1.947,0.223,0.51,0.877,0.656,0.453,0.903,1.006,1.01,0.476,2.067,0.291,1.15,0.723,1.492,1.15,1.117,0.83,0.877,0.9,1.131,0.815,1.35,2.083,0.693,2.346,1.74,1.32,0.83,1.256,0.419,0.689,0.178,0.29
S172,7,3,3.5,6.0622,6.0622,GM,2.364,1.136,1.52,2.091,0.054,2.419,1.411,1.033,1.055,0.944,0.538,0.601,1.279,1.415,1.506,1.519,0.189,1.843,1.887,1.016,1.697,1.084,1.081,1.056,0.575,1.197,-0.157,0.795,0.478,0.674,0.286,0.762,1.01,1.13,1.603,1.455,0.715,0.986,0.96,1.599,1.193,1.594,1.023,0.732,1.43,0.913,1.839,2.198,0.94,0.651
S173,7,4,4.5,6.0622,6.0622,GM,1.726,1.328,1.733,1.244,-0.472,1.328,1.195,0.946,0.996,0.827,1.432,1.472,0.332,1.098,0.975,1.033,0.255,0.896,1.388,0.581,1.355,1.083,1.548,0.297,1.111,-0.622,-0.054,1.655,1.053,1.032,1.614,1.201,1.151,1.083,0.827,1.143,1.197,1.799,0.449,1.152,1.937,1.531,1.516,1.813,1.132,1.277,0.15,0.365,0.274,0.601
S174,7,5,5.5,6.0622,6.0622,GM,1.051,1.699,1.818,1.97,1.422,1.265,0.817,0.927,1.108,1.871,0.749,1.403,0.341,1.001,0.896,0.747,0.664,0.316,1.669,0.713,0.826,0.77,1.171,1.269,1.2,0.876,1.625,1.515,1.721,0.71,0.83,1.314,1.69,1.134,0.302,0.686,0.127,1.466,0.376,1.397,1.166,0.82,0.803,0.595,1.583,1.42,0.341,1.462,0.918,1.328
S175,7,6,6.5,6.0622,6.0622,GM,0.374,0.637,1.869,1.683,2.537,0.192,1.625,0.92,1.67,1.41,0.218,1.603,1.306,0.296,1.179,0.558,1.445,0.497,0.618,1.898,1.733,0.631,1.562,1.545,1.192,0.608,0.359,0.513,1.192,-0.526,0.812,1.412,1.144,1.594,0.923,1.868,1.544,1.263,0.643,1.62,1.567,0.203,0.596,0.585,1.126,0.662,0.672,1.168,2.027,0.708
S176,7,7,7.5,6.0622,6.0622,GM,0.552,1.718,2.576,1.487,2.461,1.365,0.856,1.527,2.109,1.542,1.414,0.413,0.237,0.114,0.355,2.401,1.157,1.039,1.584,1.182,0.163,1.202,1.006,1.298,0.831,1.257,0.842,1.049,0.958,0.6,1.636,1.191,1.634,1.598,1.324,1.195,0.664,0.99,1.184,0.924,1.439,1.495,0.431,1.359,0.998,0.874,0.874,1.649,1.313,0.466
S177,7,8,8.5,6.0622,6.0622,GM,1.158,0.195,2.729,1.655,1.94,1.806,1.081,1.197,0.336,1.661,0.868,1.366,1.731,1.579,1.968,1.063,1.538,1.755,0.441,0.701,0.975,1.127,2.397,0.924,0.006,0.754,0.563,1.25,2.008,0.477,0.874,0.721,1.033,1.051,0.633,0.934,0.76,1.502,0.996,0.842,1.239,1.288,1.522,0.625,0.943,-0.096,1.343,1.136,0.886,0.685
S178,7,9,9.5,6.0622,6.0622,GM,2.602,1.415,2.537,1.783,2.028,2.218,0.639,0.919,0.756,0.535,0.405,0.858,0.529,1.663,0.689,1.196,0.219,2.164,0.626,0.566,0.709,0.76,0.512,0.479,1.498,0.984,1.494,0.695,0.312,0.893,0.013,1.208,0.363,0.796,0.547,1.175,0.517,0.994,1.674,1.53,1.534,1.365,1.42,0.842,0.938,0.863,1.362,0.341,0.848,0.188
S179,7,10,10.5,6.0622,6.0622,GM,1.689,0.681,1.444,1.56,1.652,1.082,0.46,0.76,1.089,0.523,0.979,1.45,0.773,1.602,1.477,0.954,1.26,1.898,1.501,0.769,1.067,0.702,0.751,1.028,0.814,0.683,1.158,0.765,0.652,1.24,0.807,1.407,1.169,0.705,1.674,0.986,1.358,0.979,0.818,0.513,0.547,0.996,0.679,1.066,0.109,0.354,1.219,0.963,0.257,1.224
S180,7,11,11.5,6.0622,6.0622,GM,2.371,1.379,1.506,0.629,1.959,1.739,1.471,1.187,0.9,1.613,1.487,1.906,1.446,1.064,0.946,1.256,1.219,1.55,0.738,1.916,1.622,1.485,1.052,1.093,0.647,0.097,0.774,0.58,0.931,1.485,0.329,1.071,-0.047,0.886,0.764,1.452,0.779,1.444,0.862,1.871,0.403,0.9,1.434,0.605,0.944,1.338,1.024,0.136,1.003,1.549
S181,7,12,12.5,6.0622,6.0622,GM,2.109,0.984,1.846,1.192,1.421,1.318,-0.168,0.744,1.382,2.175,1.362,0.633,0.252,0.882,0.934,1.38,1.393,1.165,1.359,0.432,0.835,1.467,2.064,0.953,1.376,0.845,1.378,0.825,1.571,1.558,1.634,0.427,1.251,1.192,0.754,0.596,1.067,0.501,0.803,1.578,1.018,0.387,1.078,1.751,0.698,1.004,0.818,0.505,1.692,0.869
S182,7,13,13.5,6.0622,6.0622,GM,2.46,1.335,1.841,1.471,1.298,1.649,1.012,0.561,0.398,1.305,0.583,0.62,0.958,0.397,0.781,0.181,0.051,0.677,2.239,1.256,1.718,1.241,0.426,2.011,1.573,0.806,0.941,0.371,0.486,1.761,1.471,0.321,1.856,1.089,0.344,0.428,0.894,0.883,0.844,1.172,1.249,1.14,1.905,1.157,0.905,1.216,0.793,0.996,1.725,1.689
S183,7,14,14.5,6.0622,6.0622,GM,1.876,0.755,2.107,-0.736,1.914,1.913,0.226,1.205,-0.195,1.879,0.712,1.548,0.606,0.82,0.733,2.032,1.024,0.466,1.99,1.15,1.16,-0.016,1.218,1.183,0.835,1.458,1.31,1.07,0.768,1.104,0.825,1.101,1.388,0.088,0.861,1.063,1.096,0.814,0.898,1.236,0.531,0.423,0.812,0.005,1.25,0.605,1.687,0.841,1.584,0.546
S184,7,15,15.5,6.0622,6.0622,GM,0.868,0.75,1.74,0.35,1.257,1.926,1.596,0.657,1.207,1.053,0.781,1.012,0.831,1.188,0.96,0.728,1.054,0.826,1.119,1.215,1.472,1.241,0.502,1.764,0.954,1.439,1.264,0.818,1.134,1.144,1.224,0.706,0.486,0.989,1.241,0.691,0.835,0.094,0.815,0.59,1.277,0.971,1.119,1.343,1.934,0.293,0.467,0.799,1.33,0.446
S185,7,16,16.5,6.0622,6.0622,GM,1.549,0.61,2.986,0.048,0.727,1.884,1.277,0.533,-0.464,1.036,1.081,0.688,0.628,1.541,0.736,1.77,0.988,1.346,0.277,1.438,1.287,0.282,1.043,1.428,0.907,0.859,1.626,0.23,1.259,0.145,0.406,1.675,0.587,1.027,0.563,1.554,0.898,0.383,0.543,0.617,0.57,1.547,1.44,1.396,0.79,0.325,0.586,1.352,1.198,2.096
S186,7,17,17.5,6.0622,6.0622,GM,0.957,2.156,1.284,0.241,2.007,2.074,0.869,0.238,0.237,0.074,1.105,0.42,1.348,1.701,0.902,1.456,1.889,1.054,1.365,1.505,0.586,0.475,1.12,0.742,0.595,0.891,1.455,1.583,0.958,1.974,1.653,1.096,0.889,0.676,1.361,0.667,0.333,0.581,1.341,0.609,0.887,0.841,0.732,1.352,1.352,0.237,0.96,0.862,0.974,0.081
S187,7,18,18.5,6.0622,6.0622,GM,0.791,1.056,1.947,0.819,1.512,2.388,1.198,0.26,0.39,0.138,1.33,1.029,0.428,0.669,1.107,1.118,0.097,1.21,1.007,0.191,0.722,1.287,0.874,0.905,0.5,0.675,1.019,0.829,0.822,0.445,0.991,1.034,0.914,0.73,1.573,0.582,0.236,0.962,0.908,0.226,0.699,0.03,0.477,0.983,0.434,1.415,1.24,1.636,0.434,1.19
S188,7,19,19.5,6.0622,6.0622,GM,1.311,1.586,2.239,1.396,1.844,2.479,0.838,-0.119,-0.03,0.759,0.448,1.882,1.104,0.98,0.317,0.046,0.841,1.925,1.122,1.718,1.245,0.976,0.451,0.524,1.06,1.646,1.439,0.749,1.303,0.812,1.429,1.187,1.545,0.631,1.907,0.252,0.972,0.965,0.798,1.684,0.089,0.468,0.732,1.732,0.137,0.882,0.43,0.529,1.76,1.151
S189,7,20,20.5,6.0622,6.0622,GM,1.655,1.76,1.821,1.649,1.597,1.9,1.096,-0.006,0.517,1.987,1.728,1.221,0.579,2.312,1.118,1.615,1.704,1.245,-0.187,0.739,0.674,0.515,1.191,0.958,1.25,1.705,0.933,1.244,1.573,1.241,1.651,1.625,1.911,1.147,1.194,0.084,0.679,1.808,-0.149,1.654,1.995,0.973,1.81,1.098,0.356,-0.2,0.499,0.839,1.781,0.981
S190,7,21,21.5,6.0622,6.0622,GM,2.979,1.79,1.189,1.818,1.445,1.889,1.637,0.217,-0.053,1.444,1.712,0.497,-0.057,1.1,0.583,0.632,1.036,0.824,0.603,1.292,0.934,1.421,2.122,1.184,1.348,1.061,1.153,0.992,1.013,1.555,1.272,-0.037,1.482,1.055,0.572,1.814,1.469,1.071,-0.263,0.522,0.906,0.86,0.422,1.155,1.004,0.322,1.104,1.187,1.426,0.7
S191,7,22,22.5,6.0622,6.0622,GM,2.309,0.991,1.485,1.666,1.087,1.895,1.513,1.962,-0.022,2.281,1.103,1.416,1.473,-0.441,0.36,0.821,0.92,0.895,0.242,1.329,1.38,0.801,1.218,1.524,0.449,1.265,0.433,0.982,1.402,1.605,-0.577,0.786,1.043,1.353,1.586,1.771,0.883,0.613,0.665,1.722,-0.149,1.322,0.614,-0.182,0.342,-0.112,0.355,1.527,0.705,1.134
S192,7,23,23.5,6.0622,6.0622,GM,2.15,0.509,1.414,1.468,0.601,1.727,2.394,1.16,0.637,1.923,0.805,1.269,0.735,1.055,0.293,1.002,1.245,1.392,1.885,0.791,0.213,1.667,2.035,0.392,1.804,0.393,1.113,1.665,0.39,0.609,0.65,0.648,1.509,0.464,1.207,0.806,1.614,1.351,1.123,0.53,2.219,0.617,1.432,1.19,0.519,1.196,0.059,0.568,1.041,0.634
S193,8,0,0,6.9282,6.9282,GM,2.197,0.728,1.686,0.603,0.726,1.751,0.709,0.915,1.178,-0.036,1.02,1.018,1.033,1.174,1.136,1.954,1.412,1.042,0.996,0.944,1.233,0.948,1.275,0.599,1.507,1.075,0.75,-0.156,1.149,0.402,0.274,1.526,1.583,1.246,2,0.874,0.138,0.99,1.514,0.978,0.894,1.361,1.177,1.056,0.358,0.81,0.595,1.569,1.01,1.544
S194,8,1,1,6.9282,6.9282,GM,1.654,0.412,1.592,1.561,0.791,0.953,1.921,1.105,0.825,0.719,0.637,1.44,0.991,0.535,0.39,1.555,0.837,0.549,0.587,0.756,1.093,1.131,0.997,0.849,1.055,1.19,1.026,1.04,0.534,1.774,0.919,0.212,0.682,1.421,1.163,1.575,1.053,0.555,0.403,1.416,1.249,1.545,1.096,1.1,1.089,0.84,0.346,0.637,0.636,0.937
S195,8,2,2,6.9282,6.9282,GM,2.664,0.33,1.777,1.368,1.177,1.49,1.75,2.072,1.45,1.865,0.87,1.848,0.751,1.542,1.398,1.922,1.262,1.452,1.478,0.626,1.397,0.883,1.429,1.242,1.613,1.616,2.101,0.131,0.434,0.745,1.293,0.941,0.449,1.318,0.474,0.628,1.06,1.214,1.281,1.227,1.615,0.719,1.435,0.379,0.458,1.262,2.23,1.54,1.089,0.886
S196,8,3,3,6.9282,6.9282,GM,1.732,0.705,2.227,2.224,0.451,1.739,0.65,0.994,0.273,0.96,1.317,0.092,1.042,0.883,1.344,0.666,0.983,0.868,0.757,0.678,1.159,1.339,0.856,0.459,1.396,1.959,0.877,0.804,1.158,0.752,0.874,0.839,0.446,0.811,0.865,-0.185,1.395,0.967,1.182,-0.132,1.648,2.077,1.06,1.135,1.14,1.601,0.505,1.732,-0.329,1.224
S197,8,4,4,6.9282,6.9282,GM,1.25,0.573,2.56,1.235,-0.112,0.752,2.327,0.887,1.032,0.23,0.901,1.309,0.819,1.678,-0.008,0.619,1.338,0.798,0.837,0.689,0.926,0.822,1.499,0.699,0.7,1.827,1.493,0.436,1.003,0.629,0.739,1.375,1.113,1.557,0.148,1.824,0.627,0.422,1.387,1.083,0.226,0.661,-0.401,-0.128,0.56,0.905,1.175,1.078,0.755,1.049
S198,8,5,5,6.9282,6.9282,GM,1.103,0.855,2.265,0.961,1.018,0.682,1.739,1.158,0.959,0.326,0.433,1.165,0.648,1.303,1.344,0.515,1.636,1.539,1.255,1.025,1.303,0.901,0.633,1.657,1.41,0.823,0.422,1.411,1.819,1.737,0.804,1.547,0.861,0.164,1.446,1.247,0.202,0.916,1.136,1.135,1.638,2.167,1.504,1.308,1.873,0.714,1.092,1.239,1.208,0.608
S199,8,6,6,6.9282,6.9282,GM,1.15,1.608,1.973,1.407,1.916,1.263,1.009,0.708,1.54,1.032,0.563,1.081,1.571,0.751,0.63,0.889,0.92,1.165,1.188,1.781,0.835,1.345,1.82,0.919,1.272,1.604,1.063,1.313,0.915,1.065,0.838,1.703,2.057,0.4,1.532,0.631,1.364,1.423,1.389,0.442,0.881,0.768,1.079,0.994,0.918,0.481,0.185,0.522,1.25,0.713
S200,8,7,7,6.9282,6.9282,GM,-0.277,0.557,2.735,1.425,2.326,1.503,1.391,0.944,1.246,1.545,0.312,1.498,0.404,1.277,1.906,0.479,-0.095,0.948,1.068,1.552,1.787,0.932,1.526,0.947,2.569,1.471,0.929,0.508,1.295,1.095,0.924,1.165,1.857,1.038,0.76,1.429,0.852,0.643,2.083,0.357,0.761,1.599,1.038,0.794,0.717,0.569,0.994,0.114,0.755,0.442
S201,8,8,8,6.9282,6.9282,GM,2.394,1.133,2.877,1.299,2.04,1.989,0.181,1.686,1.64,1.707,1.115,1.344,0.692,0.537,0.878,1.057,1.277,0.767,1.857,1.648,1.078,1.663,0.314,2.027,1.88,1.452,0.367,1.196,1.16,1.255,1.105,0.705,0.847,0.539,1.842,0.822,1.767,0.502,0.758,2.903,1.153,1.594,1.3,0.847,0.742,1.013,1.37,1.572,0.289,1.789
S202,8,9,9,6.9282,6.9282,GM,2.569,0.986,2.11,0.897,1.264,1.613,0.671,0.627,1.137,1.176,0.935,1.044,0.656,1.009,0.335,-0.075,0.853,0.331,0.624,1.769,1.067,0.681,1.061,1.367,0.901,0.781,0.932,1.256,0.946,0.846,1.532,1.882,1.726,-0.045,0.92,0.911,2.144,0.913,1.245,0.121,0.21,0.929,0.693,1.396,0.886,0.482,0.545,1.355,0.911,1.433
S203,8,10,10,6.9282,6.9282,GM,2.211,0.582,1.447,1.122,2.435,2.094,1.284,0.882,0.514,1.458,1.545,0.997,0.947,2.244,2.026,1.048,1.682,0.52,1.708,1.28,0.392,0.284,2.089,1.359,1.503,0.866,0.273,0.604,0.819,1.423,1.678,0.44,1.129,0.938,1.468,0.985,0.755,0,1.64,1.031,2.296,1.682,0.998,1.132,0.756,0.718,1.267,0.408,1.354,0.981
S204,8,11,11,6.9282,6.9282,GM,2.782,1.248,1.665,1.118,1.175,1.525,0.776,1.238,1.733,2.304,0.235,0.629,0.921,1.386,1.148,-0.254,1.013,0.146,1.625,1.728,1.177,1.093,1.323,1.584,0.897,1.075,1.279,1.508,0.926,0.8,1.156,1.774,0.33,0.762,1.597,0.305,0.363,1.877,1.02,1.078,1.134,1.024,0.679,1.087,1.059,0.948,0.792,1.225,1.482,1.476
S205,8,12,12,6.9282,6.9282,GM,2.679,1.296,1.141,0.468,1.237,1.093,1.212,1.267,1.556,1.313,0.662,1.349,0.935,0.362,1.436,0.673,0.996,1.375,0.298,0.629,1.134,0.079,1.099,1.207,1.371,1.62,0.877,0.668,1.021,1.38,1.959,1.494,1.564,1.19,0.657,1.964,1.082,0.587,0.731,0.747,-0.444,1.291,0.95,1.86,1.221,0.63,0.565,0.505,1.409,0.597
S206,8,13,13,6.9282,6.9282,GM,2.49,0.918,1.792,1.586,2.004,2.519,0.102,0.385,0.469,2.228,1.323,0.934,1.135,0.741,1.415,1.344,0.927,1.269,0.78,0.669,0.89,0.73,0.487,1.439,0.402,2.126,0.751,0.791,0.716,1.638,1.277,0.535,0.949,0.069,1.268,0.498,0.76,1.292,1.578,0.863,1.302,0.825,1.875,0.649,0.762,1.72,0.457,0.882,2.063,2.084
S207,8,14,14,6.9282,6.9282,GM,2.24,0.983,2.096,1.903,1.347,2.121,1.192,0.606,0.226,1.267,0.827,0.999,1.3,1.33,0.693,1.624,0.53,1.862,0.663,1.376,1.277,0.871,1.012,1.134,1.077,1.004,1.232,1.529,0.507,0.285,0.573,1.357,1.8,0.639,1.791,0.612,1.602,1.315,1.151,1.105,0.693,0.576,1.181,1.232,2.142,1.7,0.367,0.986,1.17,1.329
S208,8,15,15,6.9282,6.9282,GM,1.311,1.13,2.349,1.841,0.768,1.726,1.027,1.501,0.743,1.448,1.082,1.18,0.962,0.889,1.741,1.001,0.989,0.773,1.094,0.435,1.929,1.495,1.22,1.495,0.483,0.274,0.764,0.657,1.217,0.562,2.556,1.225,0.006,0.846,1.223,1.088,2.078,0.924,0.949,1.153,0.877,0.724,1.014,0.75,1.719,0.921,1.024,0.946,0.631,1.033
S209,8,16,16,6.9282,6.9282,GM,2.307,0.901,2.036,0.669,0.898,2.08,1.404,1.065,0.246,0.986,0.864,0.072,1.337,1.064,0.28,1.035,0.432,0.929,0.595,1.191,1.002,0.886,0.484,1.318,0.15,0.487,1.162,1.445,0.963,1.685,1.059,0.348,1.071,1.211,0.735,2.236,0.901,1.519,1.065,0.805,0.556,0.881,0.365,1.134,0.202,-0.033,1.318,0.379,0.757,0.372
S210,8,17,17,6.9282,6.9282,GM,2.195,1.942,2.246,0.367,0.401,1.703,0.542,0.727,-0.104,1.13,1.588,0.922,0.869,1.109,0.236,0.786,0.906,0.849,0.166,1.55,1.038,0.783,0.77,1.149,1.488,1.319,0.965,0.956,0.854,1.392,0.773,0.165,0.818,0.3,0.552,0.45,1.278,-0.195,0.993,1.876,0.308,0.922,1.751,0.824,1.259,1.001,1.288,1.641,1.955,1.531
S211,8,18,18,6.9282,6.9282,GM,2.085,2.487,1.962,-0.4,0.826,1.089,0.251,-0.249,0.936,0.456,2.054,0.85,1.556,0.611,1.15,1.057,1.073,-0.022,0.994,1.95,0.395,0.561,0.493,1.005,0.133,1.151,1.689,0.422,1.982,1.389,1.42,1.007,1.229,1.462,1.181,0.897,0.607,1.619,0.827,0.606,0.71,1.222,1.038,1.929,0.493,0.682,1.29,1.458,0.891,1.472
S212,8,19,19,6.9282,6.9282,GM,1.693,1.82,2.406,0.287,1.358,1.778,1.523,0.678,0.375,0.577,0.864,1.383,1.076,0.083,-0.323,-0.204,0.53,1.391,0.473,0.597,0.867,0.063,1.517,1.415,1.327,1.318,0.767,1.082,1.341,2.395,1.5,0.775,1.517,0.66,0.547,2.09,1.52,1.04,0.868,0.815,1.027,1.648,1.04,1.228,0.803,1.218,1.215,1.741,1.114,1.65
S213,8,20,20,6.9282,6.9282,GM,2.008,1.322,2.445,1.563,0.754,1.886,1.166,0.384,0.639,0.921,1.074,0.942,1.153,1.37,1.389,0.866,1.174,1.761,-0.164,0.991,0.649,0.603,1.614,0.063,0.63,0.478,1.961,1.758,0.959,1.653,0.775,1.357,0.464,0.868,1.241,1.565,1.525,1.691,1.635,0.147,1.408,1.162,1.084,0.93,0.594,0.338,1.03,0.234,1.347,1
S214,8,21,21,6.9282,6.9282,GM,2.797,1.645,2.68,1.07,1.077,2.296,0.731,1.775,-0.021,0.781,0.913,1.349,0.495,0.623,2.106,1.266,1.247,0.265,1.02,0.829,1.268,1.31,0.738,1.469,1.488,1.054,1.597,1.008,0.676,0.772,1.734,1.273,0.936,0.918,0.518,1.482,0.702,0.445,1.456,0.385,-0.112,1.138,0.487,1.046,0.747,1.72,1.069,0.848,1.227,1.311
S215,8,22,22,6.9282,6.9282,GM,2.264,0.713,1.245,1.251,0.281,1.468,1.715,0.437,0.288,1.053,0.905,0.546,1.183,1.012,1.53,0.646,1.127,1.476,1.387,1.276,0.171,0.996,0.908,1.126,1.565,1.243,1.518,1.411,1.07,0.942,2.612,0.298,0.335,0.595,0.411,0.233,1.946,1.491,1.161,0.619,1.555,0.469,0.859,-0.142,1.029,1.736,0.54,1.479,0.558,0.874
S216,8,23,23,6.9282,6.9282,GM,1.076,0.909,1.226,2.234,1.188,1.806,1.038,0.894,0.2,2.058,0.573,0.857,0.804,1.05,1.617,1.628,0.746,1.451,2.14,1.609,0.993,0.756,1.605,1.103,1.253,1.498,1.858,1.024,0.517,1.286,0.792,0.598,1.054,1.339,0.775,0.418,0.207,0.367,0.897,0.372,1.907,0.888,2.178,0.588,0.814,0.772,1.092,1.066,1.348,1.517
S217,9,0,0.5,7.7942,7.7942,GM,2.441,1.288,1.053,2.636,1.514,1.584,-0.546,1.835,0.392,0.266,1.126,0.723,1.58,1.131,0.401,1.543,0.328,1.268,0.956,1.375,1.122,0.925,-0.248,1.647,0.459,1.926,0.688,1.496,1.6,1.259,0.733,1.608,0.729,0.26,1.428,0.99,0.651,1.585,1.676,1.377,0.487,0.897,1.535,0.301,0.443,0.899,2.153,1.266,0.444,0.66
S218,9,1,1.5,7.7942,7.7942,GM,2.366,0.03,1.784,1.361,1.002,1.303,0.381,1.257,0.901,0.713,1.379,0.665,0.388,0.701,1.532,1.953,0.331,1.494,0.696,0.661,1.229,0.494,1.051,2.12,1.514,1.356,0.691,1.827,0.824,1.32,0.961,1.082,1.355,0.861,0.991,1.09,1.042,1.215,0.95,2.241,1.041,1,1.843,0.263,1.597,0.908,1.072,1.625,1.287,0.142
S219,9,2,2.5,7.7942,7.7942,GM,1.883,-0.206,1.677,0.903,1.955,1.838,1.244,1.516,1.41,1.047,1.302,1.168,0.651,0.811,1.181,0.213,1.568,0.617,0.955,0.401,-0.769,1.078,0.326,1.199,0.851,1.051,2.006,0.387,1.433,0.956,1.351,1.517,0.984,0.235,1.896,0.096,0.987,1.079,1.002,1.649,0.885,0.191,0.584,0.909,0.852,2.772,1.439,1.435,1.067,0.036
S220,9,3,3.5,7.7942,7.7942,GM,0.753,0.004,2.565,1.88,1.097,1.726,1.256,0.108,0.126,0.103,1.263,0.262,1.163,0.577,2.283,0.759,1.362,0.362,1.738,0.93,2.017,0.442,1.348,0.938,1.164,0.702,0.087,0.942,1.104,1.454,0.454,0.815,0.927,1.007,1.296,0.408,0.919,1.251,0.889,1.316,0.116,0.971,1.088,0.462,0.606,1.362,0.997,0.274,0.143,0.176
S221,9,4,4.5,7.7942,7.7942,GM,0.784,0.485,1.508,1.412,1.193,1.137,2.323,-0.279,1.527,1.676,1.326,1.069,1.105,0.481,1.408,1.408,1.323,1.129,1.359,0.465,1.406,1.517,1.872,0.423,0.064,1.256,-0.214,1.663,-0.029,0.83,0.666,1.095,1.747,1.977,1.049,1.401,1.017,0.261,0.741,1.366,0.787,0.736,1.086,0.726,0.708,1.949,0.671,0.81,1.984,0.1
S222,9,5,5.5,7.7942,7.7942,GM,2.281,0.746,2.126,1.661,0.769,1.67,0.601,0.617,0.789,1.518,1.428,2.481,1.653,1.581,0.992,1.039,1.075,1.201,0.275,0.322,0.803,1.983,0.557,0.553,2.14,0.299,0.74,0.813,-0.024,0.932,0.327,0.838,-0.072,1.388,1.131,1.282,1.267,-0.462,1.216,0.04,0.935,0.838,1.297,0.65,0.877,0.593,1.038,0.896,1.415,1.428
S223,9,6,6.5,7.7942,7.7942,GM,1.934,1.061,2.447,1.911,1.691,1.465,1.16,0.66,1.635,1.189,0.876,0.19,0.426,0.325,1.041,1.368,0.262,0.697,2.114,0.754,1.109,0.392,1.403,1.811,1.138,0.419,0.613,0.712,1.095,1.427,0.418,1.553,0.795,0.22,0.815,0.598,0.503,1.793,1.499,1.108,1.479,1.406,0.473,1.527,0.703,1.228,0.45,0.653,0.568,1.051
S224,9,7,7.5,7.7942,7.7942,GM,1.355,0.496,3.307,1.695,2.367,1.796,0.295,1.988,0.954,1.087,0.486,0.834,0.926,1.145,1.129,0.22,0.932,0.823,1.303,1.608,1.384,1.261,0.029,0.194,0.922,1.913,1.157,0.382,1.412,1.345,1.176,1.149,0.815,0.902,1.467,1.396,1.3,0.797,0.628,1.186,0.782,2.006,1.343,1.683,1.191,1.178,0.646,0.742,0.816,0.887
S225,9,8,8.5,7.7942,7.7942,GM,1.958,1.441,2.785,1.778,1.924,1.474,0.124,2.792,2.168,0.668,0.802,0.573,1.427,0.476,0.798,1.464,0.664,1.451,1.401,1.186,2.109,1.061,0.516,0.265,1.152,1.105,0.826,0.894,0.958,1.329,0.659,0.773,-0.252,0.702,0.93,1.563,0.939,1.977,0.337,0.813,1.192,1.306,0.878,0.641,0.914,0.949,1.095,0.696,0.395,0.341
S226,9,9,9.5,7.7942,7.7942,GM,2.182,1.903,2.454,0.556,1.207,2.322,0.392,0.125,1.706,0.764,1.925,0.652,1.576,0.65,1.002,1.652,0.883,0.753,1.449,0.931,0.779,0.641,1.997,1.015,0.851,0.476,0.881,0.964,1.416,1.235,0.259,0.434,1.111,0.59,1.282,0.797,1.215,1.07,0.049,0.653,0.248,1.064,0.691,1.164,0.624,0.838,1.432,1.413,0.919,0.756
S227,9,10,10.5,7.7942,7.7942,GM,2.46,0.717,2.097,1.369,1.603,1.618,1.003,0.767,1.014,1.626,1.984,1.294,1.73,0.192,0.417,2.608,0.483,0.43,0.857,1.958,1.99,1.14,1.715,1.111,1.914,0.388,1.656,1.372,0.971,0.863,0.617,0.979,1.824,1.724,0.278,1.209,0.946,0.44,0.822,1.161,0.626,0.591,1.099,1.065,0.658,0.54,0.618,1.11,0.3,1.652
S228,9,11,11.5,7.7942,7.7942,GM,2.578,0.531,1.106,1.144,1.277,1.353,-0.44,1.199,1.775,1.786,0.885,1.208,0.574,0.765,1.058,0.7,1.031,0.963,0.754,0.557,1.087,1.168,1.367,0.641,0.921,0.671,1.427,1.443,0.443,0.282,1.372,0.581,1.869,0.791,1.133,1.242,0.849,0.597,1.069,0.804,0.684,1.368,0.395,1.629,1.089,0.047,1.31,1.006,1.084,1.055
S229,9,12,12.5,7.7942,7.7942,GM,1.5,0.369,2.806,1.898,2.371,2.032,0.846,1.399,2.234,1.212,0.042,0.481,1.592,2.268,0.799,0.852,1.719,0.669,1.597,1.623,1.981,0.527,1.263,1.845,1.331,0.737,0.419,0.64,1.115,0.252,0.975,1.416,0.972,1.137,1.531,1.237,1.565,1.394,0.999,0.687,1.092,1.092,1.035,2.161,1.344,1.394,1.568,1.467,0.462,1.487
S230,9,13,13.5,7.7942,7.7942,GM,2.382,1.052,1.669,1.528,1.917,0.584,0.705,1.385,0.949,1.06,1.375,0.142,1.095,1.022,1.262,0.89,0.531,0.944,1.179,1.531,1.681,0.81,0.685,-0.515,1.184,0.985,0.734,0.964,0.418,1.169,0.793,1.362,1.977,1.388,0.265,1.188,0.639,0.8,1.941,1.157,0.772,0.082,0.702,0.523,0.464,0.545,1.199,1.595,1.297,0.42
S231,9,14,14.5,7.7942,7.7942,GM,2.242,0.262,2.795,1.435,1.331,1.248,1.583,0.947,-0.362,1.498,0.668,1.568,0.641,0.943,0.94,1.284,0.712,1.105,0.635,1.585,1.5,0.987,1.849,0.733,0.567,0.856,0.349,0.82,1.455,1.376,1.11,0.589,0.519,1.933,0.459,1.984,1.284,1.581,1.379,1.403,0.717,1.463,1.421,1.452,1.327,0.886,0.213,0.938,2.101,1.374
S232,9,15,15.5,7.7942,7.7942,GM,1.773,0.678,2.62,1.65,1.209,1.666,1.148,1.188,0.318,1.587,0.554,1.152,1.149,0.494,1.005,0.743,0.805,1.209,0.616,0.58,1.419,0.895,0.736,1.017,1.002,0.678,0.274,1.329,0.604,1.079,0.623,0.592,0.518,0.375,0.985,1.137,-0.564,0.886,0.582,1.437,0.608,1.169,0.67,1.482,1.523,0.805,1.34,1.374,1.398,0.999
S233,9,16,16.5,7.7942,7.7942,GM,0.784,1.364,2.297,0.994,0.991,1.752,0.996,1.37,0.382,1.654,1.748,0.678,0.936,0.543,1.096,0.584,1.669,1.452,0.635,0.258,1.176,0.331,0.901,1.716,1.477,0.202,1.096,0.864,-0.276,1.266,1.324,0.612,0.603,0.718,0.851,1.166,1.268,1.724,0.524,0.713,1.181,0.675,0.319,1.43,1.496,1.277,0.948,0.7,1.399,1.141
S234,9,17,17.5,7.7942,7.7942,GM,1.119,1.41,1.463,1.211,0.934,1.004,1.735,1.493,1.477,1.858,0.562,1.193,0.965,0.721,0.708,1.79,2.477,0.727,1.215,0.343,1.43,0.548,-0.079,1.347,0.947,1.062,1.835,0.996,1.322,1.099,0.633,0.297,0.813,0.436,0.324,1.436,-0.012,0.963,0.753,1.582,1.051,1.494,1.099,1.239,1.761,0.633,0.602,1.288,0.835,0.632
S235,9,18,18.5,7.7942,7.7942,GM,1.763,1.7,1.866,-0.179,1.291,1.829,0.707,0.932,1.439,0.224,1.81,0.496,1.225,1.229,1.005,0.699,1.328,0.623,0.471,0.809,0.832,0.71,0.941,0.877,2.065,0.393,1.548,-0.325,0.713,0.692,1.407,2.047,1.107,0.465,1.331,1.317,0.813,1.177,1.151,1.382,0.757,1.127,1.276,2.033,1.34,1.209,1.083,1.113,1.352,0.51
S236,9,19,19.5,7.7942,7.7942,GM,1.446,1.232,2.209,1.019,1.57,2.075,0.586,0.666,-0.026,2.119,0.567,1.299,0.815,1.353,1.347,0.635,0.994,0.874,1.272,0.504,1.452,1.267,1.328,0.923,0.505,1.368,1.236,0.046,1.707,1.668,0.859,0.743,1.562,1.01,1.323,1.668,1.71,0.493,0.943,1.054,1.048,0.721,1.377,1.267,2.003,0.708,0.576,0.429,0.984,1.297
S237,9,20,20.5,7.7942,7.7942,GM,2.016,0.836,1.289,1.863,1.542,2.526,1.054,-0.085,0.448,0.578,0.506,0.861,2.041,0.986,0.963,1.9,1.456,0.69,1.353,0.758,0.886,1.307,0.337,1.054,1.097,0.373,1.029,1.084,1.081,0.667,1.375,1.098,1.51,1.511,0.953,0.423,0.643,1.758,0.668,0.397,2.026,0.472,0.959,0.464,1.12,1.625,0.301,0.339,1.058,1.202
S238,9,21,21.5,7.7942,7.7942,GM,1.571,1.53,2.11,2.123,0.67,2.57,1.883,-0.354,0.97,0.678,0.715,0.929,1.175,1.496,0.779,0.749,0.209,1.387,0.666,0.233,1.496,1.09,0.182,1.093,1.276,1.452,1.224,0.466,1.142,0.974,0.838,0.547,0.57,-0.003,0.522,2.217,1.264,1.509,1.065,0.755,0.625,0.405,1.81,1.132,0.397,0.976,0.617,1.435,0.785,0.606
S239,9,22,22.5,7.7942,7.7942,GM,1.731,1.335,2.073,1.342,1.461,1.797,1.827,0.686,0.601,1.551,0.928,0.374,0.918,1.767,0.72,0.486,1.617,0.408,1.383,0.791,0.655,0.921,0.729,1.137,1.331,0.901,1.325,0.584,0.648,1.141,1.125,0.747,1.655,1.458,0.878,0.739,0.299,0.946,0.642,0.596,0.99,0.229,0.788,1.257,0.974,1.865,0.519,1.473,0.242,0.869
S240,9,23,23.5,7.7942,7.7942,GM,1.601,0.916,2.903,1.311,1.665,1.995,2.997,1.46,0.771,1.686,0.985,1.365,0.82,0.843,1.744,-0.318,-0.115,0.469,1.374,0.94,0.593,1.088,0.558,0.14,1.038,1.159,1.156,0.321,1.419,1.01,1.198,0.636,0.668,1.167,1.158,0.513,0.733,0.837,1.072,0.392,0.916,1.532,1.385,0.54,1.831,0.971,1.138,1.179,0.255,0.727
S241,10,0,0,8.6603,8.6603,GM,2.331,0.807,0.183,1.485,0.975,2.22,1.453,1.22,0.5,0.032,0.746,1.951,1.048,0.301,1.43,1.456,1.164,1.06,0.222,1.249,1.437,1.048,0.364,1.125,1.298,1.762,0.848,1.339,1.049,0.837,1.215,0.458,1.311,1.018,1.088,0.808,1.946,1.126,1.23,1.143,1.202,0.46,0.586,0.387,0.529,1.14,0.27,0.345,0.376,0.6
S242,10,1,1,8.6603,8.6603,GM,2.211,0.389,0.743,0.787,-0.008,1.664,0.885,2.391,1.786,1.087,1.241,0.807,1.042,0.456,0.89,0.638,0.303,1.227,1.884,1.2,0.276,1.186,2.14,1.018,0.805,0.937,1.145,1.17,1.058,1.092,0.264,1.038,1.481,0.732,1.058,0.547,1.764,0.859,1.303,1.138,1.443,0.537,0.017,0.41,1.358,1.581,1.687,0.85,1.129,0.25
S243,10,2,2,8.6603,8.6603,GM,1.526,0.512,2.551,1.28,1.964,1.676,1.524,0.541,1.626,1.56,-0.621,1.198,0.617,1.278,0.445,0.16,1.269,0.593,0.306,1.14,1.255,0.244,0.627,0.726,1.264,0.9,1.047,1.583,1.844,1.995,0.507,1.303,0.694,0.861,1.172,1.562,1.522,0.027,0.785,0.378,1.387,0.995,2.395,1.017,0.075,0.722,0.923,1.016,-0.304,1.43
S244,10,3,3,8.6603,8.6603,GM,1.296,0.718,2.523,1.415,1.449,1.462,2.216,0.173,0.754,1.317,0.813,0.538,0.39,0.757,0.954,0.705,0.679,1.944,0.717,0.904,1.959,0.451,1.471,1.524,0.627,1.266,1.589,-0.358,1.169,1.358,1.798,0.494,-0.042,1.372,0.473,1.184,0.627,1.425,1.041,1.493,0.858,0.992,0.768,0.593,1.219,0.677,2.488,-0.307,0.551,0.567
S245,10,4,4,8.6603,8.6603,GM,1.107,0.474,2.773,1.025,0.79,1.082,1.616,0.897,1.162,1.218,0.441,0.35,1.175,0.491,0.028,0.899,0.753,1.235,1.025,0.586,0.161,1.686,0.756,0.13,0.761,0.742,0.232,2.196,1.02,0.46,1.207,1.346,0.222,1.512,1.033,0.597,1.162,0.798,0.551,1.769,0.946,0.808,0.813,1.768,1.248,1.075,0.864,1.435,0.815,-0.001
S246,10,5,5,8.6603,8.6603,GM,1.478,0.125,2.869,2.283,1.614,1.579,1.136,0.799,0.968,0.697,0.247,1.592,0.766,0.423,1.136,0.291,0.581,1.459,1.632,0.099,0.874,1.193,1.181,1.023,1.41,1.034,1.517,0.943,1.081,1.249,1.079,0.785,1.679,1.616,1.349,0.976,0.238,1.539,0.223,0.323,1.791,0.928,0.545,0.553,2.136,0.814,1.486,1.672,0.913,1.118
S247,10,6,6,8.6603,8.6603,GM,2.017,1.264,3.063,2.088,1.604,2.754,1.824,0.531,0.426,0.554,1.425,0.847,0.619,2.246,1.137,0.913,1.116,2.076,1.375,1.268,0.183,0.6,1.082,0.46,1.121,1.289,0.342,1.377,0.969,1.346,1.06,1.133,1.243,1.028,2.042,1.276,0.541,2.197,1.39,0.962,0.543,1.652,1.155,0.431,0.686,1.365,1.218,1.327,1.201,0.419
S248,10,7,7,8.6603,8.6603,GM,1.795,0.581,2.394,1.808,1.622,0.922,1.38,1.597,0.737,1.362,-0.024,1.036,1.769,1.379,1.388,0.237,0.762,0.725,1.641,0.321,1.073,0.912,0.786,0.946,1.804,2.037,0.943,0.811,1.025,0.667,0.916,0.312,0.766,0.366,0.59,1.094,1.54,0.384,1.343,0.377,1.331,0.89,1.4,1.569,0.982,0.748,1.582,1.413,0.403,0.505
S249,10,8,8,8.6603,8.6603,GM,1.934,1.666,2.961,1.659,1.899,1.811,0.053,2.165,1.208,1.677,0.465,0.275,1.488,0.954,0.131,0.934,0.328,0.859,1.985,1.388,0.345,0.966,0.066,1.092,1.489,-0.021,1.725,0.832,0.641,1.724,1.143,0.48,1.099,0.797,1.356,1.305,1.919,1.099,1.004,1.946,1.864,0.838,1.092,2.464,1.422,0.679,1.427,0.578,1.844,1.268
S250,10,9,9,8.6603,8.6603,GM,1.228,1.095,2.929,2.819,0.959,1.685,0.902,1.644,1.35,1.58,1.221,1.03,1.21,1.727,0.938,0.606,0.435,1.412,1.256,0.794,1.783,0.228,1.154,1.14,0.723,0.968,0.008,1.084,1.119,0.237,0.443,0.726,1.092,1.047,1.322,1.837,0.913,1.137,0.817,1.608,1.706,1.053,0.384,0.741,1.283,1.014,0.241,0.915,1.563,1.419
S251,10,10,10,8.6603,8.6603,GM,2.402,1.106,2.33,2.907,1.72,1.547,-0.064,1.761,0.851,1.218,0.756,0.933,0.885,0.33,0.907,1.132,1.436,1.248,0.982,1.029,1.435,1.349,0.892,0.898,0.187,0.192,-0.106,1.844,1.014,0.733,0.966,0.585,1.03,1.24,1.046,1.348,0.84,0.497,1.985,1.162,0.966,1.867,1.078,1.211,0.589,0.687,0.73,1.654,0.528,1.313
S252,10,11,11,8.6603,8.6603,GM,2.499,0.635,2,1.954,1.26,1.476,0.843,1.079,0.846,1.292,0.774,1.04,0.495,1.223,1.209,1.175,1.71,1.035,1.153,1.165,1.399,0.526,0.499,0.589,1.741,1.07,0.328,0.381,0.576,0.709,1.25,1.705,1.151,1.529,1.545,1.404,0.733,0.521,0.925,0.015,2.125,0.822,1.133,1.334,1.762,2.133,1.327,0.541,1.341,2.236
S253,10,12,12,8.6603,8.6603,GM,3.052,0.673,1.306,0.461,1.196,1.452,0.853,1.376,0.867,0.963,1.211,0.887,0.484,1.553,0.611,0.659,1.298,1.27,1.682,2.045,0.911,1.655,0.768,0.449,0.757,1.09,1.425,0.787,0.581,0.34,1.45,0.83,0.68,1.05,1.035,1.225,0.815,0.88,1.805,0.441,0.316,1.152,0.3,-0.048,2.008,0.972,0.914,0.652,1.314,1.006
S254,10,13,13,8.6603,8.6603,GM,2.32,0.953,2.012,1.405,0.775,1.96,0.616,1.67,0.466,1.879,0.996,0.054,0.15,0.202,0.723,0.96,0.333,0.561,1.4,0.557,0.265,0.508,0.538,0.436,1.607,0.225,0.681,1.046,1.119,0.203,1.652,1.176,0.728,1.142,0.325,0.653,1.567,0.945,1.068,1.202,0.915,0.923,1.33,1.71,1.141,1.615,0.15,0.505,0.942,0.028
S255,10,14,14,8.6603,8.6603,GM,2.51,1.089,2.085,0.786,1.28,0.854,1.02,1.484,1.481,1.655,0.56,0.958,0.592,2.272,1.207,0.232,2.643,1.649,1.539,0.841,2.01,0.704,0.843,1.305,0.078,1.161,0.433,0.729,1.204,1.387,-0.193,0.863,1.425,0.921,0.437,1.059,0.706,1.343,-0.016,0.272,0.923,0.886,0.312,1.411,0.173,1.245,0.337,1.123,0.704,1.638
S256,10,15,15,8.6603,8.6603,GM,2.014,1.713,1.697,0.985,1.407,1.901,0.626,1.48,0.541,1.284,1.431,0.829,0.323,0.662,0.215,0.916,0.398,1.773,1.495,1.724,0.122,0.829,2.073,0.718,1.138,0.561,1.373,0.757,0.74,0.184,1.31,0.68,1.291,0.803,1.212,1.04,0.98,0.252,0.942,0.646,1.437,-0.194,0.738,0.758,1.523,1.537,0.761,1.392,0.983,1.934
S257,10,16,16,8.6603,8.6603,GM,2.035,1.137,2.572,0.336,0.745,2.356,0.006,1.464,1.455,1.157,1.192,0.504,1.053,1.879,1.248,0.175,1.172,1.452,1.695,-0.086,1.039,1.311,0.71,0.712,0.639,0.797,0.086,0.061,1.119,0.239,0.709,1.274,1.737,1.372,1.115,1.56,1.396,1.029,0.94,1.575,1.027,0.99,0.736,0.288,0.928,1.123,0.726,1.42,0.483,1.518
S258,10,17,17,8.6603,8.6603,GM,2.448,1.522,1.741,0.076,0.672,1.414,1.611,0.9,0.463,2.4,-0.625,1.14,1.84,1.566,1.204,1.366,0.477,1.049,0.653,0.631,1.511,0.666,0.934,1.328,1.735,0.392,0.767,0.843,1.224,0.886,0.694,0.889,0.925,0.781,0.636,0.388,0.949,1.052,0.437,1.784,-0.25,1.429,2.349,0.869,0.977,1.302,0.824,1.614,0.861,2.08
S259,10,18,18,8.6603,8.6603,GM,2.277,2.212,3.176,-0.865,2.275,1.747,1.673,1.149,-0.144,1.735,1.202,0.983,1.616,1.024,0.164,0.886,0.615,0.358,0.241,0.643,1.154,0.976,0.748,1.078,1.194,0.899,0.409,0.673,1.336,0.672,0.518,2.007,0.977,1.141,1.289,0.272,0.855,1.149,0.556,0.619,1.05,1.738,1.16,0.83,0.806,-0.168,1.474,0.121,0.94,0.958
S260,10,19,19,8.6603,8.6603,GM,1.711,2.333,2.977,0.294,1.121,2.05,1.783,1.214,1.233,0.793,1.563,0.902,1.371,0.748,0.102,1.795,1.288,1.159,1.839,0.893,0.778,0.471,1.517,0.908,1.36,1.601,0.169,1.207,2.29,1.401,1.585,0.576,1.207,0.889,1.033,-0.067,0.821,0.846,0.717,1.543,0.99,1.428,0.548,1.465,1.984,0.195,0.845,0.782,0.882,1.545
S261,10,20,20,8.6603,8.6603,GM,1.828,0.855,1.632,0.817,0.409,2.102,0.786,0.646,-0.217,1.464,0.941,0.631,0.3,0.884,0.876,0.614,0.988,0.763,1.496,0.376,0.744,1.307,1.508,0.592,1.115,1.725,1.06,1.348,2.392,0.704,1.62,1.653,1.203,0.557,1.614,1.46,1.026,0.641,1.298,1.74,0.94,0.366,0.662,0.385,0.908,1.17,0.728,1.486,0.12,1.769
S262,10,21,21,8.6603,8.6603,GM,1.961,0.941,2.019,1.507,1.316,1.572,1.413,0.607,0.234,1.158,1.34,1.864,1.699,0.159,0.396,0.424,1.04,0.595,1.45,0.79,1.273,0.67,0.384,0.973,1.139,1.189,0.489,0.786,1.515,0.854,2.039,0.808,0.684,1.055,1.186,0.81,1.291,1.815,0.913,1.135,0.491,0.543,0.308,0.946,1.271,1.193,0.191,0.821,1.177,-0.031
S263,10,22,22,8.6603,8.6603,GM,2.291,1.269,2.22,1.091,1.445,1.102,1.439,0.059,0.574,1.27,1.971,1.064,0.496,0.872,0.549,0.625,0.385,0.897,0.473,1.496,1.274,0.972,0.659,1.472,1.501,1.863,2.349,0.323,0.559,1.1,0.371,1.277,1.408,0.439,0.611,0.971,1.936,1.234,1.69,1.347,1.261,0.929,0.994,1.426,0.649,0.406,1.256,0.403,1.088,0.716
S264,10,23,23,8.6603,8.6603,GM,2.076,1.782,2.094,2.386,0.732,0.337,0.554,0.28,0.167,2.111,1.118,1.072,0.784,1.405,1.273,0.698,0.968,1.425,0.356,0.671,1.235,0.551,0.267,0.579,1.056,0.025,1.276,0.951,0.641,1.509,0.14,0.789,1.165,0.533,1.168,1.246,0.802,0.478,0.593,0.637,1.441,0.172,1,1.17,1.392,0.419,0.433,1.583,1.212,1.534
S265,11,0,0.5,9.5263,9.5263,GM,1.257,0.734,0.733,1.156,0.949,1.369,0.122,1.673,1.442,0.29,0.426,0.64,1.204,1.357,0.93,0.321,1.103,0.244,1.118,1.287,1.131,2.163,0.465,0.489,0.977,0.761,-0.021,1.051,0.687,0.146,0.204,1.332,1.645,1.609,1.27,1.689,2.018,1.378,1.077,1.295,1.767,1.403,1.485,0.736,1.397,0.633,0.085,1.171,0.992,0.441
S266,11,1,1.5,9.5263,9.5263,GM,0.9,0.481,1.632,0.678,0.334,1.157,1.142,1.687,1.406,0.659,0.408,1.779,0.533,0.685,0.563,0.681,0.716,0.432,0.855,1.306,1.348,0.631,0.823,1.259,1.49,1.418,0.269,0.434,0.184,0.933,0.075,0.888,0.687,0.634,0.679,1.02,1.716,1.637,1.013,0.712,0.857,0.753,1.358,0.652,1.38,1.362,1.824,1.049,1.397,1.474
S267,11,2,2.5,9.5263,9.5263,GM,1.162,0.962,1.525,0.618,2.023,1.888,1.268,1.931,0.469,1.181,-0.158,0.803,0.867,1.626,0.578,-0.037,0.68,0.82,1.067,0.511,0.736,1.889,1.143,0.589,1.105,0.574,0.793,0.309,0.015,1.581,0.532,0.513,2.156,-0.136,0.924,1.85,1.756,1.424,-0.172,1.016,1.818,0.848,0.994,1.624,1.229,0.446,0.738,1.245,1.345,1.59
S268,11,3,3.5,9.5263,9.5263,GM,1.533,0.426,1.571,0.859,0.741,1.704,2.416,0.45,1.103,0.306,0.764,1.422,1.343,-0.119,1.84,1.759,1.115,0.711,0.204,1.058,1.289,0.392,0.365,0.886,0.875,1.318,1.717,1.772,1.01,1.51,1.173,-0.15,1.202,2,1.309,1.368,0.96,0.577,-0.325,0.686,1.212,-0.1,1.079,1.245,-0.109,1.4,0.963,1.787,-0.276,0.538
S269,11,4,4.5,9.5263,9.5263,GM,2.585,-0.006,1.6,2.174,1.466,0.914,0.576,0.016,1.189,0.269,1.025,0.768,0.905,0.38,1.828,0.968,1.84,1.235,0.027,0.708,1.347,1.117,0.88,1.815,0.552,0.728,1.3,0.345,0.598,0.868,1.046,0.347,0.575,-0.131,1.104,1.161,0.5,-0.577,1.108,1.171,1.254,1.22,0.582,2.702,0.807,0.713,1.219,0.45,1.702,1.627
S270,11,5,5.5,9.5263,9.5263,GM,2.23,0.727,2.166,2.755,1.833,1.301,0.582,1.543,1.121,1.523,1.085,1.825,1.313,1.78,0.566,1.004,1.639,1.147,1.42,0.844,0.169,1.146,0.799,1.108,0.973,0.528,0.518,0.931,0.689,1.469,1.055,1.871,0.739,1.309,1.081,1.82,0.81,0.968,1.294,1.059,1.512,1.37,1.895,0.356,1.298,1.035,0.649,1.608,2.055,0.911
S271,11,6,6.5,9.5263,9.5263,GM,2.783,0.939,1.088,1.828,1.483,1.086,-0.044,0.954,1.195,1.354,1.271,1.409,1.503,0.344,1.282,1.18,0.924,0.368,0.967,0.653,1.13,0.706,1.488,0.762,0.994,1.047,0.854,1.206,0.395,0.192,1.115,1.293,1.858,1.052,1.589,0.907,0.707,1.485,1.288,1.665,1.063,0.902,0.448,1.57,1.209,1.537,1.448,0.606,0.3,1.051
S272,11,7,7.5,9.5263,9.5263,GM,2.968,1.681,2.165,1.028,1.748,0.984,1.468,0.805,1.918,0.747,0.633,1.533,1.74,2.183,1.251,0.662,1.176,1.108,1.513,1.706,0.112,1.723,0.711,1.377,0.695,1.181,1.748,0.996,0.873,1.892,0.371,1.108,1.474,1.049,0.77,1.372,1.543,0.583,1.686,0.719,1.057,0.444,0.538,1.032,0.849,1.111,1.204,0.984,0.234,0.325
S273,11,8,8.5,9.5263,9.5263,GM,2.574,1.513,3.27,0.86,1.861,1.675,1.129,1.907,0.888,1.997,1.718,1.593,-0.685,1.538,1.448,1.097,1.742,0.702,0.606,1.096,1.385,-0.195,0.963,1.278,0.146,1.546,1.092,1.184,1.405,1.59,1.743,1.347,0.436,1.144,1.341,0.381,0.872,1.366,1.709,0.628,1.496,0.473,0.822,1.673,1.03,0.972,0.589,1.662,0.442,1.115
S274,11,9,9.5,9.5263,9.5263,GM,2.279,1.168,2.305,1.417,2.335,2.32,1.948,1.703,1.693,1.505,1.054,1.67,1.098,1.461,1.619,1.083,0.744,0.241,0.377,0.429,0.525,1.772,0.519,1.071,1.584,1.04,0.902,0.578,1.421,1.048,0.716,1.243,0.002,0.23,1.355,1.316,0.901,1.118,0.958,0.274,1.258,0.745,0.778,0.865,1.396,0.744,1.94,0.285,0.579,0.883
S275,11,10,10.5,9.5263,9.5263,GM,2.617,-0.143,1.925,0.867,2.393,1.63,-0.317,1.834,1.414,0.739,0.601,0.494,1.148,1.489,1.483,1.533,0.14,0.71,0.6,1.735,1.296,0.962,1.443,1.861,2.063,1.249,0.89,1.759,0.799,1.627,1.028,0.32,0.563,0.897,0.902,1.206,1.418,0.892,1.703,1.442,0.663,0.787,1.077,1.782,0.618,0.43,0.919,1.538,-0.372,1.364
S276,11,11,11.5,9.5263,9.5263,GM,1.451,0.583,2.166,0.696,0.926,0.591,0.686,1.409,1.279,1.643,1.396,1.623,0.85,1.121,1.194,0.962,1.568,1.03,0.926,1.226,1.797,-0.227,1.015,1.083,1.265,1.212,1.833,1.506,0.936,-0.053,0.169,0.342,1.619,0.591,1.265,1.831,0.726,1.25,1.692,0.665,0.002,1.041,1.541,0.733,0.466,0.53,1.147,0.882,0.557,1.047
S277,11,12,12.5,9.5263,9.5263,GM,2.294,0.472,2.624,1.732,1.211,1.68,1.746,1.328,1.308,0.878,1.047,1.531,0.206,1.212,0.831,0.544,0.978,0.828,0.713,1.468,1.389,1.652,2.013,0.927,0.889,0.286,0.45,2.166,0.944,1.343,0.463,1.01,0.944,0.728,1.899,0.518,1.822,0.318,1.558,0.619,1.143,1.07,1.4,0.076,0.153,1.424,1.79,0.687,1.402,1.365
S278,11,13,13.5,9.5263,9.5263,GM,3.149,1.582,2.072,0.481,1.339,1.132,1.197,0.667,1.349,0.727,0.418,1.062,1.78,0.186,1.191,1.069,0.995,-0.081,1.195,1.696,0.79,1.852,0.988,1.018,0.662,0.527,1.643,0.387,0.528,1.034,0.38,1.095,0.975,0.855,0.289,0.528,1.351,0.403,1.02,1.276,0.664,0.867,0.872,1.275,1.2,0.878,0.261,1.64,0.346,1.457
S279,11,14,14.5,9.5263,9.5263,GM,1.94,1.179,2.262,1.715,1.034,2.124,1.081,1.218,1.644,1.011,0.741,0.749,1.474,1.211,1.092,1.286,1.084,0.779,0.726,0.644,0.663,0.437,1.485,0.919,1.95,0.909,0.326,1.069,1.314,1.217,1.073,0.759,1.316,0.768,1.051,0.902,1.566,0.921,-0.069,1.716,1.508,0.528,0.216,1.126,0.657,1.813,0.646,1.502,1.287,1.434
S280,11,15,15.5,9.5263,9.5263,GM,2.119,1.071,2.575,0.258,0.485,2.587,-0.401,1.616,0.914,0.83,0.845,-0.036,1.631,1.232,1.189,0.952,0.54,1.582,1.225,1.237,1.294,1.087,-0.029,1.06,1.849,1.571,1.551,1.17,1.651,1.739,1.392,0.268,1.431,1.178,0.432,1.287,1.262,0.974,1.803,0.886,1.308,0.548,1.215,0.908,2.193,0.432,1.049,0.939,0.738,1.118
S281,11,16,16.5,9.5263,9.5263,GM,1.588,1.824,2.177,-0.158,0.724,1.94,0.073,1.702,1.217,1.139,1.264,0.755,1.36,1.201,0.965,0.724,0.342,0.921,0.77,0.636,1.06,1.518,0.387,0.661,1.387,1.282,1.291,1.111,1.25,1.248,1.837,1.24,0.521,0.492,1.123,0.753,1.12,1.233,1.456,0.209,1.044,0.673,0.838,1.459,1.5,1.408,2.247,0.818,1.383,1.036
S282,11,17,17.5,9.5263,9.5263,GM,2.069,2.3,2.829,-0.3,2.051,2.071,0.64,1.233,0.452,0.656,0.199,1.454,1.404,0.516,0.266,0.719,0.837,1.585,0.519,0.995,1.261,1.472,-0.047,0.275,0.231,1.696,0.836,1.699,1.613,1.359,1.219,1.406,1.754,1.2,0.693,1.013,0.714,1.517,0.197,1.271,0.379,0.786,0.965,1.428,1.659,0.896,0.66,0.226,0.523,0.845
S283,11,18,18.5,9.5263,9.5263,GM,2.266,1.25,2.333,0.066,2.313,1.317,1.454,0.318,0.562,0.58,0.529,2.254,0.852,1.063,-0.44,-0.157,0.053,1.611,0.986,1.688,2.179,0.946,0.998,0.996,1.105,1.4,0.28,0.696,1.304,1.721,1.278,1.554,0.73,1.173,0.654,0.773,1.876,2.111,0.596,0.725,0.651,1.09,1.143,0.744,1.414,0.649,1.001,1.095,1.018,-0.236
S284,11,19,19.5,9.5263,9.5263,GM,2.29,1.162,2.463,0.856,1.391,1.692,0.384,1.02,0.243,1.247,0.388,0.631,1.026,0.852,1.257,0.481,1.238,0.556,0.861,1.347,0.826,0.52,1.316,0.756,1.383,1.578,1.027,-0.012,0.68,1.026,1.437,0.652,1.767,1.66,0.704,1.536,0.512,1.669,1.163,1.304,1.422,1.591,0.73,1.039,1.194,0.478,0.541,1.664,0.968,1.687
S285,11,20,20.5,9.5263,9.5263,GM,1.681,1.565,1.441,1.634,1.626,2.247,1.966,-0.286,-0.526,1.869,1.335,1.341,0.814,0.978,1.182,1.002,1.046,0.351,1.143,1.289,0.63,1.378,1.97,1.175,1.055,0.288,0.52,0.199,0.986,-0.342,1.059,1.49,0.441,1.116,0.996,1.846,1.89,1.801,0.027,0.162,1.49,0.685,0.71,1.314,1.788,0.552,0.578,-0.781,1.975,0.636
S286,11,21,21.5,9.5263,9.5263,GM,2.152,1.8,2.661,1.328,0.832,0.685,1.449,1.096,-0.319,1.649,1.369,0.838,1.295,1.26,0.443,0.281,1.101,0.454,0.425,1.034,0.22,1.47,1.883,0.546,1.575,1.388,0.965,1.156,-0.329,-0.024,1.687,0.305,0.889,1.163,0.837,0.22,1.439,0.508,2.142,1.829,0.519,0.751,1.171,0.685,0.813,1.075,1.881,1.751,1.714,0.196
S287,11,22,22.5,9.5263,9.5263,GM,1.767,1.109,3.067,0.454,1.101,1.062,0.535,0.18,0.114,2.245,1.028,1.331,-0.073,1.557,0.855,0.178,1.16,0.949,0.762,0.725,1.432,1.996,1.232,-0.24,1.55,0.455,0.569,1.272,1.056,1.157,0.67,1.714,1.747,1.309,0.596,0.566,0.34,0.596,0.953,1.558,0.125,0.432,0.161,0.888,0.342,0.74,0.834,1.773,1.665,0.635
S288,11,23,23.5,9.5263,9.5263,GM,0.927,0.892,1.814,1.594,2.292,0.608,0.347,0.885,0.039,1.244,1.329,0.957,0.597,1.475,1.281,0.523,1.333,1.691,1.251,0.776,1.113,1.302,1.514,0.63,1.177,1.049,1.856,-0.042,0.017,1.012,1.689,1.32,1.29,-0.752,1.183,0.741,0.731,0.705,1.331,-0.368,0.973,0.082,-0.027,1.154,0.861,0.612,0.676,0.836,1.349,0.719
S289,12,0,0,10.3923,10.3923,GM,1.995,0.846,0.709,1.919,0.441,3.074,2.692,1.779,0.99,1.291,1.189,1.929,0.745,0.931,0.914,-0.182,1.28,0.754,0.523,1.059,1.029,0.822,1.192,1.656,1.361,1.081,0.745,1.741,1.315,0.319,0.368,0.548,0.452,0.643,1.475,0.576,0.497,0.468,2.112,1.352,0.976,1.975,1.463,0.883,1.602,1.177,0.788,1.211,0.742,0.734
S290,12,1,1,10.3923,10.3923,GM,1.62,0.497,0.774,1.22,1.135,2.659,0.735,1.645,1.787,0.177,0.735,0.827,1.146,1.224,1.086,0.392,0.154,1.112,0.574,0.757,0.589,0.989,0.801,1.249,1.191,1.507,1.563,0.846,2.027,0.735,2.078,0.653,1.15,1.184,0.327,0.786,1.444,1.268,1.053,1.46,1.665,0.236,0.378,0.108,0.142,1.012,2.098,0.055,1.38,0.551
S291,12,2,2,10.3923,10.3923,GM,0.592,1.541,0.69,0.741,0.811,1.527,1.455,1.892,0.928,0.077,1.058,1.037,1.28,1.291,0.801,1.926,1.268,0.905,1.564,0.441,2.089,1.071,0.655,0.873,0.411,0.567,1.488,1.542,1.631,0.868,0.617,0.401,1.66,2.222,1.256,1.405,1.596,1.021,1.264,1.108,0.538,0.873,0.38,0.739,0.078,0.046,1.304,0.615,1.458,0.873
S292,12,3,3,10.3923,10.3923,GM,1.468,0.473,0.233,0.828,1.395,1.457,1.186,1.843,1.378,0.102,0.687,1.312,0.71,0.849,0.922,0.701,0.656,1.252,1.455,0.65,1.043,2.098,1.113,2.008,1.312,0.785,-0.102,1.147,1.156,0.238,0.875,0.971,1.302,0.634,0.466,1.301,1.233,0.764,0.976,0.935,1.244,1.462,0.034,0.823,1.326,1.152,0.547,0.745,0.641,0.505
S293,12,4,4,10.3923,10.3923,GM,2.279,1.102,1.573,1.499,1.371,2.267,0.949,1.633,0.828,1.029,0.456,1.198,1.138,0.144,0.295,1.351,1.15,0.021,0.844,1.89,0.384,1.608,1.971,1.092,0.327,1.451,1.407,2.332,0.636,0.954,0.918,0.565,1.719,1.444,1.515,0.719,1.471,0.999,1.152,1.447,1.27,0.903,1.223,0.982,0.695,1.016,0.628,0.712,1.441,0.318
S294,12,5,5,10.3923,10.3923,GM,2.481,0.445,0.812,1.754,1.379,2.822,0.422,1.527,1.948,0.777,0.569,1.428,1.356,0.236,0.777,0.859,2.194,1.242,1.261,1.185,0.48,-0.068,0.55,1.498,0.657,1.858,1.482,1.078,0.63,1.868,1.265,1.443,0.688,1.185,1.322,0.93,0.638,2.211,0.782,0.808,0.81,-0.247,0.236,0.502,0.88,0.835,1.2,0.69,0.917,1.488
S295,12,6,6,10.3923,10.3923,GM,2.328,0.143,1.182,1.559,1.663,1.953,0.821,0.937,0.937,0.771,1.313,0.303,0.948,-0.466,0.535,0.122,0.889,1.328,0.907,1.49,0.702,1.129,0.443,0.245,1.144,1.804,1.275,2.047,0.574,0.636,0.976,0.472,0.891,0.722,2.123,0.137,1.282,0.786,0.374,0.32,0.953,0.619,2.263,1.247,0.583,1.287,0.975,0.779,1.284,1.932
S296,12,7,7,10.3923,10.3923,GM,1.904,1.335,1.822,-0.076,1.825,1.94,1.13,1.044,2.018,1.244,1.485,0.827,1.166,1.232,0.957,1.281,0.678,-0.04,1.11,0.984,0.962,0.689,0.63,1.639,0.586,0.143,1.406,1.248,0.446,0.837,2.146,0.53,0.396,1.003,0.938,1.316,0.379,0.446,0.565,-0.149,1.977,0.216,0.737,0.934,1.916,0.311,0.89,1.058,0.281,0.423
S297,12,8,8,10.3923,10.3923,GM,3.042,0.613,2.307,0.354,2.076,1.77,1.236,1.79,0.964,0.614,1.671,0.465,0.743,1.176,1.429,0.299,1.236,1.026,1.713,1.067,1.089,0.476,1.015,0.87,0.652,1.204,1.467,0.959,1.436,0.98,0.961,1.685,0.555,1.164,1.065,1.106,0,0.941,1.062,-0.088,0.928,0.862,0.9,0.091,-0.406,1.623,0.885,1.121,1.173,0.254
S298,12,9,9,10.3923,10.3923,GM,3.09,0.855,2.104,1.291,2.301,1.388,0.594,1.516,1.168,0.519,0.901,1.154,0.633,1.379,1.077,1.471,1.912,1.135,0.495,1.223,0.586,-0.149,0.605,0.303,0.518,1.957,1.194,0.471,1.379,0.134,0.528,1.297,1.784,0.982,0.575,0.781,1.644,1.239,-0.218,1.023,-0.23,1.072,1.238,0.523,0.564,1.261,0.563,0.684,0.923,0.521
S299,12,10,10,10.3923,10.3923,GM,2.843,1.885,1.714,1.024,1.706,2.267,0.77,0.7,1.553,0.86,1.126,0.95,0.577,1.414,0.596,0.854,0.362,1.659,0.867,0.755,1.028,0.452,0.638,1.331,1.527,1.139,1.052,0.503,0.487,1.626,0.92,0.995,1.862,0.638,0.938,1.835,0.376,0.222,0.715,0.794,1.487,1.389,0.647,1.625,0.841,0.58,0.775,0.845,1.399,0.664
S300,12,11,11,10.3923,10.3923,GM,2.351,0.981,1.061,0.194,2.376,1.725,-0.145,1.054,0.953,1.323,0.971,1.787,0.776,0.507,0.488,0.613,0.923,0.472,0.731,1.707,1.128,0.859,0.973,1.022,0.917,0.808,0.641,1.089,0.98,0.576,1.81,1.503,0.858,1.293,1.431,1.169,0.269,0.679,-0.085,0.718,0.885,0.679,0.948,0.642,1.79,0.957,0.186,1,1.382,0.671
S301,12,12,12,10.3923,10.3923,GM,2.527,-0.24,2.312,0.169,1.429,1.658,-0.066,2.001,1.925,1.192,1.148,1,0.771,1.225,1.359,1.327,1.293,0.68,1.212,0.978,1.659,1.428,0.72,1.652,1.621,0.718,1.07,1.262,0.975,1.768,0.974,1.061,0.036,0.93,0.559,0.458,0.761,1.526,0.892,0.876,1.901,1.543,0.462,1.464,0.63,0.805,0.711,1.594,0.604,1.027
S302,12,13,13,10.3923,10.3923,GM,2.778,0.705,1.662,0.91,1.843,2.021,1.285,1.202,1.938,0.927,0.903,1.098,0.715,0.641,1.013,0.894,1.166,1.447,0.872,-0.114,-0.113,0.717,0.865,1.254,0.337,1.26,1.502,1.065,1.497,1.184,1.018,0.658,0.356,0.756,1.344,1.058,0.682,0.873,0.062,1.86,1,0.994,0.879,1.157,1.132,0.558,0.594,-0.581,0.872,0.893
S303,12,14,14,10.3923,10.3923,GM,2.74,1.113,1.147,-0.164,1.137,1.475,1.097,1.823,0.379,0.521,0.034,-0.017,0.783,1.282,0.87,1.409,1.215,-0.302,0.933,1.126,0.999,0.949,0.828,1.144,0.94,0.729,1.346,-0.414,0.136,1.501,1.252,0.21,0.801,2.076,1.647,0.235,0.662,1.196,1.449,1.526,1.9,1.261,1.11,0.463,1.029,1.01,1.398,0.322,0.042,1.303
S304,12,15,15,10.3923,10.3923,GM,1.706,1.669,1.864,0.631,1.884,1.927,2.193,1.215,1.059,1.671,1.672,0.684,0.563,1.259,1.662,0.891,0.465,1.085,0.845,1.394,0.69,0.452,0.738,2,1.415,-0.052,0.752,1.319,0.352,1.663,0.417,0.632,1.192,1.252,0.795,0.966,0.998,0.948,0.697,0.424,0.333,1.119,1.172,0.065,1.049,0.957,0.549,1.131,0.482,0.282
S305,12,16,16,10.3923,10.3923,GM,1.498,1.588,1.193,0.888,2.087,2.334,1.656,0.725,1.053,0.72,1.304,1.822,0.95,1.036,0.655,1.194,1.185,1.14,0.841,1.058,1.074,0.838,1.585,0.872,0.279,0.966,0.58,0.742,1.387,0.533,0.811,0.664,0.818,0.498,0.635,1.32,1.066,2.078,0.901,1.127,2.118,0.2,0.985,1.431,0.814,1.034,0.794,1.452,1.314,1.489
S306,12,17,17,10.3923,10.3923,GM,1.545,1.436,1.751,1.062,1.316,1.509,1.289,1.58,0.862,-0.146,0.49,0.931,0.959,0.791,0.932,1.38,0.948,1.185,1.463,1.371,0.294,1.532,0.44,0.426,1.74,0.996,1.9,2.074,0.255,1.859,1.292,1.055,1.139,2.535,2.069,0.173,1.383,0.418,0.987,1.222,0.759,1.793,-0.258,0.567,2.034,-0.114,0.114,0.599,1.213,0.728
S307,12,18,18,10.3923,10.3923,GM,1.874,0.527,1.799,-0.373,0.304,2.101,1.464,1.129,0.948,0.936,1.839,1.363,1.346,2.133,1.397,1.466,0.653,2.117,0.43,-0.495,0.62,1.579,0.772,1.2,1.354,0.423,0.92,1.023,1.134,0.965,1.514,0.872,0.366,0.548,2.292,0.358,1.87,0.655,1.64,0.129,0.728,0.22,0.541,1.04,2.222,0.843,0.101,1.797,1.556,2.051
S308,12,19,19,10.3923,10.3923,GM,1.495,0.425,2.156,0.71,2.038,1.75,1.82,0.862,0.533,1.328,0.478,1.022,1.188,1.24,1.238,1.082,1.338,1.57,1.836,1.195,1.579,0.444,0.613,1.562,-0.039,0.693,1.092,1.679,0.637,1.186,0.325,0.54,1.288,0.241,0.733,0.819,0.714,0.967,1.085,1.323,1.13,0.172,2.413,0.042,0.5,0.6,0.808,1.822,1.134,0.344
S309,12,20,20,10.3923,10.3923,GM,1.702,1.011,1.905,-0.265,1.463,2.378,1.108,1.251,1.025,1.267,1.706,0.079,0.801,1.181,1.979,1.191,1.31,-0.02,0.196,1.143,1.021,0.585,2.099,1.425,0.569,0.754,0.589,0.117,0.461,1.821,1.663,1.727,0.584,1.051,0.118,1.1,1.114,0.489,0.757,1.276,1.508,1.024,0.654,0.542,2.237,0.827,1.099,1.241,0.792,1.076
S310,12,21,21,10.3923,10.3923,GM,2.015,0.854,2.442,1.254,1.577,0.975,1.05,0.111,0.064,1.376,0.71,0.386,1.681,0.252,1.696,1.506,0.783,0.785,1.06,0.193,1.623,1.589,2.011,1.218,1.285,0.709,0.831,1.11,1.351,1.849,0.753,0.655,0.425,1.131,1.507,0.582,0.229,1.412,1.628,1.002,0.677,0.58,1.007,0.864,1.266,0.369,0.406,1.378,1.392,0.481
S311,12,22,22,10.3923,10.3923,GM,2.443,1.217,2.484,1.716,1.338,1.098,1.218,1.15,0.337,1.058,0.986,1.209,1.943,1.496,1.356,1.621,1.352,1.714,0.164,1.341,0.291,0.653,1.087,0.162,0.842,1.199,0.803,1.55,1.44,0.527,1.047,0.813,1.118,1.098,0.982,0.455,1.383,1.869,1.417,0.582,1.478,1.257,0.808,1.064,1.288,1.08,1.075,2.098,1.159,1.593
S312,12,23,23,10.3923,10.3923,GM,2.652,0.956,3.418,2.313,1.444,0.439,1.229,1.298,0.296,1.075,0.748,0.308,1.022,0.768,2.034,1.849,1.384,0.867,0.972,0.175,0.05,0.339,1.046,0.691,0.182,1.272,1.498,1.677,1.294,1.21,0.902,1.187,0.505,1.748,1.039,0.316,0.893,0.885,1.613,1.005,-0.108,0.588,1.111,1.294,0.908,1.608,-0.061,0.771,0.31,0.768
S313,13,0,0.5,11.2583,11.2583,GM,2.277,1.14,0.865,1.509,0.949,1.841,1.008,0.907,1.925,0.742,0.73,0.684,1.268,1.121,1.215,1.114,2.233,0.6,1.309,1.108,1.171,2.077,0.174,1.126,0.525,1.023,1.053,0.693,0.945,0.6,0.974,0.735,0.569,0.911,0.74,-0.008,0.63,1.696,0.214,1.034,1.7,0.837,1.061,1.223,1.459,1.163,0.688,1.175,0.547,0.632
S314,13,1,1.5,11.2583,11.2583,GM,2.137,1.061,1.633,1.093,0.223,1.239,0.439,1.823,1.252,0.728,1.994,1.168,0.482,0.896,0.696,0.909,1.745,0.78,0.246,2.304,1.042,2.048,1.081,0.609,1.454,0.606,0.605,1.497,0.4,0.919,0.484,0.632,0.855,1.428,1.142,1.286,1.624,0.723,1.288,1.18,1.488,1.632,0.212,0.812,0.815,0.639,1.808,1.343,1.174,0.949
S315,13,2,2.5,11.2583,11.2583,GM,2.131,0.525,1.577,0.9,1.629,0.919,-0.076,1.796,1.333,0.933,0.091,0.466,0.893,1.209,0.814,1.375,0.891,0.373,0.839,1.324,0.885,1.234,0.309,-0.192,0.906,1.674,0.468,0.99,1.341,1.186,0.578,1.005,1.488,0.955,0.033,0.895,1.345,0.653,1.601,0.366,0.492,1.719,0.44,1.315,1.405,0.947,0.922,1.506,1.086,-0.07
S316,13,3,3.5,11.2583,11.2583,GM,1.904,0.667,1.151,0.742,1.594,0.326,-0.408,1.801,0.823,0.613,0.758,1.102,1.408,1.737,1.704,1.527,0.588,0.961,1.458,0.965,0.435,1.537,1.973,0.552,1.353,1.408,0.685,0.172,0.647,0.495,0.262,0.679,0.211,0.656,0.559,0.81,1.401,1.187,1.071,0.092,0.977,1.445,0.916,0.819,0.21,1.988,1.845,1.223,1.22,1.38
S317,13,4,4.5,11.2583,11.2583,GM,2.354,0.751,0.909,0.504,1.582,0.711,0.823,1.709,0.573,0.025,0.76,1.15,0.815,0.934,0.466,0.538,0.546,1.101,1.196,0.724,0.617,0.724,0.165,1.257,1.319,0.767,1.11,1.49,1.122,1.166,1.53,0.588,1.163,1.384,0.831,0.721,0.331,1.033,0.743,0.795,1.655,1.008,1.244,1.23,0.686,1.517,0.43,0.561,0.543,0.543
S318,13,5,5.5,11.2583,11.2583,GM,2.796,0.609,1.601,1.762,1.457,0.793,-0.232,1.245,1.012,0.375,1.328,0.961,0.137,1.021,1.427,0.663,1.026,0.477,0.93,0.302,1.226,0.713,0.759,1.724,0.949,1.182,0.319,0.776,1.485,1.915,1.461,1.715,0.201,1.047,1.043,0.739,1.136,2.506,0.678,1.288,1.423,0.507,1.457,1.382,1.118,0.911,0.504,1.428,0.134,0.76
S319,13,6,6.5,11.2583,11.2583,GM,1.125,0.728,1.506,1.171,1.775,1.123,0.652,0.786,1.743,1.542,0.783,1.33,1.828,0.801,0.925,-0.464,1.943,0.724,0.767,1.101,0.989,1.069,1.294,1.426,0.829,1.59,0.736,0.928,0.826,1.267,0.83,1.037,0.709,0.776,1.435,1.074,1.088,0.992,0.613,0.905,0.908,1.375,1.846,0.623,0.764,0.907,1.236,0.262,0.955,0.167
S320,13,7,7.5,11.2583,11.2583,GM,2.699,0.657,1.269,1.361,1.549,1.617,-0.35,0.405,0.749,-0.266,0.743,1.078,1.006,0.622,0.862,0.466,1.015,1.171,0.611,0.907,0.31,0.957,0.62,0.959,1.01,0.565,0.652,1.958,1.276,1.718,1.416,1.19,0.926,1.52,1.366,1.237,0.473,0.864,0.711,0.923,0.555,0.89,-0.262,1.057,1.207,1.266,1.11,0.849,0.765,1.234
S321,13,8,8.5,11.2583,11.2583,GM,2.902,1.467,2.93,1.593,1.26,1.575,0.126,1.617,1.798,0.359,1.066,0.611,0.913,0.626,1.225,1.897,0.822,0.541,1.209,1.533,1.108,0.698,1.374,1.763,0.922,1.339,0.865,1.126,0.76,1.045,0.53,0.413,1.352,0.388,1.886,0.973,0.798,0.6,0.47,1.009,1.807,1.335,0.605,0.5,1.088,1.573,1.861,1.24,1.158,1.781
S322,13,9,9.5,11.2583,11.2583,GM,2.757,0.799,1.367,-0.05,1.764,2.523,1.05,0.844,2.322,1.083,1.244,0.376,1.446,2.066,1.296,1.283,1.002,1.031,1.172,0.934,1.376,0.665,0.356,0.373,1.406,1.365,0.859,1.575,1.672,0.915,1.301,0.671,0.833,0.66,1.105,0.58,1.034,0.351,1.368,1.304,1.515,0.908,1.03,0.57,1.446,1.35,1.349,0.917,1.682,0.998
S323,13,10,10.5,11.2583,11.2583,GM,2.48,0.877,1.885,0.198,2.516,1.217,0.379,0.571,1.303,1.465,0.611,0.723,0.602,1.483,1.532,1.52,1.097,1.297,1.041,0.874,0.939,0.126,1.185,0.62,0.552,1.853,1.684,1.127,0.577,0.994,1.887,1.293,0.005,1.324,0.94,1.073,1.141,-0.024,0.704,1.109,0.437,0.722,0.712,0.472,1.305,1.459,1.179,0.49,0.439,1.774
S324,13,11,11.5,11.2583,11.2583,GM,2.987,1.462,2.64,-0.175,1.808,1.295,0.724,1.494,1.149,1.323,-0.058,1.343,0.161,0.762,1.125,1.027,0.799,0.437,1.509,1.375,1.518,1.67,1.058,1.151,0.586,0.667,0.9,0.517,0.497,1.572,0.924,1.18,0.173,0.552,0.448,1.521,0.612,0.991,1.014,-0.02,1.673,1.679,1.067,0.855,1.305,0.704,0.909,0.869,0.71,0.53
S325,13,12,12.5,11.2583,11.2583,GM,2.589,0.637,2.77,0.361,2.494,1.73,0.747,-0.318,1.006,0.819,1.244,0.029,0.696,0.973,0.356,0.953,1.372,0.496,1.339,1.008,0.332,0.888,1.119,1.652,1.533,-0.002,0.971,0.547,0.709,0.924,0.919,1.33,1.723,1.067,0.604,1.704,1.046,0.591,0.955,0.326,1.336,1.253,1.001,0.93,0.918,0.178,1.456,1.601,2.034,1.313
S326,13,13,13.5,11.2583,11.2583,GM,2.049,0.844,2.042,0.612,1.539,2.404,1.305,1.341,1.316,1.102,1.282,1.006,1.83,0.491,1.993,1.448,0.693,2.371,0.538,0.809,0.949,1.11,0.167,0.685,0.386,1.211,0.962,0.876,0.866,0.796,0.284,1.827,0.289,1.545,0.867,0.009,0.688,0.848,1.214,1.839,1.506,0.162,1.229,1.421,0.942,1.121,1.28,0.097,1.069,0.61
S327,13,14,14.5,11.2583,11.2583,GM,2.254,1.736,1.903,0.115,1.175,0.944,1.183,1.42,0.986,0.702,0.957,0.268,1.295,1.83,1.207,0.741,1.464,1.149,0.661,0.664,2.004,0.395,0.372,0.512,0.213,1.128,1.619,0.695,1.516,0.964,-0.003,1.222,0.812,0.959,1.158,1.498,0.469,0.41,0.772,0.201,0.845,1.099,1.677,0.778,2.145,1.733,0.416,1.419,0.593,1.243
S328,13,15,15.5,11.2583,11.2583,GM,1.562,1.092,1.984,0.184,1.383,1.337,1.895,1.28,1.559,1.086,0.921,1.197,-0.018,1.527,1.356,1.451,0.948,0.394,1.171,0.787,0.265,1.326,-0.011,1.333,1.292,0.813,1.256,1.066,1.687,1.12,1.192,1.807,1.614,1.26,0.366,1.66,0.453,1.598,1.482,0.635,1.905,1.404,0.639,1.426,0.183,0.314,1.304,0.864,1.639,1.385
S329,13,16,16.5,11.2583,11.2583,GM,1.204,1.12,1.835,-0.357,2.068,2.071,1.294,1.68,-0.062,0.23,1.245,1.56,1.731,1.496,1.345,1.091,1.498,0.383,0.75,1.501,1.258,1.268,0.425,1.226,1.065,0.893,1.044,0.522,1.48,0.791,1.156,1.433,1.749,0.739,1.356,1.732,1.188,0.358,0.947,1.397,0.952,1.253,1.307,0.626,0.819,0.831,0.702,0.377,0.83,1.521
S330,13,17,17.5,11.2583,11.2583,GM,1.41,1.037,1.857,-0.498,1.817,0.957,1.359,1.745,0.411,-0.308,0.999,0.823,0.492,0.825,0.718,1.096,1.22,0.321,1.072,1.203,1.319,0.482,1.206,1.045,0.358,1.145,0.283,0.722,1.111,1.025,2.234,0.94,0.66,1.527,0.498,0.576,0.173,0.859,1.382,0.199,0.8,1.864,1.676,0.975,1.71,1.264,1.842,1.895,0.668,0.966
S331,13,18,18.5,11.2583,11.2583,GM,1.47,1.226,3.058,0.417,1.457,1.645,1.613,1.038,0.424,0.591,1.222,1.225,0.372,1.317,0.566,1.433,0.854,1.337,0.953,0.47,1.58,0.741,0.63,-0.369,1.127,0.853,0.887,1.613,1.21,0.67,1.209,1.288,0.833,-0.251,1.264,1.202,1.002,1.715,0.795,1.261,1.09,0.927,0.66,0.718,1.288,0.727,0.85,0.605,0.813,0.333
S332,13,19,19.5,11.2583,11.2583,GM,2.397,0.558,2.416,0.31,1.213,1.167,1.289,0.822,0.468,1.11,0.631,0.171,1.352,0.852,1.782,0.221,1.049,0.655,0.975,0.646,1.284,1.546,1.408,0.716,1.346,1.179,1.509,1.502,2.058,1.34,1.366,1.562,1.067,0.924,0.563,0.914,1.225,1.926,0.826,1.07,0.968,0.605,0.268,0.838,0.848,1.48,0.701,1.495,1.213,1.675
S333,13,20,20.5,11.2583,11.2583,GM,2.784,0.918,1.718,0.531,1.36,0.679,0.741,1.477,1.455,0.978,1.449,1.362,0.128,0.906,1.541,0.921,0.97,1.62,1.051,1.075,1.43,0.774,1.254,1.262,1.151,0.5,0.748,2.4,0.475,0.632,0.943,-0.065,1.162,0.596,1.513,0.378,0.347,0.772,1.22,0.574,1.103,0.501,0.861,0.506,1.132,0.553,1.431,0.354,1.385,1.775
S334,13,21,21.5,11.2583,11.2583,GM,3.351,0.621,2.599,0.714,0.747,0.685,0.459,0.503,0.631,1.006,0.861,1.113,1.907,0.815,1.142,2.082,0.575,1.103,0.703,0.693,1.325,0.805,0.696,1.482,0.837,0.635,1.517,1.07,1.668,0.701,0.027,0.745,0.333,0.228,1.163,1.795,0.529,0.141,1.008,0.552,1.685,0.594,0.867,1.648,1.472,1.606,1.487,1.46,0.848,1.4
S335,13,22,22.5,11.2583,11.2583,GM,2.241,1.061,1.585,1.498,2.062,-0.185,1.457,0.097,0.749,1.492,0.866,1.747,1.186,1.355,1.307,1.472,0.336,1.93,1.635,1.771,1.71,1.204,0.387,0.974,0.843,1.577,1.84,1.219,1.071,0.46,1.025,0.677,0.633,1.06,0.519,1.739,1.023,0.737,1.83,0.991,0.468,0.56,0.602,0.789,1.407,1.231,1.107,2.03,1.342,0.867
S336,13,23,23.5,11.2583,11.2583,GM,1.637,0.647,1.933,1.566,1.317,0.573,0.823,0.416,1.139,0.399,0.57,0.124,0.828,1.228,1.378,1.574,1.284,1.819,1.366,1.26,0.812,0.908,0.677,1.434,1.092,0.478,1.13,1.101,0.947,1.774,0.82,0.091,1.254,0.669,1.054,1.243,1.427,1.013,0.768,0.369,0.18,1.008,0.66,0.878,-0.016,1.793,1.267,1.265,0.659,0.035
S337,14,0,0,12.1244,12.1244,GM,2.96,0.045,-0.221,0.794,2.009,2.648,0.797,1.487,2.013,0.623,0.595,0.976,0.261,1.488,0.752,0.82,1.336,0.663,1.714,1.265,1.929,0.762,1.087,0.408,0.007,1.169,1.437,0.867,0.243,2.147,0.542,0.924,1.215,0.948,0.677,0.716,1.587,2.056,0.599,1.182,1.485,0.864,0.118,1.136,1.106,1.378,0.502,0.54,1.186,1.283
S338,14,1,1,12.1244,12.1244,GM,3.107,0.257,0.733,0.678,1.194,1.296,-0.386,2.115,2.039,0.574,0.655,1.015,1.704,0.725,1.811,2.111,0.485,0.791,1.586,1.379,1.084,1.05,0.799,1.04,0.05,1.157,0.015,1.331,0.87,0.765,0.529,0.586,0.663,1.753,0.61,1.288,0.921,1.522,1.629,0.602,0.933,1.189,1.036,0.984,0.928,1.117,0.896,0.944,0.904,1.002
S339,14,2,2,12.1244,12.1244,GM,3.271,0.372,0.593,1.07,1.392,0.841,0.422,1.388,0.808,-0.057,0.864,0.64,0.814,0.997,0.953,1.094,0.674,1.032,0.861,1.112,2.05,0.701,1.315,1.064,1.022,0.851,0.895,0.234,0.519,0.061,0.938,1.512,-0.076,0.473,1.241,1.103,0.654,1.036,1.397,1.407,1.637,1.567,0.596,1.372,0.385,0.905,0.665,1.197,2.058,0.619
S340,14,3,3,12.1244,12.1244,GM,3.251,0.558,1.15,1.098,1.753,2.295,0.44,1.769,1.76,0.642,1.395,0.466,1.309,0.897,1.469,1.644,0.04,1.402,0.91,1.02,0.282,0.547,-0.195,1.384,0.31,1.335,1.082,0.948,1.129,1.127,0.436,1.561,0.286,0.907,1.379,1.125,0.691,1.417,1.021,0.975,1.506,0.529,0.604,1.114,1.094,0.971,1.228,1.696,0.824,1.36
S341,14,4,4,12.1244,12.1244,GM,2.218,0.082,1.088,1.336,1.071,1.996,1.133,0.759,0.276,0.24,1.023,1.202,0.755,0.48,1.411,1.618,0.996,1.267,1.881,1.857,1.174,0.103,0.512,1.196,1.285,1.974,-0.646,1.626,1.52,0.586,1.108,0.914,1.154,1.429,1.024,1.803,1.869,0.713,1.746,1.274,1.028,0.626,1.104,0.429,0.854,1.43,0.816,1.452,1.562,0.449
S342,14,5,5,12.1244,12.1244,GM,2.888,0.725,1.797,0.418,1.159,0.874,1.011,1.436,0.359,0.408,1.307,0.735,0.571,1.382,0.906,-0.227,-0.015,0.801,0.782,0.893,1.436,0.904,0.303,0.516,0.785,1.289,0.847,0.846,0.504,1.393,1.172,1.121,0.805,1.131,1.533,1.132,1.307,0.287,1.423,1.037,0.739,0.763,0.739,1.03,0.863,0.215,0.761,1.803,0.385,1.178
S343,14,6,6,12.1244,12.1244,GM,1.781,0.107,0.992,1.953,1.666,2.367,0.621,0.73,0.575,1.025,1.253,0.329,0.88,1.378,1.787,1.734,2.049,1.744,1.153,1.514,1.23,0.25,0.968,2.048,1.061,0.782,1.24,0.737,1.081,-0.396,1.024,1.23,1.146,-0.13,1.6,0.71,1.743,0.428,0.209,0.578,1.048,1.127,1.864,1.052,0.737,0.607,1.221,0.971,1.682,1.984
S344,14,7,7,12.1244,12.1244,GM,1.987,0.459,2.188,0.591,1.386,2.04,-0.094,0.693,-0.03,1.428,0.819,0.911,0.718,0.729,0.49,1.099,0.323,1.286,0.273,0.656,0.668,0.157,1.125,0.188,1.408,0.658,1.138,0.697,0.917,0.39,1.603,0.482,1.826,1.206,0.028,0.424,1.592,0.599,0.811,2.053,0.824,0.45,0.529,0.52,1.131,0.614,0.752,1.555,1.035,0.829
S345,14,8,8,12.1244,12.1244,GM,2.358,0.182,1.72,0.449,1.971,1.62,0.201,0.718,0.715,0.201,1.12,1.334,0.733,1.387,0.288,1.757,1.127,1.153,0.67,0.778,1.014,0.948,1.267,0.796,1.065,0.682,0.033,0.472,0.733,1.397,0.728,0.98,0.588,0.786,0.973,0.914,0.312,1.258,0.45,0.555,0.563,1.756,1.141,-0.061,0.84,1.415,1.507,0.953,1.023,1.433
S346,14,9,9,12.1244,12.1244,GM,3.134,0.689,1.254,0.742,1.559,1.523,0.647,1.367,1.485,0.16,1.956,0.663,0.246,0.954,0.916,2.42,0.594,0.859,0.413,0.177,1.425,0.259,1.535,1.369,1.174,2.161,0.968,0.774,2.045,0.101,0.876,1.055,1.144,1.165,1.767,0.541,1.597,1.304,1.285,0.491,0.267,2.113,1.334,2.06,0.734,1.248,0.811,0.997,0.643,0.294
S347,14,10,10,12.1244,12.1244,GM,2.875,0.415,1.654,0.348,1.169,0.804,0.648,1.113,1.247,1.126,0.519,1.142,0.727,0.95,0.122,0.552,0.91,1.026,2.464,0.408,1.451,1.489,0.625,1.1,1.233,1.846,1.987,0.495,0.937,1.988,0.757,0.926,1.686,0.851,0.527,0.968,1.513,1.165,1.008,0.915,1.693,1.103,0.494,0.76,1.16,1.462,2.169,1.779,0.598,1.042
S348,14,11,11,12.1244,12.1244,GM,2.71,0.465,1.429,0.595,1.508,1.243,1.095,0.03,0.863,2.119,1.212,1.335,0.61,0.545,1.223,0.722,0.704,1.45,1.47,1.071,1.242,1.528,1.216,0.893,1.069,0.348,0.794,1.51,0.927,0.898,1.439,0.863,1.184,0.807,1.856,1.415,0.403,1.343,1.386,0.667,1.27,1.522,0.479,1.483,0.831,0.999,0.728,1.771,1.056,1.972
S349,14,12,12,12.1244,12.1244,GM,3.094,0.64,2.316,0.479,2.516,1.782,0.782,0.886,0.323,1.564,0.246,1.101,0.463,-0.005,0.944,1.222,1.03,1.66,0.627,0.346,1.225,1.203,1.589,1.156,0.868,1.423,1.239,0.283,1.19,0.217,1.515,2.054,0.999,1.836,0.587,-0.205,0.223,1.483,1.228,1.262,0.994,1.221,0.436,0.608,1.318,0.415,1.306,1.25,0.679,1.28
S350,14,13,13,12.1244,12.1244,GM,2.417,0.868,2.452,0.309,2.768,1.558,0.702,0.695,-0.44,-0.277,0.952,1.33,0.588,1.035,0.391,0.754,1.016,0.958,1.599,1.549,0.983,1.019,0.584,0.832,1.202,0.841,1.239,1.261,1.05,0.647,0.802,1.5,2.434,0.461,0.674,1.439,0.63,0.457,0.493,0.441,1.312,0.727,1.566,0.938,0.243,0.389,1.051,1.732,-0.231,0.829
S351,14,14,14,12.1244,12.1244,GM,2.764,1.269,2.124,-0.295,2.087,0.724,1.327,1.363,0.559,0.029,0.707,0.338,1.13,1.512,0.442,1.23,1.707,0.517,1.316,0.879,0.986,0.768,1.209,0.199,1.148,1.621,0.793,0.547,1.458,0.892,0.614,1.589,0.225,1.268,1.067,1.436,0.499,0.57,1.537,1.174,2.15,0.617,1.177,1.084,1.673,1.812,-0.003,0.318,0.166,1.195
S352,14,15,15,12.1244,12.1244,GM,2.673,0.934,1.298,1.027,2.173,1.383,1.639,1.679,0.718,0.336,0.825,0.351,1.43,0.924,0.976,0.525,0.47,0.632,1.483,0.531,1.038,1.165,0.304,1.161,0.159,1.307,1.36,1.121,1.153,1.298,0.589,0.36,1.165,0.251,0.79,0.806,1.252,0.129,1.291,1.693,1.882,1.342,0.706,1.448,1.723,0.715,0.807,0.932,0.785,-0.29
S353,14,16,16,12.1244,12.1244,GM,1.851,1.291,0.905,-0.88,2.411,1.377,1.506,1.699,1.16,1.106,1.224,1.096,0.407,0.19,0.505,1.567,0.442,-0.172,0.125,2.15,0.422,-0.044,0.663,0.248,0.765,1.3,1.192,1.935,0.262,0.353,0.987,1.406,1.681,0.991,0.852,0.76,0.398,0.654,0.277,1.332,0.641,1.283,0.956,1.075,1.017,1.505,1.121,0.908,1.307,1.861
S354,14,17,17,12.1244,12.1244,GM,1.991,1.021,1.727,0.74,2.302,1.21,0.942,0.352,0.377,0.236,1.165,0.623,0.971,0.827,0.863,1.113,0.532,0.407,1.517,-0.172,0.693,0.63,0.496,0.202,0.446,0.636,1.209,1.093,1.364,1.02,0.9,0.934,1.489,0.948,0.387,0.55,1.514,0.584,0.091,1.031,1.454,1.072,0.708,0.884,0.723,0.009,0.99,1.644,1.633,1.446
S355,14,18,18,12.1244,12.1244,GM,1.412,1.563,2.201,0.534,0.785,0.898,0.898,1.438,1.228,1.054,0.855,1.5,1.077,0.745,0.194,-0.127,1.476,0.772,0.937,1.504,1.101,1.23,0.452,1.777,1.586,1.087,1.303,1.683,2.056,2.522,0.963,1.571,0.744,1.096,0.388,0.693,0.825,0.248,0.381,1.149,1.291,0.353,1.975,0.896,1.774,0.773,1.406,0.717,0.105,0.431
S356,14,19,19,12.1244,12.1244,GM,2.431,0.192,1.679,1.26,0.709,0.775,0.617,1.202,1.059,1.781,1.197,0.87,0.657,0.248,0.836,1.386,0.786,0.873,0.322,-0.068,0.4,0.639,1.877,0.49,0.561,0.671,0.262,1.346,0.98,0.716,1.184,0.203,0.485,0.753,1.13,0.691,0.429,0.456,-0.001,1.831,0.945,1.199,0.357,1.247,1.409,1.666,0.81,0.451,0.681,1.648
S357,14,20,20,12.1244,12.1244,GM,2.125,0.22,1.92,0.694,2.226,1.767,2.308,1.163,0.602,1.24,0.944,1.308,1.082,1.048,0.759,0.962,1.758,1.204,1.25,1.268,2.032,1.392,0.655,-0.194,1.299,0.782,1.072,1.229,0.775,0.647,1.014,1.472,1.26,1.357,1.304,1.963,0.844,1.541,1.071,1.524,1.332,1.008,1.621,0.676,0.645,1.535,0.581,1.272,0.546,0.422
S358,14,21,21,12.1244,12.1244,GM,2.27,-0.072,2.527,0.849,1.349,0.721,0.914,0.719,0.36,2.147,0.614,0.798,0.157,0.932,0.913,0.299,1.05,1.138,0.419,0.898,1.062,0.747,0.271,0.762,1.386,0.235,0.881,0.577,0.935,1.062,0.862,1.272,1.338,0.313,0.822,0.741,1.388,1.007,1.216,1.041,0.53,1.105,1.498,1.045,1.166,0.668,0.811,1.689,0.444,1.375
S359,14,22,22,12.1244,12.1244,GM,3.425,-0.203,1.563,0.188,1.251,0.032,1.403,1.267,1.324,1.87,0.376,0.956,1.989,0.265,1.776,0.855,1.199,0.534,1.233,1.058,0.525,0.762,1.053,1.342,1.745,0.565,0.48,0.398,0.472,1.366,0.772,0.962,-0.072,1.08,1.23,0.824,0.852,1.935,0.543,1.402,1.297,1.093,1.974,0.711,-0.333,0.675,1.173,0.145,0.561,1.533
S360,14,23,23,12.1244,12.1244,GM,2.057,0.623,1.683,0.889,1.526,-1.161,1.791,0.411,1.505,1.167,0.6,1.5,1.044,0.955,0.972,1.525,0.654,1.093,0.821,1.652,0.634,1.653,0.269,0.313,0.76,0.381,1.049,1.386,0.99,-0.026,1.94,0.274,0.336,0.828,0.925,1.874,1.207,0.621,0.831,0.981,1.048,0.659,1.914,0.476,0.383,1.027,1.26,0.952,1.396,1.263
S361,15,0,0.5,12.9904,12.9904,GM,2.87,0.35,0.678,0.292,1.305,1.769,0.01,1.618,1.595,0.952,0.355,0.027,1.255,0.485,0.816,1.083,1.274,0.606,1.261,0.51,0.349,0.602,0.854,1.169,0.181,1.101,0.734,0.344,1.125,1.031,0.266,0.759,1.006,1.115,0.532,1.164,0.555,0.638,0.335,0.341,1.439,1.115,1.562,0.965,1.243,0.479,0.538,0.771,2.122,1.452
S362,15,1,1.5,12.9904,12.9904,GM,2.844,0.797,0.842,1.019,1.124,0.665,-0.011,2.051,2.119,0.81,0.736,0.53,0.768,0.875,0.247,1.024,1.065,0.792,0.942,1.228,1.135,0.794,1.405,0.001,1.91,1.205,0.689,0.992,0.481,1.021,0.358,0.413,1.305,0.568,0.68,1.728,0.745,0.706,1.193,-0.034,0.308,0.719,0.965,1.163,0.866,1.714,0.942,0.582,0.66,0.85
S363,15,2,2.5,12.9904,12.9904,GM,3.155,0.414,0.872,0.772,1.286,1.377,0.265,-0.145,1.83,0.466,0.77,-0.005,0.911,0.919,1.259,1.393,1.392,1.475,0.338,2.215,1.107,1.959,-0.298,1.853,1.568,0.376,1.538,0.733,-0.021,1.351,1.694,1.177,0.683,1.36,0.749,0.416,0.487,0.839,1.373,0.713,1.513,1.366,1.337,0.517,0.882,1.566,0.998,1.111,0.403,0.556
S364,15,3,3.5,12.9904,12.9904,GM,2.965,0.847,0.541,2.107,2.094,2.514,1.711,1.636,0.855,0.319,1.357,0.885,1.636,0.502,1.718,1.719,0.368,1.773,1.507,0.475,1.688,1.108,1.472,1.252,1.291,1.385,0.591,0.371,1.004,1.115,1.624,1.023,0.143,0.58,1.224,1.103,1.067,0.336,0.331,0.488,0.547,1.428,1.644,1.5,0.336,0.709,1.287,1.436,1.615,1.452
S365,15,4,4.5,12.9904,12.9904,GM,2.913,-0.139,1.301,0.868,0.805,1.439,-0.127,1.626,1.305,0.472,0.76,0.716,1.351,1.768,1.002,1.208,0.003,0.961,1.921,2.04,1.163,0.719,0.877,0.326,1.106,0.943,0.978,0.063,0.862,1.039,0.248,1.058,1.422,0.196,1.316,0.113,1.546,0.516,1.681,0.508,1.175,1.942,0.66,0.781,0.434,0.873,0.552,1.479,1.53,1.261
S366,15,5,5.5,12.9904,12.9904,GM,2.369,0.342,1.133,1.108,1.305,1.528,0.76,1.553,0.743,1.427,0.3,0.792,0.201,0.674,0.754,0.877,1.455,1.075,0.249,1.278,1.301,1.683,0.852,0.046,0.778,1.355,0.81,1.377,0.844,0.9,1.24,-0.161,0.611,1.414,1.314,0.116,1.76,0.982,0.882,1.431,1.687,0.881,1.091,0.752,1.268,1.362,1.261,0.846,0.519,1.419
S367,15,6,6.5,12.9904,12.9904,GM,2.062,0.279,1.304,0.816,1.093,2.058,1,1.392,0.937,0.919,1.121,1.43,1.038,1.12,1.31,0.939,0.121,0.91,1.599,1.364,0.584,0.812,1.239,0.679,-0.161,1.46,1.223,0.51,0.515,1.603,0.88,0.589,0.646,1.229,1.796,0.625,0.991,1.943,0.715,0.459,0.857,1.455,0.461,0.945,1.556,1.815,0.537,0.791,1.094,0.763
S368,15,7,7.5,12.9904,12.9904,GM,2.99,0.204,1.381,0.156,2.271,2.405,-0.06,0.812,0.271,1.874,1.773,0.727,0.883,1.02,1.201,1.2,0.983,1.715,1.226,1.027,1.009,0.613,1.641,0.997,0.811,0.527,1.072,1.354,0.977,1.012,2.568,2.25,1.578,0.596,1.601,1.738,0.447,1.042,0.591,1.317,0.682,0.62,1.328,0.348,0.473,1.143,0.408,1.161,0.421,1.13
S369,15,8,8.5,12.9904,12.9904,GM,2.943,1.343,2.387,0.834,2.191,1.79,0.763,1.938,0.457,0.952,1.247,0.854,0.93,1.407,1.46,1.205,1.647,1.31,0.789,1.192,0.634,0.885,0.595,1.182,1.92,1.058,1.386,0.87,1.423,1.847,0.626,0.745,-0.087,1.147,1.184,0.633,1.175,0.917,1.376,1.479,1.231,1.308,0.892,1.177,1.43,1.305,1.653,1.022,0.782,0.981
S370,15,9,9.5,12.9904,12.9904,GM,2.854,1.025,1.31,0.419,0.635,1.506,0.2,1.858,0.091,1.13,0.027,1.904,0.899,0.618,1.184,1.955,1.171,1.017,0.655,1.347,1.77,0.437,1.159,1.258,1.361,1.247,0.983,0.637,0.972,1.292,1.331,1.052,1.212,1.552,2.241,0.582,0.89,1.782,0.192,1.878,0.895,0.858,0.55,2.176,0.925,1.121,0.698,1.618,1.386,1.961
S371,15,10,10.5,12.9904,12.9904,GM,2.602,1.067,2.257,0.526,1.664,1.166,0.961,0.764,0.097,0.53,0.972,0.676,1.166,1.372,0.492,1.079,1.667,0.759,0.675,1.364,0.782,0.679,1.029,0.901,1.612,1.304,1.315,1.31,0.712,1.309,1.395,0.355,0.72,1.251,1.493,1.621,0.895,1.586,0.65,0.372,1.785,1.064,1.722,1.536,1.396,1.529,1.207,1.417,0.541,0.786
S372,15,11,11.5,12.9904,12.9904,GM,2.757,0.61,2.593,0.368,1.714,1.851,1.544,1.726,0.315,2.021,0.647,1.094,1.409,0.658,0.488,0.335,0.559,1.63,1.776,0.624,1.425,1.531,0.923,0.97,1.632,1.167,1.61,0.624,1.43,0.55,1.706,1.566,1.201,1.252,1.664,1.319,0.181,1.308,1.229,0.503,1.866,0.85,1.108,1.049,1.391,1.75,0.073,0.259,1.667,0.422
S373,15,12,12.5,12.9904,12.9904,GM,2.924,0.379,1.971,0.792,1.846,2.02,1.39,1.023,-0.137,1.644,0.314,0.035,-0.085,1.012,1.427,1.189,1.512,0.975,0.941,0.761,1.134,0.938,0.883,1.874,0.659,1.124,0.829,0.999,1.367,1.481,1.961,1.359,0.331,1.186,1.074,0.978,0.634,0.791,0.023,1.046,0.333,0.979,0.767,0.781,0.768,0.787,0.302,-0.245,1.319,1.339
S374,15,13,13.5,12.9904,12.9904,GM,2.026,1.291,1.753,-0.288,1.491,1.483,1.287,1.47,-0.372,0.672,1.42,0.747,0.99,0.483,1.25,1.485,0.682,1.055,1.957,0.946,1.297,0.069,0.821,1.401,0.715,1.499,2.131,0.393,1.013,1.127,0.445,1.323,0.06,1.418,0.872,0.79,0.664,1.469,0.543,0.914,1.382,1.13,0.632,1.603,1.37,1.299,0.496,0.64,1.28,0.879
S375,15,14,14.5,12.9904,12.9904,GM,3.141,1.377,2.135,-0.114,0.994,1.283,0.977,1.453,1.17,0.594,1.335,0.35,1.644,0.068,1.536,1.205,0.724,1.485,0.59,0.63,1.067,0.914,0.64,1.661,0.651,1.489,1.557,1.437,1.29,0.92,0.336,0.32,1.707,1.248,1.533,0.29,1.56,1.031,0.984,0.635,1.078,0.916,0.424,0.432,0.545,0.578,0.56,0.045,1.361,-0.033
S376,15,15,15.5,12.9904,12.9904,GM,1.86,1.598,1.728,-0.74,1.503,0.909,0.645,1.108,0.559,1.549,0.583,0.661,1.062,0.804,1.601,0.381,0.946,0.912,1.024,1.666,1.392,1.177,0.258,1.292,0.078,1.513,0.713,1.749,1.333,1.689,1.274,1.374,0.317,1.522,1.334,0.514,0.754,1.423,0.012,1.215,1.096,1.158,0.202,0.938,1.117,0.91,1.613,0.976,0.415,1.91
S377,15,16,16.5,12.9904,12.9904,GM,2.452,1.134,1.765,0.875,2.271,1.416,0.381,0.598,0.972,1.96,0.747,1.274,1.116,0.904,1.306,0.905,1.608,1.603,1.215,1.691,0.92,2.224,0.017,1.254,0.681,1.206,0.809,0.754,0.531,0.785,1.211,1.099,2.069,1.305,0.562,0.419,1.791,1.374,1.533,0.802,0.993,0.835,1.077,0.643,0.725,0.849,0.943,0.685,1.296,1.358
S378,15,17,17.5,12.9904,12.9904,GM,2.572,1.944,2.119,0.113,2.05,1.095,0.961,0.592,1.531,1.131,0.503,1.235,0.144,0.601,1.283,2.217,0.821,0.776,0.782,0.562,1.216,0.932,0.135,0.526,0.793,1.094,1.407,2.013,0.848,1.284,0.683,0.198,1.687,0.743,0.208,0.557,0.694,0.636,0.24,2.076,1.06,1.232,1.174,1.124,0.974,0.835,1.137,0.871,0.672,1.35
S379,15,18,18.5,12.9904,12.9904,GM,1.87,0.749,1.712,0.75,1.277,1.142,0.654,0.798,1.144,1.137,0.998,1.559,0.958,1.527,0.907,0.924,1.644,1.564,0.578,1.407,1.674,1.137,0.439,0.745,1.436,1.342,1.322,0.355,0.462,1.242,0.597,0.654,1.045,1.367,1.076,1.432,1.038,1.334,0.867,0.189,1.764,0.726,0.419,0.742,0.827,0.274,1.804,1.531,0.585,0.477
S380,15,19,19.5,12.9904,12.9904,GM,2.207,0.536,2.104,0.97,1.151,0.343,0.571,1.014,0.654,1.196,0.543,0.831,0.782,1.266,1.593,1.096,0.345,2.185,1.442,1.363,1.11,1.359,1.342,0.638,1.304,0.576,1.277,0.554,0.97,1.662,1.493,-0.111,0.651,1.603,0.908,0.745,0.819,1.4,0.717,1.4,1.167,1.776,1.344,0.949,1.432,1.291,0.71,2.169,1.776,1.288
S381,15,20,20.5,12.9904,12.9904,GM,2.352,0.229,3.182,0.989,1.42,1.211,1.612,0.745,1.036,1.204,2.268,1.422,0.621,1.551,1.214,0.98,1.262,1.063,0.748,0.51,0.726,1.164,0.678,0.118,0.927,1.42,1.11,1.337,0.708,1.554,0.491,0.703,0.625,0.111,1.67,0.544,0.368,1.035,0.33,0.896,1.427,1.091,2.377,1.125,0.573,2.098,1.582,0.756,0.782,1.182
S382,15,21,21.5,12.9904,12.9904,GM,3.142,1.532,2.134,1.353,1.569,0.891,0.579,1.057,0.392,1.452,1.127,0.707,0.972,0.463,1.296,0.743,0.959,0.783,0.265,1.445,0.793,1.413,1.902,0.697,0.901,1.159,0.843,1.061,0.881,0.545,1.033,1.81,1.065,0.832,1.071,1.773,0.207,1.5,0.667,0.738,1.29,1.243,0.218,1.314,0.627,0.529,0.487,1.199,1.366,1.425
S383,15,22,22.5,12.9904,12.9904,GM,3.149,0.878,2.239,1.715,1.45,0.238,0.674,0.364,0.825,1.067,2.036,0.934,2.135,0.215,2.015,2.023,1.312,1.375,1.575,0.696,1.451,0.733,1.313,1.094,0.472,1.508,1.48,1.085,-0.414,1.203,0.761,1.447,-1.055,1.216,0.777,1.268,0.625,0.625,1.019,0.231,1.393,0.419,0.729,1.591,1.136,1.195,0.243,0.614,0.902,1.501
S384,15,23,23.5,12.9904,12.9904,GM,3.648,0.119,1.377,1.891,1.858,0.502,1.67,1.645,1.096,0.786,1.034,1.864,1.494,0.33,-0.547,1.505,1.563,0.272,1.49,1.225,0.699,1.309,0.725,0.995,0.778,2.001,0.041,1.404,1.194,0.995,0.55,0.508,1.086,0.444,0.776,0.415,0.719,1.571,1.431,0.32,1.546,1.149,0.831,1.129,0.219,1.452,1.616,0.069,1.419,0.464
S385,16,0,0,13.8564,13.8564,GM,3.178,1.076,0.915,0.664,0.913,0.821,0.833,1.306,1.432,0.473,1.008,1.714,1.077,1.099,0.469,1.028,1.196,1.604,1.373,1.631,0.099,0.966,0.819,0.451,0.35,-0.12,1.744,0.988,1.691,0.586,1.007,0.525,1.543,1.175,2.032,0.368,1.612,0.496,0.92,1.365,0.723,1.621,1.795,1.147,1.29,1.142,0.704,1.537,1.395,0.835
S386,16,1,1,13.8564,13.8564,GM,3.662,0.181,0.286,1.052,0.418,1.705,0.349,1.84,1.332,0.021,0.529,-0.309,1.188,0.584,0.513,0.937,1.822,1.017,0.67,1.008,0.732,0.681,1.467,0.189,1.181,1.288,1.284,1.12,1.816,1.88,2.128,1.368,0.756,1.006,1.838,0.791,0.407,1.092,1.029,1.574,1.328,1.221,0.858,0.405,1.252,0.905,0.566,1.038,1.259,1.462
S387,16,2,2,13.8564,13.8564,GM,3.624,0.466,0.331,1.77,2.03,1.774,0.494,0.635,0.964,0.208,0.919,1.136,-0.175,0.551,0.436,0.61,1.103,0.15,0.662,1.096,1.457,1.515,1.785,0.839,0.218,1.035,0.479,0.895,1.229,0.854,1.61,1.363,1.734,1.146,0.657,0.604,0.176,-0.128,0.811,0.732,1.177,1.185,0.635,1.267,1.248,1.372,0.884,0.972,0.587,0.771
S388,16,3,3,13.8564,13.8564,GM,2.837,1.022,1,1.121,1.289,1.982,0.753,1.124,1.822,-0.437,1.214,1.551,1.643,0.938,1.273,0.456,1.618,0.976,0.582,0.656,0.116,0.828,1.112,1.43,1.207,0.471,1.22,0.798,0.733,1.378,1.113,1.569,0.44,0.92,0.709,1.086,0.853,1.46,0.609,2.053,0.981,1.759,1.03,0.605,1.409,1.754,0.335,0.338,0.624,0.497
S389,16,4,4,13.8564,13.8564,GM,3.029,1.097,0.215,0.071,1.35,1.257,-0.307,0.93,1.164,-0.968,0.484,0.992,0.836,0.674,1.495,1.423,0.871,1.16,1.259,1.21,0.774,0.854,1.405,0.814,0.678,0.876,0.358,1.072,0.509,1.371,1.344,-0.672,0.351,0.597,1.454,0.745,1.578,1.552,1.792,1.428,1.054,1.046,1.72,0.665,1.586,1.482,0.295,0.537,1.973,1.166
S390,16,5,5,13.8564,13.8564,GM,2.31,0.715,1.445,0.433,0.778,1.179,-0.599,1.147,0.968,-0.231,1.364,0.607,1.508,0.683,0.838,1.68,1.267,1.666,1.164,1.227,1.363,0.586,1.152,0.79,0.975,0.859,0.707,0.953,1.257,0.806,0.957,1.24,1.234,0.627,0.38,1.778,0.926,0.891,0.606,1.154,1.198,1.048,1.396,-0.035,-0.313,1.115,1.154,0.453,1.097,-0.378
S391,16,6,6,13.8564,13.8564,GM,2.936,0.701,1.226,-0.097,1.776,2.691,-0.573,1.844,0.593,0.751,1.885,1.293,1.127,1.668,1.485,0.722,0.149,1.081,0.903,0.478,0.792,1.387,0.763,0.563,0.616,1.286,0.894,0.187,0.512,1.764,0.057,1.936,0.646,1.594,1.221,-0.297,0.831,0.481,2.139,1.661,2.141,0.376,1.319,0.638,0.753,0.895,0.629,0.463,1.085,1.003
S392,16,7,7,13.8564,13.8564,GM,2.387,0.26,1.813,0.959,1.769,2.13,0.088,1.136,0.995,1.437,1.012,0.849,0.863,1.267,0.427,0.644,0.646,0.456,0.958,0.391,0.568,1.099,0.216,1.131,0.649,1.487,0.885,0.473,-0.201,1.803,0.408,1.143,1.24,0.492,0.926,1.047,1.107,1.011,1.119,-0.057,1.438,2.661,1.635,0.272,1.525,0.156,0.78,0.89,0.386,0.94
S393,16,8,8,13.8564,13.8564,GM,3.089,1.632,1.738,0.777,1.561,1.512,0.973,1.257,0.815,1.152,0.264,1.078,1.001,0.771,1.683,0.523,0.896,1.775,0.839,0.355,0.896,0.744,0.904,0.94,-0.513,0.838,0.597,1.148,0.679,1.049,1.646,1.613,-0.142,1.539,1.092,1.302,2.293,0.71,0.524,0.969,0.5,0.388,0.578,0.192,1.225,1.466,1.045,1.346,1.352,1.003
S394,16,9,9,13.8564,13.8564,GM,2.792,1.955,1.263,-0.526,1.762,1.507,1.073,1.873,0.322,2.557,0.986,0.847,1.317,0.938,0.561,0.837,1.333,0.347,1.082,1.243,1.042,0.233,1.251,1.19,0.499,0.76,-0.249,1.184,0.85,0.678,0.397,1.142,1.097,0.225,0.759,1.85,0.947,0.465,0.315,1.436,1.378,0.998,1.203,1.284,0.52,0.958,2.07,1.267,0.279,0.497
S395,16,10,10,13.8564,13.8564,GM,2.393,0.946,2.421,0.711,1.816,1.253,0.967,1.665,0.524,2.049,1.199,0.669,1.133,0.048,0.743,0.484,0.722,0.981,0.958,1.034,0.203,0.509,1.051,0.885,0.992,1.838,1.016,0.846,1.69,1.691,1.34,0.915,1.252,1.432,0.531,0.988,1.144,0.109,1.545,0.653,0.425,1.747,1.205,0.61,1.399,0.821,1.678,1.318,-0.388,0.586
S396,16,11,11,13.8564,13.8564,GM,2.508,1.12,2.739,-0.346,1.634,1.019,1.19,1.257,0.407,1.07,0.291,0.79,0.53,1.013,1.377,1.353,1.788,0.468,0.412,0.676,0.56,0.861,1.595,0.426,1.392,1.131,0.397,1.06,1.283,1.514,1.552,0.338,1.563,0.523,0.992,0.307,1.062,0.972,1.216,0.175,0.607,0.836,0.966,1.47,1.374,0.907,1.911,1.492,1.051,1.462
S397,16,12,12,13.8564,13.8564,GM,3.004,1.742,3.612,0.147,1.489,2.6,1.505,1.956,0.417,1.591,1.382,1.356,1.296,1.283,1.475,0.625,1.188,1.11,0.305,1.217,0.974,0.609,1.04,0.458,-0.361,1.789,1.365,-0.105,0.409,-0.051,0.724,0.641,1.251,0.344,1.373,1.414,0.572,1.316,1.501,1.039,0.111,0.479,1.036,0.819,0.306,0.219,1.236,1.356,0.488,1.006
S398,16,13,13,13.8564,13.8564,GM,2.606,1.936,2.388,-0.506,1.734,2.243,0.767,1.831,0.709,1.218,1.08,1.445,1.735,0.641,1.171,1.83,1.294,1.074,0.112,0.676,1.042,1.062,0.444,1.124,0.782,0.395,0.609,1.189,1.138,0.485,0.741,0.969,1.094,0.623,2.19,0.742,0.814,2.126,0.947,1.154,-0.349,0.918,0.691,0.381,1.888,1.869,0.857,0.092,0.973,0.285
S399,16,14,14,13.8564,13.8564,GM,2.689,2.236,2.989,0.518,1.278,1.751,2.535,1.171,0.267,1.227,0.557,1.163,2.014,0.367,1.235,0.421,1.291,1.36,-0.143,1.622,1.482,0.939,0.702,0.7,1.119,1.666,1.81,1.446,1.671,0.258,1.134,0.497,1.623,0.941,1.278,1.222,0.814,0.486,1.464,1.981,0.478,0.244,0.628,1.208,0.45,1.763,0.45,0.44,0.777,1.856
S400,16,15,15,13.8564,13.8564,GM,2.614,2.21,1.998,-1.278,1.047,2.148,1.523,1.336,0.787,0.769,0.495,0.888,0.773,1.522,1.653,1.552,0.802,0.757,0.344,1.343,1.253,0.778,1.178,1.55,1.174,1.144,1.209,1.521,1.154,1.403,1.61,1.24,0.424,0.721,1.489,1.908,-0.108,0.544,1.3,1.233,0.819,1.018,1.378,1.126,0.444,0.841,1.255,0.881,1.233,0.226
S401,16,16,16,13.8564,13.8564,GM,2.21,1.62,1.451,-1.539,1.54,1.096,2.124,0.408,-0.007,0.507,0.196,0.863,0.317,0.489,0.939,1.628,1.741,0.719,0.99,0.991,1.419,0.988,0.97,1.051,1.382,0.131,0.509,0.912,0.642,0.897,1.016,0.956,1.735,0.173,0.348,1.679,1.055,0.18,1.332,0.826,0.36,1.248,1.445,1.554,1.506,0.295,0.888,0.619,1.401,0.705
S402,16,17,17,13.8564,13.8564,GM,2.564,1.208,0.988,0.09,1.77,0.092,1.49,1.399,0.633,1.271,0.977,0.737,1.698,1.185,1.144,1.511,1.219,-0.415,1.176,1.513,0.878,0.716,1.502,1.523,1.263,1.208,1.401,1.574,1.32,1.249,1.232,1.255,0.321,0.749,1.092,0.631,0.76,1.062,0.654,0.287,0.421,1.123,0.921,1.485,0.225,1.336,1.099,0.559,1.409,0.57
S403,16,18,18,13.8564,13.8564,GM,2.729,1.492,1.405,0.324,0.98,0.527,0.819,1.581,0.914,1.344,1.13,1.083,1.029,0.801,0.964,1.018,2.084,1.892,0.464,0.225,1.729,1.268,1.555,0.489,1.791,0.35,0.664,2.183,1.463,-0.054,1.855,0.756,1.54,0.484,0.193,0.651,1.301,0.045,1.323,1.01,1.815,1.229,0.832,0.59,0.55,0.618,1.087,1.006,1.293,1.104
S404,16,19,19,13.8564,13.8564,GM,2.321,0.612,1.324,0.894,1.838,0.651,0.646,1.061,0.439,2.043,0.638,0.988,1.499,0.958,1.348,1.096,0.819,0.184,1.785,0.598,0.071,1.543,1.162,1.149,0.259,1.436,0.86,1.534,0.218,2.194,1.113,1.42,0.93,1.262,0.823,1.225,-0.215,0.639,1.387,0.806,1.216,0.848,0.23,0.356,1.086,0.968,1.162,1.395,0.925,0.894
S405,16,20,20,13.8564,13.8564,GM,2.188,1.117,1.101,1.541,1.682,0.94,1.415,1.058,0.656,1.63,1.3,0.714,0.462,1.053,1.211,1.308,1.379,0.209,1.605,1.7,1.769,0.733,0.979,0.609,1.44,0.575,1.049,0.987,0.095,0.577,1.501,0.798,0.282,1.17,1.319,1.882,0.292,0.085,0.527,1.237,1.016,1.062,0.8,1.518,1.702,0.363,1.159,0.523,1.155,1.984
S406,16,21,21,13.8564,13.8564,GM,2.148,0.155,1.205,2.075,0.727,1.343,2.002,2.089,0.504,1.344,0.659,1.34,0.631,2.13,1.39,1.417,0.329,0.966,1.002,1.448,0.765,-0.375,1.28,0.548,1.255,0.918,-0.257,1.552,0.545,0.955,1.202,0.523,1.65,0.646,1.229,0.492,1.084,1.189,1.164,0.431,0.62,2.167,1.082,1.642,1.09,1.643,1.784,0.084,0.875,1.574
S407,16,22,22,13.8564,13.8564,GM,3.682,0.578,1.836,1.47,1.981,1.349,1.317,1.293,0.732,1.189,1.182,0.959,0.884,1.631,0.652,0.366,0.62,0.142,1.69,0.692,1.809,1.441,1.682,0.737,-0.162,1.341,0.125,1.395,0.367,0.747,0.67,1.274,0.279,0.931,-0.287,1.23,0.878,1.801,0.95,1.093,0.931,1.159,0.654,1.502,0.925,0.866,1.701,0.969,1.257,0.928
S408,16,23,23,13.8564,13.8564,GM,3.293,0.586,2.499,1.753,1.467,0.708,0.368,1.494,0.108,0.731,0.791,0.652,0.091,0.327,1.447,1.233,1.36,0.69,0.454,1.439,2.11,0.59,1.246,1.06,-0.272,1.211,0.874,0.771,1.333,1.237,0.379,0.94,0.379,1.02,0.641,0.786,1.547,1.893,0.678,1.611,1.434,1.021,0.658,1.592,1.67,0.593,1.022,1.322,1.675,0.262
S409,17,0,0.5,14.7224,14.7224,GM,3.504,1.06,0.725,1.06,1.034,0.907,0.627,0.999,1.922,0.295,1.043,1.178,1.518,0.84,0.834,1.38,0.952,0.845,1.364,1.02,1.203,0.573,0.863,0.901,0.661,1.512,1.901,0.302,0.545,0.254,1.803,0.4,1.446,0.488,1.353,1.205,0.741,0.987,-0.309,0.783,1.73,1.365,1.868,1.464,0.636,0.783,1.221,0.829,1.281,0.704
S410,17,1,1.5,14.7224,14.7224,GM,3.689,1.237,0.344,0.312,1.114,0.944,-0.13,1.728,1.706,1.011,1.085,0.19,1.164,0.026,1.124,1.3,1.612,0.716,1.602,0.397,1.697,0.947,0.897,0.529,-0.002,1.116,1.609,1.345,1.241,1.42,1.307,1.425,1.034,0.166,0.559,0.226,1.066,1.404,1.011,0.94,0.239,1.572,1.046,-0.138,0.37,1.167,0.904,1.931,0.78,1.154
S411,17,2,2.5,14.7224,14.7224,GM,2.846,1.458,0.211,1.168,1.467,1.545,-0.119,1.781,1.185,0.501,0.863,1.921,1.229,1.964,1.266,0.993,0.964,1.075,1.418,1.915,1.803,0.728,1.137,0.917,1.412,1.119,1.096,1.683,0.615,1.857,0.905,1.41,1.223,1.247,0.332,1.172,0.333,0.866,1.614,0.628,1.751,1.383,1.601,1.723,1.123,0.275,-0.088,1.179,1.304,1.601
S412,17,3,3.5,14.7224,14.7224,GM,3.109,1.041,0.045,0.314,1.436,0.787,-0.311,1.012,1.634,-0.468,0.279,1.43,0.192,1.199,1.56,1.059,0.822,1.135,0.643,0.871,0.633,0.653,1.239,1.329,1.551,0.902,1.322,0.956,1.358,0.873,1.024,0.933,0.98,1.538,1.366,1.158,0.744,1.171,1.164,1.143,0.989,1.369,0.55,0.75,1.168,0.205,0.869,0.106,1.116,1.183
S413,17,4,4.5,14.7224,14.7224,GM,2.241,1.289,0.712,1.189,0.826,1.584,1.516,0.952,1.845,0.307,1.512,1.295,1.012,1.007,0.97,1.553,0.972,1.08,0.551,1.349,0.972,0.925,0.848,0.411,0.825,0.911,0.482,0.424,1.532,1.27,0.445,0.677,0.474,1.108,0.863,1.338,1.113,1.637,0.54,0.984,1.119,0.78,0.402,1.49,0.057,0.048,1.814,0.731,0.997,1.15
S414,17,5,5.5,14.7224,14.7224,GM,2.469,0.851,1.536,1.386,1.435,1.765,0.41,1.275,1.672,0.779,0.632,0.966,0.232,1.629,1.109,1.354,1.608,1.714,0.699,1.302,-0.097,0.786,0.018,1.305,1.368,0.894,0.952,0.683,1.4,1.522,1.207,0.36,0.17,-0.033,1.585,0.806,0.951,0.813,1.268,0.673,0.942,0.293,0.844,1.634,1.026,0.893,1.586,1.164,1.452,0.959
S415,17,6,6.5,14.7224,14.7224,GM,2.466,1.549,1.254,1.003,2.249,1.395,-0.071,2.161,1.062,0.743,1.647,1.245,2.891,1.163,1.687,0.71,1.071,1.632,1.633,1.366,1.469,0.527,0.574,0.903,1.672,1.218,1.501,-0.123,0.509,0.462,1.398,0.289,1.301,1.947,0.75,1.375,1.249,0.956,1.399,0.695,1.611,1.601,1.55,0.809,1.355,1.082,0.539,2.105,0.128,0.584
S416,17,7,7.5,14.7224,14.7224,GM,2.214,0.499,0.32,1.028,1.951,1.911,0.28,1.609,1.043,-0.206,1.425,0.83,1.463,0.97,0.826,0.951,1.067,0.666,0.959,1.383,1.142,0.669,0.256,0.471,1.219,1.092,0.381,1.387,0.649,1.849,0.269,0.821,1.591,0.769,0.881,0.516,0.49,1.685,0.772,1.786,0.591,0.096,0.427,0.11,1.072,1.251,1.005,0.712,1.042,0.831
S417,17,8,8.5,14.7224,14.7224,GM,2.498,1.229,1.268,-0.546,1.416,1.635,1.177,1.729,1.345,0.832,2.337,1.558,2.211,1.234,0.99,0.856,0.626,0.547,0.699,1.408,1.268,0.806,1.386,1.603,0.903,1.918,0.717,0.941,1.323,1.192,0.912,0.957,1.349,1.224,0.907,1.548,0.244,0.445,1.075,1.316,1.022,1.038,0.762,1.099,1.425,1.101,0.964,0.29,1.397,1.297
S418,17,9,9.5,14.7224,14.7224,GM,2.655,0.995,2.174,1.19,1.714,1.485,0.785,2.127,1.452,1.904,0.811,1.461,0.128,0.296,0.56,0.09,0.63,0.481,0.525,1.616,1.183,1.018,1.343,1.338,0.811,1.452,1.502,0.708,1.295,0.845,1.106,0.93,1.117,0.547,1.385,1.248,1.44,1.037,0.04,1.216,1.128,1.078,0.609,1.356,1.961,1.461,0.527,0.808,0.621,1.048
S419,17,10,10.5,14.7224,14.7224,GM,2.386,1.24,2.659,-0.127,1.438,1.146,1.241,1.652,0.55,1.68,0.81,0.99,1.709,1.015,0.893,0.995,0.862,0.044,1.541,0.708,0.198,1.176,0.691,0.719,0.648,0.89,1.903,1.256,1.422,1.36,1.137,0.646,1.203,1.697,1.658,2.212,1.621,0.251,1.209,1.572,1.567,0.439,1.116,1.081,0.913,0.619,0.397,0.72,1.038,0.757
S420,17,11,11.5,14.7224,14.7224,GM,2.365,1.236,2.136,-0.076,0.999,1.262,0.852,2.301,1.581,1.783,0.559,1.508,1.26,0.306,1.208,0.006,0.761,1.051,1.058,0.146,1.059,1.804,1.592,1.067,1.609,1.285,1.149,0.57,0.285,1,0.887,1.575,0.81,1.096,1.215,0.663,0.819,0.672,0.568,0.177,0.778,0.827,0.762,1.103,1.532,1.383,0.914,0.216,0.95,1.051
S421,17,12,12.5,14.7224,14.7224,GM,2.378,1.797,2.506,0.251,0.662,1.477,1.547,1.782,0.258,0.871,1.158,0.961,1.196,2.158,1.394,0.729,0.137,0.919,1.554,0.049,0.89,0.399,1.554,1.119,0.74,1.365,0.302,0.613,0.456,1.399,-0.047,1.088,0.904,2.251,0.623,-0.294,1.229,0.283,0.882,0.85,1.648,0.523,0.964,1.515,1.343,0.402,1.605,1.45,0.002,0.753
S422,17,13,13.5,14.7224,14.7224,GM,2.661,1.151,2.568,0.45,1.304,1.374,1.562,1.844,1.019,0.641,1.651,0.838,0.809,1.719,0.027,1.473,0.556,1.23,0.866,0.46,1.447,1.29,0.966,1.363,0.813,0.217,1.144,0.898,1.297,1.124,1.199,1.05,1.926,1.396,0.778,1.215,0.666,0.443,0.912,1.087,0.044,1.498,0.368,0.945,0.635,0.78,0.12,0.976,1.199,1.497
S423,17,14,14.5,14.7224,14.7224,GM,2.599,1.434,2.167,0.209,1.303,0.911,2.02,1.832,0.299,1.295,1.368,1.154,1.16,1.454,0.52,0.425,1.239,1.456,0.602,0.006,0.776,1.016,0.624,1.837,0.827,0.423,1.513,1.305,1.791,0.645,0.914,0.532,1.497,0.985,0.354,1.029,0.752,0.805,1.113,1.471,0.701,1.431,0.544,0.581,0.565,1.049,1.354,0.305,0.779,1.534
S424,17,15,15.5,14.7224,14.7224,GM,2.921,1.082,1.117,-1.262,1.537,1.898,1.418,1.518,0.607,1.349,1.306,1.007,0.507,1.353,0.169,1.605,0.581,0.866,0.015,1.334,0.602,1.212,1.692,1.587,1.023,1.239,1.499,1.042,0.464,0.818,1.382,-0.08,1.478,1.65,1.266,1.014,2.131,0.28,1.983,0.579,1.517,1.071,0.57,1.56,-0.384,0.626,0.087,0.823,1.182,0.909
S425,17,16,16.5,14.7224,14.7224,GM,2.854,1.767,1.525,-1.202,1.145,1.704,0.699,1.285,1.047,0.667,0.66,1.329,1.211,1.345,1.449,1.373,0.407,0.915,0.3,1.915,0.402,1.196,0.989,0.077,1.034,1.074,1.031,0.814,1.606,1.241,0.883,0.695,1.188,0.082,0.968,-0.165,0.532,1.068,0.59,1.635,1.471,0.73,0.666,1.785,0.465,0.95,0.93,0.778,0.729,0.71
S426,17,17,17.5,14.7224,14.7224,GM,3.44,1.609,1.393,-0.613,1.632,0.796,0.02,1.056,0.618,0.98,1.601,0.657,1.595,1.372,0.756,0.952,0.79,0.437,0.992,0.888,0.64,0.993,-0.135,1.346,1.781,1.013,1.316,1.088,1.078,1.129,1.184,1.504,0.258,1.177,1.353,0.073,0.25,2.005,0.31,0.802,1.104,0.299,1.011,0.901,0.254,0.924,1.207,1.466,0.307,1.025
S427,17,18,18.5,14.7224,14.7224,GM,3.119,0.702,2.41,-0.495,1.777,1.179,0.397,1.162,1.082,1.624,1.676,1.228,0.457,0.689,0.725,1.03,-0.031,1.17,0.736,0.905,1.239,0.707,0.501,1.295,0.781,0.777,1.823,0.997,0.545,1.532,1.508,0.786,1.72,1.066,0.882,0.265,1.949,0.54,2.311,1.217,0.872,0.825,0.582,0.207,0.428,1.63,2.222,0.167,1.305,0.985
S428,17,19,19.5,14.7224,14.7224,GM,3.079,0.799,0.832,1.099,1.883,0.028,1.22,0.904,0.04,1.621,0.542,0.598,1.085,0.949,-0.058,1.51,0.811,1.675,1.179,1.853,0.801,1.311,1.426,1.992,1.518,1.263,0.417,0.564,0.831,1.098,0.985,1.481,1.275,1.044,0.532,1.714,0.903,0.406,1.589,0.876,1.055,0.455,0.096,1.616,-0.031,1.042,1.682,0.98,2.86,0.139
S429,17,20,20.5,14.7224,14.7224,GM,1.892,0.094,1.59,1.069,0.435,0.966,1.092,0.971,1.262,0.12,1.645,0.519,0.492,0.543,1.27,0.847,0.969,0.708,-0.148,0.957,1.658,1.694,1.13,1.242,1.847,1.422,1.42,1.122,-0.008,1.43,0.131,1.485,1.785,1.453,-0.007,0.52,1.047,1.443,0.94,0.745,0.177,1.193,0.41,1.214,0.237,1.339,-0.091,2.022,0.749,1.317
S430,17,21,21.5,14.7224,14.7224,GM,2.536,1.155,2.026,1.339,2.33,0.894,0.988,2.362,0.023,0.524,1.034,0.939,2.045,0.552,0.818,1.288,0.609,0.89,1.411,0.821,1.219,1.621,0.339,1.085,0.888,0.468,1.154,0.33,0.496,0.548,0.381,0.58,0.944,0.723,1.112,0.607,0.232,0.138,1.511,2.044,1.713,0.663,1.054,0.762,1.405,1.032,1.075,1.117,-0.033,0.403
S431,17,22,22.5,14.7224,14.7224,GM,2.426,0.317,2.336,1.148,2.259,0.561,0.705,2.454,0.067,1.09,0.989,0.671,1.019,1.058,0.405,0.36,0.992,1.215,0.763,1.069,0.995,0.294,0.195,0.862,0.349,-0.166,0.539,0.277,0.85,0.922,1.318,1.033,2.016,1.524,0.785,0.187,1.072,1.703,1.729,0.211,1.102,0.752,1.78,-0.04,0.239,0.7,1.903,0.089,0.521,0.691
S432,17,23,23.5,14.7224,14.7224,GM,3.45,0.9,1.489,2.314,2.327,0.584,0.584,1.052,0.15,0.543,1.337,0.729,0.26,0.593,1.063,0.876,0.425,0.788,0.809,1.632,1.22,-0.231,1.739,1.05,0.683,0.28,1.28,1.272,0.725,1.897,1.468,1.23,1.624,1.148,0.262,0.981,0.87,1.384,1.307,1.777,1.198,1.394,0.264,0.788,0.741,0.092,1.603,1.167,1.238,2.046
S433,18,0,0,15.5885,15.5885,GM,3.737,0.626,0.803,1.826,0.505,0.832,-0.104,0.868,1.843,1.749,1.428,0.696,1.395,1.237,0.982,2.208,1.83,1.161,1.422,0.482,0.939,0.441,0.314,1.255,0.637,0.917,0.167,0.36,0.769,1.289,1.111,0.74,1.66,1.07,1.205,0.735,1.058,0.601,0.959,2.043,1.254,0.413,1.413,1.741,0.97,1.05,0.235,0.804,0.335,1.328
S434,18,1,1,15.5885,15.5885,GM,4.324,1.339,0.897,1.165,-0.094,1.358,0.748,1.095,1.067,1.124,0.827,0.778,1.068,1.445,1.487,0.762,0.405,0.36,0.988,1.699,1.547,1.614,1.399,1.099,1.1,1.464,0.491,1.29,1.916,0.464,1.181,0.786,0.672,1.384,-0.02,1.132,2.674,1.122,0.864,1.502,0.671,0.764,1.577,0.619,0.575,0.562,0.87,0.862,0.343,1.577
S435,18,2,2,15.5885,15.5885,GM,3.612,1.261,1.261,0.511,0.942,1.233,-0.112,0.757,0.921,0.503,1.105,-0.033,0.824,1.035,1.521,1.602,1.706,0.903,0.849,1.688,1.774,0.868,-0.512,1.758,1.344,1.399,1.224,1.181,0.41,0.999,1.397,1.55,1.186,1.988,1.218,1.073,1.348,0.452,0.66,1.149,0.476,0.803,1.455,1.748,1.297,1.635,1.609,1.203,0.879,1.337
S436,18,3,3,15.5885,15.5885,GM,3.489,0.198,0.424,1.007,1.721,0.781,-0.039,0.679,0.858,1.249,1.317,0.496,1.632,0.823,1.78,1.263,1.372,-0.033,1.199,0.444,1.155,1.944,0.333,1.051,0.521,1.047,1.441,0.253,0.635,1.463,0.797,1.17,0.446,0.938,1.415,0.487,1.596,1.084,1.331,0.274,1.309,1.196,0.978,0.852,0.748,1.211,0.812,1.048,1.184,0.826
S437,18,4,4,15.5885,15.5885,GM,3.327,1.064,1.004,0.881,1.259,1.148,-0.139,0.517,1.18,0.346,1.828,0.578,1.268,0.642,1.406,0.604,1.062,1.113,0.32,1.139,0.323,0.586,1.24,1.468,1.177,0.906,0.188,0.907,1.62,1.848,0.845,1.252,0.606,0.731,0.374,0.836,0.57,1.513,1.46,1.471,1.12,0.038,1.137,1.356,1.943,0.382,0.614,0.815,1.624,0.696
S438,18,5,5,15.5885,15.5885,GM,2.926,0.881,1.332,1.473,0.971,1.482,-0.888,1.72,1.248,0.832,0.63,0.804,1.746,1.308,1.722,0.715,0.545,0.957,0.338,1.45,1.132,0.993,0.714,1.56,0.951,1.342,0.735,1.471,1.258,0.611,1.247,2.057,0.838,0.453,1.283,0.721,1.333,1.044,1.05,1.115,0.854,0.878,0.944,2.11,0.926,0.361,1.271,0.869,0.272,1.012
S439,18,6,6,15.5885,15.5885,GM,2.369,-0.023,2.513,1.1,1.008,1.717,1.709,1.007,0.712,1.32,1.823,1.197,0.228,0.16,0.735,0.87,1.367,-0.242,0.911,0.788,0.444,0.627,0.479,0.904,1.395,0.82,1.014,1.599,1.213,1.455,0.57,1.038,1.657,1.059,1.027,1.328,1.352,0.759,0.056,1.186,0.577,1.848,1.448,1.399,1.096,1.231,0.648,1.354,1.061,0.669
S440,18,7,7,15.5885,15.5885,GM,1.657,0.792,0.428,0.87,1.586,0.838,0.357,0.364,1.712,-0.558,0.156,1.139,0.492,0.758,0.754,1.663,1.13,1.194,1.527,0.671,0.93,0.885,1.672,0.292,0.074,0.318,0.813,1.343,1.288,1.533,0.792,1.587,1.594,1.264,0.949,2.165,2.114,1.173,0.654,0.839,1.712,2.052,1.558,0.135,0.253,2.307,1.942,1.4,1.172,1.21
S441,18,8,8,15.5885,15.5885,GM,2.717,1.106,0.817,1.092,0.622,1.93,1.945,2.442,1.525,0.438,1.436,0.706,0.722,1.413,0.593,0.435,0.583,1.387,1.566,0.644,-0.085,0.981,1.027,1.436,1.399,1.351,0.731,1.468,1.393,0.754,0.88,1.084,0.861,1.113,0.652,1.063,1.688,0.423,0.523,1.007,1.899,1.68,0.705,0.231,1.327,0.71,1.035,1.581,0.823,0.726
S442,18,9,9,15.5885,15.5885,GM,1.457,0.732,1.565,0.634,1.489,1.37,0.694,2.299,0.587,0.406,1.511,0.738,0.669,0.926,0.507,1.428,0.67,0.164,0.344,0.328,1.017,1.112,1.729,0.332,1.609,1.147,0.465,-0.23,0.205,1.622,1.357,1.19,1.193,1.43,1.139,0.804,1.76,1.154,0.64,0.934,1.925,0.771,-0.032,1.464,1.489,1.012,2.253,0.915,1.195,1.111
S443,18,10,10,15.5885,15.5885,GM,2.656,1.549,2.299,0.289,0.371,2.096,1.093,1.712,0.315,1.341,1.17,1.085,1.047,1.137,0.67,1.1,1.468,1.294,1.193,1.408,1.162,1.408,0.699,0.828,0.35,1.586,0.599,1.49,0.684,0.739,1.106,0.937,1.592,1.396,1.789,0.687,0.428,1.034,0.952,0.918,1.458,1.971,1.125,1.141,0.803,1.616,0.563,1.289,0.991,0.951
S444,18,11,11,15.5885,15.5885,GM,2.499,1.29,2.564,0.134,1.326,1.973,1.525,1.825,1.269,1.024,2.298,0.732,1.833,0.84,0.425,0.89,1.392,0.195,0.88,1.424,0.66,1.904,0.618,0.616,1.806,0.845,0.835,1.314,1.432,0.74,0.696,1.313,0.723,1.3,1.061,0.412,1.34,0.859,1.418,1.3,1.327,0.345,1.396,1.343,0.452,0.67,1.618,1.094,0.615,1.331
S445,18,12,12,15.5885,15.5885,GM,3.112,1.215,2.904,0.434,0.222,1.673,0.751,1.404,1.634,1.13,0.689,1.815,1.254,0.565,1.056,1.134,1.046,0.325,0.677,1.185,0.743,0.811,1.761,0.539,1.767,1.639,1.02,0.937,0.796,0.421,1.276,1.618,0.021,0.91,1.743,2.651,1.544,2.309,1.177,0.279,0.256,1.014,0.912,0.733,0.42,1.104,1.531,0.225,1.222,0.613
S446,18,13,13,15.5885,15.5885,GM,2.704,1.32,2.617,0.301,1.448,1.849,1.37,2.487,0.858,0.397,0.264,1.054,0.692,1.537,0.548,0.932,1.001,1.686,0.507,1.976,2.208,1.22,1.441,2.058,1.003,1.736,0.981,0.578,1.038,0.632,2.055,0.693,0.533,1.359,0.966,-0.127,1.889,0.955,1.036,1.426,1.126,1.133,0.314,0.989,1.16,1.359,1.507,1.473,0.327,0.91
S447,18,14,14,15.5885,15.5885,GM,2.569,1.395,3.635,0.619,1.603,0.887,1.655,2.634,1.6,1.328,2.115,0.57,1.576,1.546,1.995,-0.126,0.731,1.482,1.16,1.229,0.797,1.408,0.548,1.639,0.683,0.756,1.108,2.156,0.973,0.929,1.077,1.166,0.576,0.945,1.281,1.189,0.085,1.613,0.485,0.92,1.134,0.448,1.081,1.276,1.424,1.993,0.575,0.743,1.941,0.722
S448,18,15,15,15.5885,15.5885,GM,3.031,1.567,2.584,0.639,2.098,1.294,1.526,2.099,1.273,0.296,0.603,1.287,0.87,1.202,1.762,2.089,0.732,1.569,1.62,0.79,0.198,1.151,0.62,0.373,1.764,0.972,0.515,1.592,0.608,0.803,0.775,0.47,1.765,1.706,0.043,0.52,0.997,0.715,1.257,0.591,0.677,0.53,1.179,1.78,-0.328,1.681,1.116,1.02,1.906,1.351
S449,18,16,16,15.5885,15.5885,GM,3.429,1.781,1.882,0.476,1.255,1.639,2.504,1.883,1.269,1.107,1.121,0.573,1.446,0.854,0.84,1.589,0.937,0.785,0.357,0.936,1.731,1.153,0.607,1.156,0.327,0.69,1.592,0.047,0.38,1.415,0.227,0.398,1.483,0.868,1.691,1.614,0.652,0.973,0.739,1.295,0.801,0.524,1.125,1.941,0.642,0.658,1.425,0.534,1.293,0.89
S450,18,17,17,15.5885,15.5885,GM,3.056,2.027,1.456,-0.492,0.912,1.079,1.31,1.466,0.435,0.514,1.221,0.567,0.828,1.018,0.71,0.522,0.919,1.718,0.968,1.125,0.837,1.574,0.619,0.87,0.794,0.241,1.465,0.89,1.313,0.703,1.517,1.34,0.807,1.527,2.127,1.011,1.315,1.603,0.418,1.627,0.055,1.209,0.292,0.947,0.895,1.579,1.847,0.936,1.397,0.536
S451,18,18,18,15.5885,15.5885,GM,3.387,0.926,1.307,0.07,1.194,0.738,1.553,1.471,0.149,2.24,1.866,0.842,0.285,0.787,1.081,0.81,0.542,0.1,0.844,0.451,0.369,0.976,0.939,-0.105,1.175,1.102,0.463,1.523,-0.145,1.226,1.856,2.031,0.722,0.933,0.506,1.276,0.884,0.867,1.295,1.489,0.247,-0.145,0.966,1.256,0.928,1.057,0.776,1.181,1.817,0.932
S452,18,19,19,15.5885,15.5885,GM,2.715,1.205,2.576,1.06,1.704,1.152,2.361,0.827,0.778,0.419,1.576,0.47,0.622,1.221,0.786,1.401,2.163,0.62,0.677,0.964,1.49,0.767,1.045,0.987,1.007,0.371,0.835,1.017,1.888,1.606,0.913,1.147,0.972,0.724,0.486,0.969,0.965,1.108,0.787,1.088,1.012,0.271,1.46,0.814,1.387,0.445,0.876,1.054,1.436,1.19
S453,18,20,20,15.5885,15.5885,GM,2.955,0.78,2.123,1.456,1.227,0.754,2.193,2.235,1.828,0.899,0.174,1.151,0.947,0.339,0.964,-0.148,1.064,0.597,1.165,0.661,1.158,1.153,1.436,0.189,1.462,0.966,0.624,0.13,1.587,0.173,0.81,0.655,1.605,1.032,1.22,1.071,1.186,-0.005,1.564,0.732,0.875,1.018,0.33,1.227,1.637,0.636,0.715,0.432,0.259,1.194
S454,18,21,21,15.5885,15.5885,GM,2.546,1.613,1.821,0.893,0.632,0.612,1.143,2.412,0.565,-0.271,0.361,0.219,0.483,1.107,-0.13,1.411,1.623,0.862,0.963,1.563,0.916,1.444,1.082,0.477,1.131,1.071,1.211,0.972,0.949,0.248,0.997,0.735,1.488,-0.084,1.33,1.194,0.558,-0.007,1.048,1.152,1.702,1.809,0.778,0.767,0.588,0.796,2.473,0.543,0.927,1.444
S455,18,22,22,15.5885,15.5885,GM,2.266,1.802,1.524,1.3,2.42,0.9,0.187,2.556,0.362,-0.114,0.807,0.562,0.32,0.722,1.379,1.006,0.958,1.6,1.005,1.69,1.332,1.173,1.032,1.012,1.013,-0.007,0.587,0.91,1.263,0.205,1.662,0.638,0.919,1.113,0.491,1.226,1.213,1.112,1.074,1.187,1.272,1.516,-0.017,0.169,1.302,1.338,1.134,1.045,0.511,1.183
S456,18,23,23,15.5885,15.5885,GM,2.448,0.801,1.664,1.627,0.891,1.997,0.64,1.673,1.162,0.842,0.939,0.978,1.358,1.027,1.166,1.106,1.526,0.735,1.13,1.142,1.476,-0.046,1.228,0.635,1.517,1.711,1.782,1.213,1.78,1.608,0.511,0.964,0.836,0.339,1.094,0.656,0.697,0.812,-0.923,0.499,1.456,0.773,1.752,0.794,1.302,0.674,0.923,0.945,1.77,0.714
S457,19,0,0.5,16.4545,16.4545,GM,3.898,1.678,1.136,1.742,0.26,1.582,0.218,2.004,1.031,1.404,1.149,-0.455,-0.066,0.845,1.69,0.266,1.111,1.168,0.047,1.289,0.78,1.181,0.036,0.804,1.415,1.024,0.75,1.189,0.814,1.602,1.032,1.002,1.526,1.207,1.34,1.568,1.592,1.836,0.982,0.04,1.651,0.927,0.924,0.927,0.283,1.508,1.647,0.022,1.358,0.72
S458,19,1,1.5,16.4545,16.4545,GM,4.416,0.638,1.198,1.369,1.058,1.484,-0.043,1.775,1.037,0.64,1.529,1.032,1.863,1.065,1.648,1.318,1.605,0.797,1.043,1.094,1.94,0.89,0.86,2.146,1.093,0.696,2.025,1.973,1.277,1.173,2.016,1.303,1.536,0.591,0.751,0.394,0.999,0.79,-0.064,1.302,1.175,0.556,1.397,1.258,1.038,0.847,0.856,0.069,0.153,0.58
S459,19,2,2.5,16.4545,16.4545,GM,3.506,1.002,0.673,0.354,0.787,1.231,0.552,1.533,-0.163,1.02,0.25,1.418,0.698,-0.166,0.682,0.516,1.245,0.687,0.702,1.873,-0.225,0.787,1.158,0.282,0.815,0.398,0.975,2.08,2.153,0.916,1.01,0.853,1.637,1.099,1.057,1.949,0.576,0.027,0.798,0.129,1.496,1.456,1.581,0.759,1.067,0.979,-0.008,0.405,0.174,1.391
S460,19,3,3.5,16.4545,16.4545,GM,3.215,1.205,0.791,1.164,0.971,1.04,-0.225,-0.256,1.888,0.797,0.663,0.879,1.72,0.634,0.475,1.132,1.655,0.894,1.13,0.836,1.027,0.928,1.092,1.387,1.112,-0.167,1.068,1.17,1.204,0.544,0.76,0.467,1.268,1.382,1.193,1.925,0.098,1.035,1.949,0.141,0.618,1.004,0.77,0.876,1.043,0.735,0.639,0.067,1.342,0.323
S461,19,4,4.5,16.4545,16.4545,GM,2.204,0.026,0.789,1.71,1.48,1.52,0.429,0.956,1.134,1.626,0.286,1.258,2.071,0.256,1.166,1.173,0.634,0.687,1.291,0.709,1.103,1.365,0.354,1.808,1.776,0.283,0.2,1.228,1.058,0.633,1.566,0.665,1.212,0.821,1.385,1.051,1.397,0.751,1.7,1.264,1.193,1.232,0.419,1.048,1.064,1.204,1.142,1.888,0.581,1.252
S462,19,5,5.5,16.4545,16.4545,GM,2.45,0.526,0.723,1.159,1.824,0.522,1.221,0.594,1.233,-0.016,0.629,0.142,0.833,0.181,1.396,1.227,1.873,1.073,1.632,0.792,1.404,1.685,0.56,1.311,1.056,0.571,1.667,0.689,0.458,1.556,1.757,0.67,0.925,0.449,1.021,0.228,1.184,0.733,0.723,0.802,1.008,1.35,0.358,0.708,0.548,-0.107,1.053,0.83,1,1.093
S463,19,6,6.5,16.4545,16.4545,GM,2.22,0.332,0.008,0.929,0.899,1.405,0.953,0.256,1.286,1.005,1.058,1.216,0.396,0.39,2,1.243,2.316,0.031,1.524,2.244,0.804,0.572,1.117,0.724,1.123,0.688,0.728,1.711,1.389,1.24,0.563,0.095,0.827,0.632,0.299,2.021,1.273,0.771,1.285,1.309,1.057,1.353,1.234,0.972,1.43,0.851,1.378,0.106,1.593,0.209
S464,19,7,7.5,16.4545,16.4545,GM,2.249,1.275,0.782,0.066,1.965,2.093,1.733,1.523,0.363,1.252,0.757,0.677,1.097,1.41,1.005,0.92,1.09,0.777,1.024,0.693,1.115,1.473,1.264,0.64,1.324,1.855,0.898,1.029,0.868,0.449,1.448,0.809,1.621,1.356,1.885,0.893,0.866,0.639,0.825,0.176,0.3,1.554,1.353,0.124,1.22,0.981,1.766,0.37,1.166,1.603
S465,19,8,8.5,16.4545,16.4545,GM,1.899,1.666,1.291,1.412,1.016,2.689,1.633,2.685,0.315,0.986,1.24,1.965,1.368,1.108,1.203,0.861,1.433,0.469,1.272,1.05,1.282,1.37,1.306,0.018,1.372,0.94,1.923,1.007,1.486,0.766,0.721,1.07,0.747,0.503,0.696,0.538,1.042,0.464,1.164,1.039,0.911,1.175,1.236,1.035,1.177,1.183,1.598,1.807,1.057,0.171
S466,19,9,9.5,16.4545,16.4545,GM,1.91,0.858,1.056,0.881,0.869,2.892,0.574,2.505,0.078,0.906,0.186,0.134,1.035,2.442,1.077,0.91,0.675,1.606,0.2,0.667,1.279,0.961,0.236,1.27,1.264,1.453,1.353,0.523,1.393,0.1,0.519,0.808,1.016,1.274,0.244,1.936,1.164,0.806,0.979,1.948,0.173,-0.801,0.959,1.36,1.157,0.697,1.251,0.808,1.53,1.502
S467,19,10,10.5,16.4545,16.4545,GM,3.016,0.568,2.318,0.743,0.559,2.295,1.08,1.73,0.893,0.597,1.13,1.114,1.348,0.32,0.682,-0.05,1.201,0.418,0.596,0.862,0.527,0.937,0.993,1.411,1.687,1.548,1.223,1.109,0.534,-0.105,1.039,0.563,0.819,0.791,1.297,1.464,0.702,1.758,0.316,1.529,1.219,0.687,1.131,0.445,0.966,0.388,0.749,0.74,-0.09,1.116
S468,19,11,11.5,16.4545,16.4545,GM,1.482,0.335,2.331,0.5,1.125,1.342,1.063,1.37,0.541,1.911,1.122,0.987,0.853,1.861,0.943,1.043,1.087,1.431,0.738,0.368,1.005,0.77,1.258,0.851,0.496,0.529,1.277,1.702,-0.461,0.73,1.203,-0.084,0.827,1.19,0.61,-0.217,1.657,0.789,1.441,0.648,1.14,1.289,1.353,0.417,1.201,1.16,1.589,0.441,0.962,1.015
S469,19,12,12.5,16.4545,16.4545,GM,2.523,1.694,2.509,0.687,1.124,1.612,0.981,1.81,1.398,1.616,0.864,0.757,1.003,1.683,0.39,1.349,1.092,1.193,0.835,-0.068,0.225,1.95,1.059,1.191,0.889,1.963,0.079,1.292,1.886,2.43,1.553,0.377,0.684,0.465,1.227,0.829,1.108,1.309,0.578,1.08,1.253,1.639,0.783,1.075,0.665,1.424,1.682,1.598,1.58,1.353
S470,19,13,13.5,16.4545,16.4545,GM,2.641,1.235,1.424,0.312,1.811,1.778,1.746,1.689,1.48,1.449,1.275,0.893,1.83,0.404,1.451,2.228,0.427,1.777,1.076,1.192,0.937,0.603,1.022,-0.627,0.003,0.559,0.452,1.581,1.133,0.81,0.399,0.977,1.143,1.758,0.559,1.722,0.45,1,-0.28,1.534,-0.118,0.61,0.49,1.184,0.444,-0.165,0.223,0.522,1.7,0.359
S471,19,14,14.5,16.4545,16.4545,GM,2.569,1.767,3.008,0.213,1.494,1.991,2.441,1.543,0.511,1.199,1.285,0.609,0.678,-0.116,0.89,1.36,0.943,1.337,1.675,1.134,1.594,0.833,1.057,1.123,0.627,1.518,0.611,0.44,0.565,0.539,0.408,1.693,1.833,1.239,1.418,1.659,1.652,1.33,0.587,0.577,1.353,1.161,1.182,0.618,0.854,0.007,0.649,0.619,1.993,0.113
S472,19,15,15.5,16.4545,16.4545,GM,3.209,1.926,1.625,-0.789,1.415,1.532,1.451,1.403,0.82,1.158,0.731,1.831,0.432,1.201,0.819,0.865,0.991,2.014,1.289,1.136,0.901,1.796,1.354,1.55,0.738,1.809,0.87,0.991,1.531,0.31,0.666,1.1,0.518,-0.036,0.914,0.488,1.858,1.33,1.028,1.76,1.205,0.741,1.271,0.888,1.641,0.029,1.368,0.556,1.16,1.286
S473,19,16,16.5,16.4545,16.4545,GM,3.512,0.893,1.922,0.073,1.068,1.425,1.993,1.852,0.055,0.983,1.783,0.579,0.629,0.586,1.209,0.936,1.264,1.341,0.977,0.786,0.221,0.376,0.187,1.806,1.55,1.168,0.871,1.02,1.429,1.737,0.72,0.86,0.541,1.683,1.545,1.076,1.143,1.059,0.912,1.866,1.287,-0.034,1.159,0.964,0.419,1.588,2.258,1.313,0.865,1.752
S474,19,17,17.5,16.4545,16.4545,GM,2.924,1.224,1.771,0.966,1.494,0.579,2.07,0.736,0.878,1.662,1.481,1.142,1.313,1.722,1.028,0.675,1.149,1.552,0.608,0.804,1.009,1.948,0.998,0.292,0.964,0.593,0.628,0.997,0.427,1.169,1.154,1.333,1.557,0.887,0.954,1.019,1.392,1.578,1.75,0.562,0.92,0.256,1.103,1.584,0.802,0.609,0.757,1.628,0.293,1.347
S475,19,18,18.5,16.4545,16.4545,GM,3.105,1.638,1.604,0.775,2.362,0.837,0.625,0.876,1.052,0.899,1.726,1.177,0.653,1.098,1.469,1.626,1.195,1.091,0.39,1.047,0.828,0.761,1.493,0.851,1.244,1.47,1.093,1.113,1.012,0.087,1.097,0.875,1.445,1.146,1.255,0.748,1.614,0.807,-0.159,0.387,1.468,0.842,0.022,1.002,1.522,1.087,0.805,0.953,1.144,0.331
S476,19,19,19.5,16.4545,16.4545,GM,3.439,0.894,1.445,1.015,1.237,1.305,0.977,1.3,1.336,1.547,0.78,0.191,1.739,0.898,0.802,1.536,0.602,1.077,0.961,1.152,1.147,1.044,0.505,0.446,0.712,0.44,1.648,1.68,0.589,1.205,0.788,2.005,0.753,0.21,0.923,1.465,2.154,0.064,1.448,1.785,2.401,0.54,0.76,0.784,0.918,0.769,1.574,1.494,0.535,0.492
S477,19,20,20.5,16.4545,16.4545,GM,4.01,1.428,1.687,1.413,0.572,0.826,0.904,0.714,0.826,0.913,1.176,1.289,0.903,1.284,0.646,-0.208,2.088,0.876,1.99,1.135,0.89,0.962,1.849,0.742,0.966,0.774,1.054,0.723,0.906,0.037,1.192,0.105,1.967,0.712,0.963,1.069,1.352,1.886,1.101,1.22,0.692,1.125,1.183,0.777,1.145,1.567,0.863,0.737,2.123,1.46
S478,19,21,21.5,16.4545,16.4545,GM,3.399,1.693,1.974,1.257,0.832,0.6,0.535,1.916,-0.108,0.981,0.434,1.221,1.755,0.865,1.17,1.38,1.623,0.098,1.216,-0.248,0.493,0.947,1.206,0.981,0.87,1.119,1.203,1.41,1.009,0.465,0.8,0.633,0.671,0.565,1.486,0.376,1.419,1.415,1.309,0.651,0.752,1.476,1.13,0.767,0.873,1.333,1.079,1.377,1.202,-0.181
S479,19,22,22.5,16.4545,16.4545,GM,2.585,1.341,2.276,1.396,2.491,0.593,0.577,1.099,-0.655,0.215,0.715,0.733,0.733,-0.131,2.201,1.066,1.677,0.513,1.123,0.906,0.787,1.097,0.962,0.766,0.667,1.235,0.571,0.225,0.638,0.48,0.977,0.924,1.033,1.246,1.326,0.801,0.683,1.739,1.441,1.867,0.18,0.595,0.329,0.731,0.751,1.285,1.06,2.21,1.403,2.094
S480,19,23,23.5,16.4545,16.4545,GM,3.524,1.245,1.656,1.497,1.318,0.459,0.875,0.948,0.184,1.24,1.813,0.696,0.729,0.947,0.812,0.481,1.169,1.207,0.56,1.279,0.16,1.363,1.447,0.577,0.889,1.75,1.79,1.543,0.616,0.342,1.875,1.242,1.746,0.325,1.451,1.045,-0.08,1.393,0.526,1.803,1.224,0.904,0.077,0.888,0.927,0.21,0.979,1.208,1.538,1.671
S481,20,0,0,17.3205,17.3205,WM,4.207,1.143,0.531,1.787,0.487,0.61,0.713,1.172,1.294,2.027,1.232,1.085,0.679,1.653,1.937,-0.116,1.005,0.907,0.54,1.023,0.911,1.214,0.144,0.749,0.732,1.257,0.655,1.877,1.061,0.825,1.498,1.086,0.752,0.519,2.282,1.981,1.046,0.228,0.043,1.154,1.237,1.339,0.84,1.303,1.105,0.974,1.485,0.296,1.805,0.852
S482,20,1,1,17.3205,17.3205,WM,4.875,1.419,0.868,0.338,1.789,1.209,0.568,0.455,1.5,1.001,1.366,1.342,1.793,0.941,1.454,1.451,1.058,1.199,1.838,0.445,1.299,1.812,0.866,1.797,0.937,1.146,0.065,1.864,-0.063,1.919,0.499,0.015,0.368,1.004,0.917,1.773,0.79,1.117,1.326,0.507,1.263,1.722,1.583,0.532,1.042,2.027,2.194,1.031,1.081,1.736
S483,20,2,2,17.3205,17.3205,WM,3.432,1.083,1.394,0.811,1.139,0.874,0.456,0.769,0.469,1.751,0.647,1.065,1.295,1.703,0.112,2.011,0.824,0.899,1.035,1.377,1.352,-0.48,0.653,1.695,1.084,1.487,1.457,1.382,0.728,1.221,0.219,0.901,0.663,0.75,0.735,0.947,0.596,1.547,1.61,0.687,1.024,0.851,1.547,0.087,0.981,1.058,0.821,1.292,0.148,1.469
S484,20,3,3,17.3205,17.3205,WM,3.243,0.223,1.653,1.063,0.809,0.233,0.003,1.389,1.216,0.703,0.598,1.003,0.986,1.13,0.632,1.641,1.13,0.296,0.607,0.892,2.39,0.614,1.074,1.159,1.541,0.959,0.35,0.629,1.145,1.672,1.115,0.791,1.187,1.791,1.18,0.879,1.004,1.797,1.163,1.219,1.352,1.817,0.614,1.254,1.282,1.087,1.721,0.622,1.386,1.51
S485,20,4,4,17.3205,17.3205,WM,3.817,0.369,1.426,0.228,1.229,0.476,1.723,1.796,1.99,0.933,0.937,0.577,2.161,1.716,1.123,0.637,1.138,0.672,0.613,0.33,0.707,0.614,1.528,1.665,0.754,1.482,1.165,0.401,0.444,0.989,1.159,1.643,0.761,1.892,1.417,0.211,0.548,0.577,0.765,1.339,0.555,1.315,1.03,0.636,0.487,0.97,0.57,0.187,0.942,1.26
S486,20,5,5,17.3205,17.3205,WM,1.679,0.349,1.13,0.828,1.316,0.664,0.884,0.168,1.125,1.195,1.11,1.25,0.313,0.716,0.428,1.307,1.708,0.868,1.357,0.858,0.538,1.933,1.126,0.825,1.278,0.892,1.151,1.681,0.845,0.891,0.632,1.531,0.965,0.127,1.042,0.481,1.375,1.072,1.732,0.491,0.918,0.802,0.49,0.217,0.746,0.818,2.488,1.402,1.089,1.379
S487,20,6,6,17.3205,17.3205,WM,1.646,0.308,1.099,2.013,2.514,1.342,0.824,-0.028,1.024,1.079,0.84,0.864,0.94,1.675,2.688,1.401,0.651,0.974,1.37,0.777,1.129,2.303,1.104,1.449,0.352,1.758,0.63,1.219,0.535,1.191,0.728,0.387,1.864,1.373,1.217,1.368,0.462,0.677,-0.789,1.078,1.392,1.024,1.237,1.247,0.966,1.018,0.872,2.223,0.021,2.05
S488,20,7,7,17.3205,17.3205,WM,3.349,0.46,1.065,0.948,2.384,0.959,1.499,1.511,1.09,1.247,0.619,1.474,0.675,0.699,0.617,1.05,1.153,0.919,1.045,0.689,0.125,0.979,0.966,0.932,0.816,0.214,1.189,0.937,1.028,1.557,0.743,0.487,1.365,1.099,1.314,1.284,-0.302,0.984,0.442,0.861,0.729,0.957,0.767,0.209,1.22,1.207,0.363,1.663,0.408,0.896
S489,20,8,8,17.3205,17.3205,WM,1.947,0.488,1.117,0.95,1.506,2.384,1.018,1.883,0.905,1.215,0.806,1.366,1.214,1.144,0.464,0.545,1.635,0.688,0.754,0.901,0.99,1.121,0.794,1.126,0.721,0.731,1.214,1.254,0.613,1.195,1.08,-0.249,1.515,0.532,1.074,0.089,0.481,1.035,1.178,0.372,1.247,1.283,1.733,1.288,0.223,0.951,0.555,0.068,-0.071,1.367
S490,20,9,9,17.3205,17.3205,WM,2.487,1.776,0.978,1.513,1.131,1.976,1.52,1.575,0.549,0.676,1.143,0.568,0.971,1.196,2.021,1.38,-0.067,1.643,0.747,1.302,0.576,1.581,1.608,2.117,0.22,0.77,1.531,1.608,1.071,0.245,0.613,1.219,0.83,0.131,0.82,1.176,1.355,0.895,0.656,1.929,0.435,0.346,0.436,0.701,1.109,1.557,1.971,1.21,1.267,1.327
S491,20,10,10,17.3205,17.3205,WM,1.596,0.749,1.018,0.401,0.808,2.917,1.042,1.728,0.557,0.242,0.265,0.792,0.085,0.579,0.854,0.872,0.828,-0.075,0.516,0.799,1.229,1.818,1.429,0.807,1.161,0.549,1.353,1.591,2.477,1.458,0.947,1.364,1.158,1.169,0.669,1.036,1.234,-0.569,0.286,0.447,0.627,0.931,1.518,0.664,1.12,0.701,1.629,0.988,1.276,0.604
S492,20,11,11,17.3205,17.3205,WM,2.954,0.555,0.926,0.864,0.611,1.657,1.116,2.104,0.143,1.614,0.769,1.283,1.024,0.249,2.078,0.739,0.383,0.268,1.304,0.389,0.861,0.484,1.149,1.999,1.026,0.731,0.958,1.769,0.689,1.725,1.566,1.807,0.329,1.159,0.439,0.405,1.737,1.366,0.745,1.276,-0.467,0.663,1.094,0.233,1.605,0.757,1.052,1.455,0.995,0.919
S493,20,12,12,17.3205,17.3205,WM,2.133,1.418,1.969,1.709,1.238,1.331,0.356,1.346,1.049,0.741,1.811,1.887,0.979,2.071,0.814,1.367,1.28,1.103,0.976,0.635,0.663,0.76,0.689,0.716,0.472,0.951,0.971,1.662,1.515,1.221,0.037,0.512,1.497,1.588,0.733,1.793,1.405,1.206,1.445,1.909,1.499,1.976,0.879,0.621,1.212,1.146,1.175,1.228,1.332,0.879
S494,20,13,13,17.3205,17.3205,WM,2.101,0.773,2.421,-0.06,1.351,1.291,0.756,1.827,0.557,1.554,1.195,0.38,1.056,0.737,0.298,1.216,1.337,0.587,1.691,0.928,0.554,0.668,0.546,1.398,0.242,0.25,1.435,0.724,0.833,1.228,0.12,-0.177,1.283,1.665,0.266,0.66,1.05,0.427,0.903,0.267,1.521,1.607,0.484,2.061,1.027,0.865,1.513,0.844,0.847,0.56
S495,20,14,14,17.3205,17.3205,WM,2.076,0.195,1.448,0.884,0.991,2.072,1.847,2.568,1.018,0.176,0.506,0.194,0.951,1.156,0.871,1.335,0.913,0.622,1.104,1.048,0.688,1.082,0.621,1.66,1.218,0.636,-0.214,1.92,0.848,0.533,0.77,0.897,1.215,1.819,1.226,0.695,1.448,0.289,1.131,0.993,1.205,0.976,1.241,1.721,1.061,2.543,1.921,1.506,1.595,1.487
S496,20,15,15,17.3205,17.3205,WM,2.484,0.085,2.358,0.959,1.228,1.357,1.364,1.905,1.143,2.25,1.543,1.673,2.473,0.769,1.383,1.161,1.392,0.669,0.977,1.258,0.53,1.359,1.136,0.828,0.832,0.649,2.177,0.61,1.094,0.899,0.477,1.074,0.698,1.83,1.442,1.017,0.276,1.06,0.334,1.564,1.204,1.087,0.796,1.161,1.628,0.796,0.161,0.727,0.448,1.47
S497,20,16,16,17.3205,17.3205,WM,2.485,1.249,2.666,0.25,1.966,1.161,1.338,1.459,0.497,1.995,1.369,1.045,2.248,1.333,1.51,1.399,2.065,1.568,1.536,1.44,0.647,1.321,0.736,0.917,0.179,1.272,1.245,1.212,1.349,0.12,1.374,1.184,1.292,1.988,1.219,0.066,0.412,1.116,1.264,0.849,1.217,0.87,1.35,1.56,1.084,0.27,0.447,0.759,1.635,1.274
S498,20,17,17,17.3205,17.3205,WM,2.81,0.237,1.311,0.491,1.772,1.122,0.697,0.947,-0.155,1.251,0.708,0.922,1.945,1.006,0.824,1.161,1.823,0.832,0.302,0.325,0.914,0.67,1.461,1.098,1.139,0.42,-0.631,0.99,1.444,0.506,1.148,1.487,0.62,1.174,1.097,0.777,0.379,0.4,0.8,0.401,1.317,1.669,1.873,0.738,0.272,0.737,1.991,1.481,0.428,1.117
S499,20,18,18,17.3205,17.3205,WM,2.987,0.968,2.201,0.388,1.691,0.627,0.891,0.994,0.333,0.356,0.826,1.618,0.109,0.236,0.842,0.672,1.77,0.908,0.541,0.665,-0.618,1.358,0.685,1.244,0.604,1.015,0.818,1.043,0.544,1.175,1.396,0.501,0.789,1.748,0.921,0.901,0.387,0.933,1.178,1.017,1.817,0.961,1.117,1.365,1.39,0.155,0.499,1.328,0.984,0.991
S500,20,19,19,17.3205,17.3205,WM,3.158,1.715,1.616,0.127,0.951,-0.469,0.699,0.283,0.848,1.993,0.658,1.058,1.327,0.002,0.952,0.672,0.974,0.896,0.304,1.261,1.872,1.783,1.266,0.699,1.12,1.483,1.197,1.425,1.347,0.042,0.739,0.73,1.738,0.592,1.233,0.424,1.355,0.713,0.62,0.692,2.021,1.167,1.811,0.229,1.116,1.169,1.575,0.74,0.474,1.52
S501,20,20,20,17.3205,17.3205,WM,3.546,1.035,1.947,0.892,1.621,0.567,1.53,0.433,0.539,1.263,0.854,1.784,0.948,0.537,1.251,1.919,1.617,1.927,1.116,1.706,0.929,1.12,0.908,0.727,0.187,0.828,1.448,0.591,2.202,1.541,0.663,0.087,1.556,1.527,1.351,1.151,0.509,1.136,0.256,0.823,0.936,1.228,0.504,0.522,1.339,0.666,1.542,0.763,1.278,0.841
S502,20,21,21,17.3205,17.3205,WM,3.097,0.648,2.028,0.606,0.706,-0.041,0.368,1.357,-0.196,1.223,0.502,0.361,1.37,0.901,0.779,1.492,0.592,0.48,1.23,0.992,0.432,1.126,0.741,-0.012,0.485,1.568,1.126,0.702,1.332,2.509,1.07,1.331,2.036,1.091,1.325,0.76,0.613,0.864,1.243,1.381,1.118,1.164,1.104,1.359,1.743,1.448,0.687,1.421,1.101,0.927
S503,20,22,22,17.3205,17.3205,WM,2.599,0.816,1.82,0.697,0.683,0.329,0.935,0.43,0.362,0.882,0.528,0.038,1.026,-0.07,1.039,1.391,1.252,1.296,1.098,0.053,0.356,1.236,1.039,0.906,1.069,1.877,1.368,0.68,1.019,1.069,1.154,1.478,1.411,0.626,1.662,0.862,1.485,1.497,1.336,1.42,1.335,0.997,1.537,1.552,1.193,0.393,1.296,0.85,0.438,1.081
S504,20,23,23,17.3205,17.3205,WM,3.905,1.098,1.69,1.1,1.887,0.931,0.773,0.893,0.6,1.169,1.277,0.651,1.565,1.493,1.575,1.694,0.674,1.796,0.794,0.989,1.114,1.028,1.472,1.602,1.281,1.147,0.568,1.465,0.59,1.24,0.366,0.61,0.68,0.939,0.925,1.027,1.441,1.559,1.714,0.314,0.523,1.723,1.872,1.004,1.987,1.249,1.318,0.627,1.488,1.063
S505,21,0,0.5,18.1865,18.1865,WM,4.996,1.062,0.449,0.747,1.658,1.45,0.738,1.35,1.456,1.672,0.696,0.879,1.09,0.697,0.895,1.431,0.987,2.021,1.402,1.73,0.821,0.892,1.051,0.473,1.223,1.775,1.057,1.557,0.92,0.178,0.672,1.544,0.783,-0.21,1.232,-0.162,1.093,0.81,0.984,0.887,0.517,0.942,0.86,0.337,1.242,0.34,1.218,0.854,0.987,1.317
S506,21,1,1.5,18.1865,18.1865,WM,3.986,0.767,-0.454,0.992,0.839,0.599,0.637,0.763,1.14,0.531,1.154,1.548,0.653,0.663,0.675,0.499,1.449,1.971,1.228,1.269,0.84,0.978,1.451,1.063,0.493,0.889,0.857,1.121,0.042,1.219,0.693,1.191,0.743,0.139,0.904,0.821,0.704,1.137,1.441,1.674,2.117,0.554,1.777,1.426,0.217,0.983,1.349,0.535,0.961,0.246
S507,21,2,2.5,18.1865,18.1865,WM,5.334,0.653,1.421,1.324,1.643,0.11,0.615,0.276,0.795,0.531,1.427,0.812,1.197,0.679,1.122,1.194,1.364,0.242,0.924,0.683,1.002,1.128,1.269,1.05,1.879,0.908,1.619,1.446,1.823,1.206,0.784,1.909,1.241,0.722,1.141,0.706,0.823,0.546,1.613,0.042,0.764,-0.369,1.287,0.865,1.386,0.421,0.114,0.683,0.654,-0.334
S508,21,3,3.5,18.1865,18.1865,WM,3.833,1.967,0.816,1.43,1.115,0.749,0.279,0.917,2.312,1.392,0.779,0.588,1.038,0.937,0.976,0.524,1.404,1.173,0.479,1.133,1.05,1.448,1.358,-0.052,0.642,0.913,0.778,1.008,1.075,1.631,0.977,0.401,1.585,1.603,2.241,1.39,1.262,1.256,1.023,1.338,1.748,1.254,1.067,1.06,1.176,1.116,0.954,1.034,1.561,0.476
S509,21,4,4.5,18.1865,18.1865,WM,2.866,1.278,1.279,0.143,1.946,0.862,1.022,1.516,1.645,2.894,1.765,1.886,1.649,0.414,1.439,1.212,1.538,1.466,1.37,0.725,0.954,1.246,0.562,1.137,0.715,1.025,0.365,0.877,0.859,0.555,1.17,1.238,0.784,1.267,1.13,0.717,0.668,1.016,1.47,1.636,0.759,0.842,0.47,2.109,0.299,0.58,1.572,1.088,1.298,0.655
S510,21,5,5.5,18.1865,18.1865,WM,1.681,0.438,1.179,1.099,1.787,0.877,1.776,0.949,1.267,1.6,1.015,0.389,1.386,0.883,0.887,1.575,0.717,0.812,1.092,0.996,1.861,0.539,0.642,0.888,0.761,1.089,0.552,0.118,0.32,1.528,1.503,1.24,1.481,1.064,1.39,1.577,-0.102,0.708,1.221,1.006,1.197,0.73,0.785,0.886,1.553,1.465,1.808,0.606,0.595,1.404
S511,21,6,6.5,18.1865,18.1865,WM,2.07,0.845,0.68,1.158,2.08,1.658,1.156,1.228,1.488,1.69,1.493,1.479,1.623,0.982,1.185,1.291,1.749,1.044,1.391,0.986,0.507,0.584,-0.194,1.107,0.395,1.262,1.503,0.548,1.497,0.582,0.625,1.508,1.816,1.113,0.712,1.151,1.296,2.022,0.555,0.785,0.901,2.147,1.209,1.109,0.413,1.203,1.255,1.377,0.311,1.027
S512,21,7,7.5,18.1865,18.1865,WM,2.875,1.414,-0.323,0.628,1.736,1.523,1.111,1.227,1.486,1.132,0.99,1.328,0.578,0.565,0.545,1.707,0.746,1.443,1.169,1.977,0.944,0.534,1.668,0.96,1.096,0.67,0.96,1.49,1.596,1.096,1.123,0.628,0.498,1.601,0.98,0.631,0.608,1.637,1.258,0.164,0.542,0.812,0.718,0.697,0.339,1.516,0.303,0.401,1.019,0.851
S513,21,8,8.5,18.1865,18.1865,WM,2.533,1.329,0.6,0.769,2.196,1.366,1.109,2.251,1.012,1.528,-0.287,0.653,0.495,1.537,1.637,0.815,0.904,0.89,1.055,0.438,0.523,1.568,0.765,0.719,1.796,-0.113,1.267,1.05,1.36,1.163,1.181,1.363,1.012,0.697,1.285,1.875,0.512,0.285,1.765,0.672,1.794,0.792,0.776,1.717,0.433,0.654,0.609,0.787,1.797,1.392
S514,21,9,9.5,18.1865,18.1865,WM,2.923,0.887,0.081,0.045,1.005,1.38,1.313,2.219,0.381,1.277,-0.72,1.134,1.339,1.52,0.949,1.124,1.35,1.444,0.737,1.015,1.705,0.541,1.722,0.713,0.312,0.293,1.402,1.565,0.918,0.57,0.751,1.574,0.266,1.55,1.582,1.113,2.471,0.891,0.752,1.417,0.676,1.105,1.678,0.214,0.847,0.731,1.359,-0.035,0.45,1.937
S515,21,10,10.5,18.1865,18.1865,WM,3.169,1.554,1.141,0.446,0.223,1.826,0.782,1.483,1.145,0.746,0.506,1.176,1.292,1.284,0.792,1.123,1.698,1.663,0.899,0.994,0.821,0.654,1.053,0.639,1.673,1.205,0.782,0.938,0.477,0.837,1.319,2.124,0.647,1.413,0.745,0.218,0.57,0.201,0.975,0.31,1.393,1.14,0.756,1.451,1.058,0.891,1.176,0.042,1.111,1.629
S516,21,11,11.5,18.1865,18.1865,WM,3.545,1.438,1.549,1.065,1.313,1.975,0.761,1.84,0.47,1.183,1.339,1.926,2.042,0.584,0.787,0.409,-0.116,0.906,0.909,1.844,0.225,1.059,0.737,1.561,1.436,1.108,1.646,0.984,0.785,1.364,1.132,2.092,1.111,0.984,0.698,0.922,1.019,0.733,0.915,0.842,0.323,-0.025,1.005,1.412,0.848,0.979,1.482,0.385,0.797,1.887
S517,21,12,12.5,18.1865,18.1865,WM,2.009,0.531,1.89,-0.219,1.347,1.543,0.996,1.544,0.817,0.914,0.655,0.11,0.986,0.67,0.908,0.564,0.361,0.42,0.729,0.771,-0.357,0.564,0.202,0.796,0.154,0.323,1.491,0.278,1.039,0.653,1.614,0.284,0,0.167,1.107,1.432,1.616,1.237,1.368,0.922,0.663,1.523,1.099,0.908,1.381,1.089,0.788,0.599,2.011,1.64
S518,21,13,13.5,18.1865,18.1865,WM,1.359,0.496,1.501,0.28,0.747,1.163,1.142,1.426,0.913,1.381,1.131,1.252,1.318,0.71,1.691,1.567,1.18,1.1,1.339,1.632,0.718,1.689,1.167,0.349,1.817,1.287,1.769,0.759,0.918,0.586,0.27,0.798,0.55,1.089,0.921,0.923,0.833,1.185,1.868,1.68,0.288,1.755,0.299,0.755,1.201,1.427,1.778,0.511,0.278,1.283
S519,21,14,14.5,18.1865,18.1865,WM,2.88,0.779,2.618,0.999,1.278,1.959,1.008,1.314,1.028,0.572,0.284,0.597,1.411,1.641,1.876,0.792,2.145,0.42,1.189,0.138,1.238,1.489,1.242,0.863,1.576,0.297,1.532,1.574,1.02,1.688,1.221,0.464,0.551,1.768,1.015,0.569,1.039,0.899,1.024,0.607,0.627,0.106,0.623,1.357,0.162,0.281,0.438,1.572,1.058,1.17
S520,21,15,15.5,18.1865,18.1865,WM,2.896,0.546,1.761,1.135,1.734,1.505,1.575,1.95,0.95,1.142,0.681,0.654,0.507,1.893,0.784,1.22,0.599,1.548,0.781,0.662,0.835,1.134,1.216,1.486,0.613,-0.028,1.168,-0.792,0.996,0.95,1.063,0.384,1.062,0.908,1.675,2.002,1.444,1.282,0.44,1.26,0.988,1.706,0.983,1.13,1.096,0.92,0.833,1.339,0.836,1.022
S521,21,16,16.5,18.1865,18.1865,WM,3.736,1.491,2.153,0.523,1.155,0.72,0.515,1.891,0.595,1.578,0.741,1.044,-0.488,0.664,1.575,1.728,0.669,1.233,1.249,1.222,0.936,1.605,0.459,1.347,0.969,1.311,0.763,0.943,0.619,1.467,0.489,0.173,0.476,0.698,0.304,0.555,0.987,1.423,0.884,0.276,1.082,1.042,1.742,0.469,1.497,1.512,1.456,0.791,0.809,1.421
S522,21,17,17.5,18.1865,18.1865,WM,3.399,1.433,1.705,1.09,1.871,0.581,0.97,1.352,0.713,1.174,0.616,1.192,1.292,1.134,1.261,1.454,0.866,1.365,1.224,1.887,0.909,1.058,1.285,0.975,0.464,0.832,1.337,1.684,1.631,0.16,0.385,0.369,0.851,1.523,1.485,1.556,1.441,1.3,0.532,0.82,1.681,1.787,1.153,1.519,1.688,1.386,1.883,1.099,0.798,0.322
S523,21,18,18.5,18.1865,18.1865,WM,4.678,0.686,1.717,0.032,1.671,0.254,0.647,0.866,1.291,1.772,0.383,1.446,0.52,0.862,0.634,1.46,0.431,1.701,1.769,0.749,1.743,0.527,1.083,0.863,2.646,1.328,2.103,1.275,0.254,0.863,0.146,0.146,1.115,0.486,1.376,0.226,0.666,2.208,1.319,0.575,0.49,0.711,0.469,1.084,0.905,1.136,1.23,1.508,1.15,1.765
S524,21,19,19.5,18.1865,18.1865,WM,3.608,1.271,2.081,0.114,1.063,0.253,0.192,0.372,0.782,2.064,1.466,0.362,1.416,0.964,1.127,1.013,1.283,1.053,1.153,1.362,1.354,0.672,2.092,0.737,1.248,0.726,0.731,0.857,1.764,1.225,1.203,1.08,0.998,0.393,1.417,1.516,0.631,1.065,0.84,1.261,-0.036,0.188,0.273,0.65,0.938,1.108,2.099,1.497,0.773,0.574
S525,21,20,20.5,18.1865,18.1865,WM,4.441,1.677,2.13,1.139,1.194,-0.034,0.805,0.117,-0.061,1.346,1.133,0.71,1.201,0.632,0.977,1.593,1.918,1.232,1.838,1.249,0.753,0.995,1.585,1.099,0.751,1.617,0.386,0.904,0.854,2.087,0.71,1.59,1.025,0.885,1.078,1.117,1.517,0.267,0.937,-0.203,1.144,1.369,0.916,2.075,0.827,1.123,1.281,0.479,0.336,1.182
S526,21,21,21.5,18.1865,18.1865,WM,2.695,1.617,1.733,1.16,1.094,0.799,1.333,1.236,0.21,0.791,0.926,0.662,1.715,1.779,1.403,1.206,0.876,1.751,0.765,1.574,1.322,0.934,0.465,0.847,1.216,-0.114,1.719,1.599,0.623,0.201,0.805,2.281,0.514,0.929,0.796,1.905,1.658,0.603,0.945,0.278,-0.047,1.153,1.731,0.468,0.813,0.023,0.239,1.735,0.58,1.551
S527,21,22,22.5,18.1865,18.1865,WM,3.586,1.421,1.769,1.705,0.937,0.643,0.871,0.221,0.316,2.284,0.378,1.919,0.246,1.677,0.533,1.246,-0.379,1.008,0.114,0.443,0.678,1.31,1.472,0.88,1.184,1.015,0.423,1.007,0.468,0.231,-0.022,1.483,1.849,0.145,1.13,1.053,1.416,1.435,1.421,1.788,0.529,1.888,1.529,0.713,0.876,0.333,0.372,-0.007,0.015,1.716
S528,21,23,23.5,18.1865,18.1865,WM,4.78,0.332,1.097,1.065,1.238,0.813,0.169,1.629,-0.031,0.787,0.452,1.785,1.138,1.706,0.943,1.098,1.84,1.689,1.195,0.966,1.151,0.934,2.234,1.054,1.2,0.465,0.625,1.039,0.413,1.495,1.346,1.424,0.681,0.599,1.75,1.422,1.519,0.362,0.786,1.397,1.283,1.342,1.736,0.956,0.519,0.675,1.256,0.996,0.922,1.012
S529,22,0,0,19.0526,19.0526,WM,5.158,0.968,0.59,-0.256,0.97,1.118,0.899,0.989,1.311,1.626,1.389,0.709,1.458,1.535,1.138,0.824,0.957,0.614,1.587,1.269,1.416,0.848,1.078,0.794,0.899,1.196,1.318,0.897,0.566,0.252,0.413,1.479,1.448,1.505,1.686,0.788,0.474,0.957,0.714,0.89,0.806,1.749,0.978,0.766,-0.285,1.805,0.069,0.621,1.197,-0.171
S530,22,1,1,19.0526,19.0526,WM,4.314,1.693,-0.038,1.226,1.3,-0.293,0.799,0.565,0.314,0.493,0.517,0.514,-0.005,1.252,0.582,2.037,0.57,-0.083,1.077,0.839,1.141,1.837,0.826,1.772,0.874,1.758,0.964,0.754,1.132,1.185,0.97,1.199,0.334,1.045,0.822,0.531,0.427,1.248,0.437,0.96,0.877,0.653,1.283,1.283,0.396,0.909,1.286,1.269,1.311,1.484
S531,22,2,2,19.0526,19.0526,WM,4.33,0.241,0.119,0.503,0.87,0.854,0.165,0.51,0.262,0.012,1.152,1.229,1.229,1.109,1.838,0.803,1.195,0.57,0.39,0.904,1.663,0.967,1.17,0.612,0.914,1.475,1.547,0.744,0.445,1.221,1.037,1.203,1.172,1.311,0.909,0.87,1.416,1.332,0.204,0.883,0.801,1.022,0.859,1.273,0.318,1.823,0.725,0.476,0.828,0.625
S532,22,3,3,19.0526,19.0526,WM,3.402,0.884,0.525,0.294,0.327,-0.782,0.013,1.091,1.234,0.923,0.506,0.257,0.587,0.187,0.7,1.469,1.36,1.857,-0.336,0.408,1.014,1.206,0.536,0.374,0.866,0.397,1.07,0.783,0.986,1.417,1.371,0.996,0.845,1.468,0.604,1.852,1.293,1.26,1.093,-0.233,0.456,1.045,1.365,1.123,1.746,0.559,2.522,0.114,-0.118,0.377
S533,22,4,4,19.0526,19.0526,WM,4.104,0.999,1.254,1.015,1.867,0.849,-0.607,1.419,1,0.965,1.488,1.011,1.103,0.6,1.031,0.636,1.059,0.865,1.547,1.54,2.068,0.471,0.915,1.182,1.177,1.874,1.694,1.515,1.582,1.213,1.222,0.893,1.811,1.141,0.73,0.624,1.228,1.253,1.45,0.012,1.399,1.271,1.514,0.829,1.262,0.948,-0.017,0.836,0.663,0.614
S534,22,5,5,19.0526,19.0526,WM,3.643,1.243,1.087,0.53,2.373,0.183,1.013,1.086,1.51,0.962,1.354,0.715,1.615,1.364,0.496,1.214,1.019,1.111,1.655,0.992,0.764,1.059,0.753,0.55,1.011,1.425,0,0.079,0.906,0.675,1.047,1.323,0.784,1.651,1.359,1.633,1.896,1.155,1.036,0.792,0.648,0.923,1.214,0.947,0.684,0.553,1.119,1.581,1.782,0.876
S535,22,6,6,19.0526,19.0526,WM,2.816,0.7,1.275,1.512,2.099,1.901,0.875,-0.326,1.995,1.15,0.315,0.9,0.887,2.148,1.223,0.751,1.101,0.376,1.068,1.374,0.997,0.597,1.334,1.144,0.422,1.13,1.263,0.782,0.195,1.135,1.153,0.743,0.908,0.658,1.331,1.26,1.826,0.848,1.185,0.847,1.466,0.754,0.282,1.166,1.062,1.459,1.06,0.875,0.295,1.044
S536,22,7,7,19.0526,19.0526,WM,1.833,0.898,1.693,0.559,2.404,1.128,1.189,0.116,1.184,1.199,0.614,1.483,1.168,1.453,0.228,1.065,1.715,2.022,0.547,1.505,0.505,0.555,1.243,0.719,1.602,0.379,0.833,0.68,1.469,0.729,0.549,1.013,0.798,1.396,-0.077,0.132,0.679,1.399,0.901,1.426,0.861,1.17,0.413,1.418,1.239,0.639,0.449,0.57,1.122,1.108
S537,22,8,8,19.0526,19.0526,WM,3.177,1.521,0.698,-0.1,1.796,1.383,1.041,1.111,1.423,0.338,0.897,1.751,1.445,0.681,0.679,1.165,1.009,0.176,1.945,1.012,0.421,0.663,1.08,0.828,1.81,1.383,-0.097,0.894,0.614,1.441,1.464,0.795,1.681,1.28,1.005,0.349,0.727,0.621,1.71,0.649,1.085,0.661,1.593,1.055,1.205,1.556,1.031,0.236,1.224,1.12
S538,22,9,9,19.0526,19.0526,WM,2.721,2.207,0.757,0.488,2.056,1.907,1.215,2.157,1.044,1.168,0.943,0.198,1.236,1.025,1.489,0.8,1.986,1.133,-0.504,0.675,0.631,0.987,0.708,0.939,0.994,1.073,1.04,1.166,0.414,1.178,0.815,0.964,0.977,1.746,0.527,0.109,-0.267,1.545,1.047,0.756,0.326,1.13,0.971,0.924,1.317,1.208,0.476,1.143,0.263,0.775
S539,22,10,10,19.0526,19.0526,WM,3.436,0.811,1.203,0.549,2.177,1.863,0.487,2.145,0.876,1.634,0.919,0.68,1.145,1.712,1.286,1.379,1.147,0.73,0.57,0.798,1.839,0.811,1.937,1.097,0.994,1.391,0.551,1.233,0.745,0.577,0.928,1.369,1.069,1.131,0.453,0.365,0.981,0.582,0.676,0.464,0.849,1.061,1.077,1.075,0.004,1.365,0.876,1.018,1.132,1.626
S540,22,11,11,19.0526,19.0526,WM,2.723,1.377,1.513,0.392,1.296,1.191,0.097,1.599,1.489,1.733,1.819,0.878,1.209,1.192,-0.499,1.047,0.61,0.978,1.074,1.244,1.586,0.358,0.474,1.623,0.488,0.641,1.303,0.166,1.384,0.333,0.139,0.506,0.778,1.068,0.07,1.311,0.305,1.141,1.127,0.74,1.03,0.721,0.82,0.793,0.679,0.853,0.749,1.573,1.243,0.621
S541,22,12,12,19.0526,19.0526,WM,3.395,0.933,0.396,0.605,0.138,1.837,0.658,2.393,0.242,1.396,1.161,0.837,1.2,0.85,0.809,1.06,1.003,1.131,0.635,1.107,1.382,0.656,1.071,1.521,2.052,1.24,0.977,0.376,1.184,0.896,0.559,1.159,0.611,0.831,1.662,1.239,0.234,1.267,0.645,0.857,0.286,0.324,1.413,0.981,0.917,0.071,1.254,1.477,1.358,1.428
S542,22,13,13,19.0526,19.0526,WM,3.581,0.32,1.286,0.695,0.204,1.04,1.541,1.676,0.759,1.428,0.596,0.148,0.614,0.625,0.866,1.176,1.201,1.327,0.925,1.541,1.595,1.645,1.227,0.756,0.849,1.557,0.12,1.509,1.349,0.096,1.306,0.225,0.843,0.892,1.108,1.122,1.916,0.779,1.341,1.342,1.008,0.538,1.698,0.877,1.025,2.22,1.139,0.63,0.838,0.625
S543,22,14,14,19.0526,19.0526,WM,3.125,0.477,0.848,0.391,0.784,1.476,1.38,1.289,0.958,1.182,0.924,2.277,0.289,0.582,0.632,1.317,1.234,1.232,0.342,1.491,0.545,0.589,1.062,1.416,0.472,0.817,0.866,1.12,0.819,0.51,1.434,0.21,1.314,0.928,1.159,1.208,1.328,0.721,0.45,1.184,1.32,1.173,1.182,0.959,0.767,0.464,0.756,1.049,1.694,0.84
S544,22,15,15,19.0526,19.0526,WM,4.18,-0.125,2.221,0.944,1.497,1.327,0.259,0.697,0.438,1.96,0.847,0.38,0.373,1.386,1.406,1.056,1.529,0.863,1.171,0.793,0.469,0.47,0.439,0.091,0.475,1.043,0.8,0.325,1.076,0.396,0.677,1.943,1.588,1.165,0.469,0.8,0.585,0.742,0.595,0.22,1.688,0.892,0.986,0.705,0.736,1.03,1.177,0.774,1.396,1.655
S545,22,16,16,19.0526,19.0526,WM,3.912,0.735,2.008,0.133,2.136,0.577,0.855,1.497,0.503,1.391,0.546,0.521,1.304,1.799,0.626,0.657,-0.007,1.657,0.801,0.906,0.615,1.518,1.285,1.095,-0.283,0.624,2.108,1.029,0.479,0.439,1.526,0.674,1.238,1.138,2.06,1.047,-0.023,0.915,1.763,1.531,0.44,0.312,1.237,1.108,1.074,0.618,1.042,1.111,0.551,0.914
S546,22,17,17,19.0526,19.0526,WM,2.519,0.512,2.203,-0.166,1.443,1.264,1.917,1.547,0.193,1.992,1.136,1.262,1.513,1.294,2.039,0.297,0.67,0.757,1.893,2.215,1.307,1.429,1.594,1.632,0.95,1.085,1.196,0.977,1.462,1.113,1.318,0.645,1.853,0.478,0.264,1.704,-0.193,0.839,1.403,0.994,0.574,1.846,1.021,0.681,1.133,0.654,0.747,0.923,0.785,1.019
S547,22,18,18,19.0526,19.0526,WM,3.622,0.767,2.428,0.076,1.59,0.47,1.158,0.902,0.891,1.384,0.916,0.992,0.295,1.308,0.736,1.849,0.556,2.033,-0.155,1.534,1.109,1.358,0.819,1.226,0.209,1.659,1.511,1.668,1.623,0.549,0.637,1.067,0.347,1.113,1.188,0.509,1.407,1.467,0.884,0.984,1.285,0.188,0.888,0.416,1.32,0.82,0.726,-0.127,0.276,0.793
S548,22,19,19,19.0526,19.0526,WM,4.847,1.289,1.7,0.582,2.178,-0.487,0.568,0.42,0.59,1.421,0.479,0.672,1.406,1.152,0.375,0.992,1.505,1.192,0.779,0.246,0.728,0.94,0.681,1.633,1.046,1.371,1.092,0.437,0.374,0.756,1.431,1.45,-0.413,1.169,1.289,0.697,1.352,0.689,0.793,1.318,0.988,0.462,0.472,2.049,1.56,1.234,1.031,0.84,1.127,0.532
S549,22,20,20,19.0526,19.0526,WM,3.952,1.024,2.545,1.112,1.641,-0.536,0.501,0.394,-0.779,1.721,1.612,-0.08,0.945,1.241,1.207,0.537,0.621,0.106,0.424,0.762,1.125,1.083,1.682,0.419,1.215,1.009,1.354,0.765,0.458,0.539,0.934,1.304,0.528,0.947,2.014,1.795,0.035,1.128,0.648,1.426,0.568,0.919,0.743,1.507,0.926,1.504,0.745,0.536,0.556,1.524
S550,22,21,21,19.0526,19.0526,WM,3.58,1.852,1.38,1.128,1.682,0.632,0.473,0.178,0.28,0.679,1.321,0.65,1.121,0.938,1.32,1.796,1.57,0.765,1.052,1.519,0.775,1.381,1.394,0.201,0.091,1.285,1.122,0.475,2.455,0.606,1.525,0.267,1.391,0.693,1.483,0.52,1.183,0.878,0.91,1.557,0.022,0.758,1.172,0.796,1.026,2.562,0.74,1.194,0.673,1.064
S551,22,22,22,19.0526,19.0526,WM,2.58,1.517,1.206,0.941,1.016,0.791,1.177,0.073,0.004,1.123,1.463,0.877,1.095,1.065,1.161,1.19,0.868,0.541,1.272,0.439,1.179,0.031,0.947,0.958,1.681,1.031,2.483,2.521,1.258,0.623,0.128,2.055,0.961,0.706,1.326,0.602,0.514,1.249,1.022,1.413,1.115,1.432,0.804,1.018,1.002,1.167,0.441,0.552,0.824,1.008
S552,22,23,23,19.0526,19.0526,WM,3.107,1.809,1.316,0.107,0.92,0.68,1.905,1.445,-0.73,1.348,0.676,1.98,1.495,0.855,1.513,1.549,1.381,0.131,1.863,0.435,0.997,2.091,1.379,0.075,1.732,0.261,0.703,0.585,0.119,0.519,1.794,0.178,1.173,-0.241,1.933,1.446,0.694,0.746,0.864,1.206,0.979,1.089,1.069,1.339,0.85,1.488,1.451,1.344,0.85,1.953
S553,23,0,0.5,19.9186,19.9186,WM,4.815,0.607,0.809,0.679,1.404,0.627,1.411,1.677,1.755,1.129,0.732,0.615,1.176,2.299,1.511,0.293,1.388,0.626,0.347,1.046,0.514,1.332,1.486,1.154,0.77,1.711,1.252,0.379,0.96,0.899,0.61,1.809,1.211,1.784,0.911,0.316,1.116,0.988,1.165,0.619,0.567,1.297,-0.007,2.006,1.384,1.324,0.952,1.758,0.164,1.488
S554,23,1,1.5,19.9186,19.9186,WM,4.27,0.968,-0.455,1.061,0.103,-0.062,1.15,0.977,0.457,0.787,2.032,1.602,0.57,1.36,1.221,0.617,0.486,1.108,-0.235,1.384,0.712,1.074,0.941,1.153,0.442,-0.446,1.106,-0.114,1.313,0.186,1.225,0.502,0.899,1.298,0.843,1.007,1.501,0.839,0.811,0.702,0.782,1.293,0.782,1.428,0.612,-0.041,1.445,1.242,1.065,1.12
S555,23,2,2.5,19.9186,19.9186,WM,5.125,0.815,1.626,1.288,1.722,0.824,0.728,1.258,1.812,0.974,0.531,1.313,1.781,1.754,0.613,1.339,0.968,0.054,0.814,1.312,0.619,1.22,0.946,1.501,1.942,2.079,1.509,1.268,1.004,0.728,1.062,1.281,1.504,0.702,0.89,0.553,0.757,1.275,0.944,1.104,1.323,0.283,1.108,1.753,0.488,0.03,1.183,1.049,0.652,1.977
S556,23,3,3.5,19.9186,19.9186,WM,4.53,0.666,1.026,0.981,2.182,0.449,0.273,1.093,0.253,0.271,1.004,1.673,1.11,1.16,1.147,0.74,0.652,1.254,0.392,0.949,1.615,1.748,1.022,0.92,0.111,0.748,1.137,0.712,0.592,0.924,1.746,1.328,1.573,1.348,1.792,1.362,1.212,1.277,1.128,0.288,0.666,0.79,0.401,1.526,1.252,0.939,0.253,0.41,0.101,0.741
S557,23,4,4.5,19.9186,19.9186,WM,3.129,1.51,1.05,1.193,2.309,0.359,0.107,0.324,1.972,2.063,1.784,0.487,1.895,0.498,0.761,0.967,0.97,0.815,1.684,0.217,0.815,1.435,0.072,1.244,0.889,0.983,1.498,0.513,0.07,0.941,1.599,1.899,1.85,1.233,1.572,1.447,1.421,0.638,0.438,1.865,0.222,0.66,1.702,0.084,1.438,0.378,0.54,0.129,0.655,1.156
S558,23,5,5.5,19.9186,19.9186,WM,2.094,0.937,1.48,1.377,1.721,0.497,1.243,0.001,1.025,1.646,1.407,0.595,1.577,1.043,0.908,0.705,1.113,0.901,1.219,0.179,-0.24,1.222,1.04,1.356,0.23,0.729,1.555,0.381,0.374,0.317,1.08,1.586,0.687,0.146,1.076,1.481,1.137,1.131,0.555,1.334,0.951,1.553,1.028,-0.063,1.012,0.927,0.806,1.379,1.773,2.173
S559,23,6,6.5,19.9186,19.9186,WM,3.127,0.716,0.775,0.469,1.546,0.342,0.631,0.272,0.694,1.428,1.215,1.229,0.595,1.092,1.748,1.634,1.457,0.88,1.765,1.277,1.352,0.166,0.887,1.785,0.855,1.323,0.447,0.326,1.42,1.188,1.237,0.899,1.212,0.53,0.712,0.948,1.511,1.626,1.416,0.893,1.363,1.252,2.259,1.626,0.727,0.887,0.727,1.433,0.985,0.826
S560,23,7,7.5,19.9186,19.9186,WM,4.425,1.519,1.54,0.964,1.916,0.901,1.288,0.633,1.24,1.186,1.289,1.45,1.925,1.178,2.149,1.63,1.427,0.425,0.867,1.161,0.452,1.386,0.459,0.92,1.224,-0.172,0.622,1.077,1.023,1.475,0.333,1.467,1.443,1.638,1.357,1.151,0.385,2.507,0.445,1.274,1.029,1.217,0.75,0.867,0.712,0.574,0.632,1.03,1.291,1.151
S561,23,8,8.5,19.9186,19.9186,WM,3.87,1.396,1.764,0.165,1.304,0.929,1.457,1.646,1.573,0.654,-0.042,0.027,0.733,1.52,0.292,0.348,0.751,1.011,2.342,0.863,0.866,1.113,0.973,1.243,0.471,0.054,0.678,0.62,1.322,1.534,0.719,1.253,0.415,1.243,0.583,0.919,1.622,0.91,0.614,1.485,1.467,1.517,1.109,1.602,0.773,1.419,1.569,1.33,0.859,0.587
S562,23,9,9.5,19.9186,19.9186,WM,4.023,1.875,1.461,-0.044,2.141,0.973,1.174,1.458,1.256,1.916,0.778,1.035,0.758,0.895,1.007,0.697,0.946,1.331,1.355,1.142,1.148,0.124,1.016,0.648,0.942,0.057,0.43,1.591,0.071,1.072,1.424,0.749,0.567,0.046,1.678,1.633,0.383,1.531,1.373,0.358,0.707,0.106,1.064,0.851,0.855,0.862,1.47,0.855,0.803,0.628
S563,23,10,10.5,19.9186,19.9186,WM,3.104,2.022,0.995,0.399,1.949,1.965,0.255,1.385,0.51,1.704,0.564,0.073,0.977,1.883,1.527,0.884,0.042,1.008,1.765,1.084,1.382,0.447,0.546,1.351,0.386,1.29,1.627,1.517,1.027,0.781,0.792,1.486,0.513,0.683,1.011,0.925,1.84,1.784,1.316,1.009,1.013,2.155,1.213,1.233,0.888,0.15,1.477,0.885,1.476,0.397
S564,23,11,11.5,19.9186,19.9186,WM,2.914,1.085,1.752,0.328,0.571,1.258,1.738,2.103,0.767,0.831,0.312,1.503,1.656,1.413,0.914,1.001,0.341,1.75,1.806,0.763,0.466,0.649,-0.175,-0.208,0.689,1.046,0.94,1.109,1.086,1.128,1.089,0.838,0.617,1.715,0.453,1.75,1.004,1.068,0.438,0.757,1.303,1.056,1.834,0.689,0.948,1.322,1.201,1.035,0.347,1.071
S565,23,12,12.5,19.9186,19.9186,WM,2.805,2.076,1.073,0.893,0.654,2.534,0.395,1.145,0.495,0.694,0.794,0.325,0.59,0.358,0.897,0.509,1.078,1.155,0.13,0.946,0.555,1.328,0.392,0.412,0.819,-0.044,1.968,0.86,1.942,0.68,1.665,1.743,1.187,0.853,1.295,0.648,0.716,0.547,0.356,0.168,0.665,0.332,1.413,1.261,0.89,1.557,0.338,1.048,1.226,1.585
S566,23,13,13.5,19.9186,19.9186,WM,2.876,0.994,0.18,0.423,1.155,0.986,1.154,1.092,0.523,0.922,1.178,1.325,0.738,1.274,0.266,1.333,0.685,1.378,0.632,1.128,0.874,1.378,0.802,1.797,0.994,0.593,0.087,0.819,1.317,1.228,1.176,0.947,-0.122,1.447,1.229,1.19,0.386,1.28,0.904,1.476,0.56,0.425,1.129,1.448,2.066,0.596,1.568,1.133,1.129,0.866
S567,23,14,14.5,19.9186,19.9186,WM,3.099,0.475,1.577,0.67,0.935,1.33,1.071,1.356,0.968,1.243,1.594,0.801,-0.153,0.431,0.858,1.073,0.121,0.358,1.101,0.218,0.872,0.955,0.442,0.699,1.364,1.407,1.454,1.752,1.285,0.735,0.888,0.738,0.464,1.964,1.612,1.562,2.204,1.639,1.069,1.003,0.172,0.751,1.363,0.712,0.078,1.814,0.438,0.854,0.972,0.023
S568,23,15,15.5,19.9186,19.9186,WM,3.178,0.576,1.649,-0.147,0.67,1.803,1.356,1.86,0.235,1.1,1.96,0.703,0.618,0.836,1.295,1.41,-0.005,0.97,0.582,1.51,1.356,0.894,1.288,1.453,0.543,0.851,1.76,1.255,0.73,0.896,0.251,0.731,1.382,1.766,1.01,0.8,0.956,1.275,0.55,1.015,1.041,0.567,0.716,0.933,1.214,1.175,-0.17,0.666,1.047,1.638
S569,23,16,16.5,19.9186,19.9186,WM,4.956,-0.332,1.555,0.626,2.01,1.946,1.357,1.335,0.279,1.353,0.621,0.682,1.021,1.099,0.419,0.401,1.524,1.042,1.143,0.679,1.011,0.907,1.336,1.375,1.542,0.492,0.832,1.303,2.242,1.167,1.063,1.526,0.409,1.37,1.232,1.075,1.815,1.299,0.001,1.749,0.65,0.834,0.654,-0.215,0.67,0.331,1.683,1.412,0.937,0.597
S570,23,17,17.5,19.9186,19.9186,WM,4.094,0.505,2.061,0.048,1.248,-0.014,1.958,1.223,1.022,1.239,1.487,0.613,1.873,1.503,1.273,0.294,-0.114,0.482,0.867,0.974,1.025,0.925,1.545,0.215,1.12,0.945,0.945,-0.04,0.897,0.637,1.51,1.414,0.999,1.168,1.789,0.385,0.771,0.057,0.896,1.16,0.598,1.175,0.946,0.702,1.133,0.935,0.978,1.729,1.12,1.28
S571,23,18,18.5,19.9186,19.9186,WM,4.016,0.786,2.176,0.645,1.009,0.421,0.624,0.267,0.93,1.13,0.866,0.973,0.478,0.617,1.79,0.704,0.546,2.1,0.745,1.101,1.491,0.282,0.341,1.247,1.161,1.372,0.275,0.748,0.918,0.846,0.31,1.301,0.527,1.751,0.514,0.92,1.23,1.383,1.083,0.948,0.499,0.806,0.974,1.472,1.082,1.162,0.872,1.08,0.758,1.079
S572,23,19,19.5,19.9186,19.9186,WM,3.166,1.348,1.209,1.664,2.381,-0.108,1.683,0.784,0.754,2.252,2.035,1.285,0.887,0.179,0.992,0.58,0.551,1.029,1.05,0.685,1.504,0.155,0.428,2.119,0.395,1.122,1.224,-0.011,1.669,1.229,1.217,0.614,0.67,0.746,1.46,1.288,1.388,0.343,1.725,1.251,1.319,0.479,1.3,1.488,2.243,1.213,0.231,0.603,0.682,0.36
S573,23,20,20.5,19.9186,19.9186,WM,2.749,1.431,1.561,0.872,0.988,0.859,1.51,0.626,0.734,1.82,0.803,0.721,0.584,0.46,1.312,1.159,-0.06,0.107,0.775,0.644,1.451,0.819,0.767,0.642,0.192,0.524,0.971,0.33,1.765,1.044,0.811,1.832,0.723,0.791,1.546,1.525,1.796,1.768,1.447,1.083,0.514,0.725,0.973,1.053,1.825,0.546,0.668,1.59,0.913,1.147
S574,23,21,21.5,19.9186,19.9186,WM,2.788,0.826,1.471,1.137,1.456,0.585,1.068,0.601,0.06,0.798,0.625,1.319,0.316,1.765,0.932,0.738,1.516,0.328,1.11,0.116,1.884,2.247,0.487,-0.209,1.458,1.015,0.603,1.229,1.844,1.495,1.123,1.281,0.682,1.307,0.582,0.178,1.37,0.632,1.071,0.969,0.946,0.313,1.178,0.632,0.574,0.649,0.804,1.216,1.427,0.53
S575,23,22,22.5,19.9186,19.9186,WM,4.306,1.664,1.183,0.877,1.121,1.413,1.173,0.04,0.305,2.036,1.695,1.024,0.679,1.577,0.124,1.835,0.603,0.196,1.092,0.932,1.237,0.453,0.955,0.867,1.537,0.419,0.059,1.046,1.358,1.123,0.821,1.082,0.927,1.993,1.558,0.526,1.994,0.875,1.143,0.551,0.518,1.023,1.325,0.594,1.767,0.185,0.589,0.799,0.097,1.598
S576,23,23,23.5,19.9186,19.9186,WM,4.095,1.541,0.548,0.97,1.289,0.852,0.756,0.731,0.574,1.325,0.711,0.729,0.892,1.174,0.798,0.757,0.954,-0.032,0.696,0.918,-0.273,1.963,0.587,0.94,0.648,1.45,1.192,1.927,1.059,0.817,0.468,0.448,1.396,1.138,0.684,1.681,1.569,0.207,1.18,1.408,1.572,1.421,0.646,2.156,0.983,1.156,1.273,1.108,0.882,1.17
S577,24,0,0,20.7846,20.7846,WM,3.265,0.808,0.769,0.805,1.29,1.161,0.787,0.766,0.649,1.387,0.906,0.716,0.259,1.227,0.832,1.078,0.015,0.529,1.178,1.488,1.332,0.878,1.1,0.767,1.822,1.514,0.939,0.716,0.377,0.58,1.115,0.008,0.757,1.068,0.737,0.937,1.702,2.087,0.662,0.783,0.382,1.592,0.746,0.995,1.772,0.347,0.544,0.569,1.173,1.761
S578,24,1,1,20.7846,20.7846,WM,3.088,0.961,0.419,0.379,0.718,-0.137,1.668,0.607,0.658,0.232,0.929,1.298,0.689,0.901,0.653,1.332,1.076,1.484,0.626,0.857,1.478,1.768,0.302,1.101,0.992,0.113,0.935,0.216,1.226,1.617,0.947,0.684,0.659,1.067,1.106,0.498,1.251,1.277,1.228,1.066,-0.043,1.367,1.643,1.303,1.1,1.109,0.946,0.825,0.498,1.583
S579,24,2,2,20.7846,20.7846,WM,3.571,0.664,0.719,1.285,0.533,0.098,0.931,0.762,1.48,1.008,0.91,1.291,1.51,1.262,0.677,1.785,0.825,0.928,0.233,0.712,1.329,-0.099,0.774,1.592,0.901,-0.421,0.433,1.243,1.554,0.121,1.199,0.914,1.211,1.268,1.555,0.961,0.734,0.274,1.19,1.1,0.947,1.244,1.072,1.133,0.9,0.979,1.505,0.69,0.549,0.492
S580,24,3,3,20.7846,20.7846,WM,3.79,0.936,1.3,0.762,0.959,1.284,0.101,0.404,1.092,0.76,0.635,1.654,1.241,0.443,0.949,0.87,0.789,0.063,1.116,0.831,1.748,0.508,1.731,0.42,0.78,1.099,0.295,0.536,1.297,1.273,2.176,-0.312,2.12,0.881,1.545,0.91,0.913,0.534,0.447,1.157,1.102,0.261,2.05,0.961,1.126,0.584,1.674,1.091,0.389,1.054
S581,24,4,4,20.7846,20.7846,WM,3.017,0.581,0.284,0.888,1.245,0.616,0.124,1.349,1.478,0.112,0.684,0.404,1.757,0.706,0.644,0.701,0.776,0.73,1.346,2.037,0.648,0.898,1.376,1.649,0.764,1.252,0.776,1.982,0.633,0.796,-0.018,1.846,0.833,0.644,0.898,0.936,0.918,0.817,0.976,1.091,1.204,0.843,0.446,1.724,0.637,0.505,1.32,-0.061,1.411,1.995
S582,24,5,5,20.7846,20.7846,WM,4.163,1.347,0.938,1.01,0.746,0.663,-0.082,0.353,0.831,1.6,0.935,0.258,0.542,1.559,0.972,1.507,1.012,0.468,1.191,0.782,0.63,1.451,0.748,0.491,1.078,1.215,1.349,0.603,1.723,0.678,0.746,0.948,1.303,0.727,1.432,1.267,-0.402,1.644,1.217,1.897,0.953,0.796,2.422,1.52,0.959,0.323,0.581,1.019,1.092,1.058
S583,24,6,6,20.7846,20.7846,WM,3.577,0.922,0.411,0.17,1.11,1.339,1.1,1.428,0.855,1.572,1.034,1.657,1.078,0.784,0.798,1.909,1.437,0.998,0.948,1.028,0.499,0.571,0.564,0.964,0.931,1.226,1.51,1.687,1.471,0.651,0.113,0.719,0.053,1.058,-0.07,0.374,0.109,1.488,0.839,0.039,1.726,1.12,1.008,0.496,0.913,0.616,1.43,0.577,0.702,1.649
S584,24,7,7,20.7846,20.7846,WM,2.054,1.853,1.432,0.831,1.634,0.049,1.044,0.438,0.51,1.225,1.022,0.571,1.037,1.097,1.561,1.5,1.479,1.396,0.554,1.519,1.879,1.355,0.122,0.663,0.619,1.019,1.682,1.41,0.824,0.906,1.125,0.936,0.339,0.728,1.093,0.034,1.248,0.336,1.355,1.232,0.941,1.552,1.241,0.509,0.532,0.42,1.009,0.706,1.559,0.881
S585,24,8,8,20.7846,20.7846,WM,3.213,1.879,1.422,1.102,1.915,0.924,0.215,1.412,1.08,1.851,0.96,0.552,1.436,0.924,1.212,1.021,0.596,0.529,2.067,0.732,0.66,1.981,2.065,1.862,0.788,0.326,0.436,0.733,2.347,0.56,0.721,0.694,0.95,1.074,1.062,1.525,1.261,0.55,0.481,1.05,0.637,1.608,0.981,1.389,1.559,0.556,1.201,1.047,1.034,1.476
S586,24,9,9,20.7846,20.7846,WM,3.967,1.858,1.291,0.152,2.721,1.252,1.827,0.539,0.473,1.178,1.9,0.919,0.821,0.85,0.912,1.379,1.031,1.17,1.444,1.198,1.246,1.983,-0.28,0.744,0.496,0.369,1.407,0.702,0.997,0.978,0.481,0.97,0.781,1.607,1.047,1.395,0.995,0.653,0.319,1.3,1.076,2.43,0.398,0.028,0.869,1.651,0.687,0.812,1.149,0.464
S587,24,10,10,20.7846,20.7846,WM,2.623,2.22,1.667,0.41,2.1,0.242,1.809,1.66,0.071,1.664,0.514,0.647,0.518,1.325,1.242,0.577,0.95,1.124,0.986,1.773,1.758,0.991,1.375,2.072,1.106,2.002,1.528,0.727,0.796,0.762,1.162,1.032,1.308,1.668,0.759,0.44,0.76,1.61,0.419,1.466,0.963,1.386,1.327,0.659,1.911,0.885,1.037,0.046,0.761,0.255
S588,24,11,11,20.7846,20.7846,WM,3.543,2.028,1.67,0.298,1.766,1.754,1.383,1.334,-0.14,1.232,0.84,1.178,1.417,0.873,0.498,0.915,0.772,1.415,0.755,0.449,1.171,0.299,1.159,0.972,0.459,0.616,0.581,1.194,0.48,0.932,1.914,1.02,1.689,-0.438,1.095,1.458,0.881,1.663,0.653,1.267,0.712,0.196,1.064,0.445,0.335,0.462,1.235,1.86,1.061,0.153
S589,24,12,12,20.7846,20.7846,WM,2.241,1.41,1.625,0.649,0.906,1.555,1.47,1.457,0.425,1.099,1.231,0.941,1.442,0.947,0.899,0.655,0.376,0.293,0.944,0.198,1.529,1.745,0.83,1.864,1.127,1.365,0.803,0.589,-0.548,0.369,0.686,1.668,1.232,1.562,0.722,1.281,0.861,0.259,0.857,0.96,-0.252,1.942,0.648,0.653,1.139,2.028,0.594,1.483,0.654,1.205
S590,24,13,13,20.7846,20.7846,WM,4.13,1.336,1.015,0.88,0.392,1.511,0.368,0.662,-0.217,0.667,0.168,0.041,0.915,1.576,0.449,0.853,0.897,0.678,0.565,1.28,1.686,1.287,1.362,1.027,0.143,0.672,1.543,1.449,0.553,1.956,0.321,0.904,1.232,0.87,0.911,0.865,1.409,0.25,1.014,0.442,1.792,1.009,0.797,1.044,0.719,1.92,1.01,1.051,1.741,1.036
S591,24,14,14,20.7846,20.7846,WM,3.204,0.67,1.227,1.146,0.925,1.766,1.485,1.281,0.329,1.104,0.96,0.387,0.851,1.013,0.851,0.571,1.51,0.533,0.973,0.528,1.533,0.981,1.365,0.497,1.442,0.066,1.64,0.907,1.197,0.76,2.013,2.569,1.036,0.602,0.744,2.282,1.231,1.57,1.352,0.251,1.872,0.171,1.04,1.238,1.306,0.556,1.723,1.244,0.941,0.833
S592,24,15,15,20.7846,20.7846,WM,2.493,0.027,1.293,0.567,2.299,1.136,0.885,0.962,0.044,0.57,2.065,0.263,1.382,0.506,0.908,1.664,1.067,1.015,0.585,0.806,1.29,1.246,1.438,-0.465,0.302,0.321,1.653,0.379,1.232,0.891,1.615,0.997,0.621,0.855,2.396,1.92,0.714,1.06,0.31,1.125,0.843,1.48,1.666,1.616,0.751,1.045,1.533,0.643,0.886,0.944
S593,24,16,16,20.7846,20.7846,WM,3.098,0.189,1.065,0.203,2.424,1.296,0.834,0.352,0.373,1.322,0.456,1.327,0.735,0.734,0.605,0.791,2.378,0.296,1.098,0.213,1.305,0.434,1.134,0.732,1.168,0.778,1.187,0.911,0.476,0.102,0.448,0.457,0.592,1.076,0.895,0.762,1.567,1.255,1.232,0.938,1.834,2.16,1.32,0.725,1.048,0.625,0.531,1.384,0.358,0.671
S594,24,17,17,20.7846,20.7846,WM,3.338,-0.263,1.868,-0.771,1.541,0.933,0.129,0.155,0.287,1.193,0.803,1.042,0.805,1.234,0.566,1.849,1.485,0.109,1.97,0.77,0.925,0.524,1.374,0.561,0.837,1.339,0.924,1.107,1.243,1.097,0.626,1.213,0.308,1.242,1.008,1.274,0.69,1.387,0.53,-0.005,-0.159,1.608,0.51,0.97,1.038,0.557,1.411,1.053,1.096,0.324
S595,24,18,18,20.7846,20.7846,WM,4.235,0.749,0.711,-0.578,1.526,1.068,1.214,0.896,0.358,0.545,1.003,0.83,1.307,1.178,1.736,1.09,0.753,0.945,0.43,0.297,0.66,1.285,1.02,0.586,1.146,1.135,0.56,0.649,0.825,1.314,1.713,-0.272,0.559,1.503,1.489,0.894,0.627,1.01,0.278,0.243,1.201,0.788,0.494,1.888,0.98,0.187,0.709,1.334,0.616,0.945
S596,24,19,19,20.7846,20.7846,WM,3.755,0.367,1.243,0.903,1.203,-0.261,0.101,0.851,0.714,1.7,0.471,1.191,0.255,0.289,1.056,0.633,1.416,1.669,1.526,0.782,0.864,0.724,1.94,0.998,1.019,1.277,1.853,0.455,0.616,1.297,1.671,1.367,0.912,0.342,0.802,1.579,1.676,0.131,1.278,-0.494,0.066,1.132,1.067,0.546,0.671,1.422,0.659,0.384,1.09,1.935
S597,24,20,20,20.7846,20.7846,WM,3.092,0.743,0.932,0.807,2.275,1.138,1.028,1.504,0.687,1.649,0.189,1.782,0.338,0.883,0.854,1.086,0.92,1.507,1.667,0.674,0.39,0.139,1.798,1.21,1.914,1.289,1.479,0.915,0.8,1.415,1.532,1.454,1.268,1.404,0.76,-0.247,1.565,1.459,1.156,0.862,1.022,0.844,0.637,0.75,0.636,1.578,1.388,0.973,1.402,0.31
S598,24,21,21,20.7846,20.7846,WM,3.546,0.565,1.455,1.242,2.561,0.199,0.158,0.427,-0.336,2.532,1.687,1.246,1.698,0.711,1.297,1.446,0.865,1.051,1.024,1.914,0.085,-0.428,1.273,0.776,1.351,0.776,0.84,1.513,1.015,1.966,1.047,0.374,0.76,0.968,1.024,1.051,0.3,1.141,0.216,1.632,1.346,0.704,1.193,1.382,1.746,0.54,1.651,0.517,0.575,0.93
S599,24,22,22,20.7846,20.7846,WM,3.228,1.404,1.351,1.437,0.505,1.506,1.257,0.742,0.041,1.557,1.66,1.832,0.206,0.319,0.906,0.593,0.687,0.648,0.681,0.324,0.696,0.684,0.743,1.03,1.355,0.575,0.806,0.27,1.216,0.319,0.655,1.079,0.266,1.135,0.17,1.181,1.088,0.908,1.743,0.366,0.875,0.935,-0.198,1.112,1.224,1.344,1.152,0.949,0.922,0.716
S600,24,23,23,20.7846,20.7846,WM,3.75,0.909,1.593,0.754,1.292,0.855,2.073,0.905,-0.004,2.705,0.688,0.939,0.865,1.385,1.249,-0.531,0.799,0.931,0.869,2.428,0.392,1.135,1.771,0.466,1.765,1.289,0.606,0.727,1.179,1.174,-0.022,1.197,1.06,0.561,1.321,0.583,0.991,1.13,1.694,1.003,0.323,0.499,0.315,1.869,0.78,1.175,0.767,1.657,0.621,0.983
